ID,ANO,SEMANA,SUB_REG_NT,RED,MICRORED,E_SALUD,UBIGEO,DAA_C1,DAA_C1_4,DAA_C5,DAA_C5_11,DAA_C12_17,DAA_C18_29,DAA_C30_59,DAA_C60,DAA_D1,DAA_D1_4,DAA_D5,DAA_D5_11,DAA_D12_17,DAA_D18_29,DAA_D30_59,DAA_D60,DAA_H1,DAA_H1_4,DAA_H5,DAA_H5_11,DAA_H12_17,DAA_H18_29,DAA_H30_59,DAA_H60,DIS_C1,DIS_C1_4,DIS_C5,DIS_C5_11,DIS_C12_17,DIS_C18_29,DIS_C30_59,DIS_C60,DIS_D1,DIS_D1_4,DIS_D5,DIS_D5_11,DIS_D12_17,DIS_D18_29,DIS_D30_59,DIS_D60,DIS_H1,DIS_H1_4,DIS_H5,DIS_H5_11,DIS_H12_17,DIS_H18_29,DIS_H30_59,DIS_H60,FECHA_ING,ETNIAPROC,ETNIAS,PROCEDE,OTROPROC,USUARIO_REG
303934,2000,1,52,5,0,150107A201,150107,1,3,1,,,,,,0,0,0,,,,,,0,0,0,,,,,,0,0,1,,,,,,0,0,0,,,,,,0,0,0,,,,,,,,,,,
303937,2000,1,52,5,0,150107A201,150118,0,1,1,,,,,,0,0,0,,,,,,0,0,0,,,,,,0,0,0,,,,,,0,0,0,,,,,,0,0,0,,,,,,,,,,,
303928,2000,2,52,5,0,150107A201,150107,1,1,4,,,,,,0,0,0,,,,,,0,0,0,,,,,,1,1,2,,,,,,0,0,0,,,,,,0,0,0,,,,,,,,,,,
303931,2000,2,52,5,0,150107A201,150118,0,1,1,,,,,,0,0,0,,,,,,0,0,0,,,,,,0,0,0,,,,,,0,0,0,,,,,,0,0,0,,,,,,,,,,,
303574,2000,3,52,5,0,150107A201,150107,0,1,3,,,,,,0,0,0,,,,,,0,0,0,,,,,,0,0,0,,,,,,0,0,0,,,,,,0,0,0,,,,,,,,,,,
303925,2000,3,52,5,0,150107A201,150118,0,0,1,,,,,,0,0,0,,,,,,0,0,0,,,,,,0,0,0,,,,,,0,0,0,,,,,,0,0,0,,,,,,,,,,,
303577,2000,4,52,5,0,150107A201,150107,1,4,5,,,,,,0,0,0,,,,,,0,0,0,,,,,,0,1,0,,,,,,0,0,0,,,,,,0,0,0,,,,,,,,,,,
303580,2000,4,52,5,0,150107A201,150118,0,2,0,,,,,,0,0,0,,,,,,0,0,0,,,,,,0,0,0,,,,,,0,0,0,,,,,,0,0,0,,,,,,,,,,,
303583,2000,5,52,5,0,150107A201,150107,1,1,11,,,,,,0,0,0,,,,,,0,0,0,,,,,,0,0,0,,,,,,0,0,0,,,,,,0,0,0,,,,,,,,,,,
303586,2000,5,52,5,0,150107A201,150118,0,1,1,,,,,,0,0,0,,,,,,0,0,0,,,,,,0,0,0,,,,,,0,0,0,,,,,,0,0,0,,,,,,,,,,,
303589,2000,5,52,5,0,150107A201,150103,0,1,0,,,,,,0,0,0,,,,,,0,0,0,,,,,,0,0,0,,,,,,0,0,0,,,,,,0,0,0,,,,,,,,,,,
303592,2000,6,52,5,0,150107A201,150107,1,1,6,,,,,,0,0,0,,,,,,0,0,0,,,,,,0,1,0,,,,,,0,0,0,,,,,,0,0,0,,,,,,,,,,,
303595,2000,6,52,5,0,150107A201,150118,0,0,2,,,,,,0,0,0,,,,,,0,0,0,,,,,,0,0,0,,,,,,0,0,0,,,,,,0,0,0,,,,,,,,,,,
303598,2000,7,52,5,0,150107A201,150107,2,3,5,,,,,,0,0,0,,,,,,0,0,0,,,,,,0,0,0,,,,,,0,0,0,,,,,,0,0,0,,,,,,,,,,,
303601,2000,7,52,5,0,150107A201,150118,0,1,1,,,,,,0,0,0,,,,,,0,0,0,,,,,,0,0,1,,,,,,0,0,0,,,,,,0,0,0,,,,,,,,,,,
303604,2000,8,52,5,0,150107A201,150107,3,1,5,,,,,,0,0,0,,,,,,0,0,0,,,,,,0,0,1,,,,,,0,0,0,,,,,,0,0,0,,,,,,,,,,,
303607,2000,8,52,5,0,150107A201,150118,0,1,1,,,,,,0,0,0,,,,,,0,0,0,,,,,,0,0,0,,,,,,0,0,0,,,,,,0,0,0,,,,,,,,,,,
303610,2000,8,52,5,0,150107A201,150103,0,0,0,,,,,,0,0,0,,,,,,0,0,0,,,,,,0,1,0,,,,,,0,0,0,,,,,,0,0,0,,,,,,,,,,,
303613,2000,9,52,5,0,150107A201,150107,1,2,6,,,,,,0,0,0,,,,,,0,0,0,,,,,,0,0,1,,,,,,0,0,0,,,,,,0,0,0,,,,,,,,,,,
303616,2000,9,52,5,0,150107A201,150118,1,2,2,,,,,,0,0,0,,,,,,0,0,0,,,,,,0,0,0,,,,,,0,0,0,,,,,,0,0,0,,,,,,,,,,,
303619,2000,9,52,5,0,150107A201,150136,0,0,1,,,,,,0,0,0,,,,,,0,0,0,,,,,,0,0,0,,,,,,0,0,0,,,,,,0,0,0,,,,,,,,,,,
303622,2000,10,52,5,0,150107A201,150107,0,2,15,,,,,,0,0,0,,,,,,0,0,0,,,,,,0,0,1,,,,,,0,0,0,,,,,,0,0,0,,,,,,,,,,,
303625,2000,10,52,5,0,150107A201,150118,2,1,0,,,,,,0,0,0,,,,,,0,0,0,,,,,,0,0,0,,,,,,0,0,0,,,,,,0,0,0,,,,,,,,,,,
303628,2000,10,52,5,0,150107A201,150137,0,0,1,,,,,,0,0,0,,,,,,0,0,0,,,,,,0,0,0,,,,,,0,0,0,,,,,,0,0,0,,,,,,,,,,,
303631,2000,11,52,5,0,150107A201,150107,1,3,12,,,,,,0,0,0,,,,,,0,0,0,,,,,,0,0,0,,,,,,0,0,0,,,,,,0,0,0,,,,,,,,,,,
303634,2000,12,52,5,0,150107A201,150107,2,3,13,,,,,,0,0,0,,,,,,0,0,0,,,,,,0,0,1,,,,,,0,0,0,,,,,,0,0,0,,,,,,,,,,,
303637,2000,12,52,5,0,150107A201,150118,2,0,0,,,,,,0,0,0,,,,,,0,0,0,,,,,,0,0,0,,,,,,0,0,0,,,,,,0,0,0,,,,,,,,,,,
303640,2000,12,52,5,0,150107A201,150714,0,0,0,,,,,,0,0,0,,,,,,0,0,0,,,,,,0,0,1,,,,,,0,0,0,,,,,,0,0,0,,,,,,,,,,,
303643,2000,13,52,5,0,150107A201,150107,0,1,4,,,,,,0,0,0,,,,,,0,0,0,,,,,,0,0,1,,,,,,0,0,0,,,,,,0,0,0,,,,,,,,,,,
303646,2000,13,52,5,0,150107A201,150118,0,0,2,,,,,,0,0,0,,,,,,0,0,0,,,,,,0,0,0,,,,,,0,0,0,,,,,,0,0,0,,,,,,,,,,,
303649,2000,13,52,5,0,150107A201,150103,0,1,1,,,,,,0,0,0,,,,,,0,0,0,,,,,,0,0,0,,,,,,0,0,0,,,,,,0,0,0,,,,,,,,,,,
303652,2000,14,52,5,0,150107A201,150107,1,3,4,,,,,,0,0,0,,,,,,0,0,0,,,,,,0,0,0,,,,,,0,0,0,,,,,,0,0,0,,,,,,,,,,,
303655,2000,14,52,5,0,150107A201,150118,0,0,2,,,,,,0,0,0,,,,,,0,0,0,,,,,,0,0,0,,,,,,0,0,0,,,,,,0,0,0,,,,,,,,,,,
303658,2000,14,52,5,0,150107A201,150103,0,0,3,,,,,,0,0,0,,,,,,0,0,0,,,,,,0,0,0,,,,,,0,0,0,,,,,,0,0,0,,,,,,,,,,,
303661,2000,15,52,5,0,150107A201,150107,1,2,8,,,,,,0,0,0,,,,,,0,0,0,,,,,,0,0,0,,,,,,0,0,0,,,,,,0,0,0,,,,,,,,,,,
303664,2000,15,52,5,0,150107A201,150118,0,2,2,,,,,,0,0,0,,,,,,0,0,0,,,,,,0,0,0,,,,,,0,0,0,,,,,,0,0,0,,,,,,,,,,,
303667,2000,16,52,5,0,150107A201,150107,0,0,6,,,,,,0,0,0,,,,,,0,0,0,,,,,,0,0,0,,,,,,0,0,0,,,,,,0,0,0,,,,,,,,,,,
303670,2000,16,52,5,0,150107A201,150118,0,1,0,,,,,,0,0,0,,,,,,0,0,0,,,,,,0,0,0,,,,,,0,0,0,,,,,,0,0,0,,,,,,,,,,,
303673,2000,17,52,5,0,150107A201,150107,1,0,3,,,,,,0,0,0,,,,,,0,0,0,,,,,,1,0,0,,,,,,0,0,0,,,,,,0,0,0,,,,,,,,,,,
303676,2000,17,52,5,0,150107A201,150118,0,1,4,,,,,,0,0,0,,,,,,0,0,0,,,,,,0,0,1,,,,,,0,0,0,,,,,,0,0,0,,,,,,,,,,,
303679,2000,18,52,5,0,150107A201,150107,1,1,3,,,,,,0,0,0,,,,,,0,0,0,,,,,,0,0,0,,,,,,0,0,0,,,,,,0,0,0,,,,,,,,,,,
303682,2000,18,52,5,0,150107A201,150118,0,1,2,,,,,,0,0,0,,,,,,0,0,0,,,,,,0,0,0,,,,,,0,0,0,,,,,,0,0,0,,,,,,,,,,,
303685,2000,19,52,5,0,150107A201,150107,1,3,5,,,,,,0,0,0,,,,,,0,0,0,,,,,,0,0,0,,,,,,0,0,0,,,,,,0,0,0,,,,,,,,,,,
303688,2000,19,52,5,0,150107A201,150118,0,1,1,,,,,,0,0,0,,,,,,0,0,0,,,,,,0,0,1,,,,,,0,0,0,,,,,,0,0,0,,,,,,,,,,,
303691,2000,19,52,5,0,150107A201,150103,1,1,1,,,,,,0,0,0,,,,,,0,0,0,,,,,,0,0,0,,,,,,0,0,0,,,,,,0,0,0,,,,,,,,,,,
303694,2000,19,52,5,0,150107A201,150135,0,0,1,,,,,,0,0,0,,,,,,0,0,0,,,,,,0,0,0,,,,,,0,0,0,,,,,,0,0,0,,,,,,,,,,,
303697,2000,20,52,5,0,150107A201,150107,0,1,5,,,,,,0,0,0,,,,,,0,1,0,,,,,,1,0,0,,,,,,0,0,0,,,,,,0,0,0,,,,,,,,,,,
303700,2000,20,52,5,0,150107A201,150118,0,1,1,,,,,,0,0,0,,,,,,0,0,0,,,,,,0,0,0,,,,,,0,0,0,,,,,,0,0,0,,,,,,,,,,,
303703,2000,20,52,5,0,150107A201,150103,0,0,1,,,,,,0,0,0,,,,,,0,0,0,,,,,,0,0,0,,,,,,0,0,0,,,,,,0,0,0,,,,,,,,,,,
303706,2000,20,52,5,0,150107A201,150135,0,0,1,,,,,,0,0,0,,,,,,0,0,0,,,,,,0,0,0,,,,,,0,0,0,,,,,,0,0,0,,,,,,,,,,,
303709,2000,20,52,5,0,150107A201,70105,0,1,0,,,,,,0,0,0,,,,,,0,0,0,,,,,,0,0,0,,,,,,0,0,0,,,,,,0,0,0,,,,,,,,,,,
303712,2000,21,52,5,0,150107A201,150107,0,3,6,,,,,,0,0,0,,,,,,0,0,1,,,,,,0,0,0,,,,,,0,0,0,,,,,,0,0,0,,,,,,,,,,,
303715,2000,21,52,5,0,150107A201,150118,0,0,2,,,,,,0,0,0,,,,,,0,0,0,,,,,,0,0,0,,,,,,0,0,0,,,,,,0,0,0,,,,,,,,,,,
303718,2000,21,52,5,0,150107A201,150103,0,0,1,,,,,,0,0,0,,,,,,0,0,0,,,,,,0,0,0,,,,,,0,0,0,,,,,,0,0,0,,,,,,,,,,,
303721,2000,21,52,5,0,150107A201,150142,0,1,0,,,,,,0,0,0,,,,,,0,0,0,,,,,,0,0,0,,,,,,0,0,0,,,,,,0,0,0,,,,,,,,,,,
303724,2000,22,52,5,0,150107A201,150107,0,2,9,,,,,,0,0,0,,,,,,0,0,0,,,,,,0,1,6,,,,,,0,0,0,,,,,,0,0,0,,,,,,,,,,,
303727,2000,22,52,5,0,150107A201,150118,1,2,0,,,,,,0,0,0,,,,,,0,0,0,,,,,,0,0,1,,,,,,0,0,0,,,,,,0,0,0,,,,,,,,,,,
303730,2000,23,52,5,0,150107A201,150107,0,10,7,,,,,,0,0,0,,,,,,0,0,0,,,,,,0,0,0,,,,,,0,0,0,,,,,,0,0,0,,,,,,,,,,,
303733,2000,23,52,5,0,150107A201,150118,0,2,1,,,,,,0,0,0,,,,,,0,0,0,,,,,,0,0,0,,,,,,0,0,0,,,,,,0,0,0,,,,,,,,,,,
303736,2000,23,52,5,0,150107A201,150103,0,0,0,,,,,,0,0,0,,,,,,0,0,0,,,,,,0,1,1,,,,,,0,0,0,,,,,,0,0,0,,,,,,,,,,,
303739,2000,24,52,5,0,150107A201,150107,1,2,2,,,,,,0,0,0,,,,,,0,0,1,,,,,,0,0,0,,,,,,0,0,0,,,,,,0,0,0,,,,,,,,,,,
303742,2000,24,52,5,0,150107A201,150118,0,1,4,,,,,,0,0,0,,,,,,0,0,0,,,,,,0,0,0,,,,,,0,0,0,,,,,,0,0,0,,,,,,,,,,,
303745,2000,24,52,5,0,150107A201,150103,0,0,0,,,,,,0,0,0,,,,,,0,0,0,,,,,,0,0,2,,,,,,0,0,0,,,,,,0,0,0,,,,,,,,,,,
303748,2000,25,52,5,0,150107A201,150107,0,4,5,,,,,,0,0,0,,,,,,0,0,0,,,,,,0,0,1,,,,,,0,0,0,,,,,,0,0,0,,,,,,,,,,,
303751,2000,25,52,5,0,150107A201,150118,0,0,1,,,,,,0,0,0,,,,,,0,0,0,,,,,,0,0,0,,,,,,0,0,0,,,,,,0,0,0,,,,,,,,,,,
303754,2000,26,52,5,0,150107A201,150107,2,2,10,,,,,,0,0,0,,,,,,0,0,0,,,,,,0,1,0,,,,,,0,0,0,,,,,,0,0,0,,,,,,,,,,,
303757,2000,26,52,5,0,150107A201,150118,1,0,1,,,,,,0,0,0,,,,,,0,0,0,,,,,,0,0,0,,,,,,0,0,0,,,,,,0,0,0,,,,,,,,,,,
303760,2000,26,52,5,0,150107A201,150103,0,1,0,,,,,,0,0,0,,,,,,0,0,0,,,,,,0,0,0,,,,,,0,0,0,,,,,,0,0,0,,,,,,,,,,,
303763,2000,27,52,5,0,150107A201,150107,0,5,4,,,,,,0,0,0,,,,,,0,0,0,,,,,,0,1,0,,,,,,0,0,0,,,,,,0,0,0,,,,,,,,,,,
303766,2000,27,52,5,0,150107A201,150118,0,0,4,,,,,,0,0,0,,,,,,0,0,0,,,,,,0,0,0,,,,,,0,0,0,,,,,,0,0,0,,,,,,,,,,,
303769,2000,28,52,5,0,150107A201,150107,1,3,6,,,,,,0,0,0,,,,,,0,0,0,,,,,,0,0,0,,,,,,0,0,0,,,,,,0,0,0,,,,,,,,,,,
303772,2000,28,52,5,0,150107A201,150118,0,1,2,,,,,,0,0,0,,,,,,0,0,0,,,,,,0,0,0,,,,,,0,0,0,,,,,,0,0,0,,,,,,,,,,,
303775,2000,29,52,5,0,150107A201,150107,0,0,4,,,,,,0,0,0,,,,,,0,0,0,,,,,,0,0,0,,,,,,0,0,0,,,,,,0,0,0,,,,,,,,,,,
303778,2000,29,52,5,0,150107A201,150118,1,0,3,,,,,,0,0,0,,,,,,0,0,0,,,,,,0,0,0,,,,,,0,0,0,,,,,,0,0,0,,,,,,,,,,,
303781,2000,30,52,5,0,150107A201,150107,0,0,7,,,,,,0,0,0,,,,,,0,0,0,,,,,,0,0,0,,,,,,0,0,0,,,,,,0,0,0,,,,,,,,,,,
303784,2000,30,52,5,0,150107A201,150118,0,1,2,,,,,,0,0,0,,,,,,0,0,0,,,,,,1,0,0,,,,,,0,0,0,,,,,,0,0,0,,,,,,,,,,,
303787,2000,31,52,5,0,150107A201,150107,0,4,3,,,,,,0,0,0,,,,,,0,0,1,,,,,,0,0,2,,,,,,0,0,0,,,,,,0,0,0,,,,,,,,,,,
303790,2000,31,52,5,0,150107A201,150118,0,1,3,,,,,,0,0,0,,,,,,0,0,0,,,,,,0,0,0,,,,,,0,0,0,,,,,,0,0,0,,,,,,,,,,,
303793,2000,32,52,5,0,150107A201,150107,0,0,6,,,,,,0,0,0,,,,,,0,0,0,,,,,,0,0,0,,,,,,0,0,0,,,,,,0,0,0,,,,,,,,,,,
303838,2000,33,52,5,0,150107A201,150107,0,3,9,,,,,,0,0,0,,,,,,0,0,0,,,,,,0,0,0,,,,,,0,0,0,,,,,,0,0,0,,,,,,,,,,,
303835,2000,34,52,5,0,150107A201,150107,2,3,7,,,,,,0,0,0,,,,,,0,0,0,,,,,,0,1,0,,,,,,0,0,0,,,,,,0,0,0,,,,,,,,,,,
303823,2000,35,52,5,0,150107A201,150107,0,0,3,,,,,,0,0,0,,,,,,0,0,0,,,,,,0,0,1,,,,,,0,0,0,,,,,,0,0,0,,,,,,,,,,,
303826,2000,35,52,5,0,150107A201,150118,0,1,0,,,,,,0,0,0,,,,,,0,0,0,,,,,,0,1,0,,,,,,0,0,0,,,,,,0,0,0,,,,,,,,,,,
303811,2000,36,52,5,0,150107A201,150107,1,0,7,,,,,,0,0,0,,,,,,0,0,0,,,,,,0,0,0,,,,,,0,0,0,,,,,,0,0,0,,,,,,,,,,,
303814,2000,36,52,5,0,150107A201,150118,1,0,2,,,,,,0,0,0,,,,,,0,0,0,,,,,,0,1,1,,,,,,0,0,0,,,,,,0,0,0,,,,,,,,,,,
303817,2000,36,52,5,0,150107A201,150103,0,0,1,,,,,,0,0,0,,,,,,0,0,0,,,,,,0,0,0,,,,,,0,0,0,,,,,,0,0,0,,,,,,,,,,,
303820,2000,36,52,5,0,150107A201,150117,0,1,0,,,,,,0,0,0,,,,,,0,0,0,,,,,,0,0,0,,,,,,0,0,0,,,,,,0,0,0,,,,,,,,,,,
303802,2000,37,52,5,0,150107A201,150107,0,1,1,,,,,,0,0,0,,,,,,0,0,0,,,,,,0,0,0,,,,,,0,0,0,,,,,,0,0,0,,,,,,,,,,,
303805,2000,37,52,5,0,150107A201,150118,0,1,0,,,,,,0,0,0,,,,,,0,0,0,,,,,,0,0,0,,,,,,0,0,0,,,,,,0,0,0,,,,,,,,,,,
303808,2000,37,52,5,0,150107A201,150103,0,0,1,,,,,,0,0,0,,,,,,0,0,0,,,,,,0,0,0,,,,,,0,0,0,,,,,,0,0,0,,,,,,,,,,,
303796,2000,38,52,5,0,150107A201,150107,0,5,11,,,,,,0,0,0,,,,,,0,0,0,,,,,,0,0,0,,,,,,0,0,0,,,,,,0,0,0,,,,,,,,,,,
303799,2000,38,52,5,0,150107A201,150103,0,1,0,,,,,,0,0,0,,,,,,0,0,0,,,,,,0,0,0,,,,,,0,0,0,,,,,,0,0,0,,,,,,,,,,,
303829,2000,39,52,5,0,150107A201,150107,0,0,3,,,,,,0,0,0,,,,,,0,0,0,,,,,,0,0,2,,,,,,0,0,0,,,,,,0,0,0,,,,,,,,,,,
303832,2000,39,52,5,0,150107A201,150118,0,2,0,,,,,,0,0,0,,,,,,0,0,0,,,,,,0,0,0,,,,,,0,0,0,,,,,,0,0,0,,,,,,,,,,,
303841,2000,40,52,5,0,150107A201,150107,0,2,4,,,,,,0,0,0,,,,,,0,0,0,,,,,,0,0,0,,,,,,0,0,0,,,,,,0,0,0,,,,,,,,,,,
303844,2000,40,52,5,0,150107A201,150118,0,1,2,,,,,,0,0,0,,,,,,0,0,0,,,,,,0,0,0,,,,,,0,0,0,,,,,,0,0,0,,,,,,,,,,,
303847,2000,40,52,5,0,150107A201,150103,0,0,1,,,,,,0,0,0,,,,,,0,0,0,,,,,,0,0,0,,,,,,0,0,0,,,,,,0,0,0,,,,,,,,,,,
303850,2000,41,52,5,0,150107A201,150107,0,4,4,,,,,,0,0,0,,,,,,0,0,0,,,,,,0,0,0,,,,,,0,0,0,,,,,,0,0,0,,,,,,,,,,,
303853,2000,41,52,5,0,150107A201,150118,0,2,1,,,,,,0,0,0,,,,,,0,0,0,,,,,,0,0,0,,,,,,0,0,0,,,,,,0,0,0,,,,,,,,,,,
303856,2000,41,52,5,0,150107A201,150103,0,0,1,,,,,,0,0,0,,,,,,0,0,0,,,,,,0,0,0,,,,,,0,0,0,,,,,,0,0,0,,,,,,,,,,,
303859,2000,42,52,5,0,150107A201,150107,1,1,8,,,,,,0,0,0,,,,,,0,0,0,,,,,,0,0,3,,,,,,0,0,0,,,,,,0,0,0,,,,,,,,,,,
303862,2000,42,52,5,0,150107A201,150118,0,1,1,,,,,,0,0,0,,,,,,0,0,0,,,,,,0,0,0,,,,,,0,0,0,,,,,,0,0,0,,,,,,,,,,,
303865,2000,42,52,5,0,150107A201,150103,0,1,0,,,,,,0,0,0,,,,,,0,0,0,,,,,,0,0,0,,,,,,0,0,0,,,,,,0,0,0,,,,,,,,,,,
303868,2000,43,52,5,0,150107A201,150107,1,3,12,,,,,,0,0,0,,,,,,0,0,0,,,,,,0,0,0,,,,,,0,0,0,,,,,,0,0,0,,,,,,,,,,,
303871,2000,43,52,5,0,150107A201,150118,0,0,2,,,,,,0,0,0,,,,,,0,0,0,,,,,,0,0,0,,,,,,0,0,0,,,,,,0,0,0,,,,,,,,,,,
303874,2000,43,52,5,0,150107A201,150103,0,0,0,,,,,,0,0,0,,,,,,0,0,0,,,,,,0,0,1,,,,,,0,0,0,,,,,,0,0,0,,,,,,,,,,,
303877,2000,44,52,5,0,150107A201,150107,0,3,4,,,,,,0,0,0,,,,,,0,0,0,,,,,,0,0,0,,,,,,0,0,0,,,,,,0,0,0,,,,,,,,,,,
303880,2000,44,52,5,0,150107A201,150118,0,1,2,,,,,,0,0,0,,,,,,0,0,0,,,,,,0,0,0,,,,,,0,0,0,,,,,,0,0,0,,,,,,,,,,,
303883,2000,44,52,5,0,150107A201,150103,0,0,1,,,,,,0,0,0,,,,,,0,0,0,,,,,,0,0,0,,,,,,0,0,0,,,,,,0,0,0,,,,,,,,,,,
303886,2000,45,52,5,0,150107A201,150107,0,3,5,,,,,,0,0,0,,,,,,0,0,0,,,,,,0,0,0,,,,,,0,0,0,,,,,,0,0,0,,,,,,,,,,,
303889,2000,45,52,5,0,150107A201,150118,0,0,1,,,,,,0,0,0,,,,,,0,0,0,,,,,,0,0,1,,,,,,0,0,0,,,,,,0,0,0,,,,,,,,,,,
303892,2000,46,52,5,0,150107A201,150107,0,3,13,,,,,,0,0,0,,,,,,0,0,0,,,,,,0,0,0,,,,,,0,0,0,,,,,,0,0,0,,,,,,,,,,,
303895,2000,46,52,5,0,150107A201,150118,0,0,1,,,,,,0,0,0,,,,,,0,0,0,,,,,,0,1,0,,,,,,0,0,0,,,,,,0,0,0,,,,,,,,,,,
303898,2000,47,52,5,0,150107A201,150107,0,1,5,,,,,,0,0,0,,,,,,0,0,0,,,,,,0,0,0,,,,,,0,0,0,,,,,,0,0,0,,,,,,,,,,,
303901,2000,48,52,5,0,150107A201,150107,0,1,5,,,,,,0,0,0,,,,,,0,0,0,,,,,,0,0,0,,,,,,0,0,0,,,,,,0,0,0,,,,,,,,,,,
303904,2000,48,52,5,0,150107A201,150118,0,0,1,,,,,,0,0,0,,,,,,0,0,0,,,,,,0,0,0,,,,,,0,0,0,,,,,,0,0,0,,,,,,,,,,,
303907,2000,49,52,5,0,150107A201,150107,0,3,2,,,,,,0,0,0,,,,,,0,0,0,,,,,,0,1,0,,,,,,0,0,0,,,,,,0,0,0,,,,,,,,,,,
303910,2000,50,52,5,0,150107A201,150107,0,3,5,,,,,,0,0,0,,,,,,0,0,0,,,,,,0,0,0,,,,,,0,0,0,,,,,,0,0,0,,,,,,,,,,,
303913,2000,50,52,5,0,150107A201,150118,0,0,4,,,,,,0,0,0,,,,,,0,0,0,,,,,,0,1,0,,,,,,0,0,0,,,,,,0,0,0,,,,,,,,,,,
303916,2000,51,52,5,0,150107A201,150107,1,2,9,,,,,,0,0,0,,,,,,0,0,0,,,,,,0,0,0,,,,,,0,0,0,,,,,,0,0,0,,,,,,,,,,,
303919,2000,51,52,5,0,150107A201,150118,0,0,3,,,,,,0,0,0,,,,,,0,0,0,,,,,,0,0,0,,,,,,0,0,0,,,,,,0,0,0,,,,,,,,,,,
303922,2000,51,52,5,0,150107A201,150103,0,0,1,,,,,,0,0,0,,,,,,0,0,0,,,,,,0,0,0,,,,,,0,0,0,,,,,,0,0,0,,,,,,,,,,,
303940,2000,52,52,5,0,150107A201,150107,1,1,5,,,,,,0,0,0,,,,,,0,0,0,,,,,,0,0,0,,,,,,0,0,0,,,,,,0,0,0,,,,,,,,,,,
303943,2000,52,52,5,0,150107A201,150118,0,1,3,,,,,,0,0,0,,,,,,0,0,0,,,,,,0,0,0,,,,,,0,0,0,,,,,,0,0,0,,,,,,,,,,,
734233,2001,1,52,5,0,150107A201,150107,1,2,2,,,,,,0,0,0,,,,,,0,0,0,,,,,,0,0,1,,,,,,0,0,0,,,,,,0,0,0,,,,,,2001-01-08,,,,,
734236,2001,1,52,5,0,150107A201,150118,0,0,4,,,,,,0,0,0,,,,,,0,0,0,,,,,,0,0,0,,,,,,0,0,0,,,,,,0,0,0,,,,,,2001-01-08,,,,,
734239,2001,1,52,5,0,150107A201,150103,0,1,4,,,,,,0,0,0,,,,,,0,0,0,,,,,,0,0,0,,,,,,0,0,0,,,,,,0,0,0,,,,,,2001-01-08,,,,,
734242,2001,2,52,5,0,150107A201,150107,0,3,15,,,,,,0,0,0,,,,,,0,0,0,,,,,,0,0,1,,,,,,0,0,0,,,,,,0,0,0,,,,,,2001-01-16,,,,,
734245,2001,2,52,5,0,150107A201,150118,0,1,1,,,,,,0,0,0,,,,,,0,0,0,,,,,,0,0,0,,,,,,0,0,0,,,,,,0,0,0,,,,,,2001-01-16,,,,,
734248,2001,2,52,5,0,150107A201,150116,0,0,1,,,,,,0,0,0,,,,,,0,0,0,,,,,,0,0,0,,,,,,0,0,0,,,,,,0,0,0,,,,,,2001-01-16,,,,,
734251,2001,2,52,5,0,150107A201,150714,0,0,1,,,,,,0,0,0,,,,,,0,0,0,,,,,,0,0,0,,,,,,0,0,0,,,,,,0,0,0,,,,,,2001-01-16,,,,,
734254,2001,3,52,5,0,150107A201,150107,1,4,3,,,,,,0,0,0,,,,,,0,0,0,,,,,,0,0,0,,,,,,0,0,0,,,,,,0,0,0,,,,,,2001-01-22,,,,,
734257,2001,3,52,5,0,150107A201,150118,0,0,1,,,,,,0,0,0,,,,,,0,0,0,,,,,,0,0,1,,,,,,0,0,0,,,,,,0,0,0,,,,,,2001-01-22,,,,,
734260,2001,3,52,5,0,150107A201,150103,0,0,1,,,,,,0,0,0,,,,,,0,0,0,,,,,,0,0,0,,,,,,0,0,0,,,,,,0,0,0,,,,,,2001-01-22,,,,,
734263,2001,4,52,5,0,150107A201,150107,0,0,3,,,,,,0,0,0,,,,,,0,0,0,,,,,,0,0,0,,,,,,0,0,0,,,,,,0,0,0,,,,,,2001-01-29,,,,,
734266,2001,4,52,5,0,150107A201,150118,0,3,0,,,,,,0,0,0,,,,,,0,0,0,,,,,,0,0,0,,,,,,0,0,0,,,,,,0,0,0,,,,,,2001-01-29,,,,,
734269,2001,5,52,5,0,150107A201,150107,3,3,8,,,,,,0,0,0,,,,,,0,0,0,,,,,,0,0,0,,,,,,0,0,0,,,,,,0,0,0,,,,,,2001-02-05,,,,,
734272,2001,6,52,5,0,150107A201,150107,1,2,10,,,,,,0,0,0,,,,,,0,0,0,,,,,,0,0,0,,,,,,0,0,0,,,,,,0,0,0,,,,,,2001-02-12,,,,,
734275,2001,6,52,5,0,150107A201,150118,0,1,1,,,,,,0,0,0,,,,,,0,0,0,,,,,,0,0,0,,,,,,0,0,0,,,,,,0,0,0,,,,,,2001-02-12,,,,,
734278,2001,7,52,5,0,150107A201,150107,2,0,13,,,,,,0,0,0,,,,,,0,0,0,,,,,,0,1,0,,,,,,0,0,0,,,,,,0,0,0,,,,,,2001-02-19,,,,,
734281,2001,7,52,5,0,150107A201,150103,0,1,0,,,,,,0,0,0,,,,,,0,0,0,,,,,,0,0,0,,,,,,0,0,0,,,,,,0,0,0,,,,,,2001-02-19,,,,,
734284,2001,8,52,5,0,150107A201,150107,1,1,3,,,,,,0,0,0,,,,,,0,0,0,,,,,,0,0,0,,,,,,0,0,0,,,,,,0,0,0,,,,,,2001-02-26,,,,,
734287,2001,8,52,5,0,150107A201,150118,0,0,1,,,,,,0,0,0,,,,,,0,0,0,,,,,,0,0,0,,,,,,0,0,0,,,,,,0,0,0,,,,,,2001-02-26,,,,,
734290,2001,8,52,5,0,150107A201,150103,0,1,0,,,,,,0,0,0,,,,,,0,0,0,,,,,,0,0,0,,,,,,0,0,0,,,,,,0,0,0,,,,,,2001-02-26,,,,,
734293,2001,9,52,5,0,150107A201,150107,1,0,7,,,,,,0,0,0,,,,,,0,0,0,,,,,,0,0,0,,,,,,0,0,0,,,,,,0,0,0,,,,,,2001-03-06,,,,,
734296,2001,9,52,5,0,150107A201,150118,0,1,4,,,,,,0,0,0,,,,,,0,0,0,,,,,,0,0,0,,,,,,0,0,0,,,,,,0,0,0,,,,,,2001-03-06,,,,,
734299,2001,9,52,5,0,150107A201,150103,1,0,0,,,,,,0,0,0,,,,,,0,0,0,,,,,,0,0,0,,,,,,0,0,0,,,,,,0,0,0,,,,,,2001-03-06,,,,,
734302,2001,10,52,5,0,150107A201,150107,0,1,4,,,,,,0,0,0,,,,,,0,0,0,,,,,,0,0,0,,,,,,0,0,0,,,,,,0,0,0,,,,,,2001-03-12,,,,,
734305,2001,10,52,5,0,150107A201,150118,0,0,3,,,,,,0,0,0,,,,,,0,0,0,,,,,,1,0,0,,,,,,0,0,0,,,,,,0,0,0,,,,,,2001-03-12,,,,,
734308,2001,11,52,5,0,150107A201,150107,1,4,6,,,,,,0,0,0,,,,,,0,0,0,,,,,,0,0,1,,,,,,0,0,0,,,,,,0,0,0,,,,,,2001-03-19,,,,,
734311,2001,11,52,5,0,150107A201,150118,0,2,0,,,,,,0,0,0,,,,,,0,0,0,,,,,,0,0,0,,,,,,0,0,0,,,,,,0,0,0,,,,,,2001-03-19,,,,,
734314,2001,11,52,5,0,150107A201,150103,0,0,0,,,,,,0,0,0,,,,,,0,0,0,,,,,,0,1,0,,,,,,0,0,0,,,,,,0,0,0,,,,,,2001-03-19,,,,,
734317,2001,12,52,5,0,150107A201,150107,1,2,11,,,,,,0,0,0,,,,,,0,0,0,,,,,,0,0,0,,,,,,0,0,0,,,,,,0,0,0,,,,,,2001-03-26,,,,,
734320,2001,12,52,5,0,150107A201,150118,0,0,1,,,,,,0,0,0,,,,,,0,0,0,,,,,,0,0,0,,,,,,0,0,0,,,,,,0,0,0,,,,,,2001-03-26,,,,,
734323,2001,13,52,5,0,150107A201,150107,0,0,6,,,,,,0,0,0,,,,,,0,0,0,,,,,,0,0,1,,,,,,0,0,0,,,,,,0,0,0,,,,,,2001-04-02,,,,,
734326,2001,13,52,5,0,150107A201,150118,1,2,2,,,,,,0,0,0,,,,,,0,0,0,,,,,,0,0,0,,,,,,0,0,0,,,,,,0,0,0,,,,,,2001-04-02,,,,,
734329,2001,13,52,5,0,150107A201,150103,0,0,1,,,,,,0,0,0,,,,,,0,0,0,,,,,,0,0,0,,,,,,0,0,0,,,,,,0,0,0,,,,,,2001-04-02,,,,,
734332,2001,14,52,5,0,150107A201,150107,0,0,10,,,,,,0,0,0,,,,,,0,0,0,,,,,,0,0,0,,,,,,0,0,0,,,,,,0,0,0,,,,,,2001-04-09,,,,,
734335,2001,15,52,5,0,150107A201,150107,0,3,7,,,,,,0,0,0,,,,,,0,0,0,,,,,,0,0,0,,,,,,0,0,0,,,,,,0,0,0,,,,,,2001-04-16,,,,,
734338,2001,16,52,5,0,150107A201,150107,2,2,5,,,,,,0,0,0,,,,,,0,0,0,,,,,,0,0,1,,,,,,0,0,0,,,,,,0,0,0,,,,,,2001-04-23,,,,,
734341,2001,17,52,5,0,150107A201,150107,3,2,6,,,,,,0,0,0,,,,,,0,0,0,,,,,,0,0,0,,,,,,0,0,0,,,,,,0,0,0,,,,,,2001-04-30,,,,,
734344,2001,17,52,5,0,150107A201,150118,0,0,2,,,,,,0,0,0,,,,,,0,0,0,,,,,,0,0,0,,,,,,0,0,0,,,,,,0,0,0,,,,,,2001-04-30,,,,,
734347,2001,18,52,5,0,150107A201,150107,0,3,5,,,,,,0,0,0,,,,,,0,0,0,,,,,,0,0,0,,,,,,0,0,0,,,,,,0,0,0,,,,,,2001-05-07,,,,,
734350,2001,19,52,5,0,150107A201,150107,1,1,6,,,,,,0,0,0,,,,,,0,0,0,,,,,,0,0,0,,,,,,0,0,0,,,,,,0,0,0,,,,,,2001-05-14,,,,,
734353,2001,19,52,5,0,150107A201,150118,0,1,1,,,,,,0,0,0,,,,,,0,0,0,,,,,,0,0,0,,,,,,0,0,0,,,,,,0,0,0,,,,,,2001-05-14,,,,,
734356,2001,19,52,5,0,150107A201,150103,0,1,0,,,,,,0,0,0,,,,,,0,0,0,,,,,,0,0,0,,,,,,0,0,0,,,,,,0,0,0,,,,,,2001-05-14,,,,,
734359,2001,20,52,5,0,150107A201,150107,2,8,8,,,,,,0,0,0,,,,,,0,0,0,,,,,,0,0,1,,,,,,0,0,0,,,,,,0,0,0,,,,,,2001-05-21,,,,,
734362,2001,20,52,5,0,150107A201,150118,0,1,0,,,,,,0,0,0,,,,,,0,0,0,,,,,,0,0,0,,,,,,0,0,0,,,,,,0,0,0,,,,,,2001-05-21,,,,,
734365,2001,21,52,5,0,150107A201,150107,4,4,11,,,,,,0,0,0,,,,,,0,0,0,,,,,,0,0,2,,,,,,0,0,0,,,,,,0,0,0,,,,,,2001-05-28,,,,,
734368,2001,22,52,5,0,150107A201,150107,4,1,5,,,,,,0,0,0,,,,,,0,0,0,,,,,,0,0,1,,,,,,0,0,0,,,,,,0,0,0,,,,,,2001-06-04,,,,,
734371,2001,22,52,5,0,150107A201,150118,0,2,2,,,,,,0,0,0,,,,,,0,0,0,,,,,,0,0,0,,,,,,0,0,0,,,,,,0,0,0,,,,,,2001-06-04,,,,,
734374,2001,22,52,5,0,150107A201,150103,0,0,1,,,,,,0,0,0,,,,,,0,0,0,,,,,,0,0,0,,,,,,0,0,0,,,,,,0,0,0,,,,,,2001-06-04,,,,,
734377,2001,23,52,5,0,150107A201,150107,1,1,3,,,,,,0,0,0,,,,,,0,0,0,,,,,,0,0,0,,,,,,0,0,0,,,,,,0,0,0,,,,,,2001-06-12,,,,,
734380,2001,24,52,5,0,150107A201,150107,5,2,1,,,,,,0,0,0,,,,,,0,0,0,,,,,,0,0,0,,,,,,0,0,0,,,,,,0,0,0,,,,,,2001-06-18,,,,,
734383,2001,24,52,5,0,150107A201,150103,0,0,1,,,,,,0,0,0,,,,,,0,0,0,,,,,,0,0,0,,,,,,0,0,0,,,,,,0,0,0,,,,,,2001-06-18,,,,,
734386,2001,24,52,5,0,150107A201,150118,0,0,1,,,,,,0,0,0,,,,,,0,0,0,,,,,,0,0,0,,,,,,0,0,0,,,,,,0,0,0,,,,,,2001-06-18,,,,,
734389,2001,25,52,5,0,150107A201,150107,1,1,3,,,,,,0,0,0,,,,,,0,0,0,,,,,,0,0,0,,,,,,0,0,0,,,,,,0,0,0,,,,,,2001-06-25,,,,,
734392,2001,25,52,5,0,150107A201,150118,0,0,2,,,,,,0,0,0,,,,,,0,0,0,,,,,,0,0,0,,,,,,0,0,0,,,,,,0,0,0,,,,,,2001-06-25,,,,,
734395,2001,25,52,5,0,150107A201,150103,0,1,0,,,,,,0,0,0,,,,,,0,0,0,,,,,,0,0,0,,,,,,0,0,0,,,,,,0,0,0,,,,,,2001-06-25,,,,,
734398,2001,26,52,5,0,150107A201,150107,0,0,2,,,,,,0,0,0,,,,,,0,0,0,,,,,,0,0,0,,,,,,0,0,0,,,,,,0,0,0,,,,,,2001-07-02,,,,,
734401,2001,26,52,5,0,150107A201,150118,0,1,1,,,,,,0,0,0,,,,,,0,0,0,,,,,,0,0,0,,,,,,0,0,0,,,,,,0,0,0,,,,,,2001-07-02,,,,,
734404,2001,26,52,5,0,150107A201,150101,0,0,1,,,,,,0,0,0,,,,,,0,0,0,,,,,,0,0,0,,,,,,0,0,0,,,,,,0,0,0,,,,,,2001-07-02,,,,,
734407,2001,27,52,5,0,150107A201,150107,1,3,3,,,,,,0,0,0,,,,,,0,0,0,,,,,,0,0,0,,,,,,0,0,0,,,,,,0,0,0,,,,,,2001-07-10,,,,,
734410,2001,27,52,5,0,150107A201,150118,0,0,4,,,,,,0,0,0,,,,,,0,0,0,,,,,,0,0,0,,,,,,0,0,0,,,,,,0,0,0,,,,,,2001-07-10,,,,,
734413,2001,27,52,5,0,150107A201,150103,1,1,1,,,,,,0,0,0,,,,,,0,0,0,,,,,,0,0,0,,,,,,0,0,0,,,,,,0,0,0,,,,,,2001-07-10,,,,,
734416,2001,28,52,5,0,150107A201,150107,0,0,5,,,,,,0,0,0,,,,,,0,0,0,,,,,,0,0,0,,,,,,0,0,0,,,,,,0,0,0,,,,,,2001-07-16,,,,,
734419,2001,29,52,5,0,150107A201,150107,0,0,3,,,,,,0,0,0,,,,,,0,0,0,,,,,,0,0,0,,,,,,0,0,0,,,,,,0,0,0,,,,,,2001-07-23,,,,,
734422,2001,30,52,5,0,150107A201,150107,0,0,3,,,,,,0,0,0,,,,,,0,0,0,,,,,,0,0,0,,,,,,0,0,0,,,,,,0,0,0,,,,,,2001-08-01,,,,,
734425,2001,31,52,5,0,150107A201,150107,0,1,7,,,,,,0,0,0,,,,,,0,0,0,,,,,,0,1,0,,,,,,0,0,0,,,,,,0,0,0,,,,,,2001-08-06,,,,,
734428,2001,31,52,5,0,150107A201,150118,0,0,3,,,,,,0,0,0,,,,,,0,0,0,,,,,,0,0,0,,,,,,0,0,0,,,,,,0,0,0,,,,,,2001-08-06,,,,,
734431,2001,32,52,5,0,150107A201,150107,2,0,3,,,,,,0,0,0,,,,,,0,0,0,,,,,,0,0,0,,,,,,0,0,0,,,,,,0,0,0,,,,,,2001-08-13,,,,,
734434,2001,32,52,5,0,150107A201,150118,0,0,1,,,,,,0,0,0,,,,,,0,0,0,,,,,,0,0,0,,,,,,0,0,0,,,,,,0,0,0,,,,,,2001-08-13,,,,,
734437,2001,33,52,5,0,150107A201,150107,1,2,4,,,,,,0,0,0,,,,,,0,0,0,,,,,,0,0,0,,,,,,0,0,0,,,,,,0,0,0,,,,,,2001-08-20,,,,,
734440,2001,33,52,5,0,150107A201,150118,0,0,3,,,,,,0,0,0,,,,,,0,0,0,,,,,,0,0,0,,,,,,0,0,0,,,,,,0,0,0,,,,,,2001-08-20,,,,,
734443,2001,34,52,5,0,150107A201,150107,0,1,2,,,,,,0,0,0,,,,,,0,0,0,,,,,,0,0,0,,,,,,0,0,0,,,,,,0,0,0,,,,,,2001-08-27,,,,,
734446,2001,35,52,5,0,150107A201,150107,2,2,4,,,,,,0,0,0,,,,,,0,0,0,,,,,,0,0,0,,,,,,0,0,0,,,,,,0,0,0,,,,,,2001-09-04,,,,,
734449,2001,36,52,5,0,150107A201,150107,0,1,10,,,,,,0,0,0,,,,,,0,0,0,,,,,,0,1,0,,,,,,0,0,0,,,,,,0,0,0,,,,,,2001-09-10,,,,,
734452,2001,36,52,5,0,150107A201,150118,0,1,1,,,,,,0,0,0,,,,,,0,0,0,,,,,,0,0,0,,,,,,0,0,0,,,,,,0,0,0,,,,,,2001-09-10,,,,,
734455,2001,37,52,5,0,150107A201,150107,0,3,5,,,,,,0,0,0,,,,,,0,0,0,,,,,,0,0,0,,,,,,0,0,0,,,,,,0,0,0,,,,,,2001-09-17,,,,,
734458,2001,38,52,5,0,150107A201,150107,1,1,3,,,,,,0,0,0,,,,,,0,0,0,,,,,,0,2,0,,,,,,0,0,0,,,,,,0,0,0,,,,,,2001-09-24,,,,,
734461,2001,38,52,5,0,150107A201,150118,0,0,1,,,,,,0,0,0,,,,,,0,0,0,,,,,,0,0,0,,,,,,0,0,0,,,,,,0,0,0,,,,,,2001-09-24,,,,,
734464,2001,38,52,5,0,150107A201,150103,0,1,0,,,,,,0,0,0,,,,,,0,0,0,,,,,,0,0,0,,,,,,0,0,0,,,,,,0,0,0,,,,,,2001-09-24,,,,,
734467,2001,39,52,5,0,150107A201,150107,0,2,7,,,,,,0,0,0,,,,,,0,0,0,,,,,,0,0,0,,,,,,0,0,0,,,,,,0,0,0,,,,,,2001-10-01,,,,,
734470,2001,39,52,5,0,150107A201,150118,0,0,3,,,,,,0,0,0,,,,,,0,0,0,,,,,,0,0,0,,,,,,0,0,0,,,,,,0,0,0,,,,,,2001-10-01,,,,,
734473,2001,40,52,5,0,150107A201,150107,0,1,2,,,,,,0,0,0,,,,,,0,0,0,,,,,,0,0,0,,,,,,0,0,0,,,,,,0,0,0,,,,,,2001-10-09,,,,,
734476,2001,41,52,5,0,150107A201,150107,0,1,3,,,,,,0,0,0,,,,,,0,0,0,,,,,,0,0,0,,,,,,0,0,0,,,,,,0,0,0,,,,,,2001-10-15,,,,,
734479,2001,41,52,5,0,150107A201,150118,0,1,0,,,,,,0,0,0,,,,,,0,0,0,,,,,,0,0,0,,,,,,0,0,0,,,,,,0,0,0,,,,,,2001-10-15,,,,,
734482,2001,42,52,5,0,150107A201,150107,0,0,2,,,,,,0,0,0,,,,,,0,0,1,,,,,,0,0,1,,,,,,0,0,0,,,,,,0,0,0,,,,,,2001-10-22,,,,,
734485,2001,42,52,5,0,150107A201,150118,1,0,0,,,,,,0,0,0,,,,,,0,0,0,,,,,,0,0,0,,,,,,0,0,0,,,,,,0,0,0,,,,,,2001-10-22,,,,,
734488,2001,43,52,5,0,150107A201,150107,1,0,4,,,,,,0,0,0,,,,,,0,0,0,,,,,,0,0,0,,,,,,0,0,0,,,,,,0,0,0,,,,,,2001-10-29,,,,,
734491,2001,43,52,5,0,150107A201,150103,0,0,0,,,,,,0,0,0,,,,,,0,0,0,,,,,,0,0,1,,,,,,0,0,0,,,,,,0,0,0,,,,,,2001-10-29,,,,,
734494,2001,44,52,5,0,150107A201,150107,0,0,1,,,,,,0,0,0,,,,,,0,0,0,,,,,,0,0,0,,,,,,0,0,0,,,,,,0,0,0,,,,,,2001-11-05,,,,,
734497,2001,45,52,5,0,150107A201,150103,0,0,1,,,,,,0,0,0,,,,,,0,0,0,,,,,,0,0,0,,,,,,0,0,0,,,,,,0,0,0,,,,,,2001-11-12,,,,,
734500,2001,46,52,5,0,150107A201,150107,1,1,4,,,,,,0,0,0,,,,,,0,0,0,,,,,,0,0,0,,,,,,0,0,0,,,,,,0,0,0,,,,,,2001-11-19,,,,,
734503,2001,46,52,5,0,150107A201,150118,2,0,0,,,,,,0,0,0,,,,,,0,0,0,,,,,,0,0,0,,,,,,0,0,0,,,,,,0,0,0,,,,,,2001-11-19,,,,,
734506,2001,46,52,5,0,150107A201,150103,0,1,0,,,,,,0,0,0,,,,,,0,0,0,,,,,,0,0,0,,,,,,0,0,0,,,,,,0,0,0,,,,,,2001-11-19,,,,,
734509,2001,47,52,5,0,150107A201,150107,0,3,5,,,,,,0,0,0,,,,,,0,0,0,,,,,,0,0,0,,,,,,0,0,0,,,,,,0,0,0,,,,,,2001-11-26,,,,,
734512,2001,48,52,5,0,150107A201,150107,0,1,5,,,,,,0,0,0,,,,,,0,0,0,,,,,,0,0,1,,,,,,0,0,0,,,,,,0,0,0,,,,,,2001-12-03,,,,,
734515,2001,48,52,5,0,150107A201,150118,0,0,2,,,,,,0,0,0,,,,,,0,0,0,,,,,,0,0,0,,,,,,0,0,0,,,,,,0,0,0,,,,,,2001-12-03,,,,,
734518,2001,48,52,5,0,150107A201,150103,1,0,1,,,,,,0,0,0,,,,,,0,0,0,,,,,,0,0,0,,,,,,0,0,0,,,,,,0,0,0,,,,,,2001-12-03,,,,,
734521,2001,49,52,5,0,150107A201,150107,1,1,5,,,,,,0,0,0,,,,,,0,0,0,,,,,,0,0,0,,,,,,0,0,0,,,,,,0,0,0,,,,,,2001-12-10,,,,,
734524,2001,49,52,5,0,150107A201,150118,0,1,1,,,,,,0,0,0,,,,,,0,0,0,,,,,,0,0,0,,,,,,0,0,0,,,,,,0,0,0,,,,,,2001-12-10,,,,,
734527,2001,49,52,5,0,150107A201,150101,0,0,1,,,,,,0,0,0,,,,,,0,0,0,,,,,,0,0,0,,,,,,0,0,0,,,,,,0,0,0,,,,,,2001-12-10,,,,,
734530,2001,50,52,5,0,150107A201,150107,0,3,5,,,,,,0,0,0,,,,,,0,0,0,,,,,,0,0,0,,,,,,0,0,0,,,,,,0,0,0,,,,,,2001-12-17,,,,,
734533,2001,50,52,5,0,150107A201,150118,0,2,4,,,,,,0,0,0,,,,,,0,0,0,,,,,,0,0,0,,,,,,0,0,0,,,,,,0,0,0,,,,,,2001-12-17,,,,,
734536,2001,50,52,5,0,150107A201,150103,0,0,2,,,,,,0,0,0,,,,,,0,0,0,,,,,,0,0,0,,,,,,0,0,0,,,,,,0,0,0,,,,,,2001-12-17,,,,,
734539,2001,51,52,5,0,150107A201,150107,0,2,6,,,,,,0,0,0,,,,,,0,0,0,,,,,,0,0,0,,,,,,0,0,0,,,,,,0,0,0,,,,,,2001-12-26,,,,,
734542,2001,51,52,5,0,150107A201,150118,0,0,2,,,,,,0,0,0,,,,,,0,0,0,,,,,,0,0,0,,,,,,0,0,0,,,,,,0,0,0,,,,,,2001-12-26,,,,,
734545,2001,51,52,5,0,150107A201,150103,0,0,1,,,,,,0,0,0,,,,,,0,0,0,,,,,,0,0,0,,,,,,0,0,0,,,,,,0,0,0,,,,,,2001-12-26,,,,,
734548,2001,52,52,5,0,150107A201,150107,1,5,10,,,,,,0,0,0,,,,,,0,0,0,,,,,,0,0,0,,,,,,0,0,0,,,,,,0,0,0,,,,,,2002-01-02,,,,,
734551,2001,52,52,5,0,150107A201,150118,0,0,3,,,,,,0,0,0,,,,,,0,0,0,,,,,,0,0,0,,,,,,0,0,0,,,,,,0,0,0,,,,,,2002-01-02,,,,,
734554,2001,52,52,5,0,150107A201,150103,0,0,2,,,,,,0,0,0,,,,,,0,0,0,,,,,,0,0,0,,,,,,0,0,0,,,,,,0,0,0,,,,,,2002-01-02,,,,,
1286173,2002,1,52,5,0,150107A201,150107,1,1,8,,,,,,0,0,0,,,,,,0,0,0,,,,,,0,0,0,,,,,,0,0,0,,,,,,0,0,0,,,,,,2002-01-07,,,,,
1286176,2002,2,52,5,0,150107A201,150107,1,0,7,,,,,,0,0,0,,,,,,0,0,0,,,,,,0,0,0,,,,,,0,0,0,,,,,,0,0,0,,,,,,2002-01-14,,,,,
1286179,2002,3,52,5,0,150107A201,150107,0,0,10,,,,,,0,0,0,,,,,,0,0,0,,,,,,0,0,0,,,,,,0,0,0,,,,,,0,0,0,,,,,,2002-01-21,,,,,
1286182,2002,3,52,5,0,150107A201,150118,0,0,2,,,,,,0,0,0,,,,,,0,0,0,,,,,,0,0,0,,,,,,0,0,0,,,,,,0,0,0,,,,,,2002-01-21,,,,,
1286185,2002,3,52,5,0,150107A201,150101,0,1,0,,,,,,0,0,0,,,,,,0,0,0,,,,,,0,0,0,,,,,,0,0,0,,,,,,0,0,0,,,,,,2002-01-21,,,,,
1286188,2002,4,52,5,0,150107A201,150107,0,4,3,,,,,,0,0,0,,,,,,0,0,0,,,,,,0,0,0,,,,,,0,0,0,,,,,,0,0,0,,,,,,2002-01-28,,,,,
1286191,2002,4,52,5,0,150107A201,150118,0,0,2,,,,,,0,0,0,,,,,,0,0,0,,,,,,0,0,0,,,,,,0,0,0,,,,,,0,0,0,,,,,,2002-01-28,,,,,
1286194,2002,4,52,5,0,150107A201,150101,0,0,1,,,,,,0,0,0,,,,,,0,0,0,,,,,,0,0,0,,,,,,0,0,0,,,,,,0,0,0,,,,,,2002-01-28,,,,,
1286197,2002,5,52,5,0,150107A201,150107,2,3,5,,,,,,0,0,0,,,,,,0,0,0,,,,,,0,1,0,,,,,,0,0,0,,,,,,0,0,0,,,,,,2002-02-04,,,,,
1286200,2002,6,52,5,0,150107A201,150107,0,3,8,,,,,,0,0,0,,,,,,0,0,0,,,,,,0,0,0,,,,,,0,0,0,,,,,,0,0,0,,,,,,2002-02-11,,,,,
1286203,2002,6,52,5,0,150107A201,150103,0,1,0,,,,,,0,0,0,,,,,,0,0,0,,,,,,0,0,0,,,,,,0,0,0,,,,,,0,0,0,,,,,,2002-02-11,,,,,
1286206,2002,7,52,5,0,150107A201,150107,2,5,10,,,,,,0,0,0,,,,,,0,0,0,,,,,,0,0,0,,,,,,0,0,0,,,,,,0,0,0,,,,,,2002-02-18,,,,,
1286209,2002,7,52,5,0,150107A201,150118,0,0,1,,,,,,0,0,0,,,,,,0,0,0,,,,,,0,0,0,,,,,,0,0,0,,,,,,0,0,0,,,,,,2002-02-18,,,,,
1286212,2002,8,52,5,0,150107A201,150107,0,6,15,,,,,,0,0,0,,,,,,0,0,0,,,,,,0,0,0,,,,,,0,0,0,,,,,,0,0,0,,,,,,2002-02-25,,,,,
1286215,2002,8,52,5,0,150107A201,150118,1,0,4,,,,,,0,0,0,,,,,,0,0,0,,,,,,0,0,0,,,,,,0,0,0,,,,,,0,0,0,,,,,,2002-02-25,,,,,
1286218,2002,9,52,5,0,150107A201,150107,1,3,2,,,,,,0,0,0,,,,,,0,0,0,,,,,,1,0,0,,,,,,0,0,0,,,,,,0,0,0,,,,,,2002-03-04,,,,,
1286221,2002,10,52,5,0,150107A201,150107,1,2,10,,,,,,0,0,0,,,,,,0,0,0,,,,,,0,0,0,,,,,,0,0,0,,,,,,0,0,0,,,,,,2002-03-11,,,,,
1286224,2002,10,52,5,0,150107A201,150118,1,0,2,,,,,,0,0,0,,,,,,0,0,0,,,,,,0,0,0,,,,,,0,0,0,,,,,,0,0,0,,,,,,2002-03-11,,,,,
1286227,2002,11,52,5,0,150107A201,150107,3,4,14,,,,,,0,0,0,,,,,,0,0,0,,,,,,0,0,0,,,,,,0,0,0,,,,,,0,0,0,,,,,,2002-03-18,,,,,
1286230,2002,11,52,5,0,150107A201,150118,0,0,2,,,,,,0,0,0,,,,,,0,0,0,,,,,,0,0,0,,,,,,0,0,0,,,,,,0,0,0,,,,,,2002-03-18,,,,,
1286233,2002,11,52,5,0,150107A201,150103,0,0,1,,,,,,0,0,0,,,,,,0,0,0,,,,,,0,0,0,,,,,,0,0,0,,,,,,0,0,0,,,,,,2002-03-18,,,,,
1286236,2002,12,52,5,0,150107A201,150107,0,2,13,,,,,,0,0,0,,,,,,0,0,0,,,,,,0,0,0,,,,,,0,0,0,,,,,,0,0,0,,,,,,2002-03-25,,,,,
1286239,2002,12,52,5,0,150107A201,150118,0,0,2,,,,,,0,0,0,,,,,,0,0,0,,,,,,0,0,0,,,,,,0,0,0,,,,,,0,0,0,,,,,,2002-03-25,,,,,
1286242,2002,12,52,5,0,150107A201,150103,0,0,1,,,,,,0,0,0,,,,,,0,0,0,,,,,,0,0,0,,,,,,0,0,0,,,,,,0,0,0,,,,,,2002-03-25,,,,,
1286245,2002,13,52,5,0,150107A201,150107,2,0,11,,,,,,0,0,0,,,,,,0,0,0,,,,,,0,0,0,,,,,,0,0,0,,,,,,0,0,0,,,,,,2002-04-01,,,,,
1286248,2002,13,52,5,0,150107A201,150118,1,1,5,,,,,,0,0,0,,,,,,0,0,0,,,,,,0,0,0,,,,,,0,0,0,,,,,,0,0,0,,,,,,2002-04-01,,,,,
1286251,2002,14,52,5,0,150107A201,150107,2,3,7,,,,,,0,0,0,,,,,,0,0,0,,,,,,0,0,0,,,,,,0,0,0,,,,,,0,0,0,,,,,,2002-04-08,,,,,
1286254,2002,14,52,5,0,150107A201,150118,1,0,5,,,,,,0,0,0,,,,,,0,0,0,,,,,,0,0,0,,,,,,0,0,0,,,,,,0,0,0,,,,,,2002-04-08,,,,,
1286257,2002,14,52,5,0,150107A201,70102,0,0,1,,,,,,0,0,0,,,,,,0,0,0,,,,,,0,0,0,,,,,,0,0,0,,,,,,0,0,0,,,,,,2002-04-08,,,,,
1286260,2002,15,52,5,0,150107A201,150107,0,1,9,,,,,,0,0,0,,,,,,0,0,0,,,,,,0,0,0,,,,,,0,0,0,,,,,,0,0,0,,,,,,2002-04-15,,,,,
1286263,2002,15,52,5,0,150107A201,150118,0,0,2,,,,,,0,0,0,,,,,,0,0,0,,,,,,0,0,0,,,,,,0,0,0,,,,,,0,0,0,,,,,,2002-04-15,,,,,
1286266,2002,16,52,5,0,150107A201,150107,1,3,9,,,,,,0,0,0,,,,,,0,0,0,,,,,,0,0,0,,,,,,0,0,0,,,,,,0,0,0,,,,,,2002-04-22,,,,,
1286269,2002,16,52,5,0,150107A201,150118,0,0,1,,,,,,0,0,0,,,,,,0,0,0,,,,,,0,0,0,,,,,,0,0,0,,,,,,0,0,0,,,,,,2002-04-22,,,,,
1286272,2002,16,52,5,0,150107A201,150103,1,0,0,,,,,,0,0,0,,,,,,0,0,0,,,,,,0,0,0,,,,,,0,0,0,,,,,,0,0,0,,,,,,2002-04-22,,,,,
1286275,2002,17,52,5,0,150107A201,150107,0,0,3,,,,,,0,0,0,,,,,,0,0,0,,,,,,0,0,0,,,,,,0,0,0,,,,,,0,0,0,,,,,,2002-04-28,,,,,
1286278,2002,17,52,5,0,150107A201,150118,0,2,0,,,,,,0,0,0,,,,,,0,0,0,,,,,,0,0,0,,,,,,0,0,0,,,,,,0,0,0,,,,,,2002-04-28,,,,,
1286281,2002,18,52,5,0,150107A201,150107,0,0,3,,,,,,0,0,0,,,,,,0,0,0,,,,,,0,0,0,,,,,,0,0,0,,,,,,0,0,0,,,,,,2002-05-06,,,,,
1286284,2002,18,52,5,0,150107A201,150118,0,0,1,,,,,,0,0,0,,,,,,0,0,0,,,,,,0,0,0,,,,,,0,0,0,,,,,,0,0,0,,,,,,2002-05-06,,,,,
1286287,2002,19,52,5,0,150107A201,150107,1,1,3,,,,,,0,0,0,,,,,,0,0,0,,,,,,0,0,0,,,,,,0,0,0,,,,,,0,0,0,,,,,,2002-05-13,,,,,
1286290,2002,19,52,5,0,150107A201,150118,0,0,1,,,,,,0,0,0,,,,,,0,0,0,,,,,,0,0,0,,,,,,0,0,0,,,,,,0,0,0,,,,,,2002-05-13,,,,,
1286293,2002,20,52,5,0,150107A201,150107,1,1,0,,,,,,0,0,0,,,,,,0,0,0,,,,,,1,0,0,,,,,,0,0,0,,,,,,0,0,0,,,,,,2002-05-20,,,,,
1286296,2002,20,52,5,0,150107A201,150118,0,1,1,,,,,,0,0,0,,,,,,0,0,0,,,,,,0,0,0,,,,,,0,0,0,,,,,,0,0,0,,,,,,2002-05-20,,,,,
1286299,2002,21,52,5,0,150107A201,150107,0,0,2,,,,,,0,0,0,,,,,,0,0,0,,,,,,0,1,2,,,,,,0,0,0,,,,,,0,0,0,,,,,,2002-05-27,,,,,
1286302,2002,21,52,5,0,150107A201,150118,0,1,1,,,,,,0,0,0,,,,,,0,0,0,,,,,,0,0,0,,,,,,0,0,0,,,,,,0,0,0,,,,,,2002-05-27,,,,,
1286305,2002,22,52,5,0,150107A201,150107,0,4,5,,,,,,0,0,0,,,,,,0,0,0,,,,,,0,0,0,,,,,,0,0,0,,,,,,0,0,0,,,,,,2002-06-03,,,,,
1286308,2002,22,52,5,0,150107A201,150118,0,1,0,,,,,,0,0,0,,,,,,0,0,0,,,,,,0,0,0,,,,,,0,0,0,,,,,,0,0,0,,,,,,2002-06-03,,,,,
1286311,2002,23,52,5,0,150107A201,150107,1,1,5,,,,,,0,0,0,,,,,,0,0,0,,,,,,0,0,0,,,,,,0,0,0,,,,,,0,0,0,,,,,,2002-06-10,,,,,
1286314,2002,23,52,5,0,150107A201,150118,1,0,0,,,,,,0,0,0,,,,,,0,0,0,,,,,,0,0,0,,,,,,0,0,0,,,,,,0,0,0,,,,,,2002-06-10,,,,,
1286317,2002,24,52,5,0,150107A201,150107,0,1,3,,,,,,0,0,0,,,,,,0,0,0,,,,,,0,0,0,,,,,,0,0,0,,,,,,0,0,0,,,,,,2002-06-17,,,,,
1286320,2002,24,52,5,0,150107A201,150118,0,1,1,,,,,,0,0,0,,,,,,0,0,0,,,,,,0,0,0,,,,,,0,0,0,,,,,,0,0,0,,,,,,2002-06-17,,,,,
1286323,2002,24,52,5,0,150107A201,150103,0,0,1,,,,,,0,0,0,,,,,,0,0,0,,,,,,0,0,0,,,,,,0,0,0,,,,,,0,0,0,,,,,,2002-06-17,,,,,
1286326,2002,25,52,5,0,150107A201,150107,2,4,4,,,,,,0,0,0,,,,,,0,0,0,,,,,,0,0,0,,,,,,0,0,0,,,,,,0,0,0,,,,,,2002-06-24,,,,,
1286329,2002,25,52,5,0,150107A201,150118,0,0,1,,,,,,0,0,0,,,,,,0,0,0,,,,,,0,0,0,,,,,,0,0,0,,,,,,0,0,0,,,,,,2002-06-24,,,,,
1286332,2002,26,52,5,0,150107A201,150107,0,5,6,,,,,,0,0,0,,,,,,0,0,0,,,,,,0,0,1,,,,,,0,0,0,,,,,,0,0,0,,,,,,2002-07-01,,,,,
1286335,2002,26,52,5,0,150107A201,150118,0,0,2,,,,,,0,0,0,,,,,,0,0,0,,,,,,0,0,0,,,,,,0,0,0,,,,,,0,0,0,,,,,,2002-07-01,,,,,
1286338,2002,27,52,5,0,150107A201,150107,1,6,4,,,,,,0,0,0,,,,,,0,0,0,,,,,,0,0,0,,,,,,0,0,0,,,,,,0,0,0,,,,,,2002-07-08,,,,,
1286341,2002,27,52,5,0,150107A201,150118,1,0,0,,,,,,0,0,0,,,,,,0,0,0,,,,,,0,0,0,,,,,,0,0,0,,,,,,0,0,0,,,,,,2002-07-08,,,,,
1286344,2002,28,52,5,0,150107A201,150107,1,4,2,,,,,,0,0,0,,,,,,0,0,0,,,,,,1,1,3,,,,,,0,0,0,,,,,,0,0,0,,,,,,2002-07-15,,,,,
1286347,2002,29,52,5,0,150107A201,150107,0,1,3,,,,,,0,0,0,,,,,,0,0,0,,,,,,0,0,0,,,,,,0,0,0,,,,,,0,0,0,,,,,,2002-07-22,,,,,
1286350,2002,29,52,5,0,150107A201,150118,0,0,1,,,,,,0,0,0,,,,,,0,0,0,,,,,,0,0,0,,,,,,0,0,0,,,,,,0,0,0,,,,,,2002-07-22,,,,,
1286353,2002,29,52,5,0,150107A201,150103,1,0,0,,,,,,0,0,0,,,,,,0,0,0,,,,,,0,0,0,,,,,,0,0,0,,,,,,0,0,0,,,,,,2002-07-22,,,,,
1286356,2002,30,52,5,0,150107A201,150107,0,0,2,,,,,,0,0,0,,,,,,0,0,0,,,,,,0,0,0,,,,,,0,0,0,,,,,,0,0,0,,,,,,2002-07-31,,,,,
1286359,2002,31,52,5,0,150107A201,150107,1,5,5,,,,,,0,0,0,,,,,,0,0,0,,,,,,0,1,0,,,,,,0,0,0,,,,,,0,0,0,,,,,,2002-08-05,,,,,
1286362,2002,31,52,5,0,150107A201,150136,0,1,0,,,,,,0,0,0,,,,,,0,0,0,,,,,,0,0,0,,,,,,0,0,0,,,,,,0,0,0,,,,,,2002-08-05,,,,,
1286365,2002,32,52,5,0,150107A201,150107,1,2,4,,,,,,0,0,0,,,,,,0,0,0,,,,,,0,0,0,,,,,,0,0,0,,,,,,0,0,0,,,,,,2002-08-12,,,,,
1286368,2002,32,52,5,0,150107A201,150118,0,1,1,,,,,,0,0,0,,,,,,0,0,0,,,,,,0,0,0,,,,,,0,0,0,,,,,,0,0,0,,,,,,2002-08-12,,,,,
1286371,2002,33,52,5,0,150107A201,150107,2,1,3,,,,,,0,0,0,,,,,,0,0,0,,,,,,0,1,0,,,,,,0,0,0,,,,,,0,0,0,,,,,,2002-08-19,,,,,
1286374,2002,33,52,5,0,150107A201,150118,0,1,1,,,,,,0,0,0,,,,,,0,0,0,,,,,,0,0,0,,,,,,0,0,0,,,,,,0,0,0,,,,,,2002-08-19,,,,,
1286377,2002,34,52,5,0,150107A201,150107,0,3,1,,,,,,0,0,0,,,,,,0,0,0,,,,,,0,0,1,,,,,,0,0,0,,,,,,0,0,0,,,,,,2002-08-26,,,,,
1286380,2002,34,52,5,0,150107A201,150103,0,0,1,,,,,,0,0,0,,,,,,0,0,0,,,,,,0,0,0,,,,,,0,0,0,,,,,,0,0,0,,,,,,2002-08-26,,,,,
1286383,2002,35,52,5,0,150107A201,150107,1,0,4,,,,,,0,0,0,,,,,,0,0,0,,,,,,1,0,0,,,,,,0,0,0,,,,,,0,0,0,,,,,,2002-09-02,,,,,
1286386,2002,35,52,5,0,150107A201,150118,0,1,0,,,,,,0,0,0,,,,,,0,0,0,,,,,,0,0,0,,,,,,0,0,0,,,,,,0,0,0,,,,,,2002-09-02,,,,,
1286389,2002,36,52,5,0,150107A201,150107,4,4,4,,,,,,0,0,0,,,,,,0,0,0,,,,,,0,0,1,,,,,,0,0,0,,,,,,0,0,0,,,,,,2002-09-09,,,,,
1286392,2002,36,52,5,0,150107A201,150103,1,0,0,,,,,,0,0,0,,,,,,0,0,0,,,,,,0,0,0,,,,,,0,0,0,,,,,,0,0,0,,,,,,2002-09-09,,,,,
1286395,2002,37,52,5,0,150107A201,150107,0,1,0,,,,,,0,0,0,,,,,,0,0,0,,,,,,0,0,2,,,,,,0,0,0,,,,,,0,0,0,,,,,,2002-09-16,,,,,
1286398,2002,37,52,5,0,150107A201,150118,1,0,0,,,,,,0,0,0,,,,,,0,0,0,,,,,,0,0,0,,,,,,0,0,0,,,,,,0,0,0,,,,,,2002-09-16,,,,,
1286401,2002,38,52,5,0,150107A201,150107,0,3,3,,,,,,0,0,0,,,,,,0,0,0,,,,,,0,0,0,,,,,,0,0,0,,,,,,0,0,0,,,,,,2002-09-23,,,,,
1286404,2002,39,52,5,0,150107A201,150107,1,0,3,,,,,,0,0,0,,,,,,0,0,0,,,,,,0,0,0,,,,,,0,0,0,,,,,,0,0,0,,,,,,2002-09-30,,,,,
1286407,2002,40,52,5,0,150107A201,150107,1,6,5,,,,,,0,0,0,,,,,,0,0,0,,,,,,0,0,1,,,,,,0,0,0,,,,,,0,0,0,,,,,,2002-10-09,,,,,
1286410,2002,41,52,5,0,150107A201,150107,1,3,6,,,,,,0,0,0,,,,,,0,0,0,,,,,,1,0,0,,,,,,0,0,0,,,,,,0,0,0,,,,,,2002-10-14,,,,,
1286413,2002,42,52,5,0,150107A201,150107,1,2,2,,,,,,0,0,0,,,,,,0,0,0,,,,,,0,1,1,,,,,,0,0,0,,,,,,0,0,0,,,,,,2002-10-21,,,,,
1286416,2002,42,52,5,0,150107A201,150118,0,0,1,,,,,,0,0,0,,,,,,0,0,0,,,,,,0,0,0,,,,,,0,0,0,,,,,,0,0,0,,,,,,2002-10-21,,,,,
1286419,2002,43,52,5,0,150107A201,150107,1,2,7,,,,,,0,0,0,,,,,,0,0,1,,,,,,1,1,1,,,,,,0,0,0,,,,,,0,0,0,,,,,,2002-10-28,,,,,
1286422,2002,43,52,5,0,150107A201,150118,0,0,2,,,,,,0,0,0,,,,,,0,0,0,,,,,,0,0,0,,,,,,0,0,0,,,,,,0,0,0,,,,,,2002-10-28,,,,,
1286425,2002,44,52,5,0,150107A201,150107,1,3,8,,,,,,0,0,0,,,,,,0,0,0,,,,,,0,0,0,,,,,,0,0,0,,,,,,0,0,0,,,,,,2002-11-04,,,,,
1286428,2002,45,52,5,0,150107A201,150107,0,3,9,,,,,,0,0,0,,,,,,0,0,0,,,,,,0,0,0,,,,,,0,0,0,,,,,,0,0,0,,,,,,2002-11-11,,,,,
1286431,2002,46,52,5,0,150107A201,150107,0,1,8,,,,,,0,0,0,,,,,,0,0,0,,,,,,0,0,0,,,,,,0,0,0,,,,,,0,0,0,,,,,,2002-11-18,,,,,
1286434,2002,46,52,5,0,150107A201,150118,0,0,2,,,,,,0,0,0,,,,,,0,0,0,,,,,,0,0,0,,,,,,0,0,0,,,,,,0,0,0,,,,,,2002-11-18,,,,,
1286437,2002,46,52,5,0,150107A201,150101,0,0,1,,,,,,0,0,0,,,,,,0,0,0,,,,,,0,0,0,,,,,,0,0,0,,,,,,0,0,0,,,,,,2002-11-18,,,,,
1286440,2002,47,52,5,0,150107A201,150107,2,1,4,,,,,,0,0,0,,,,,,0,0,0,,,,,,0,0,1,,,,,,0,0,0,,,,,,0,0,0,,,,,,2002-11-25,,,,,
1286443,2002,47,52,5,0,150107A201,150118,0,1,0,,,,,,0,0,0,,,,,,0,0,0,,,,,,0,0,0,,,,,,0,0,0,,,,,,0,0,0,,,,,,2002-11-25,,,,,
1286446,2002,48,52,5,0,150107A201,150107,1,3,5,,,,,,0,0,0,,,,,,0,0,0,,,,,,0,0,1,,,,,,0,0,0,,,,,,0,0,0,,,,,,2002-12-02,,,,,
1286449,2002,49,52,5,0,150107A201,150107,2,0,6,,,,,,0,0,0,,,,,,0,0,0,,,,,,0,0,1,,,,,,0,0,0,,,,,,0,0,0,,,,,,2002-12-09,,,,,
1286452,2002,49,52,5,0,150107A201,150118,0,1,3,,,,,,0,0,0,,,,,,0,0,0,,,,,,0,0,0,,,,,,0,0,0,,,,,,0,0,0,,,,,,2002-12-09,,,,,
1286455,2002,50,52,5,0,150107A201,150107,1,2,7,,,,,,0,0,0,,,,,,0,0,0,,,,,,1,0,2,,,,,,0,0,0,,,,,,0,0,0,,,,,,2002-12-16,,,,,
1286458,2002,50,52,5,0,150107A201,150118,0,3,0,,,,,,0,0,0,,,,,,0,0,0,,,,,,0,1,0,,,,,,0,0,0,,,,,,0,0,0,,,,,,2002-12-16,,,,,
1286461,2002,51,52,5,0,150107A201,150107,0,2,6,,,,,,0,0,0,,,,,,0,0,0,,,,,,0,1,2,,,,,,0,0,0,,,,,,0,0,0,,,,,,2002-12-23,,,,,
1286464,2002,51,52,5,0,150107A201,150118,1,1,2,,,,,,0,0,0,,,,,,0,0,0,,,,,,0,0,0,,,,,,0,0,0,,,,,,0,0,0,,,,,,2002-12-23,,,,,
1286467,2002,52,52,5,0,150107A201,150107,1,5,9,,,,,,0,0,0,,,,,,0,0,0,,,,,,0,0,1,,,,,,0,0,0,,,,,,0,0,0,,,,,,2003-01-02,,,,,
1286470,2002,52,52,5,0,150107A201,150118,1,1,1,,,,,,0,0,0,,,,,,0,0,0,,,,,,0,0,1,,,,,,0,0,0,,,,,,0,0,0,,,,,,2002-12-30,,,,,
1915987,2003,1,52,5,0,150107A201,150107,2,3,5,,,,,,0,0,0,,,,,,0,0,0,,,,,,0,0,0,,,,,,0,0,0,,,,,,0,0,0,,,,,,2003-01-06,,,,,
1915990,2003,1,52,5,0,150107A201,150118,0,1,0,,,,,,0,0,0,,,,,,0,0,0,,,,,,0,0,1,,,,,,0,0,0,,,,,,0,0,0,,,,,,2003-01-06,,,,,
1916269,2003,2,52,5,0,150107A201,150107,3,3,13,,,,,,0,0,0,,,,,,0,0,0,,,,,,2,1,1,,,,,,0,0,0,,,,,,0,0,0,,,,,,2003-01-13,,,,,
1916272,2003,2,52,5,0,150107A201,150118,1,1,1,,,,,,0,0,0,,,,,,0,0,0,,,,,,0,0,0,,,,,,0,0,0,,,,,,0,0,0,,,,,,2003-01-13,,,,,
1916275,2003,2,52,5,0,150107A201,150103,0,0,2,,,,,,0,0,0,,,,,,0,0,0,,,,,,0,0,0,,,,,,0,0,0,,,,,,0,0,0,,,,,,2003-01-13,,,,,
1916494,2003,3,52,5,0,150107A201,150107,3,2,14,,,,,,0,0,0,,,,,,0,0,0,,,,,,0,0,0,,,,,,0,0,0,,,,,,0,0,0,,,,,,2003-01-20,,,,,
1916497,2003,3,52,5,0,150107A201,150118,1,1,1,,,,,,0,0,0,,,,,,0,0,0,,,,,,0,0,0,,,,,,0,0,0,,,,,,0,0,0,,,,,,2003-01-20,,,,,
1916818,2003,4,52,5,0,150107A201,150107,0,4,9,,,,,,0,0,0,,,,,,0,0,0,,,,,,0,0,2,,,,,,0,0,0,,,,,,0,0,0,,,,,,2003-01-27,,,,,
1916821,2003,4,52,5,0,150107A201,150118,0,0,1,,,,,,0,0,0,,,,,,0,0,0,,,,,,0,0,0,,,,,,0,0,0,,,,,,0,0,0,,,,,,2003-01-27,,,,,
1916824,2003,4,52,5,0,150107A201,150103,0,0,1,,,,,,0,0,0,,,,,,0,0,0,,,,,,0,0,0,,,,,,0,0,0,,,,,,0,0,0,,,,,,2003-01-27,,,,,
1917061,2003,5,52,5,0,150107A201,150107,1,2,7,,,,,,0,0,0,,,,,,0,0,0,,,,,,1,0,0,,,,,,0,0,0,,,,,,0,0,0,,,,,,2003-02-03,,,,,
1917064,2003,5,52,5,0,150107A201,150118,0,0,2,,,,,,0,0,0,,,,,,0,0,0,,,,,,0,0,0,,,,,,0,0,0,,,,,,0,0,0,,,,,,2003-02-03,,,,,
1917067,2003,5,52,5,0,150107A201,150103,1,0,0,,,,,,0,0,0,,,,,,0,0,0,,,,,,0,0,0,,,,,,0,0,0,,,,,,0,0,0,,,,,,2003-02-03,,,,,
1917385,2003,6,52,5,0,150107A201,150107,0,1,5,,,,,,0,0,0,,,,,,0,0,0,,,,,,0,0,0,,,,,,0,0,0,,,,,,0,0,0,,,,,,2003-02-11,,,,,
1917388,2003,6,52,5,0,150107A201,150118,0,2,0,,,,,,0,0,0,,,,,,0,0,0,,,,,,0,0,0,,,,,,0,0,0,,,,,,0,0,0,,,,,,2003-02-11,,,,,
1917709,2003,7,52,5,0,150107A201,150107,1,0,3,,,,,,0,0,0,,,,,,0,0,0,,,,,,0,0,0,,,,,,0,0,0,,,,,,0,0,0,,,,,,2003-02-17,,,,,
1917712,2003,7,52,5,0,150107A201,150118,0,1,0,,,,,,0,0,0,,,,,,0,0,0,,,,,,0,0,0,,,,,,0,0,0,,,,,,0,0,0,,,,,,2003-02-17,,,,,
1917715,2003,7,52,5,0,150107A201,150114,0,1,0,,,,,,0,0,0,,,,,,0,0,0,,,,,,0,0,0,,,,,,0,0,0,,,,,,0,0,0,,,,,,2003-02-17,,,,,
1917904,2003,8,52,5,0,150107A201,150107,1,3,11,,,,,,0,0,0,,,,,,0,0,0,,,,,,0,0,1,,,,,,0,0,0,,,,,,0,0,0,,,,,,2003-02-24,,,,,
1917907,2003,8,52,5,0,150107A201,150118,0,0,1,,,,,,0,0,0,,,,,,0,0,0,,,,,,0,0,0,,,,,,0,0,0,,,,,,0,0,0,,,,,,2003-02-24,,,,,
1917910,2003,8,52,5,0,150107A201,150101,0,0,1,,,,,,0,0,0,,,,,,0,0,0,,,,,,0,0,0,,,,,,0,0,0,,,,,,0,0,0,,,,,,2003-02-24,,,,,
1918285,2003,9,52,5,0,150107A201,150107,1,4,10,,,,,,0,0,0,,,,,,0,0,0,,,,,,1,0,0,,,,,,0,0,0,,,,,,0,0,0,,,,,,2003-03-03,,,,,
1918288,2003,9,52,5,0,150107A201,150103,0,0,2,,,,,,0,0,0,,,,,,0,0,0,,,,,,0,0,0,,,,,,0,0,0,,,,,,0,0,0,,,,,,2003-03-03,,,,,
1918291,2003,9,52,5,0,150107A201,140103,0,0,1,,,,,,0,0,0,,,,,,0,0,1,,,,,,0,0,0,,,,,,0,0,0,,,,,,0,0,0,,,,,,2003-03-03,,,,,
1918549,2003,10,52,5,0,150107A201,150107,0,2,3,,,,,,0,0,0,,,,,,0,0,0,,,,,,0,0,2,,,,,,0,0,0,,,,,,0,0,0,,,,,,2003-03-10,,,,,
1918552,2003,10,52,5,0,150107A201,150118,0,1,2,,,,,,0,0,0,,,,,,0,0,0,,,,,,0,0,0,,,,,,0,0,0,,,,,,0,0,0,,,,,,2003-03-10,,,,,
1918555,2003,10,52,5,0,150107A201,150101,0,0,1,,,,,,0,0,0,,,,,,0,0,0,,,,,,0,0,0,,,,,,0,0,0,,,,,,0,0,0,,,,,,2003-03-10,,,,,
1918852,2003,11,52,5,0,150107A201,150107,1,4,2,,,,,,0,0,0,,,,,,0,0,0,,,,,,1,0,0,,,,,,0,0,0,,,,,,0,0,0,,,,,,2003-03-17,,,,,
1918855,2003,11,52,5,0,150107A201,150118,0,0,3,,,,,,0,0,0,,,,,,0,0,0,,,,,,0,0,0,,,,,,0,0,0,,,,,,0,0,0,,,,,,2003-03-17,,,,,
1919110,2003,12,52,5,0,150107A201,150107,2,2,5,,,,,,0,0,0,,,,,,0,0,0,,,,,,0,0,0,,,,,,0,0,0,,,,,,0,0,0,,,,,,2003-03-24,,,,,
1919113,2003,12,52,5,0,150107A201,150118,0,0,3,,,,,,0,0,0,,,,,,0,0,0,,,,,,0,0,0,,,,,,0,0,0,,,,,,0,0,0,,,,,,2003-03-24,,,,,
1919116,2003,12,52,5,0,150107A201,150103,0,1,1,,,,,,0,0,0,,,,,,0,0,0,,,,,,0,0,0,,,,,,0,0,0,,,,,,0,0,0,,,,,,2003-03-24,,,,,
1919374,2003,13,52,5,0,150107A201,150107,1,1,6,,,,,,0,0,0,,,,,,0,0,0,,,,,,0,0,1,,,,,,0,0,0,,,,,,0,0,0,,,,,,2003-03-31,,,,,
1919377,2003,13,52,5,0,150107A201,150118,1,0,2,,,,,,0,0,0,,,,,,0,0,0,,,,,,0,0,0,,,,,,0,0,0,,,,,,0,0,0,,,,,,2003-03-31,,,,,
1919539,2003,14,52,5,0,150107A201,150107,2,2,5,,,,,,0,0,0,,,,,,0,0,1,,,,,,0,0,0,,,,,,0,0,0,,,,,,0,0,0,,,,,,2003-04-07,,,,,
1919542,2003,14,52,5,0,150107A201,150118,0,0,2,,,,,,0,0,0,,,,,,0,0,0,,,,,,0,0,0,,,,,,0,0,0,,,,,,0,0,0,,,,,,2003-04-07,,,,,
1919545,2003,14,52,5,0,150107A201,150103,0,1,0,,,,,,0,0,0,,,,,,0,0,0,,,,,,0,0,0,,,,,,0,0,0,,,,,,0,0,0,,,,,,2003-04-07,,,,,
1919923,2003,15,52,5,0,150107A201,150107,0,2,6,,,,,,0,0,0,,,,,,0,0,0,,,,,,0,2,0,,,,,,0,0,0,,,,,,0,0,0,,,,,,2003-04-14,,,,,
1919926,2003,15,52,5,0,150107A201,150118,0,0,3,,,,,,0,0,0,,,,,,0,0,0,,,,,,0,0,0,,,,,,0,0,0,,,,,,0,0,0,,,,,,2003-04-14,,,,,
1920199,2003,16,52,5,0,150107A201,150107,2,3,8,,,,,,0,0,0,,,,,,0,0,0,,,,,,0,0,0,,,,,,0,0,0,,,,,,0,0,0,,,,,,2003-04-21,,,,,
1920202,2003,16,52,5,0,150107A201,150118,0,0,4,,,,,,0,0,0,,,,,,0,0,0,,,,,,0,0,0,,,,,,0,0,0,,,,,,0,0,0,,,,,,2003-04-21,,,,,
1920205,2003,16,52,5,0,150107A201,150108,0,0,1,,,,,,0,0,0,,,,,,0,0,0,,,,,,0,0,0,,,,,,0,0,0,,,,,,0,0,0,,,,,,2003-04-21,,,,,
1920448,2003,17,52,5,0,150107A201,150107,2,2,10,,,,,,0,0,0,,,,,,0,0,0,,,,,,0,0,0,,,,,,0,0,0,,,,,,0,0,0,,,,,,2003-04-28,,,,,
1920712,2003,18,52,5,0,150107A201,150107,0,2,9,,,,,,0,0,0,,,,,,0,0,0,,,,,,0,0,0,,,,,,0,0,0,,,,,,0,0,0,,,,,,2003-05-05,,,,,
1920715,2003,18,52,5,0,150107A201,150118,0,1,3,,,,,,0,0,0,,,,,,0,0,0,,,,,,0,0,0,,,,,,0,0,0,,,,,,0,0,0,,,,,,2003-05-05,,,,,
1920946,2003,19,52,5,0,150107A201,150107,1,5,9,,,,,,0,0,0,,,,,,0,0,0,,,,,,0,1,0,,,,,,0,0,0,,,,,,0,0,0,,,,,,2003-05-12,,,,,
1920949,2003,19,52,5,0,150107A201,150118,0,1,1,,,,,,0,0,0,,,,,,0,0,0,,,,,,0,0,0,,,,,,0,0,0,,,,,,0,0,0,,,,,,2003-05-12,,,,,
1921261,2003,20,52,5,0,150107A201,150728,0,0,1,,,,,,0,0,0,,,,,,0,0,0,,,,,,0,0,0,,,,,,0,0,0,,,,,,0,0,0,,,,,,2003-05-19,,,,,
1921264,2003,20,52,5,0,150107A201,150107,4,2,7,,,,,,0,0,0,,,,,,0,0,0,,,,,,0,1,1,,,,,,0,0,0,,,,,,0,0,0,,,,,,2003-05-19,,,,,
1921267,2003,20,52,5,0,150107A201,150118,0,0,1,,,,,,0,0,0,,,,,,0,0,0,,,,,,0,0,0,,,,,,0,0,0,,,,,,0,0,0,,,,,,2003-05-19,,,,,
1921495,2003,21,52,5,0,150107A201,150107,1,0,8,,,,,,0,0,0,,,,,,0,0,0,,,,,,0,1,0,,,,,,0,0,0,,,,,,0,0,0,,,,,,2003-05-26,,,,,
1921498,2003,21,52,5,0,150107A201,150118,0,0,2,,,,,,0,0,0,,,,,,0,0,0,,,,,,0,0,0,,,,,,0,0,0,,,,,,0,0,0,,,,,,2003-05-26,,,,,
1921786,2003,22,52,5,0,150107A201,150107,2,5,2,,,,,,0,0,0,,,,,,0,0,0,,,,,,1,1,0,,,,,,0,0,0,,,,,,0,0,0,,,,,,2003-06-02,,,,,
1921789,2003,22,52,5,0,150107A201,150118,0,1,0,,,,,,0,0,0,,,,,,0,0,0,,,,,,0,0,0,,,,,,0,0,0,,,,,,0,0,0,,,,,,2003-06-02,,,,,
1922086,2003,23,52,5,0,150107A201,150107,0,8,10,,,,,,0,0,0,,,,,,0,0,0,,,,,,1,1,0,,,,,,0,0,0,,,,,,0,0,0,,,,,,2003-06-09,,,,,
1922089,2003,23,52,5,0,150107A201,150118,0,0,3,,,,,,0,0,0,,,,,,0,0,0,,,,,,0,0,1,,,,,,0,0,0,,,,,,0,0,0,,,,,,2003-06-09,,,,,
1922287,2003,24,52,5,0,150107A201,150107,2,9,6,,,,,,0,0,0,,,,,,0,0,0,,,,,,0,1,0,,,,,,0,0,0,,,,,,0,0,0,,,,,,2003-06-16,,,,,
1922290,2003,24,52,5,0,150107A201,150118,0,0,1,,,,,,0,0,0,,,,,,0,0,0,,,,,,0,0,0,,,,,,0,0,0,,,,,,0,0,0,,,,,,2003-06-16,,,,,
1922560,2003,25,52,5,0,150107A201,150107,1,7,4,,,,,,0,0,0,,,,,,0,0,0,,,,,,2,0,0,,,,,,0,0,0,,,,,,0,0,0,,,,,,2003-06-23,,,,,
1922806,2003,26,52,5,0,150107A201,150107,5,5,3,,,,,,0,0,0,,,,,,0,0,0,,,,,,1,0,0,,,,,,0,0,0,,,,,,0,0,0,,,,,,2003-06-30,,,,,
1922809,2003,26,52,5,0,150107A201,150118,0,1,0,,,,,,0,0,0,,,,,,0,0,0,,,,,,0,0,0,,,,,,0,0,0,,,,,,0,0,0,,,,,,2003-06-30,,,,,
1923097,2003,27,52,5,0,150107A201,150107,4,2,7,,,,,,0,0,0,,,,,,0,0,0,,,,,,1,1,0,,,,,,0,0,0,,,,,,0,0,0,,,,,,2003-07-07,,,,,
1923100,2003,27,52,5,0,150107A201,150118,0,0,2,,,,,,0,0,0,,,,,,0,0,0,,,,,,0,0,0,,,,,,0,0,0,,,,,,0,0,0,,,,,,2003-07-07,,,,,
1923307,2003,28,52,5,0,150107A201,150107,0,2,3,,,,,,0,0,0,,,,,,0,0,1,,,,,,0,1,1,,,,,,0,0,0,,,,,,0,0,0,,,,,,2003-07-14,,,,,
1923310,2003,28,52,5,0,150107A201,150118,0,1,0,,,,,,0,0,0,,,,,,0,0,0,,,,,,0,0,0,,,,,,0,0,0,,,,,,0,0,0,,,,,,2003-07-14,,,,,
1923583,2003,29,52,5,0,150107A201,150107,1,3,4,,,,,,0,0,0,,,,,,0,0,0,,,,,,2,0,0,,,,,,0,0,0,,,,,,0,0,0,,,,,,2003-07-21,,,,,
1923586,2003,29,52,5,0,150107A201,150118,0,1,2,,,,,,0,0,0,,,,,,0,0,0,,,,,,0,0,0,,,,,,0,0,0,,,,,,0,0,0,,,,,,2003-07-21,,,,,
1923802,2003,30,52,5,0,150107A201,150107,1,1,8,,,,,,0,0,0,,,,,,0,0,0,,,,,,2,0,0,,,,,,0,0,0,,,,,,0,0,0,,,,,,2003-07-30,,,,,
1923805,2003,30,52,5,0,150107A201,150103,0,0,0,,,,,,0,0,0,,,,,,0,0,0,,,,,,0,1,0,,,,,,0,0,0,,,,,,0,0,0,,,,,,2003-07-30,,,,,
1924135,2003,31,52,5,0,150107A201,150107,0,5,4,,,,,,0,0,0,,,,,,0,0,0,,,,,,0,0,0,,,,,,0,0,0,,,,,,0,0,0,,,,,,2003-08-04,,,,,
1924345,2003,32,52,5,0,150107A201,150107,2,4,7,,,,,,0,0,0,,,,,,0,0,0,,,,,,0,0,0,,,,,,0,0,0,,,,,,0,0,0,,,,,,2003-08-11,,,,,
1924348,2003,32,52,5,0,150107A201,150118,0,0,2,,,,,,0,0,0,,,,,,0,0,0,,,,,,0,0,1,,,,,,0,0,0,,,,,,0,0,0,,,,,,2003-08-11,,,,,
1924351,2003,32,52,5,0,150107A201,150103,0,0,1,,,,,,0,0,0,,,,,,0,0,0,,,,,,0,0,0,,,,,,0,0,0,,,,,,0,0,0,,,,,,2003-08-11,,,,,
1924546,2003,33,52,5,0,150107A201,150107,0,3,5,,,,,,0,0,0,,,,,,0,0,0,,,,,,0,1,1,,,,,,0,0,0,,,,,,0,0,0,,,,,,2003-08-18,,,,,
1924549,2003,33,52,5,0,150107A201,150118,0,0,2,,,,,,0,0,0,,,,,,0,0,0,,,,,,0,0,0,,,,,,0,0,0,,,,,,0,0,0,,,,,,2003-08-18,,,,,
1924810,2003,34,52,5,0,150107A201,150107,1,6,8,,,,,,0,0,0,,,,,,0,0,0,,,,,,0,1,0,,,,,,0,0,0,,,,,,0,0,0,,,,,,2003-08-25,,,,,
1924813,2003,34,52,5,0,150107A201,150118,0,4,0,,,,,,0,0,0,,,,,,0,0,0,,,,,,0,0,0,,,,,,0,0,0,,,,,,0,0,0,,,,,,2003-08-25,,,,,
1924816,2003,34,52,5,0,150107A201,150103,0,1,0,,,,,,0,0,0,,,,,,0,0,0,,,,,,0,0,0,,,,,,0,0,0,,,,,,0,0,0,,,,,,2003-08-25,,,,,
1925092,2003,35,52,5,0,150107A201,150107,0,4,0,,,,,,0,0,0,,,,,,0,0,0,,,,,,0,0,1,,,,,,0,0,0,,,,,,0,0,0,,,,,,2003-09-01,,,,,
1925095,2003,35,52,5,0,150107A201,150118,0,2,0,,,,,,0,0,0,,,,,,0,0,0,,,,,,0,0,0,,,,,,0,0,0,,,,,,0,0,0,,,,,,2003-09-01,,,,,
1925098,2003,35,52,5,0,150107A201,150103,0,0,0,,,,,,0,0,0,,,,,,0,0,0,,,,,,0,1,0,,,,,,0,0,0,,,,,,0,0,0,,,,,,2003-09-01,,,,,
1925299,2003,36,52,5,0,150107A201,150107,1,4,3,,,,,,0,0,0,,,,,,0,0,0,,,,,,0,0,0,,,,,,0,0,0,,,,,,0,0,0,,,,,,2003-09-08,,,,,
1925302,2003,36,52,5,0,150107A201,150118,0,0,2,,,,,,0,0,0,,,,,,0,0,0,,,,,,0,0,0,,,,,,0,0,0,,,,,,0,0,0,,,,,,2003-09-08,,,,,
1925485,2003,37,52,5,0,150107A201,150107,1,5,2,,,,,,0,0,0,,,,,,0,0,0,,,,,,0,1,1,,,,,,0,0,0,,,,,,0,0,0,,,,,,2003-09-15,,,,,
1925488,2003,37,52,5,0,150107A201,150118,0,0,1,,,,,,0,0,0,,,,,,0,0,0,,,,,,0,0,0,,,,,,0,0,0,,,,,,0,0,0,,,,,,2003-09-15,,,,,
1925830,2003,38,52,5,0,150107A201,150107,0,4,1,,,,,,0,0,0,,,,,,0,0,0,,,,,,0,0,0,,,,,,0,0,0,,,,,,0,0,0,,,,,,2003-09-22,,,,,
1925833,2003,38,52,5,0,150107A201,150118,1,0,1,,,,,,0,0,0,,,,,,0,0,0,,,,,,0,0,0,,,,,,0,0,0,,,,,,0,0,0,,,,,,2003-09-22,,,,,
1926061,2003,39,52,5,0,150107A201,150107,0,1,3,,,,,,0,0,0,,,,,,0,0,0,,,,,,0,0,0,,,,,,0,0,0,,,,,,0,0,0,,,,,,2003-09-29,,,,,
1926256,2003,40,52,5,0,150107A201,150107,0,1,3,,,,,,0,0,0,,,,,,0,0,1,,,,,,0,0,0,,,,,,0,0,0,,,,,,0,0,0,,,,,,2003-10-06,,,,,
1926259,2003,40,52,5,0,150107A201,150118,0,1,0,,,,,,0,0,0,,,,,,0,0,0,,,,,,0,0,0,,,,,,0,0,0,,,,,,0,0,0,,,,,,2003-10-06,,,,,
1926397,2003,41,52,5,0,150107A201,150107,5,1,3,,,,,,0,0,0,,,,,,0,0,0,,,,,,1,0,0,,,,,,0,0,0,,,,,,0,0,0,,,,,,2003-10-13,,,,,
1926400,2003,41,52,5,0,150107A201,150118,0,1,0,,,,,,0,0,0,,,,,,0,0,0,,,,,,0,0,0,,,,,,0,0,0,,,,,,0,0,0,,,,,,2003-10-13,,,,,
1926670,2003,42,52,5,0,150107A201,150107,1,2,5,,,,,,0,0,0,,,,,,0,0,0,,,,,,0,0,0,,,,,,0,0,0,,,,,,0,0,0,,,,,,2003-10-20,,,,,
1926673,2003,42,52,5,0,150107A201,150118,0,1,3,,,,,,0,0,0,,,,,,0,0,0,,,,,,0,1,0,,,,,,0,0,0,,,,,,0,0,0,,,,,,2003-10-20,,,,,
1926940,2003,43,52,5,0,150107A201,150107,6,1,6,,,,,,0,0,0,,,,,,0,0,0,,,,,,0,0,0,,,,,,0,0,0,,,,,,0,0,0,,,,,,2003-10-27,,,,,
1926943,2003,43,52,5,0,150107A201,150118,0,1,3,,,,,,0,0,0,,,,,,0,0,0,,,,,,0,0,0,,,,,,0,0,0,,,,,,0,0,0,,,,,,2003-10-27,,,,,
1927108,2003,44,52,5,0,150107A201,150107,1,4,6,,,,,,0,0,0,,,,,,0,0,0,,,,,,0,0,2,,,,,,0,0,0,,,,,,0,0,0,,,,,,2003-11-03,,,,,
1927111,2003,44,52,5,0,150107A201,150118,0,0,1,,,,,,0,0,0,,,,,,0,0,0,,,,,,0,0,0,,,,,,0,0,0,,,,,,0,0,0,,,,,,2003-11-03,,,,,
1927414,2003,45,52,5,0,150107A201,150107,3,3,4,,,,,,0,0,0,,,,,,0,0,0,,,,,,0,0,0,,,,,,0,0,0,,,,,,0,0,0,,,,,,2003-11-10,,,,,
1927612,2003,46,52,5,0,150107A201,150107,0,3,7,,,,,,0,0,0,,,,,,0,0,0,,,,,,0,0,0,,,,,,0,0,0,,,,,,0,0,0,,,,,,2003-11-17,,,,,
1927615,2003,46,52,5,0,150107A201,150118,0,1,1,,,,,,0,0,0,,,,,,0,0,0,,,,,,0,0,0,,,,,,0,0,0,,,,,,0,0,0,,,,,,2003-11-17,,,,,
1927855,2003,47,52,5,0,150107A201,150107,1,1,2,,,,,,0,0,0,,,,,,0,0,0,,,,,,0,0,0,,,,,,0,0,0,,,,,,0,0,0,,,,,,2003-11-24,,,,,
1928020,2003,48,52,5,0,150107A201,150107,1,2,2,,,,,,0,0,0,,,,,,0,0,0,,,,,,1,0,0,,,,,,0,0,0,,,,,,0,0,0,,,,,,2003-12-01,,,,,
1928257,2003,49,52,5,0,150107A201,150107,2,3,1,,,,,,0,0,0,,,,,,0,0,0,,,,,,0,0,2,,,,,,0,0,0,,,,,,0,0,0,,,,,,2003-12-10,,,,,
1928260,2003,49,52,5,0,150107A201,150118,0,1,0,,,,,,0,0,0,,,,,,0,0,0,,,,,,0,0,0,,,,,,0,0,0,,,,,,0,0,0,,,,,,2003-12-10,,,,,
1928428,2003,50,52,5,0,150107A201,150107,0,4,13,,,,,,0,0,0,,,,,,0,0,1,,,,,,0,0,0,,,,,,0,0,0,,,,,,0,0,0,,,,,,2003-12-16,,,,,
1928431,2003,50,52,5,0,150107A201,150118,0,0,6,,,,,,0,0,0,,,,,,0,0,0,,,,,,0,0,0,,,,,,0,0,0,,,,,,0,0,0,,,,,,2003-12-16,,,,,
1928620,2003,51,52,5,0,150107A201,150107,2,6,5,,,,,,0,0,0,,,,,,0,0,0,,,,,,0,1,0,,,,,,0,0,0,,,,,,0,0,0,,,,,,2003-12-23,,,,,
1928623,2003,51,52,5,0,150107A201,150118,0,1,2,,,,,,0,0,0,,,,,,0,0,0,,,,,,0,0,0,,,,,,0,0,0,,,,,,0,0,0,,,,,,2003-12-23,,,,,
1928908,2003,52,52,5,0,150107A201,150107,2,4,11,,,,,,0,0,0,,,,,,0,0,0,,,,,,1,0,0,,,,,,0,0,0,,,,,,0,0,0,,,,,,2003-12-30,,,,,
1929142,2003,53,52,5,0,150107A201,150107,1,2,11,,,,,,0,0,0,,,,,,0,0,0,,,,,,1,0,0,,,,,,0,0,0,,,,,,0,0,0,,,,,,2004-01-06,,,,,
1929145,2003,53,52,5,0,150107A201,150118,0,1,3,,,,,,0,0,0,,,,,,0,0,0,,,,,,0,0,1,,,,,,0,0,0,,,,,,0,0,0,,,,,,2004-01-06,,,,,
2544127,2004,1,52,5,0,150107A201,150107,0,2,4,,,,,,0,0,0,,,,,,0,0,0,,,,,,0,1,1,,,,,,0,0,0,,,,,,0,0,0,,,,,,2004-01-14,,,,,
2544388,2004,2,52,5,0,150107A201,150107,1,5,11,,,,,,0,0,0,,,,,,0,0,0,,,,,,0,1,0,,,,,,0,0,0,,,,,,0,0,0,,,,,,2004-01-19,,,,,
2544391,2004,2,52,5,0,150107A201,150118,0,0,2,,,,,,0,0,0,,,,,,0,0,0,,,,,,0,0,0,,,,,,0,0,0,,,,,,0,0,0,,,,,,2004-01-19,,,,,
2544394,2004,2,52,5,0,150107A201,150101,0,0,1,,,,,,0,0,0,,,,,,0,0,0,,,,,,0,0,0,,,,,,0,0,0,,,,,,0,0,0,,,,,,2004-01-19,,,,,
2544574,2004,3,52,5,0,150107A201,150107,1,7,9,,,,,,0,0,0,,,,,,0,0,1,,,,,,0,0,0,,,,,,0,0,0,,,,,,0,0,0,,,,,,2004-01-26,,,,,
2544577,2004,3,52,5,0,150107A201,150118,0,2,4,,,,,,0,0,0,,,,,,0,0,0,,,,,,0,0,0,,,,,,0,0,0,,,,,,0,0,0,,,,,,2004-01-26,,,,,
2544904,2004,4,52,5,0,150107A201,150107,1,3,13,,,,,,0,0,0,,,,,,0,0,0,,,,,,0,0,0,,,,,,0,0,0,,,,,,0,0,0,,,,,,2004-02-03,,,,,
2544907,2004,4,52,5,0,150107A201,150118,0,0,1,,,,,,0,0,0,,,,,,0,0,0,,,,,,0,0,0,,,,,,0,0,0,,,,,,0,0,0,,,,,,2004-02-03,,,,,
2545156,2004,5,52,5,0,150107A201,150107,0,7,4,,,,,,0,0,0,,,,,,0,0,0,,,,,,0,0,1,,,,,,0,0,0,,,,,,0,0,0,,,,,,2004-02-09,,,,,
2545396,2004,6,52,5,0,150107A201,150107,1,5,6,,,,,,0,0,0,,,,,,0,0,0,,,,,,0,0,0,,,,,,0,0,0,,,,,,0,0,0,,,,,,2004-02-16,,,,,
2545669,2004,7,52,5,0,150107A201,150107,1,8,13,,,,,,0,0,0,,,,,,0,0,0,,,,,,0,0,0,,,,,,0,0,0,,,,,,0,0,0,,,,,,2004-02-23,,,,,
2545672,2004,7,52,5,0,150107A201,150118,0,0,3,,,,,,0,0,0,,,,,,0,0,0,,,,,,0,0,0,,,,,,0,0,0,,,,,,0,0,0,,,,,,2004-02-23,,,,,
2545675,2004,7,52,5,0,150107A201,150103,0,1,0,,,,,,0,0,0,,,,,,0,0,0,,,,,,1,0,0,,,,,,0,0,0,,,,,,0,0,0,,,,,,2004-02-23,,,,,
2545924,2004,8,52,5,0,150107A201,150101,1,0,0,,,,,,0,0,0,,,,,,0,0,0,,,,,,0,0,0,,,,,,0,0,0,,,,,,0,0,0,,,,,,2004-03-01,,,,,
2545936,2004,8,52,5,0,150107A201,150107,1,3,8,,,,,,0,0,0,,,,,,0,0,0,,,,,,0,0,0,,,,,,0,0,0,,,,,,0,0,0,,,,,,2004-03-01,,,,,
2545939,2004,8,52,5,0,150107A201,150118,0,1,0,,,,,,0,0,0,,,,,,0,0,0,,,,,,1,0,0,,,,,,0,0,0,,,,,,0,0,0,,,,,,2004-03-01,,,,,
2546179,2004,9,52,5,0,150107A201,150107,5,1,7,,,,,,0,0,0,,,,,,0,0,0,,,,,,0,0,0,,,,,,0,0,0,,,,,,0,0,0,,,,,,2004-03-08,,,,,
2546182,2004,9,52,5,0,150107A201,150118,0,0,1,,,,,,0,0,0,,,,,,0,0,0,,,,,,0,0,0,,,,,,0,0,0,,,,,,0,0,0,,,,,,2004-03-08,,,,,
2546185,2004,9,52,5,0,150107A201,150101,0,0,1,,,,,,0,0,0,,,,,,0,0,0,,,,,,0,0,0,,,,,,0,0,0,,,,,,0,0,0,,,,,,2004-03-08,,,,,
2546422,2004,10,52,5,0,150107A201,150107,1,3,4,,,,,,0,0,0,,,,,,0,0,0,,,,,,0,0,0,,,,,,0,0,0,,,,,,0,0,0,,,,,,2004-03-15,,,,,
2546425,2004,10,52,5,0,150107A201,150118,0,0,2,,,,,,0,0,0,,,,,,0,0,1,,,,,,0,0,0,,,,,,0,0,0,,,,,,0,0,0,,,,,,2004-03-15,,,,,
2546734,2004,11,52,5,0,150107A201,150107,1,1,6,,,,,,0,0,0,,,,,,0,0,0,,,,,,0,0,1,,,,,,0,0,0,,,,,,0,0,0,,,,,,2004-03-23,,,,,
2546998,2004,12,52,5,0,150107A201,150107,2,1,4,,,,,,0,0,0,,,,,,0,0,0,,,,,,0,0,2,,,,,,0,0,0,,,,,,0,0,0,,,,,,2004-03-30,,,,,
2547001,2004,12,52,5,0,150107A201,150118,0,1,1,,,,,,0,0,0,,,,,,0,0,0,,,,,,0,0,0,,,,,,0,0,0,,,,,,0,0,0,,,,,,2004-03-30,,,,,
2547004,2004,12,52,5,0,150107A201,150103,0,0,1,,,,,,0,0,0,,,,,,0,0,0,,,,,,0,0,0,,,,,,0,0,0,,,,,,0,0,0,,,,,,2004-03-30,,,,,
2547214,2004,13,52,5,0,150107A201,150107,1,4,6,,,,,,0,0,0,,,,,,0,0,0,,,,,,0,0,1,,,,,,0,0,0,,,,,,0,0,0,,,,,,2004-04-05,,,,,
2547217,2004,13,52,5,0,150107A201,150103,1,0,0,,,,,,0,0,0,,,,,,0,0,0,,,,,,0,0,1,,,,,,0,0,0,,,,,,0,0,0,,,,,,2004-04-05,,,,,
2547490,2004,14,52,5,0,150107A201,150107,0,3,2,,,,,,0,0,0,,,,,,0,0,1,,,,,,0,1,0,,,,,,0,0,0,,,,,,0,0,0,,,,,,2004-04-12,,,,,
2547493,2004,14,52,5,0,150107A201,150103,0,1,0,,,,,,0,0,0,,,,,,0,0,0,,,,,,0,0,0,,,,,,0,0,0,,,,,,0,0,0,,,,,,2004-04-12,,,,,
2547715,2004,15,52,5,0,150107A201,150107,2,0,10,,,,,,0,0,0,,,,,,0,0,0,,,,,,0,0,0,,,,,,0,0,0,,,,,,0,0,0,,,,,,2004-04-19,,,,,
2547925,2004,16,52,5,0,150107A201,150107,1,1,2,,,,,,0,0,0,,,,,,0,0,0,,,,,,0,0,0,,,,,,0,0,0,,,,,,0,0,0,,,,,,2004-04-26,,,,,
2548000,2004,17,52,5,0,150107A201,150107,0,1,9,,,,,,0,0,0,,,,,,0,0,0,,,,,,0,0,0,,,,,,0,0,0,,,,,,0,0,0,,,,,,2004-05-03,,,,,
2548144,2004,18,52,5,0,150107A201,150107,0,3,4,,,,,,0,0,0,,,,,,0,0,0,,,,,,1,0,0,,,,,,0,0,0,,,,,,0,0,0,,,,,,2004-05-10,,,,,
2548147,2004,18,52,5,0,150107A201,150118,0,1,0,,,,,,0,0,0,,,,,,0,0,0,,,,,,0,0,0,,,,,,0,0,0,,,,,,0,0,0,,,,,,2004-05-10,,,,,
2548585,2004,19,52,5,0,150107A201,150107,1,3,6,,,,,,0,0,0,,,,,,0,0,0,,,,,,0,2,1,,,,,,0,0,0,,,,,,0,0,0,,,,,,2004-05-17,,,,,
2548588,2004,19,52,5,0,150107A201,150118,0,0,2,,,,,,0,0,0,,,,,,0,0,0,,,,,,0,0,0,,,,,,0,0,0,,,,,,0,0,0,,,,,,2004-05-17,,,,,
2548798,2004,20,52,5,0,150107A201,150107,2,3,4,,,,,,0,0,0,,,,,,0,0,0,,,,,,1,1,0,,,,,,0,0,0,,,,,,0,0,0,,,,,,2004-05-26,,,,,
2548801,2004,20,52,5,0,150107A201,150118,0,0,1,,,,,,0,0,0,,,,,,0,0,0,,,,,,0,0,0,,,,,,0,0,0,,,,,,0,0,0,,,,,,2004-05-26,,,,,
2548804,2004,20,52,5,0,150107A201,150103,0,1,0,,,,,,0,0,0,,,,,,0,0,0,,,,,,0,0,0,,,,,,0,0,0,,,,,,0,0,0,,,,,,2004-05-26,,,,,
2548978,2004,21,52,5,0,150107A201,150107,0,1,2,,,,,,0,0,0,,,,,,0,0,0,,,,,,0,0,0,,,,,,0,0,0,,,,,,0,0,0,,,,,,2004-06-01,,,,,
2549251,2004,22,52,5,0,150107A201,150107,2,3,10,,,,,,0,0,0,,,,,,0,0,0,,,,,,0,0,4,,,,,,0,0,0,,,,,,0,0,0,,,,,,2004-06-08,,,,,
2549464,2004,23,52,5,0,150107A201,150107,1,6,4,,,,,,0,0,0,,,,,,0,0,0,,,,,,0,1,0,,,,,,0,0,0,,,,,,0,0,0,,,,,,2004-06-15,,,,,
2549467,2004,23,52,5,0,150107A201,150118,0,1,1,,,,,,0,0,0,,,,,,0,0,0,,,,,,0,0,0,,,,,,0,0,0,,,,,,0,0,0,,,,,,2004-06-15,,,,,
2549602,2004,24,52,5,0,150107A201,150107,0,4,3,,,,,,0,0,0,,,,,,0,0,0,,,,,,0,0,0,,,,,,0,0,0,,,,,,0,0,0,,,,,,2004-06-22,,,,,
2549605,2004,24,52,5,0,150107A201,150118,0,1,0,,,,,,0,0,0,,,,,,0,0,0,,,,,,0,0,0,,,,,,0,0,0,,,,,,0,0,0,,,,,,2004-06-22,,,,,
2549608,2004,24,52,5,0,150107A201,150103,1,1,2,,,,,,0,0,0,,,,,,0,0,0,,,,,,0,0,0,,,,,,0,0,0,,,,,,0,0,0,,,,,,2004-06-22,,,,,
2550052,2004,25,52,5,0,150107A201,150107,2,3,4,,,,,,0,0,0,,,,,,0,0,0,,,,,,0,1,1,,,,,,0,0,0,,,,,,0,0,0,,,,,,2004-06-29,,,,,
2550055,2004,25,52,5,0,150107A201,150118,1,1,0,,,,,,0,0,0,,,,,,0,0,0,,,,,,0,0,0,,,,,,0,0,0,,,,,,0,0,0,,,,,,2004-06-29,,,,,
2550058,2004,25,52,5,0,150107A201,150103,1,1,0,,,,,,0,0,0,,,,,,0,0,0,,,,,,0,0,0,,,,,,0,0,0,,,,,,0,0,0,,,,,,2004-06-29,,,,,
2550061,2004,25,52,5,0,150107A201,150133,0,0,1,,,,,,0,0,0,,,,,,0,0,0,,,,,,0,0,0,,,,,,0,0,0,,,,,,0,0,0,,,,,,2004-06-29,,,,,
2550187,2004,26,52,5,0,150107A201,150107,0,1,2,,,,,,0,0,0,,,,,,0,0,0,,,,,,0,0,0,,,,,,0,0,0,,,,,,0,0,0,,,,,,2004-07-05,,,,,
2550190,2004,26,52,5,0,150107A201,150118,0,2,1,,,,,,0,0,0,,,,,,0,0,0,,,,,,0,0,1,,,,,,0,0,0,,,,,,0,0,0,,,,,,2004-07-05,,,,,
2550469,2004,27,52,5,0,150107A201,150107,4,2,4,,,,,,0,0,0,,,,,,0,0,0,,,,,,1,0,0,,,,,,0,0,0,,,,,,0,0,0,,,,,,2004-07-12,,,,,
2550472,2004,27,52,5,0,150107A201,150118,1,0,5,,,,,,0,0,0,,,,,,0,0,0,,,,,,0,0,0,,,,,,0,0,0,,,,,,0,0,0,,,,,,2004-07-12,,,,,
2550475,2004,27,52,5,0,150107A201,150101,0,0,1,,,,,,0,0,0,,,,,,0,0,0,,,,,,0,0,0,,,,,,0,0,0,,,,,,0,0,0,,,,,,2004-07-12,,,,,
2550577,2004,28,52,5,0,150107A201,150107,0,4,5,,,,,,0,0,0,,,,,,0,0,0,,,,,,0,0,0,,,,,,0,0,0,,,,,,0,0,0,,,,,,2004-07-20,,,,,
2550580,2004,28,52,5,0,150107A201,150118,0,1,0,,,,,,0,0,0,,,,,,0,0,0,,,,,,0,0,0,,,,,,0,0,0,,,,,,0,0,0,,,,,,2004-07-20,,,,,
2550922,2004,29,52,5,0,150107A201,150107,2,3,4,,,,,,0,0,0,,,,,,0,0,0,,,,,,0,0,0,,,,,,0,0,0,,,,,,0,0,0,,,,,,2004-07-27,,,,,
2550925,2004,29,52,5,0,150107A201,150103,0,1,0,,,,,,0,0,0,,,,,,0,0,0,,,,,,0,0,0,,,,,,0,0,0,,,,,,0,0,0,,,,,,2004-07-27,,,,,
2551183,2004,30,52,5,0,150107A201,150107,2,2,3,,,,,,0,0,0,,,,,,0,0,0,,,,,,0,0,0,,,,,,0,0,0,,,,,,0,0,0,,,,,,2004-08-03,,,,,
2551186,2004,30,52,5,0,150107A201,150118,0,0,4,,,,,,0,0,0,,,,,,0,0,0,,,,,,0,0,0,,,,,,0,0,0,,,,,,0,0,0,,,,,,2004-08-03,,,,,
2551189,2004,30,52,5,0,150107A201,150103,0,1,0,,,,,,0,0,0,,,,,,0,0,0,,,,,,0,0,0,,,,,,0,0,0,,,,,,0,0,0,,,,,,2004-08-03,,,,,
2551345,2004,31,52,5,0,150107A201,150107,1,7,8,,,,,,0,0,0,,,,,,0,0,1,,,,,,0,0,0,,,,,,0,0,0,,,,,,0,0,0,,,,,,2004-08-10,,,,,
2551348,2004,31,52,5,0,150107A201,150118,1,1,2,,,,,,0,0,0,,,,,,0,0,0,,,,,,0,0,0,,,,,,0,0,0,,,,,,0,0,0,,,,,,2004-08-10,,,,,
2551351,2004,31,52,5,0,150107A201,150132,0,0,1,,,,,,0,0,0,,,,,,0,0,0,,,,,,0,0,0,,,,,,0,0,0,,,,,,0,0,0,,,,,,2004-08-10,,,,,
2551504,2004,32,52,5,0,150107A201,150107,2,5,9,,,,,,0,0,0,,,,,,0,0,1,,,,,,0,0,0,,,,,,0,0,0,,,,,,0,0,0,,,,,,2004-08-17,,,,,
2551507,2004,32,52,5,0,150107A201,150118,0,0,2,,,,,,0,0,0,,,,,,0,0,0,,,,,,0,0,0,,,,,,0,0,0,,,,,,0,0,0,,,,,,2004-08-17,,,,,
2551774,2004,33,52,5,0,150107A201,150107,0,2,8,,,,,,0,0,0,,,,,,0,0,0,,,,,,0,0,0,,,,,,0,0,0,,,,,,0,0,0,,,,,,2004-08-24,,,,,
2551777,2004,33,52,5,0,150107A201,150118,1,2,2,,,,,,0,0,0,,,,,,0,0,0,,,,,,0,0,0,,,,,,0,0,0,,,,,,0,0,0,,,,,,2004-08-24,,,,,
2551780,2004,33,52,5,0,150107A201,150103,0,0,0,,,,,,0,0,0,,,,,,0,0,0,,,,,,0,0,1,,,,,,0,0,0,,,,,,0,0,0,,,,,,2004-08-24,,,,,
2551996,2004,34,52,5,0,150107A201,150107,0,1,1,,,,,,0,0,0,,,,,,0,0,0,,,,,,0,0,0,,,,,,0,0,0,,,,,,0,0,0,,,,,,2004-08-31,,,,,
2551999,2004,34,52,5,0,150107A201,150118,0,0,1,,,,,,0,0,0,,,,,,0,0,0,,,,,,0,1,1,,,,,,0,0,0,,,,,,0,0,0,,,,,,2004-08-31,,,,,
2552323,2004,35,52,5,0,150107A201,150107,1,6,8,,,,,,0,0,0,,,,,,0,0,0,,,,,,0,0,0,,,,,,0,0,0,,,,,,0,0,0,,,,,,2004-09-07,,,,,
2552326,2004,35,52,5,0,150107A201,150118,0,2,3,,,,,,0,0,0,,,,,,0,0,0,,,,,,0,0,0,,,,,,0,0,0,,,,,,0,0,0,,,,,,2004-09-07,,,,,
2552329,2004,35,52,5,0,150107A201,150103,0,0,2,,,,,,0,0,0,,,,,,0,0,0,,,,,,0,0,0,,,,,,0,0,0,,,,,,0,0,0,,,,,,2004-09-07,,,,,
2552452,2004,36,52,5,0,150107A201,150107,1,0,3,,,,,,0,0,0,,,,,,0,0,0,,,,,,0,0,0,,,,,,0,0,0,,,,,,0,0,0,,,,,,2004-09-14,,,,,
2552455,2004,36,52,5,0,150107A201,150118,0,1,1,,,,,,0,0,0,,,,,,0,0,0,,,,,,0,0,0,,,,,,0,0,0,,,,,,0,0,0,,,,,,2004-09-14,,,,,
2552458,2004,36,52,5,0,150107A201,150103,0,0,0,,,,,,0,0,0,,,,,,0,0,0,,,,,,0,1,0,,,,,,0,0,0,,,,,,0,0,0,,,,,,2004-09-14,,,,,
2552785,2004,37,52,5,0,150107A201,150107,1,3,5,,,,,,0,0,0,,,,,,0,0,0,,,,,,0,0,0,,,,,,0,0,0,,,,,,0,0,0,,,,,,2004-09-21,,,,,
2552788,2004,37,52,5,0,150107A201,150118,0,1,1,,,,,,0,0,0,,,,,,0,0,0,,,,,,0,0,0,,,,,,0,0,0,,,,,,0,0,0,,,,,,2004-09-21,,,,,
2552791,2004,37,52,5,0,150107A201,150101,0,0,1,,,,,,0,0,0,,,,,,0,0,0,,,,,,0,0,0,,,,,,0,0,0,,,,,,0,0,0,,,,,,2004-09-21,,,,,
2553019,2004,38,52,5,0,150107A201,150107,2,2,5,,,,,,0,0,0,,,,,,0,0,1,,,,,,0,0,0,,,,,,0,0,0,,,,,,0,0,0,,,,,,2004-09-28,,,,,
2553022,2004,38,52,5,0,150107A201,150118,1,0,1,,,,,,0,0,0,,,,,,0,0,0,,,,,,0,0,0,,,,,,0,0,0,,,,,,0,0,0,,,,,,2004-09-28,,,,,
2553127,2004,39,52,5,0,150107A201,150107,2,1,3,,,,,,0,0,0,,,,,,0,0,0,,,,,,0,1,0,,,,,,0,0,0,,,,,,0,0,0,,,,,,2004-10-05,,,,,
2553358,2004,40,52,5,0,150107A201,150107,2,2,7,,,,,,0,0,0,,,,,,0,0,0,,,,,,0,0,0,,,,,,0,0,0,,,,,,0,0,0,,,,,,2004-10-12,,,,,
2553361,2004,40,52,5,0,150107A201,150118,0,0,2,,,,,,0,0,0,,,,,,0,0,0,,,,,,0,0,0,,,,,,0,0,0,,,,,,0,0,0,,,,,,2004-10-12,,,,,
2553547,2004,41,52,5,0,150107A201,150107,1,0,4,,,,,,0,0,0,,,,,,0,0,0,,,,,,0,0,0,,,,,,0,0,0,,,,,,0,0,0,,,,,,2004-10-19,,,,,
2553550,2004,41,52,5,0,150107A201,150103,0,0,1,,,,,,0,0,0,,,,,,0,0,0,,,,,,0,0,0,,,,,,0,0,0,,,,,,0,0,0,,,,,,2004-10-19,,,,,
2553841,2004,42,52,5,0,150107A201,150107,0,2,6,,,,,,0,0,0,,,,,,0,0,0,,,,,,0,0,0,,,,,,0,0,0,,,,,,0,0,0,,,,,,2004-10-26,,,,,
2553844,2004,42,52,5,0,150107A201,150118,0,0,5,,,,,,0,0,0,,,,,,0,0,0,,,,,,0,0,0,,,,,,0,0,0,,,,,,0,0,0,,,,,,2004-10-26,,,,,
2554087,2004,43,52,5,0,150107A201,150107,0,4,6,,,,,,0,0,0,,,,,,0,0,0,,,,,,0,0,1,,,,,,0,0,0,,,,,,0,0,0,,,,,,2004-11-03,,,,,
2554090,2004,43,52,5,0,150107A201,150118,0,0,2,,,,,,0,0,0,,,,,,0,0,0,,,,,,0,0,0,,,,,,0,0,0,,,,,,0,0,0,,,,,,2004-11-03,,,,,
2554354,2004,44,52,5,0,150107A201,150107,0,6,12,,,,,,0,0,0,,,,,,0,0,0,,,,,,0,0,0,,,,,,0,0,0,,,,,,0,0,0,,,,,,2004-11-09,,,,,
2554357,2004,44,52,5,0,150107A201,150118,0,3,0,,,,,,0,0,0,,,,,,0,0,0,,,,,,0,0,0,,,,,,0,0,0,,,,,,0,0,0,,,,,,2004-11-09,,,,,
2554429,2004,45,52,5,0,150107A201,150107,1,6,7,,,,,,0,0,0,,,,,,0,0,0,,,,,,0,0,0,,,,,,0,0,0,,,,,,0,0,0,,,,,,2004-11-16,,,,,
2554432,2004,45,52,5,0,150107A201,150118,0,0,3,,,,,,0,0,0,,,,,,0,0,0,,,,,,0,0,0,,,,,,0,0,0,,,,,,0,0,0,,,,,,2004-11-16,,,,,
2554678,2004,46,52,5,0,150107A201,150107,0,2,9,,,,,,0,0,0,,,,,,0,0,1,,,,,,1,1,1,,,,,,0,0,0,,,,,,0,0,0,,,,,,2004-11-23,,,,,
2554681,2004,46,52,5,0,150107A201,150118,0,0,0,,,,,,0,0,0,,,,,,0,0,0,,,,,,0,0,1,,,,,,0,0,0,,,,,,0,0,0,,,,,,2004-11-23,,,,,
2554906,2004,47,52,5,0,150107A201,150107,1,1,6,,,,,,0,0,0,,,,,,0,0,0,,,,,,0,0,0,,,,,,0,0,0,,,,,,0,0,0,,,,,,2004-11-30,,,,,
2554909,2004,47,52,5,0,150107A201,150118,0,1,1,,,,,,0,0,0,,,,,,0,0,0,,,,,,0,0,0,,,,,,0,0,0,,,,,,0,0,0,,,,,,2004-11-30,,,,,
2555125,2004,48,52,5,0,150107A201,150107,2,3,7,,,,,,0,0,0,,,,,,0,0,0,,,,,,0,0,0,,,,,,0,0,0,,,,,,0,0,0,,,,,,2004-12-07,,,,,
2555128,2004,48,52,5,0,150107A201,150118,0,0,5,,,,,,0,0,0,,,,,,0,0,0,,,,,,0,0,0,,,,,,0,0,0,,,,,,0,0,0,,,,,,2004-12-07,,,,,
2555449,2004,49,52,5,0,150107A201,150107,1,6,5,,,,,,0,0,0,,,,,,0,0,0,,,,,,0,0,0,,,,,,0,0,0,,,,,,0,0,0,,,,,,2004-12-14,,,,,
2555452,2004,49,52,5,0,150107A201,150118,1,0,0,,,,,,0,0,0,,,,,,0,0,0,,,,,,0,0,0,,,,,,0,0,0,,,,,,0,0,0,,,,,,2004-12-14,,,,,
2555674,2004,50,52,5,0,150107A201,150107,0,4,6,,,,,,0,0,0,,,,,,0,0,0,,,,,,0,0,0,,,,,,0,0,0,,,,,,0,0,0,,,,,,2004-12-21,,,,,
2555677,2004,50,52,5,0,150107A201,150101,0,0,1,,,,,,0,0,0,,,,,,0,0,0,,,,,,0,0,0,,,,,,0,0,0,,,,,,0,0,0,,,,,,2004-12-21,,,,,
2555986,2004,51,52,5,0,150107A201,150107,0,2,14,,,,,,0,0,0,,,,,,0,0,1,,,,,,0,0,1,,,,,,0,0,0,,,,,,0,0,0,,,,,,2004-12-28,,,,,
2555989,2004,51,52,5,0,150107A201,150118,0,1,1,,,,,,0,0,0,,,,,,0,0,0,,,,,,0,0,0,,,,,,0,0,0,,,,,,0,0,0,,,,,,2004-12-28,,,,,
2555992,2004,51,52,5,0,150107A201,150103,1,0,0,,,,,,0,0,0,,,,,,0,0,0,,,,,,0,0,0,,,,,,0,0,0,,,,,,0,0,0,,,,,,2004-12-28,,,,,
2556196,2004,52,52,5,0,150107A201,150107,0,2,9,,,,,,0,0,0,,,,,,0,0,0,,,,,,0,1,0,,,,,,0,0,0,,,,,,0,0,0,,,,,,2005-01-04,,,,,
2556199,2004,52,52,5,0,150107A201,150101,0,0,1,,,,,,0,0,0,,,,,,0,0,0,,,,,,0,0,0,,,,,,0,0,0,,,,,,0,0,0,,,,,,2005-01-04,,,,,
3193729,2005,1,52,5,0,150107A201,150107,3,0,14,,,,,,0,0,0,,,,,,0,0,0,,,,,,0,0,0,,,,,,0,0,0,,,,,,0,0,0,,,,,,2005-01-11,,,,,
3193732,2005,1,52,5,0,150107A201,150118,0,0,2,,,,,,0,0,0,,,,,,0,0,0,,,,,,0,0,0,,,,,,0,0,0,,,,,,0,0,0,,,,,,2005-01-11,,,,,
3194017,2005,2,52,5,0,150107A201,150107,1,2,7,,,,,,0,0,0,,,,,,0,0,0,,,,,,0,0,0,,,,,,0,0,0,,,,,,0,0,0,,,,,,2005-01-18,,,,,
3194020,2005,2,52,5,0,150107A201,150118,0,1,2,,,,,,0,0,0,,,,,,0,0,0,,,,,,0,0,0,,,,,,0,0,0,,,,,,0,0,0,,,,,,2005-01-18,,,,,
3194023,2005,2,52,5,0,150107A201,150103,1,0,0,,,,,,0,0,0,,,,,,0,0,0,,,,,,0,0,0,,,,,,0,0,0,,,,,,0,0,0,,,,,,2005-01-18,,,,,
3194272,2005,3,52,5,0,150107A201,150107,0,4,14,,,,,,0,0,0,,,,,,0,0,1,,,,,,0,0,0,,,,,,0,0,0,,,,,,0,0,0,,,,,,2005-01-25,,,,,
3194275,2005,3,52,5,0,150107A201,150118,0,1,5,,,,,,0,0,0,,,,,,0,0,0,,,,,,0,0,0,,,,,,0,0,0,,,,,,0,0,0,,,,,,2005-01-25,,,,,
3194278,2005,3,52,5,0,150107A201,150103,0,0,0,,,,,,0,0,0,,,,,,0,0,0,,,,,,0,0,1,,,,,,0,0,0,,,,,,0,0,0,,,,,,2005-01-25,,,,,
3194488,2005,4,52,5,0,150107A201,150107,3,5,12,,,,,,0,0,0,,,,,,0,0,1,,,,,,0,0,0,,,,,,0,0,0,,,,,,0,0,0,,,,,,2005-02-01,,,,,
3194491,2005,4,52,5,0,150107A201,150118,3,1,3,,,,,,0,0,0,,,,,,0,0,0,,,,,,0,0,0,,,,,,0,0,0,,,,,,0,0,0,,,,,,2005-02-01,,,,,
3194494,2005,4,52,5,0,150107A201,150103,0,1,0,,,,,,0,0,0,,,,,,0,0,0,,,,,,0,0,0,,,,,,0,0,0,,,,,,0,0,0,,,,,,2005-02-01,,,,,
3194752,2005,5,52,5,0,150107A201,150107,1,3,9,,,,,,0,0,0,,,,,,0,0,1,,,,,,0,0,0,,,,,,0,0,0,,,,,,0,0,0,,,,,,2005-02-07,,,,,
3194755,2005,5,52,5,0,150107A201,150118,0,2,3,,,,,,0,0,0,,,,,,0,0,0,,,,,,0,0,0,,,,,,0,0,0,,,,,,0,0,0,,,,,,2005-02-07,,,,,
3195085,2005,6,52,5,0,150107A201,150107,1,3,5,,,,,,0,0,0,,,,,,0,0,0,,,,,,0,1,0,,,,,,0,0,0,,,,,,0,0,0,,,,,,2005-02-15,,,,,
3195088,2005,6,52,5,0,150107A201,150118,2,2,3,,,,,,0,0,0,,,,,,0,0,0,,,,,,0,0,0,,,,,,0,0,0,,,,,,0,0,0,,,,,,2005-02-15,,,,,
3195256,2005,7,52,5,0,150107A201,150107,2,3,3,,,,,,0,0,0,,,,,,0,0,0,,,,,,0,0,0,,,,,,0,0,0,,,,,,0,0,0,,,,,,2005-02-22,,,,,
3195487,2005,8,52,5,0,150107A201,150107,2,2,7,,,,,,0,0,0,,,,,,0,0,0,,,,,,0,0,0,,,,,,0,0,0,,,,,,0,0,0,,,,,,2005-02-28,,,,,
3195490,2005,8,52,5,0,150107A201,150118,0,0,1,,,,,,0,0,0,,,,,,0,0,0,,,,,,0,0,0,,,,,,0,0,0,,,,,,0,0,0,,,,,,2005-02-28,,,,,
3195739,2005,9,52,5,0,150107A201,150107,0,2,1,,,,,,0,0,0,,,,,,0,0,0,,,,,,0,0,0,,,,,,0,0,0,,,,,,0,0,0,,,,,,2005-03-07,,,,,
3195823,2005,10,52,5,0,150107A201,150107,0,2,3,,,,,,0,0,0,,,,,,0,0,0,,,,,,0,0,0,,,,,,0,0,0,,,,,,0,0,0,,,,,,2005-03-14,,,,,
3195826,2005,10,52,5,0,150107A201,150118,0,1,2,,,,,,0,0,0,,,,,,0,0,0,,,,,,0,0,0,,,,,,0,0,0,,,,,,0,0,0,,,,,,2005-03-14,,,,,
3196066,2005,11,52,5,0,150107A201,150107,0,0,11,,,,,,0,0,0,,,,,,0,0,1,,,,,,0,0,0,,,,,,0,0,0,,,,,,0,0,0,,,,,,2005-03-21,,,,,
3196069,2005,11,52,5,0,150107A201,150118,0,1,0,,,,,,0,0,0,,,,,,0,0,0,,,,,,0,0,0,,,,,,0,0,0,,,,,,0,0,0,,,,,,2005-03-21,,,,,
3196072,2005,11,52,5,0,150107A201,150103,0,0,1,,,,,,0,0,0,,,,,,0,0,1,,,,,,0,0,0,,,,,,0,0,0,,,,,,0,0,0,,,,,,2005-03-21,,,,,
3196201,2005,12,52,5,0,150107A201,150107,4,5,8,,,,,,0,0,0,,,,,,0,0,0,,,,,,0,1,0,,,,,,0,0,0,,,,,,0,0,0,,,,,,2005-03-28,,,,,
3196204,2005,12,52,5,0,150107A201,150118,1,0,3,,,,,,0,0,0,,,,,,0,0,0,,,,,,0,0,0,,,,,,0,0,0,,,,,,0,0,0,,,,,,2005-03-28,,,,,
3196207,2005,12,52,5,0,150107A201,150103,0,0,1,,,,,,0,0,0,,,,,,0,0,1,,,,,,0,0,0,,,,,,0,0,0,,,,,,0,0,0,,,,,,2005-03-28,,,,,
3196561,2005,13,52,5,0,150107A201,150107,1,2,8,,,,,,0,0,0,,,,,,0,0,3,,,,,,0,0,0,,,,,,0,0,0,,,,,,0,0,0,,,,,,2005-04-04,,,,,
3196564,2005,13,52,5,0,150107A201,150118,0,0,3,,,,,,0,0,0,,,,,,0,0,0,,,,,,0,0,0,,,,,,0,0,0,,,,,,0,0,0,,,,,,2005-04-04,,,,,
3196636,2005,14,52,5,0,150107A201,150107,1,3,10,,,,,,0,0,0,,,,,,0,0,2,,,,,,0,0,0,,,,,,0,0,0,,,,,,0,0,0,,,,,,2005-04-11,,,,,
3196639,2005,14,52,5,0,150107A201,150118,0,2,3,,,,,,0,0,0,,,,,,0,0,0,,,,,,0,0,2,,,,,,0,0,0,,,,,,0,0,0,,,,,,2005-04-11,,,,,
3196642,2005,14,52,5,0,150107A201,150103,0,1,0,,,,,,0,0,0,,,,,,0,0,0,,,,,,0,0,0,,,,,,0,0,0,,,,,,0,0,0,,,,,,2005-04-11,,,,,
3197011,2005,15,52,5,0,150107A201,150107,2,11,7,,,,,,0,0,0,,,,,,0,0,0,,,,,,1,0,0,,,,,,0,0,0,,,,,,0,0,0,,,,,,2005-04-19,,,,,
3197014,2005,15,52,5,0,150107A201,150118,0,3,3,,,,,,0,0,0,,,,,,0,0,0,,,,,,0,0,0,,,,,,0,0,0,,,,,,0,0,0,,,,,,2005-04-19,,,,,
3197251,2005,16,52,5,0,150107A201,150107,0,10,5,,,,,,0,0,0,,,,,,0,0,1,,,,,,0,0,0,,,,,,0,0,0,,,,,,0,0,0,,,,,,2005-04-26,,,,,
3197254,2005,16,52,5,0,150107A201,150118,2,0,2,,,,,,0,0,0,,,,,,0,0,0,,,,,,0,2,0,,,,,,0,0,0,,,,,,0,0,0,,,,,,2005-04-26,,,,,
3197257,2005,16,52,5,0,150107A201,150103,0,0,1,,,,,,0,0,0,,,,,,0,0,0,,,,,,0,0,0,,,,,,0,0,0,,,,,,0,0,0,,,,,,2005-04-26,,,,,
3197356,2005,17,52,5,0,150107A201,150107,2,1,5,,,,,,0,0,0,,,,,,0,0,0,,,,,,1,0,3,,,,,,0,0,0,,,,,,0,0,0,,,,,,2005-05-03,,,,,
3197359,2005,17,52,5,0,150107A201,150118,0,0,3,,,,,,0,0,0,,,,,,0,0,0,,,,,,0,0,0,,,,,,0,0,0,,,,,,0,0,0,,,,,,2005-05-03,,,,,
3197728,2005,18,52,5,0,150107A201,150107,1,2,6,,,,,,0,0,0,,,,,,0,0,1,,,,,,1,0,1,,,,,,0,0,0,,,,,,0,0,0,,,,,,2005-05-10,,,,,
3197731,2005,18,52,5,0,150107A201,150118,0,1,5,,,,,,0,0,0,,,,,,0,0,0,,,,,,0,0,1,,,,,,0,0,0,,,,,,0,0,0,,,,,,2005-05-10,,,,,
3197734,2005,18,52,5,0,150107A201,150103,0,1,0,,,,,,0,0,0,,,,,,0,0,0,,,,,,0,0,0,,,,,,0,0,0,,,,,,0,0,0,,,,,,2005-05-10,,,,,
3197929,2005,19,52,5,0,150107A201,150107,2,2,13,,,,,,0,0,0,,,,,,0,0,0,,,,,,0,1,0,,,,,,0,0,0,,,,,,0,0,0,,,,,,2005-05-17,,,,,
3197932,2005,19,52,5,0,150107A201,150118,0,0,1,,,,,,0,0,0,,,,,,0,0,0,,,,,,0,0,0,,,,,,0,0,0,,,,,,0,0,0,,,,,,2005-05-17,,,,,
3197935,2005,19,52,5,0,150107A201,150103,0,1,1,,,,,,0,0,0,,,,,,0,0,0,,,,,,0,0,0,,,,,,0,0,0,,,,,,0,0,0,,,,,,2005-05-17,,,,,
3198208,2005,20,52,5,0,150107A201,150107,4,2,6,,,,,,0,0,0,,,,,,0,0,0,,,,,,0,0,0,,,,,,0,0,0,,,,,,0,0,0,,,,,,2005-05-24,,,,,
3198211,2005,20,52,5,0,150107A201,150118,0,0,3,,,,,,0,0,0,,,,,,0,0,0,,,,,,0,0,0,,,,,,0,0,0,,,,,,0,0,0,,,,,,2005-05-24,,,,,
3198298,2005,21,52,5,0,150107A201,150107,1,1,9,,,,,,0,0,0,,,,,,0,0,0,,,,,,0,0,0,,,,,,0,0,0,,,,,,0,0,0,,,,,,2005-05-31,,,,,
3198301,2005,21,52,5,0,150107A201,150118,0,0,4,,,,,,0,0,0,,,,,,0,0,0,,,,,,0,0,0,,,,,,0,0,0,,,,,,0,0,0,,,,,,2005-05-31,,,,,
3198547,2005,22,52,5,0,150107A201,150107,2,0,6,,,,,,0,0,0,,,,,,0,0,0,,,,,,2,0,0,,,,,,0,0,0,,,,,,0,0,0,,,,,,2005-06-07,,,,,
3198742,2005,23,52,5,0,150107A201,150107,1,5,2,,,,,,0,0,0,,,,,,0,0,0,,,,,,0,1,0,,,,,,0,0,0,,,,,,0,0,0,,,,,,2005-06-14,,,,,
3198745,2005,23,52,5,0,150107A201,150118,0,3,1,,,,,,0,0,0,,,,,,0,0,0,,,,,,0,0,0,,,,,,0,0,0,,,,,,0,0,0,,,,,,2005-06-14,,,,,
3198748,2005,23,52,5,0,150107A201,150103,0,1,0,,,,,,0,0,0,,,,,,0,0,0,,,,,,0,0,0,,,,,,0,0,0,,,,,,0,0,0,,,,,,2005-06-14,,,,,
3199096,2005,24,52,5,0,150107A201,150107,2,3,2,,,,,,0,0,0,,,,,,0,0,0,,,,,,0,0,1,,,,,,0,0,0,,,,,,0,0,0,,,,,,2005-06-21,,,,,
3199099,2005,24,52,5,0,150107A201,150118,0,0,1,,,,,,0,0,0,,,,,,0,0,0,,,,,,0,0,0,,,,,,0,0,0,,,,,,0,0,0,,,,,,2005-06-21,,,,,
3199138,2005,25,52,5,0,150107A201,150107,1,1,7,,,,,,0,0,0,,,,,,0,0,0,,,,,,0,0,0,,,,,,0,0,0,,,,,,0,0,0,,,,,,2005-06-28,,,,,
3199141,2005,25,52,5,0,150107A201,150118,2,1,3,,,,,,0,0,0,,,,,,0,0,0,,,,,,0,0,0,,,,,,0,0,0,,,,,,0,0,0,,,,,,2005-06-28,,,,,
3199546,2005,26,52,5,0,150107A201,150107,1,8,3,,,,,,0,0,0,,,,,,0,0,0,,,,,,0,0,0,,,,,,0,0,0,,,,,,0,0,0,,,,,,2005-07-05,,,,,
3199549,2005,26,52,5,0,150107A201,150118,0,5,1,,,,,,0,0,0,,,,,,0,0,0,,,,,,0,0,0,,,,,,0,0,0,,,,,,0,0,0,,,,,,2005-07-05,,,,,
3199702,2005,27,52,5,0,150107A201,150107,0,2,3,,,,,,0,0,0,,,,,,0,0,0,,,,,,0,0,0,,,,,,0,0,0,,,,,,0,0,0,,,,,,2005-07-12,,,,,
3199705,2005,27,52,5,0,150107A201,150118,0,2,1,,,,,,0,0,0,,,,,,0,0,0,,,,,,0,0,0,,,,,,0,0,0,,,,,,0,0,0,,,,,,2005-07-12,,,,,
3199954,2005,28,52,5,0,150107A201,150107,0,2,4,,,,,,0,0,0,,,,,,0,0,0,,,,,,0,0,0,,,,,,0,0,0,,,,,,0,0,0,,,,,,2005-07-19,,,,,
3199957,2005,28,52,5,0,150107A201,150118,0,0,3,,,,,,0,0,0,,,,,,0,0,0,,,,,,0,0,0,,,,,,0,0,0,,,,,,0,0,0,,,,,,2005-07-19,,,,,
3200167,2005,29,52,5,0,150107A201,150107,0,1,2,,,,,,0,0,0,,,,,,0,0,0,,,,,,0,0,0,,,,,,0,0,0,,,,,,0,0,0,,,,,,2005-07-26,,,,,
3200170,2005,29,52,5,0,150107A201,150118,1,0,3,,,,,,0,0,0,,,,,,0,0,0,,,,,,0,0,0,,,,,,0,0,0,,,,,,0,0,0,,,,,,2005-07-26,,,,,
3200239,2005,30,52,5,0,150107A201,150107,0,2,4,,,,,,0,0,0,,,,,,0,0,0,,,,,,0,0,0,,,,,,0,0,0,,,,,,0,0,0,,,,,,2005-08-02,,,,,
3200242,2005,30,52,5,0,150107A201,150118,0,1,0,,,,,,0,0,0,,,,,,0,0,0,,,,,,0,0,0,,,,,,0,0,0,,,,,,0,0,0,,,,,,2005-08-02,,,,,
3200584,2005,31,52,5,0,150107A201,150107,0,2,8,,,,,,0,0,0,,,,,,0,0,0,,,,,,0,0,0,,,,,,0,0,0,,,,,,0,0,0,,,,,,2005-08-09,,,,,
3200587,2005,31,52,5,0,150107A201,150118,0,0,2,,,,,,0,0,0,,,,,,0,0,0,,,,,,0,0,0,,,,,,0,0,0,,,,,,0,0,0,,,,,,2005-08-09,,,,,
3200755,2005,32,52,5,0,150107A201,150107,1,5,2,,,,,,0,0,0,,,,,,0,0,0,,,,,,0,0,0,,,,,,0,0,0,,,,,,0,0,0,,,,,,2005-08-16,,,,,
3200758,2005,32,52,5,0,150107A201,150118,1,1,3,,,,,,0,0,0,,,,,,0,0,0,,,,,,0,0,0,,,,,,0,0,0,,,,,,0,0,0,,,,,,2005-08-16,,,,,
3201007,2005,33,52,5,0,150107A201,150107,0,2,1,,,,,,0,0,0,,,,,,0,0,0,,,,,,0,0,0,,,,,,0,0,0,,,,,,0,0,0,,,,,,2005-08-23,,,,,
3201010,2005,33,52,5,0,150107A201,150118,0,1,2,,,,,,0,0,0,,,,,,0,0,0,,,,,,0,0,0,,,,,,0,0,0,,,,,,0,0,0,,,,,,2005-08-23,,,,,
3201013,2005,33,52,5,0,150107A201,150103,0,0,0,,,,,,0,0,0,,,,,,0,0,0,,,,,,0,1,0,,,,,,0,0,0,,,,,,0,0,0,,,,,,2005-08-23,,,,,
3201214,2005,34,52,5,0,150107A201,150107,1,5,5,,,,,,0,0,0,,,,,,0,0,0,,,,,,0,0,0,,,,,,0,0,0,,,,,,0,0,0,,,,,,2005-08-31,,,,,
3201217,2005,34,52,5,0,150107A201,150118,1,0,0,,,,,,0,0,0,,,,,,0,0,0,,,,,,0,0,0,,,,,,0,0,0,,,,,,0,0,0,,,,,,2005-08-31,,,,,
3201403,2005,35,52,5,0,150107A201,150107,1,1,2,,,,,,0,0,0,,,,,,0,0,0,,,,,,0,0,0,,,,,,0,0,0,,,,,,0,0,0,,,,,,2005-09-06,,,,,
3201454,2005,36,52,5,0,150107A201,150107,1,1,4,,,,,,0,0,0,,,,,,0,0,0,,,,,,0,0,0,,,,,,0,0,0,,,,,,0,0,0,,,,,,2005-09-13,,,,,
3201457,2005,36,52,5,0,150107A201,150118,1,0,2,,,,,,0,0,0,,,,,,0,0,0,,,,,,0,0,0,,,,,,0,0,0,,,,,,0,0,0,,,,,,2005-09-13,,,,,
3201787,2005,37,52,5,0,150107A201,150107,2,1,3,,,,,,0,0,0,,,,,,0,0,0,,,,,,0,0,0,,,,,,0,0,0,,,,,,0,0,0,,,,,,2005-09-20,,,,,
3201790,2005,37,52,5,0,150107A201,150118,1,0,2,,,,,,0,0,0,,,,,,0,0,0,,,,,,0,0,0,,,,,,0,0,0,,,,,,0,0,0,,,,,,2005-09-20,,,,,
3202024,2005,38,52,5,0,150107A201,150107,0,1,4,,,,,,0,0,0,,,,,,0,0,0,,,,,,0,1,1,,,,,,0,0,0,,,,,,0,0,0,,,,,,2005-09-27,,,,,
3202027,2005,38,52,5,0,150107A201,150118,0,2,1,,,,,,0,0,0,,,,,,0,0,0,,,,,,0,0,0,,,,,,0,0,0,,,,,,0,0,0,,,,,,2005-09-27,,,,,
3202030,2005,38,52,5,0,150107A201,150101,0,0,1,,,,,,0,0,0,,,,,,0,0,0,,,,,,0,0,0,,,,,,0,0,0,,,,,,0,0,0,,,,,,2005-09-27,,,,,
3202150,2005,39,52,5,0,150107A201,150107,0,2,7,,,,,,0,0,0,,,,,,0,0,0,,,,,,0,0,0,,,,,,0,0,0,,,,,,0,0,0,,,,,,2005-10-04,,,,,
3202153,2005,39,52,5,0,150107A201,150118,1,2,2,,,,,,0,0,0,,,,,,0,0,0,,,,,,0,0,0,,,,,,0,0,0,,,,,,0,0,0,,,,,,2005-10-04,,,,,
3202156,2005,39,52,5,0,150107A201,150103,0,0,1,,,,,,0,0,0,,,,,,0,0,0,,,,,,0,0,0,,,,,,0,0,0,,,,,,0,0,0,,,,,,2005-10-04,,,,,
3202435,2005,40,52,5,0,150107A201,150107,0,2,6,,,,,,0,0,0,,,,,,0,0,0,,,,,,0,0,0,,,,,,0,0,0,,,,,,0,0,0,,,,,,2005-10-11,,,,,
3202438,2005,40,52,5,0,150107A201,150118,0,0,1,,,,,,0,0,0,,,,,,0,0,0,,,,,,0,0,0,,,,,,0,0,0,,,,,,0,0,0,,,,,,2005-10-11,,,,,
3202627,2005,41,52,5,0,150107A201,150107,4,3,3,,,,,,0,0,0,,,,,,0,0,0,,,,,,0,0,0,,,,,,0,0,0,,,,,,0,0,0,,,,,,2005-10-18,,,,,
3202630,2005,41,52,5,0,150107A201,150118,1,0,0,,,,,,0,0,0,,,,,,0,0,0,,,,,,0,0,0,,,,,,0,0,0,,,,,,0,0,0,,,,,,2005-10-18,,,,,
3202720,2005,42,52,5,0,150107A201,150107,1,3,4,,,,,,0,0,0,,,,,,0,0,0,,,,,,0,0,0,,,,,,0,0,0,,,,,,0,0,0,,,,,,2005-10-25,,,,,
3202723,2005,42,52,5,0,150107A201,150118,0,1,1,,,,,,0,0,0,,,,,,0,0,0,,,,,,0,0,0,,,,,,0,0,0,,,,,,0,0,0,,,,,,2005-10-25,,,,,
3203074,2005,43,52,5,0,150107A201,150107,1,2,4,,,,,,0,0,0,,,,,,0,0,0,,,,,,0,1,1,,,,,,0,0,0,,,,,,0,0,0,,,,,,2005-11-02,,,,,
3203077,2005,43,52,5,0,150107A201,150118,0,0,1,,,,,,0,0,0,,,,,,0,0,0,,,,,,0,0,2,,,,,,0,0,0,,,,,,0,0,0,,,,,,2005-11-02,,,,,
3203221,2005,44,52,5,0,150107A201,150107,2,1,7,,,,,,0,0,0,,,,,,0,0,0,,,,,,0,0,1,,,,,,0,0,0,,,,,,0,0,0,,,,,,2005-11-08,,,,,
3203224,2005,44,52,5,0,150107A201,150118,0,1,0,,,,,,0,0,0,,,,,,0,0,0,,,,,,0,0,0,,,,,,0,0,0,,,,,,0,0,0,,,,,,2005-11-08,,,,,
3203320,2005,45,52,5,0,150107A201,150107,0,2,8,,,,,,0,0,0,,,,,,0,0,0,,,,,,0,0,1,,,,,,0,0,0,,,,,,0,0,0,,,,,,2005-11-15,,,,,
3203323,2005,45,52,5,0,150107A201,150118,0,1,1,,,,,,0,0,0,,,,,,0,0,0,,,,,,0,0,2,,,,,,0,0,0,,,,,,0,0,0,,,,,,2005-11-15,,,,,
3203581,2005,46,52,5,0,150107A201,150107,0,6,4,,,,,,0,0,0,,,,,,0,0,0,,,,,,0,2,0,,,,,,0,0,0,,,,,,0,0,0,,,,,,2005-11-22,,,,,
3203584,2005,46,52,5,0,150107A201,150118,0,1,2,,,,,,0,0,0,,,,,,0,0,0,,,,,,0,0,0,,,,,,0,0,0,,,,,,0,0,0,,,,,,2005-11-22,,,,,
3203587,2005,46,52,5,0,150107A201,150103,0,0,1,,,,,,0,0,0,,,,,,0,0,0,,,,,,0,0,0,,,,,,0,0,0,,,,,,0,0,0,,,,,,2005-11-22,,,,,
3203806,2005,47,52,5,0,150107A201,150107,1,2,7,,,,,,0,0,0,,,,,,0,0,0,,,,,,0,0,0,,,,,,0,0,0,,,,,,0,0,0,,,,,,2005-11-29,,,,,
3203809,2005,47,52,5,0,150107A201,150118,0,0,3,,,,,,0,0,0,,,,,,0,0,0,,,,,,0,0,0,,,,,,0,0,0,,,,,,0,0,0,,,,,,2005-11-29,,,,,
3204022,2005,48,52,5,0,150107A201,150107,1,2,4,,,,,,0,0,0,,,,,,0,0,0,,,,,,0,0,1,,,,,,0,0,0,,,,,,0,0,0,,,,,,2005-12-06,,,,,
3204025,2005,48,52,5,0,150107A201,150118,0,1,3,,,,,,0,0,0,,,,,,0,0,0,,,,,,1,0,0,,,,,,0,0,0,,,,,,0,0,0,,,,,,2005-12-06,,,,,
3204295,2005,49,52,5,0,150107A201,150107,4,8,5,,,,,,0,0,0,,,,,,0,0,0,,,,,,0,0,0,,,,,,0,0,0,,,,,,0,0,0,,,,,,2005-12-13,,,,,
3204298,2005,49,52,5,0,150107A201,150118,1,0,4,,,,,,0,0,0,,,,,,0,0,0,,,,,,0,0,0,,,,,,0,0,0,,,,,,0,0,0,,,,,,2005-12-13,,,,,
3204301,2005,49,52,5,0,150107A201,150103,0,0,1,,,,,,0,0,0,,,,,,0,0,0,,,,,,0,0,0,,,,,,0,0,0,,,,,,0,0,0,,,,,,2005-12-13,,,,,
3204550,2005,50,52,5,0,150107A201,150107,2,7,5,,,,,,0,0,0,,,,,,0,0,0,,,,,,1,0,2,,,,,,0,0,0,,,,,,0,0,0,,,,,,2005-12-19,,,,,
3204553,2005,50,52,5,0,150107A201,150118,0,2,3,,,,,,0,0,0,,,,,,0,0,0,,,,,,0,0,0,,,,,,0,0,0,,,,,,0,0,0,,,,,,2005-12-19,,,,,
3204808,2005,51,52,5,0,150107A201,150107,1,4,8,,,,,,0,0,0,,,,,,0,0,0,,,,,,0,0,0,,,,,,0,0,0,,,,,,0,0,0,,,,,,2005-12-27,,,,,
3204811,2005,51,52,5,0,150107A201,150118,1,1,8,,,,,,0,0,0,,,,,,0,0,0,,,,,,0,0,1,,,,,,0,0,0,,,,,,0,0,0,,,,,,2005-12-27,,,,,
3204814,2005,51,52,5,0,150107A201,150103,0,1,0,,,,,,0,0,0,,,,,,0,0,0,,,,,,0,0,0,,,,,,0,0,0,,,,,,0,0,0,,,,,,2005-12-27,,,,,
3205201,2005,52,52,5,0,150107A201,150107,2,4,11,,,,,,0,0,0,,,,,,0,0,0,,,,,,0,0,0,,,,,,0,0,0,,,,,,0,0,0,,,,,,2006-01-03,,,,,
3205204,2005,52,52,5,0,150107A201,150118,1,3,7,,,,,,0,0,0,,,,,,0,0,0,,,,,,1,1,0,,,,,,0,0,0,,,,,,0,0,0,,,,,,2006-01-03,,,,,
3880549,2006,1,52,5,0,150107A201,150103,0,1,1,,,,,,0,0,0,,,,,,0,0,0,,,,,,0,0,0,,,,,,0,0,0,,,,,,0,0,0,,,,,,2006-01-10,,,,,
3880552,2006,1,52,5,0,150107A201,150107,1,5,11,,,,,,0,0,0,,,,,,0,0,0,,,,,,0,0,0,,,,,,0,0,0,,,,,,0,0,0,,,,,,2006-01-10,,,,,
3880555,2006,1,52,5,0,150107A201,150118,0,1,3,,,,,,0,0,0,,,,,,0,0,0,,,,,,0,0,0,,,,,,0,0,0,,,,,,0,0,0,,,,,,2006-01-10,,,,,
3880861,2006,2,52,5,0,150107A201,150107,2,9,6,,,,,,0,0,0,,,,,,0,0,0,,,,,,0,0,1,,,,,,0,0,0,,,,,,0,0,0,,,,,,2006-01-17,,,,,
3880864,2006,2,52,5,0,150107A201,150118,0,0,3,,,,,,0,0,0,,,,,,0,0,0,,,,,,0,0,0,,,,,,0,0,0,,,,,,0,0,0,,,,,,2006-01-17,,,,,
3880867,2006,2,52,5,0,150107A201,150137,0,1,0,,,,,,0,0,0,,,,,,0,0,0,,,,,,0,0,0,,,,,,0,0,0,,,,,,0,0,0,,,,,,2006-01-17,,,,,
3881209,2006,3,52,5,0,150107A201,150103,1,0,0,,,,,,0,0,0,,,,,,0,0,0,,,,,,0,0,0,,,,,,0,0,0,,,,,,0,0,0,,,,,,2006-01-24,,,,,
3881212,2006,3,52,5,0,150107A201,150107,1,1,10,,,,,,0,0,0,,,,,,0,0,0,,,,,,0,0,0,,,,,,0,0,0,,,,,,0,0,0,,,,,,2006-01-24,,,,,
3881215,2006,3,52,5,0,150107A201,150118,1,0,1,,,,,,0,0,0,,,,,,0,0,0,,,,,,0,0,0,,,,,,0,0,0,,,,,,0,0,0,,,,,,2006-01-24,,,,,
3881551,2006,4,52,5,0,150107A201,150107,1,5,22,,,,,,0,0,0,,,,,,0,0,2,,,,,,0,0,0,,,,,,0,0,0,,,,,,0,0,0,,,,,,2006-02-07,,,,,
3881554,2006,4,52,5,0,150107A201,150118,0,0,3,,,,,,0,0,0,,,,,,0,0,0,,,,,,0,0,0,,,,,,0,0,0,,,,,,0,0,0,,,,,,2006-02-07,,,,,
3881878,2006,5,52,5,0,150107A201,150103,0,1,0,,,,,,0,0,0,,,,,,0,0,0,,,,,,0,0,0,,,,,,0,0,0,,,,,,0,0,0,,,,,,2006-02-09,,,,,
3881881,2006,5,52,5,0,150107A201,150107,1,5,9,,,,,,0,0,0,,,,,,0,0,0,,,,,,0,1,0,,,,,,0,0,0,,,,,,0,0,0,,,,,,2006-02-09,,,,,
3881884,2006,5,52,5,0,150107A201,150118,0,2,1,,,,,,0,0,0,,,,,,0,0,0,,,,,,0,0,0,,,,,,0,0,0,,,,,,0,0,0,,,,,,2006-02-09,,,,,
3882214,2006,6,52,5,0,150107A201,150107,1,3,10,,,,,,0,0,0,,,,,,0,0,0,,,,,,0,0,0,,,,,,0,0,0,,,,,,0,0,0,,,,,,2006-02-16,,,,,
3882217,2006,6,52,5,0,150107A201,150118,0,0,1,,,,,,0,0,0,,,,,,0,0,0,,,,,,0,0,0,,,,,,0,0,0,,,,,,0,0,0,,,,,,2006-02-16,,,,,
3882559,2006,7,52,5,0,150107A201,150101,1,0,0,,,,,,0,0,0,,,,,,0,0,0,,,,,,0,0,0,,,,,,0,0,0,,,,,,0,0,0,,,,,,2006-02-21,,,,,
3882562,2006,7,52,5,0,150107A201,150107,2,1,6,,,,,,0,0,0,,,,,,0,0,1,,,,,,0,0,1,,,,,,0,0,0,,,,,,0,0,1,,,,,,2006-02-21,,,,,
3882565,2006,7,52,5,0,150107A201,150118,1,0,2,,,,,,0,0,0,,,,,,0,0,0,,,,,,0,0,0,,,,,,0,0,0,,,,,,0,0,0,,,,,,2006-02-21,,,,,
3882886,2006,8,52,5,0,150107A201,150101,1,0,0,,,,,,0,0,0,,,,,,0,0,0,,,,,,0,0,0,,,,,,0,0,0,,,,,,0,0,0,,,,,,2006-03-02,,,,,
3882889,2006,8,52,5,0,150107A201,150107,3,3,7,,,,,,0,0,0,,,,,,0,0,0,,,,,,0,0,0,,,,,,0,0,0,,,,,,0,0,0,,,,,,2006-03-02,,,,,
3882892,2006,8,52,5,0,150107A201,150118,0,0,6,,,,,,0,0,0,,,,,,0,0,0,,,,,,0,0,0,,,,,,0,0,0,,,,,,0,0,0,,,,,,2006-03-02,,,,,
3883192,2006,9,52,5,0,150107A201,150107,0,2,1,,,,,,0,0,0,,,,,,0,0,0,,,,,,0,0,0,,,,,,0,0,0,,,,,,0,0,0,,,,,,2006-03-13,,,,,
3883195,2006,9,52,5,0,150107A201,150118,0,0,0,,,,,,0,0,0,,,,,,0,0,0,,,,,,0,0,1,,,,,,0,0,0,,,,,,0,0,0,,,,,,2006-03-13,,,,,
3883486,2006,10,52,5,0,150107A201,150103,0,0,1,,,,,,0,0,0,,,,,,0,0,0,,,,,,0,0,0,,,,,,0,0,0,,,,,,0,0,0,,,,,,2006-03-14,,,,,
3883489,2006,10,52,5,0,150107A201,150107,5,4,22,,,,,,0,0,0,,,,,,0,0,0,,,,,,0,0,0,,,,,,0,0,0,,,,,,0,0,0,,,,,,2006-03-14,,,,,
3883492,2006,10,52,5,0,150107A201,150118,0,0,2,,,,,,0,0,0,,,,,,0,0,0,,,,,,0,0,0,,,,,,0,0,0,,,,,,0,0,0,,,,,,2006-03-14,,,,,
3883798,2006,11,52,5,0,150107A201,150103,0,1,0,,,,,,0,0,0,,,,,,0,0,0,,,,,,0,0,0,,,,,,0,0,0,,,,,,0,0,0,,,,,,2006-03-22,,,,,
3883801,2006,11,52,5,0,150107A201,150107,7,3,7,,,,,,0,0,0,,,,,,0,0,0,,,,,,0,0,1,,,,,,0,0,0,,,,,,0,0,0,,,,,,2006-03-22,,,,,
3883804,2006,11,52,5,0,150107A201,150118,0,0,0,,,,,,0,0,0,,,,,,0,0,0,,,,,,0,1,0,,,,,,0,0,0,,,,,,0,0,0,,,,,,2006-03-22,,,,,
3884098,2006,12,52,5,0,150107A201,150103,0,0,0,,,,,,0,0,0,,,,,,0,0,0,,,,,,0,0,1,,,,,,0,0,0,,,,,,0,0,0,,,,,,2006-03-29,,,,,
3884101,2006,12,52,5,0,150107A201,150107,0,3,5,,,,,,0,0,0,,,,,,0,0,0,,,,,,2,0,1,,,,,,0,0,0,,,,,,0,0,0,,,,,,2006-03-29,,,,,
3884104,2006,12,52,5,0,150107A201,150118,0,1,3,,,,,,0,0,0,,,,,,0,0,1,,,,,,0,0,0,,,,,,0,0,0,,,,,,0,0,0,,,,,,2006-03-29,,,,,
3884413,2006,13,52,5,0,150107A201,150107,2,3,2,,,,,,0,0,0,,,,,,0,0,0,,,,,,0,0,0,,,,,,0,0,0,,,,,,0,0,0,,,,,,2006-04-04,,,,,
3884416,2006,13,52,5,0,150107A201,150118,0,0,2,,,,,,0,0,0,,,,,,0,0,0,,,,,,0,0,0,,,,,,0,0,0,,,,,,0,0,0,,,,,,2006-04-04,,,,,
3884746,2006,14,52,5,0,150107A201,150107,2,4,13,,,,,,0,0,0,,,,,,0,0,0,,,,,,0,0,0,,,,,,0,0,0,,,,,,0,0,0,,,,,,2006-04-12,,,,,
3884749,2006,14,52,5,0,150107A201,150118,1,1,1,,,,,,0,0,0,,,,,,0,0,0,,,,,,0,0,0,,,,,,0,0,0,,,,,,0,0,0,,,,,,2006-04-12,,,,,
3885055,2006,15,52,5,0,150107A201,150101,0,0,1,,,,,,0,0,0,,,,,,0,0,0,,,,,,0,0,0,,,,,,0,0,0,,,,,,0,0,0,,,,,,2006-04-18,,,,,
3885058,2006,15,52,5,0,150107A201,150107,3,4,9,,,,,,0,0,0,,,,,,0,0,0,,,,,,1,0,0,,,,,,0,0,0,,,,,,0,0,0,,,,,,2006-04-18,,,,,
3885061,2006,15,52,5,0,150107A201,150118,0,1,2,,,,,,0,0,0,,,,,,0,0,0,,,,,,0,1,1,,,,,,0,0,0,,,,,,0,0,0,,,,,,2006-04-18,,,,,
3885382,2006,16,52,5,0,150107A201,150103,0,1,0,,,,,,0,0,0,,,,,,0,0,0,,,,,,0,0,0,,,,,,0,0,0,,,,,,0,0,0,,,,,,2006-04-25,,,,,
3885385,2006,16,52,5,0,150107A201,150107,0,2,6,,,,,,0,0,0,,,,,,0,0,0,,,,,,0,0,1,,,,,,0,0,0,,,,,,0,0,0,,,,,,2006-04-25,,,,,
3885388,2006,16,52,5,0,150107A201,150118,1,1,2,,,,,,0,0,0,,,,,,0,0,0,,,,,,0,0,1,,,,,,0,0,0,,,,,,0,0,0,,,,,,2006-04-25,,,,,
3885703,2006,17,52,5,0,150107A201,150107,2,1,8,,,,,,0,0,0,,,,,,0,0,0,,,,,,0,0,1,,,,,,0,0,0,,,,,,0,0,0,,,,,,2006-05-04,,,,,
3885706,2006,17,52,5,0,150107A201,150118,0,1,2,,,,,,0,0,0,,,,,,0,0,0,,,,,,0,0,0,,,,,,0,0,0,,,,,,0,0,0,,,,,,2006-05-04,,,,,
3886021,2006,18,52,5,0,150107A201,150107,2,4,29,,,,,,0,0,0,,,,,,0,0,0,,,,,,0,0,0,,,,,,0,0,0,,,,,,0,0,0,,,,,,2006-05-09,,,,,
3886024,2006,18,52,5,0,150107A201,150118,0,0,2,,,,,,0,0,0,,,,,,0,0,0,,,,,,0,0,0,,,,,,0,0,0,,,,,,0,0,0,,,,,,2006-05-09,,,,,
3886315,2006,19,52,5,0,150107A201,150107,2,0,14,,,,,,0,0,0,,,,,,0,0,0,,,,,,0,0,0,,,,,,0,0,0,,,,,,0,0,0,,,,,,2006-05-16,,,,,
3886318,2006,19,52,5,0,150107A201,150118,0,2,4,,,,,,0,0,0,,,,,,0,0,0,,,,,,0,0,0,,,,,,0,0,0,,,,,,0,0,0,,,,,,2006-05-16,,,,,
3886627,2006,20,52,5,0,150107A201,150107,0,5,5,,,,,,0,0,0,,,,,,0,0,0,,,,,,0,0,0,,,,,,0,0,0,,,,,,0,0,0,,,,,,2006-05-23,,,,,
3886630,2006,20,52,5,0,150107A201,150118,0,1,0,,,,,,0,0,0,,,,,,0,0,0,,,,,,0,0,0,,,,,,0,0,0,,,,,,0,0,0,,,,,,2006-05-23,,,,,
3886999,2006,21,52,5,0,150107A201,150107,2,3,9,,,,,,0,0,0,,,,,,0,0,0,,,,,,0,0,0,,,,,,0,0,0,,,,,,0,0,0,,,,,,2006-05-30,,,,,
3887002,2006,21,52,5,0,150107A201,150118,0,1,1,,,,,,0,0,0,,,,,,0,0,0,,,,,,0,0,0,,,,,,0,0,0,,,,,,0,0,0,,,,,,2006-05-30,,,,,
3887299,2006,22,52,5,0,150107A201,150107,0,1,5,,,,,,0,0,0,,,,,,0,0,0,,,,,,0,0,0,,,,,,0,0,0,,,,,,0,0,0,,,,,,2006-06-06,,,,,
3887302,2006,22,52,5,0,150107A201,150118,0,0,1,,,,,,0,0,0,,,,,,0,0,0,,,,,,0,1,0,,,,,,0,0,0,,,,,,0,0,0,,,,,,2006-06-06,,,,,
3887590,2006,23,52,5,0,150107A201,70101,0,0,1,,,,,,0,0,0,,,,,,0,0,0,,,,,,0,0,0,,,,,,0,0,0,,,,,,0,0,0,,,,,,2006-06-13,,,,,
3887593,2006,23,52,5,0,150107A201,150103,0,0,2,,,,,,0,0,0,,,,,,0,0,0,,,,,,0,0,0,,,,,,0,0,0,,,,,,0,0,0,,,,,,2006-06-13,,,,,
3887596,2006,23,52,5,0,150107A201,150107,1,4,1,,,,,,0,0,0,,,,,,0,0,0,,,,,,0,0,0,,,,,,0,0,0,,,,,,0,0,0,,,,,,2006-06-13,,,,,
3887599,2006,23,52,5,0,150107A201,150118,1,1,1,,,,,,0,0,0,,,,,,0,0,0,,,,,,0,0,0,,,,,,0,0,0,,,,,,0,0,0,,,,,,2006-06-13,,,,,
3887887,2006,24,52,5,0,150107A201,150107,4,2,4,,,,,,0,0,0,,,,,,0,0,0,,,,,,0,0,2,,,,,,0,0,0,,,,,,0,0,0,,,,,,2006-06-20,,,,,
3887890,2006,24,52,5,0,150107A201,150118,1,0,0,,,,,,0,0,0,,,,,,0,0,0,,,,,,0,0,0,,,,,,0,0,0,,,,,,0,0,0,,,,,,2006-06-20,,,,,
3888175,2006,25,52,5,0,150107A201,150107,0,1,10,,,,,,0,0,0,,,,,,0,0,0,,,,,,0,0,0,,,,,,0,0,0,,,,,,0,0,0,,,,,,2006-06-27,,,,,
3888178,2006,25,52,5,0,150107A201,150118,0,1,0,,,,,,0,0,0,,,,,,0,0,0,,,,,,0,0,0,,,,,,0,0,0,,,,,,0,0,0,,,,,,2006-06-27,,,,,
3888457,2006,26,52,5,0,150107A201,150107,1,1,4,,,,,,0,0,0,,,,,,0,0,0,,,,,,0,0,0,,,,,,0,0,0,,,,,,0,0,0,,,,,,2006-07-04,,,,,
3888460,2006,26,52,5,0,150107A201,150118,0,0,1,,,,,,0,0,0,,,,,,0,0,0,,,,,,0,0,0,,,,,,0,0,0,,,,,,0,0,0,,,,,,2006-07-04,,,,,
3888745,2006,27,52,5,0,150107A201,150101,1,0,1,,,,,,0,0,0,,,,,,0,0,0,,,,,,0,0,0,,,,,,0,0,0,,,,,,0,0,0,,,,,,2006-07-11,,,,,
3888748,2006,27,52,5,0,150107A201,150103,0,0,1,,,,,,0,0,0,,,,,,0,0,0,,,,,,0,0,0,,,,,,0,0,0,,,,,,0,0,0,,,,,,2006-07-11,,,,,
3888751,2006,27,52,5,0,150107A201,150107,1,4,6,,,,,,0,0,0,,,,,,0,0,0,,,,,,0,0,0,,,,,,0,0,0,,,,,,0,0,0,,,,,,2006-07-11,,,,,
3888754,2006,27,52,5,0,150107A201,150118,0,0,1,,,,,,0,0,0,,,,,,0,0,0,,,,,,0,0,0,,,,,,0,0,0,,,,,,0,0,0,,,,,,2006-07-11,,,,,
3889048,2006,28,52,5,0,150107A201,150107,1,0,3,,,,,,0,0,0,,,,,,0,0,1,,,,,,2,0,0,,,,,,0,0,0,,,,,,0,0,0,,,,,,2006-07-18,,,,,
3889051,2006,28,52,5,0,150107A201,150118,0,0,1,,,,,,0,0,0,,,,,,0,0,0,,,,,,0,0,0,,,,,,0,0,0,,,,,,0,0,0,,,,,,2006-07-18,,,,,
3889297,2006,29,52,5,0,150107A201,150107,3,2,4,,,,,,0,0,0,,,,,,0,0,0,,,,,,0,1,1,,,,,,0,0,0,,,,,,0,0,0,,,,,,2006-07-25,,,,,
3889549,2006,30,52,5,0,150107A201,150107,0,3,7,,,,,,0,0,0,,,,,,0,0,0,,,,,,0,0,0,,,,,,0,0,0,,,,,,0,0,0,,,,,,2006-08-01,,,,,
3889552,2006,30,52,5,0,150107A201,150118,0,1,2,,,,,,0,0,0,,,,,,0,0,0,,,,,,0,0,0,,,,,,0,0,0,,,,,,0,0,0,,,,,,2006-08-01,,,,,
3889843,2006,31,52,5,0,150107A201,150103,0,0,1,,,,,,0,0,0,,,,,,0,0,0,,,,,,0,0,0,,,,,,0,0,0,,,,,,0,0,0,,,,,,2006-08-08,,,,,
3889846,2006,31,52,5,0,150107A201,150107,1,4,7,,,,,,0,0,0,,,,,,0,0,0,,,,,,0,0,0,,,,,,0,0,0,,,,,,0,0,0,,,,,,2006-08-08,,,,,
3889849,2006,31,52,5,0,150107A201,150118,0,0,1,,,,,,0,0,0,,,,,,0,0,0,,,,,,0,0,0,,,,,,0,0,0,,,,,,0,0,0,,,,,,2006-08-08,,,,,
3890146,2006,32,52,5,0,150107A201,150103,0,0,1,,,,,,0,0,0,,,,,,0,0,0,,,,,,0,0,0,,,,,,0,0,0,,,,,,0,0,0,,,,,,2006-08-15,,,,,
3890149,2006,32,52,5,0,150107A201,150107,1,2,6,,,,,,0,0,0,,,,,,0,0,0,,,,,,0,0,0,,,,,,0,0,0,,,,,,0,0,0,,,,,,2006-08-15,,,,,
3890152,2006,32,52,5,0,150107A201,150118,0,1,2,,,,,,0,0,0,,,,,,0,0,0,,,,,,0,0,0,,,,,,0,0,0,,,,,,0,0,0,,,,,,2006-08-15,,,,,
3890440,2006,33,52,5,0,150107A201,150107,0,0,5,,,,,,0,0,0,,,,,,0,0,0,,,,,,1,0,0,,,,,,0,0,0,,,,,,0,0,0,,,,,,2006-08-22,,,,,
3890443,2006,33,52,5,0,150107A201,150118,0,0,1,,,,,,0,0,0,,,,,,0,0,0,,,,,,0,0,0,,,,,,0,0,0,,,,,,0,0,0,,,,,,2006-08-22,,,,,
3890734,2006,34,52,5,0,150107A201,150107,3,2,6,,,,,,0,0,0,,,,,,0,0,2,,,,,,0,1,0,,,,,,0,0,0,,,,,,0,0,0,,,,,,2006-08-29,,,,,
3890737,2006,34,52,5,0,150107A201,150118,1,0,2,,,,,,0,0,0,,,,,,0,0,0,,,,,,0,0,0,,,,,,0,0,0,,,,,,0,0,0,,,,,,2006-08-29,,,,,
3891052,2006,35,52,5,0,150107A201,150103,1,0,0,,,,,,0,0,0,,,,,,0,0,0,,,,,,0,0,0,,,,,,0,0,0,,,,,,0,0,0,,,,,,2006-09-05,,,,,
3891055,2006,35,52,5,0,150107A201,150107,1,4,2,,,,,,0,0,0,,,,,,0,0,0,,,,,,0,0,1,,,,,,0,0,0,,,,,,0,0,0,,,,,,2006-09-05,,,,,
3891058,2006,35,52,5,0,150107A201,150118,0,1,1,,,,,,0,0,0,,,,,,0,0,0,,,,,,0,0,0,,,,,,0,0,0,,,,,,0,0,0,,,,,,2006-09-05,,,,,
3891346,2006,36,52,5,0,150107A201,150107,1,3,9,,,,,,0,0,0,,,,,,0,0,0,,,,,,0,0,2,,,,,,0,0,0,,,,,,0,0,0,,,,,,2006-09-12,,,,,
3891349,2006,36,52,5,0,150107A201,150118,0,1,2,,,,,,0,0,0,,,,,,0,0,0,,,,,,0,0,0,,,,,,0,0,0,,,,,,0,0,0,,,,,,2006-09-12,,,,,
3891658,2006,37,52,5,0,150107A201,150107,0,3,7,,,,,,0,0,0,,,,,,0,0,0,,,,,,1,1,0,,,,,,0,0,0,,,,,,0,0,0,,,,,,2006-09-18,,,,,
3891661,2006,37,52,5,0,150107A201,150118,0,1,3,,,,,,0,0,0,,,,,,0,0,0,,,,,,0,0,1,,,,,,0,0,0,,,,,,0,0,0,,,,,,2006-09-18,,,,,
3891949,2006,38,52,5,0,150107A201,150107,1,0,1,,,,,,0,0,0,,,,,,0,0,0,,,,,,0,1,1,,,,,,0,0,0,,,,,,0,0,0,,,,,,2006-09-25,,,,,
3891952,2006,38,52,5,0,150107A201,150118,0,1,4,,,,,,0,0,0,,,,,,0,0,0,,,,,,1,0,0,,,,,,0,0,0,,,,,,0,0,0,,,,,,2006-09-25,,,,,
3892255,2006,39,52,5,0,150107A201,150103,0,0,1,,,,,,0,0,0,,,,,,0,0,0,,,,,,0,0,0,,,,,,0,0,0,,,,,,0,0,0,,,,,,2006-10-02,,,,,
3892258,2006,39,52,5,0,150107A201,150107,2,3,5,,,,,,0,0,0,,,,,,0,0,0,,,,,,0,0,0,,,,,,0,0,0,,,,,,0,0,0,,,,,,2006-10-02,,,,,
3892261,2006,39,52,5,0,150107A201,150118,0,0,2,,,,,,0,0,0,,,,,,0,0,0,,,,,,0,0,0,,,,,,0,0,0,,,,,,0,0,0,,,,,,2006-10-02,,,,,
3892552,2006,40,52,5,0,150107A201,150103,0,0,1,,,,,,0,0,0,,,,,,0,0,0,,,,,,0,0,0,,,,,,0,0,0,,,,,,0,0,0,,,,,,2006-10-09,,,,,
3892555,2006,40,52,5,0,150107A201,150107,0,1,11,,,,,,0,0,0,,,,,,0,0,0,,,,,,2,0,0,,,,,,0,0,0,,,,,,0,0,0,,,,,,2006-10-09,,,,,
3892558,2006,40,52,5,0,150107A201,150118,0,0,1,,,,,,0,0,0,,,,,,0,0,0,,,,,,0,0,0,,,,,,0,0,0,,,,,,0,0,0,,,,,,2006-10-09,,,,,
3892855,2006,41,52,5,0,150107A201,150107,0,1,5,,,,,,0,0,0,,,,,,0,0,0,,,,,,0,1,0,,,,,,0,0,0,,,,,,0,0,0,,,,,,2006-10-16,,,,,
3892858,2006,41,52,5,0,150107A201,150118,0,0,2,,,,,,0,0,0,,,,,,0,0,0,,,,,,0,0,0,,,,,,0,0,0,,,,,,0,0,0,,,,,,2006-10-16,,,,,
3893149,2006,42,52,5,0,150107A201,150103,0,0,1,,,,,,0,0,0,,,,,,0,0,0,,,,,,0,0,0,,,,,,0,0,0,,,,,,0,0,0,,,,,,2006-10-28,,,,,
3893152,2006,42,52,5,0,150107A201,150107,0,3,3,,,,,,0,0,0,,,,,,0,0,0,,,,,,0,0,0,,,,,,0,0,0,,,,,,0,0,0,,,,,,2006-10-28,,,,,
3893155,2006,42,52,5,0,150107A201,150118,2,1,1,,,,,,0,0,0,,,,,,0,0,0,,,,,,0,0,0,,,,,,0,0,0,,,,,,0,0,0,,,,,,2006-10-28,,,,,
3893452,2006,43,52,5,0,150107A201,150103,0,0,1,,,,,,0,0,0,,,,,,0,0,0,,,,,,0,0,0,,,,,,0,0,0,,,,,,0,0,0,,,,,,2006-10-31,,,,,
3893455,2006,43,52,5,0,150107A201,150107,2,2,6,,,,,,0,0,0,,,,,,0,0,2,,,,,,0,0,0,,,,,,0,0,0,,,,,,0,0,0,,,,,,2006-10-31,,,,,
3893458,2006,43,52,5,0,150107A201,150118,0,2,5,,,,,,0,0,0,,,,,,0,0,1,,,,,,0,0,0,,,,,,0,0,0,,,,,,0,0,0,,,,,,2006-10-31,,,,,
3886798,2006,44,52,5,0,150107A201,150107,2,1,3,,,,,,0,0,0,,,,,,0,0,0,,,,,,1,2,1,,,,,,0,0,0,,,,,,0,0,0,,,,,,2006-11-06,,,,,
3886801,2006,44,52,5,0,150107A201,150118,0,2,7,,,,,,0,0,0,,,,,,0,0,0,,,,,,0,0,1,,,,,,0,0,0,,,,,,0,0,0,,,,,,2006-11-06,,,,,
3894037,2006,45,52,5,0,150107A201,150107,2,2,4,,,,,,0,0,0,,,,,,0,0,0,,,,,,1,1,0,,,,,,0,0,0,,,,,,0,0,0,,,,,,2006-11-13,,,,,
3894040,2006,45,52,5,0,150107A201,150118,1,0,14,,,,,,0,0,0,,,,,,0,0,0,,,,,,0,0,0,,,,,,0,0,0,,,,,,0,0,0,,,,,,2006-11-13,,,,,
3894337,2006,46,52,5,0,150107A201,150107,0,0,4,,,,,,0,0,0,,,,,,0,0,0,,,,,,0,0,0,,,,,,0,0,0,,,,,,0,0,0,,,,,,2006-11-20,,,,,
3894340,2006,46,52,5,0,150107A201,150118,1,2,3,,,,,,0,0,0,,,,,,0,0,0,,,,,,0,0,0,,,,,,0,0,0,,,,,,0,0,0,,,,,,2006-11-20,,,,,
3894637,2006,47,52,5,0,150107A201,150107,2,4,6,,,,,,0,0,0,,,,,,0,0,0,,,,,,0,0,0,,,,,,0,0,0,,,,,,0,0,0,,,,,,2006-11-28,,,,,
3894640,2006,47,52,5,0,150107A201,150118,2,0,1,,,,,,0,0,0,,,,,,0,0,0,,,,,,0,0,0,,,,,,0,0,0,,,,,,0,0,0,,,,,,2006-11-28,,,,,
3894943,2006,48,52,5,0,150107A201,150107,1,3,4,,,,,,0,0,0,,,,,,0,0,1,,,,,,0,0,1,,,,,,0,0,0,,,,,,0,0,0,,,,,,2006-12-04,,,,,
3894946,2006,48,52,5,0,150107A201,150118,0,1,1,,,,,,0,0,0,,,,,,0,0,0,,,,,,0,0,0,,,,,,0,0,0,,,,,,0,0,0,,,,,,2006-12-04,,,,,
3895234,2006,49,52,5,0,150107A201,150107,0,3,16,,,,,,0,0,0,,,,,,0,0,0,,,,,,0,0,0,,,,,,0,0,0,,,,,,0,0,0,,,,,,2006-12-11,,,,,
3895237,2006,49,52,5,0,150107A201,150118,0,3,6,,,,,,0,0,0,,,,,,0,0,0,,,,,,0,0,0,,,,,,0,0,0,,,,,,0,0,0,,,,,,2006-12-11,,,,,
3895393,2006,50,52,5,0,150107A201,150107,0,5,8,,,,,,0,0,0,,,,,,0,0,0,,,,,,0,0,0,,,,,,0,0,0,,,,,,0,0,0,,,,,,2006-12-18,,,,,
3895396,2006,50,52,5,0,150107A201,150118,0,0,2,,,,,,0,0,0,,,,,,0,0,0,,,,,,0,0,0,,,,,,0,0,0,,,,,,0,0,0,,,,,,2006-12-18,,,,,
3895690,2006,51,52,5,0,150107A201,150103,0,0,2,,,,,,0,0,0,,,,,,0,0,0,,,,,,0,0,0,,,,,,0,0,0,,,,,,0,0,0,,,,,,2006-12-26,,,,,
3895693,2006,51,52,5,0,150107A201,150107,0,1,3,,,,,,0,0,0,,,,,,0,0,0,,,,,,0,0,0,,,,,,0,0,0,,,,,,0,0,0,,,,,,2006-12-26,,,,,
3895696,2006,51,52,5,0,150107A201,150118,0,0,4,,,,,,0,0,0,,,,,,0,0,0,,,,,,0,0,0,,,,,,0,0,0,,,,,,0,0,0,,,,,,2006-12-26,,,,,
3895990,2006,52,52,5,0,150107A201,150107,3,4,17,,,,,,0,0,0,,,,,,0,0,0,,,,,,1,0,2,,,,,,0,0,0,,,,,,0,0,0,,,,,,2007-01-02,,,,,
3895993,2006,52,52,5,0,150107A201,150118,2,1,2,,,,,,0,0,0,,,,,,0,0,0,,,,,,0,0,0,,,,,,0,0,0,,,,,,0,0,0,,,,,,2007-01-02,,,,,
4608598,2007,1,52,5,0,150107A201,150107,1,4,5,,,,,,0,0,0,,,,,,0,0,1,,,,,,0,0,0,,,,,,0,0,0,,,,,,0,0,0,,,,,,2007-01-08,,,,,
4608898,2007,2,52,5,0,150107A201,150107,0,0,13,,,,,,0,0,0,,,,,,0,0,0,,,,,,0,0,0,,,,,,0,0,0,,,,,,0,0,0,,,,,,2007-01-16,,,,,
4608901,2007,2,52,5,0,150107A201,150118,0,0,5,,,,,,0,0,0,,,,,,0,0,0,,,,,,0,0,0,,,,,,0,0,0,,,,,,0,0,0,,,,,,2007-01-16,,,,,
4609159,2007,3,52,5,0,150107A201,150107,1,2,16,,,,,,0,0,0,,,,,,0,0,0,,,,,,0,0,0,,,,,,0,0,0,,,,,,0,0,0,,,,,,2007-01-23,,,,,
4609162,2007,3,52,5,0,150107A201,150118,0,1,4,,,,,,0,0,0,,,,,,0,0,0,,,,,,0,0,0,,,,,,0,0,0,,,,,,0,0,0,,,,,,2007-01-23,,,,,
4609444,2007,4,52,5,0,150107A201,150107,0,5,12,,,,,,0,0,0,,,,,,0,0,0,,,,,,0,0,0,,,,,,0,0,0,,,,,,0,0,0,,,,,,2007-01-29,,,,,
4609447,2007,4,52,5,0,150107A201,150118,0,1,3,,,,,,0,0,0,,,,,,0,0,0,,,,,,0,0,0,,,,,,0,0,0,,,,,,0,0,0,,,,,,2007-01-29,,,,,
4609750,2007,5,52,5,0,150107A201,150103,0,0,1,,,,,,0,0,0,,,,,,0,0,0,,,,,,0,0,0,,,,,,0,0,0,,,,,,0,0,0,,,,,,2007-02-05,,,,,
4609753,2007,5,52,5,0,150107A201,150107,2,3,16,,,,,,0,0,0,,,,,,0,0,0,,,,,,0,0,0,,,,,,0,0,0,,,,,,0,0,0,,,,,,2007-02-05,,,,,
4609756,2007,5,52,5,0,150107A201,150118,1,2,8,,,,,,0,0,0,,,,,,0,0,0,,,,,,0,0,0,,,,,,0,0,0,,,,,,0,0,0,,,,,,2007-02-05,,,,,
4610089,2007,6,52,5,0,150107A201,150103,0,0,0,,,,,,0,0,0,,,,,,0,0,0,,,,,,0,1,0,,,,,,0,0,0,,,,,,0,0,0,,,,,,2007-02-12,,,,,
4610092,2007,6,52,5,0,150107A201,150107,2,5,11,,,,,,0,0,0,,,,,,0,0,0,,,,,,0,0,0,,,,,,0,0,0,,,,,,0,0,0,,,,,,2007-02-12,,,,,
4610095,2007,6,52,5,0,150107A201,150118,0,3,1,,,,,,0,0,0,,,,,,0,0,0,,,,,,0,0,0,,,,,,0,0,0,,,,,,0,0,0,,,,,,2007-02-12,,,,,
4610428,2007,7,52,5,0,150107A201,150107,0,7,12,,,,,,0,0,0,,,,,,0,0,0,,,,,,0,0,4,,,,,,0,0,0,,,,,,0,0,0,,,,,,2007-02-19,,,,,
4610431,2007,7,52,5,0,150107A201,150118,0,2,4,,,,,,0,0,0,,,,,,0,0,0,,,,,,1,0,0,,,,,,0,0,0,,,,,,0,0,0,,,,,,2007-02-19,,,,,
4610803,2007,8,52,5,0,150107A201,150103,0,1,1,,,,,,0,0,0,,,,,,0,0,0,,,,,,0,0,0,,,,,,0,0,0,,,,,,0,0,0,,,,,,2007-02-26,,,,,
4610806,2007,8,52,5,0,150107A201,150107,2,3,7,,,,,,0,0,0,,,,,,0,0,0,,,,,,1,2,2,,,,,,0,0,0,,,,,,0,0,0,,,,,,2007-02-26,,,,,
4610809,2007,8,52,5,0,150107A201,150118,1,1,3,,,,,,0,0,0,,,,,,0,0,0,,,,,,0,0,0,,,,,,0,0,0,,,,,,0,0,0,,,,,,2007-02-26,,,,,
4611151,2007,9,52,5,0,150107A201,150107,3,1,16,,,,,,0,0,0,,,,,,0,0,0,,,,,,0,0,0,,,,,,0,0,0,,,,,,0,0,0,,,,,,2007-03-05,,,,,
4611154,2007,9,52,5,0,150107A201,150118,0,0,1,,,,,,0,0,0,,,,,,0,0,0,,,,,,0,0,0,,,,,,0,0,0,,,,,,0,0,0,,,,,,2007-03-05,,,,,
4611487,2007,10,52,5,0,150107A201,150103,0,0,1,,,,,,0,0,0,,,,,,0,0,0,,,,,,0,0,0,,,,,,0,0,0,,,,,,0,0,0,,,,,,2007-03-12,,,,,
4611490,2007,10,52,5,0,150107A201,150107,0,3,8,,,,,,0,0,0,,,,,,0,0,0,,,,,,0,0,0,,,,,,0,0,0,,,,,,0,0,0,,,,,,2007-03-12,,,,,
4611493,2007,10,52,5,0,150107A201,150118,0,1,10,,,,,,0,0,0,,,,,,0,0,0,,,,,,0,0,0,,,,,,0,0,0,,,,,,0,0,0,,,,,,2007-03-12,,,,,
4614139,2007,11,52,5,0,150107A201,150107,0,6,2,,,,,,0,0,0,,,,,,0,0,0,,,,,,0,0,1,,,,,,0,0,0,,,,,,0,0,0,,,,,,2007-03-20,,,,,
4614142,2007,11,52,5,0,150107A201,150118,0,1,0,,,,,,0,0,0,,,,,,0,0,0,,,,,,0,0,0,,,,,,0,0,0,,,,,,0,0,0,,,,,,2007-03-20,,,,,
4614454,2007,12,52,5,0,150107A201,150103,0,0,2,,,,,,0,0,0,,,,,,0,0,0,,,,,,0,0,0,,,,,,0,0,0,,,,,,0,0,0,,,,,,2007-03-26,,,,,
4614457,2007,12,52,5,0,150107A201,150107,1,4,8,,,,,,0,0,0,,,,,,0,0,0,,,,,,0,0,0,,,,,,0,0,0,,,,,,0,0,0,,,,,,2007-03-26,,,,,
4614460,2007,12,52,5,0,150107A201,150118,0,4,1,,,,,,0,0,0,,,,,,0,0,0,,,,,,0,0,0,,,,,,0,0,0,,,,,,0,0,0,,,,,,2007-03-26,,,,,
4614760,2007,13,52,5,0,150107A201,150107,0,3,7,,,,,,0,0,0,,,,,,0,0,1,,,,,,0,0,0,,,,,,0,0,0,,,,,,0,0,0,,,,,,2007-04-02,,,,,
4614763,2007,13,52,5,0,150107A201,150118,0,0,6,,,,,,0,0,0,,,,,,0,0,0,,,,,,0,0,1,,,,,,0,0,0,,,,,,0,0,0,,,,,,2007-04-02,,,,,
4615045,2007,14,52,5,0,150107A201,150107,0,0,2,,,,,,0,0,0,,,,,,0,0,0,,,,,,0,0,1,,,,,,0,0,0,,,,,,0,0,0,,,,,,2007-04-09,,,,,
4615048,2007,14,52,5,0,150107A201,150118,0,0,8,,,,,,0,0,0,,,,,,0,0,0,,,,,,0,0,0,,,,,,0,0,0,,,,,,0,0,0,,,,,,2007-04-09,,,,,
4615324,2007,15,52,5,0,150107A201,150107,1,2,9,,,,,,0,0,0,,,,,,0,0,0,,,,,,0,0,0,,,,,,0,0,0,,,,,,0,0,0,,,,,,2007-04-17,,,,,
4615327,2007,15,52,5,0,150107A201,150118,0,2,7,,,,,,0,0,0,,,,,,0,0,0,,,,,,0,0,0,,,,,,0,0,0,,,,,,0,0,0,,,,,,2007-04-17,,,,,
4615612,2007,16,52,5,0,150107A201,150107,3,5,8,,,,,,0,0,0,,,,,,0,0,0,,,,,,0,0,0,,,,,,0,0,0,,,,,,0,0,0,,,,,,2007-04-22,,,,,
4615615,2007,16,52,5,0,150107A201,150118,0,1,2,,,,,,0,0,0,,,,,,0,0,0,,,,,,0,0,0,,,,,,0,0,0,,,,,,0,0,0,,,,,,2007-04-22,,,,,
4611988,2007,17,52,5,0,150107A201,150107,1,4,5,,,,,,0,0,0,,,,,,0,0,0,,,,,,0,1,1,,,,,,0,0,0,,,,,,0,0,0,,,,,,2007-04-30,,,,,
4611991,2007,17,52,5,0,150107A201,150118,0,0,4,,,,,,0,0,0,,,,,,0,0,0,,,,,,0,0,0,,,,,,0,0,0,,,,,,0,0,0,,,,,,2007-04-30,,,,,
4612231,2007,18,52,5,0,150107A201,150107,0,3,8,,,,,,0,0,0,,,,,,0,0,0,,,,,,0,1,1,,,,,,0,0,0,,,,,,0,0,0,,,,,,2007-05-07,,,,,
4612234,2007,18,52,5,0,150107A201,150118,0,0,7,,,,,,0,0,0,,,,,,0,0,0,,,,,,0,0,0,,,,,,0,0,0,,,,,,0,0,0,,,,,,2007-05-07,,,,,
4612534,2007,19,52,5,0,150107A201,150107,2,4,12,,,,,,0,0,0,,,,,,0,0,0,,,,,,0,0,1,,,,,,0,0,0,,,,,,0,0,0,,,,,,2007-05-14,,,,,
4612537,2007,19,52,5,0,150107A201,150118,0,1,2,,,,,,0,0,0,,,,,,0,0,0,,,,,,0,0,0,,,,,,0,0,0,,,,,,0,0,0,,,,,,2007-05-14,,,,,
4612879,2007,20,52,5,0,150107A201,150107,2,4,5,,,,,,0,0,0,,,,,,0,0,0,,,,,,0,2,0,,,,,,0,0,0,,,,,,0,0,0,,,,,,2007-05-21,,,,,
4612882,2007,20,52,5,0,150107A201,150118,0,2,1,,,,,,0,0,0,,,,,,0,0,0,,,,,,0,0,0,,,,,,0,0,0,,,,,,0,0,0,,,,,,2007-05-21,,,,,
4615858,2007,21,52,5,0,150107A201,150107,1,1,8,,,,,,0,0,0,,,,,,0,0,0,,,,,,0,2,1,,,,,,0,0,0,,,,,,0,0,0,,,,,,2007-05-28,,,,,
4615861,2007,21,52,5,0,150107A201,150118,0,0,2,,,,,,0,0,0,,,,,,0,0,0,,,,,,0,0,0,,,,,,0,0,0,,,,,,0,0,0,,,,,,2007-05-28,,,,,
4613512,2007,22,52,5,0,150107A201,150107,1,2,7,,,,,,0,0,0,,,,,,0,0,1,,,,,,0,0,0,,,,,,0,0,0,,,,,,0,0,0,,,,,,2007-06-04,,,,,
4613899,2007,23,52,5,0,150107A201,150107,1,4,9,,,,,,0,0,0,,,,,,0,0,0,,,,,,0,0,1,,,,,,0,0,0,,,,,,0,0,0,,,,,,2007-06-11,,,,,
4613902,2007,23,52,5,0,150107A201,150118,0,0,4,,,,,,0,0,0,,,,,,0,0,0,,,,,,0,0,0,,,,,,0,0,0,,,,,,0,0,0,,,,,,2007-06-11,,,,,
4616107,2007,24,52,5,0,150107A201,150107,1,5,2,,,,,,0,0,0,,,,,,0,0,0,,,,,,1,1,0,,,,,,0,0,0,,,,,,0,0,0,,,,,,2007-06-18,,,,,
4616110,2007,24,52,5,0,150107A201,150118,0,3,0,,,,,,0,0,0,,,,,,0,0,0,,,,,,0,0,0,,,,,,0,0,0,,,,,,0,0,0,,,,,,2007-06-18,,,,,
4616356,2007,25,52,5,0,150107A201,150107,1,7,8,,,,,,0,0,0,,,,,,0,0,0,,,,,,0,0,0,,,,,,0,0,0,,,,,,0,0,0,,,,,,2007-06-26,,,,,
4616359,2007,25,52,5,0,150107A201,150118,0,1,1,,,,,,0,0,0,,,,,,0,0,0,,,,,,0,0,0,,,,,,0,0,0,,,,,,0,0,0,,,,,,2007-06-26,,,,,
4616764,2007,26,52,5,0,150107A201,150107,2,6,6,,,,,,0,0,0,,,,,,0,0,0,,,,,,0,0,0,,,,,,0,0,0,,,,,,0,0,0,,,,,,2007-07-03,,,,,
4616767,2007,26,52,5,0,150107A201,150118,1,3,2,,,,,,0,0,0,,,,,,0,0,0,,,,,,0,0,0,,,,,,0,0,0,,,,,,0,0,0,,,,,,2007-07-03,,,,,
4616770,2007,26,52,5,0,150107A201,150103,0,1,0,,,,,,0,0,0,,,,,,0,0,0,,,,,,0,0,0,,,,,,0,0,0,,,,,,0,0,0,,,,,,2007-07-03,,,,,
4617100,2007,27,52,5,0,150107A201,150107,0,3,5,,,,,,0,0,0,,,,,,0,0,0,,,,,,0,0,0,,,,,,0,0,0,,,,,,0,0,0,,,,,,2007-07-09,,,,,
4617103,2007,27,52,5,0,150107A201,150118,0,0,2,,,,,,0,0,0,,,,,,0,0,0,,,,,,0,0,0,,,,,,0,0,0,,,,,,0,0,0,,,,,,2007-07-09,,,,,
4617430,2007,28,52,5,0,150107A201,150107,1,8,5,,,,,,0,0,0,,,,,,0,0,0,,,,,,0,2,0,,,,,,0,0,0,,,,,,0,0,0,,,,,,2007-07-16,,,,,
4617433,2007,28,52,5,0,150107A201,150118,2,1,1,,,,,,0,0,0,,,,,,0,0,0,,,,,,0,0,0,,,,,,0,0,0,,,,,,0,0,0,,,,,,2007-07-16,,,,,
4617763,2007,29,52,5,0,150107A201,150107,2,3,4,,,,,,0,0,0,,,,,,0,0,0,,,,,,0,0,1,,,,,,0,0,0,,,,,,0,0,0,,,,,,2007-07-23,,,,,
4617766,2007,29,52,5,0,150107A201,150118,0,0,0,,,,,,0,0,0,,,,,,0,0,0,,,,,,0,1,0,,,,,,0,0,0,,,,,,0,0,0,,,,,,2007-07-23,,,,,
4618099,2007,30,52,5,0,150107A201,150107,2,1,3,,,,,,0,0,0,,,,,,0,0,0,,,,,,0,0,0,,,,,,0,0,0,,,,,,0,0,0,,,,,,2007-07-31,,,,,
4618381,2007,31,52,5,0,150107A201,150107,0,1,6,,,,,,0,0,0,,,,,,0,0,0,,,,,,0,0,0,,,,,,0,0,0,,,,,,0,0,0,,,,,,2007-08-06,,,,,
4618384,2007,31,52,5,0,150107A201,150118,0,0,2,,,,,,0,0,0,,,,,,0,0,0,,,,,,0,0,0,,,,,,0,0,0,,,,,,0,0,0,,,,,,2007-08-06,,,,,
4618711,2007,32,52,5,0,150107A201,150107,1,7,5,,,,,,0,0,0,,,,,,0,0,0,,,,,,0,0,0,,,,,,0,0,0,,,,,,0,0,0,,,,,,2007-08-13,,,,,
4618714,2007,32,52,5,0,150107A201,150118,0,2,1,,,,,,0,0,0,,,,,,0,0,0,,,,,,0,0,0,,,,,,0,0,0,,,,,,0,0,0,,,,,,2007-08-13,,,,,
4618903,2007,33,52,5,0,150107A201,150107,0,3,1,,,,,,0,0,0,,,,,,0,0,0,,,,,,0,0,1,,,,,,0,0,0,,,,,,0,0,0,,,,,,2007-08-21,,,,,
4619320,2007,34,52,5,0,150107A201,150107,0,2,5,,,,,,0,0,0,,,,,,0,0,0,,,,,,2,1,0,,,,,,0,0,0,,,,,,0,0,0,,,,,,2007-08-27,,,,,
4619323,2007,34,52,5,0,150107A201,150118,0,0,1,,,,,,0,0,0,,,,,,0,0,0,,,,,,0,0,2,,,,,,0,0,0,,,,,,0,0,0,,,,,,2007-08-27,,,,,
4619503,2007,35,52,5,0,150107A201,150107,0,1,6,,,,,,0,0,0,,,,,,0,0,0,,,,,,2,0,0,,,,,,0,0,0,,,,,,0,0,0,,,,,,2007-09-04,,,,,
4619506,2007,35,52,5,0,150107A201,150118,0,0,2,,,,,,0,0,0,,,,,,0,0,0,,,,,,0,0,0,,,,,,0,0,0,,,,,,0,0,0,,,,,,2007-09-04,,,,,
4619890,2007,36,52,5,0,150107A201,150107,0,5,3,,,,,,0,0,0,,,,,,0,0,0,,,,,,0,0,0,,,,,,0,0,0,,,,,,0,0,0,,,,,,2007-09-10,,,,,
4619893,2007,36,52,5,0,150107A201,150118,0,0,2,,,,,,0,0,0,,,,,,0,0,0,,,,,,0,0,0,,,,,,0,0,0,,,,,,0,0,0,,,,,,2007-09-10,,,,,
4620205,2007,37,52,5,0,150107A201,150107,1,0,4,,,,,,0,0,0,,,,,,0,0,0,,,,,,0,0,0,,,,,,0,0,0,,,,,,0,0,0,,,,,,2007-09-18,,,,,
4620208,2007,37,52,5,0,150107A201,150118,1,0,0,,,,,,0,0,0,,,,,,0,0,0,,,,,,0,0,0,,,,,,0,0,0,,,,,,0,0,0,,,,,,2007-09-18,,,,,
4620481,2007,38,52,5,0,150107A201,150107,0,1,5,,,,,,0,0,0,,,,,,0,0,0,,,,,,0,1,2,,,,,,0,0,0,,,,,,0,0,0,,,,,,2007-09-24,,,,,
4620484,2007,38,52,5,0,150107A201,150118,0,0,2,,,,,,0,0,0,,,,,,0,0,0,,,,,,0,0,0,,,,,,0,0,0,,,,,,0,0,0,,,,,,2007-09-24,,,,,
4620811,2007,39,52,5,0,150107A201,150107,0,2,7,,,,,,0,0,0,,,,,,0,0,0,,,,,,0,0,2,,,,,,0,0,0,,,,,,0,0,0,,,,,,2007-10-01,,,,,
4620814,2007,39,52,5,0,150107A201,150118,0,0,0,,,,,,0,0,0,,,,,,0,0,0,,,,,,0,0,1,,,,,,0,0,0,,,,,,0,0,0,,,,,,2007-10-01,,,,,
4621132,2007,40,52,5,0,150107A201,150107,1,1,11,,,,,,0,0,0,,,,,,0,0,0,,,,,,1,0,0,,,,,,0,0,0,,,,,,0,0,0,,,,,,2007-10-09,,,,,
4621135,2007,40,52,5,0,150107A201,150118,0,0,2,,,,,,0,0,0,,,,,,0,0,0,,,,,,0,0,0,,,,,,0,0,0,,,,,,0,0,0,,,,,,2007-10-09,,,,,
4621420,2007,41,52,5,0,150107A201,150107,2,7,9,,,,,,0,0,0,,,,,,0,0,0,,,,,,1,0,1,,,,,,0,0,0,,,,,,0,0,0,,,,,,2007-10-15,,,,,
4621423,2007,41,52,5,0,150107A201,150118,0,2,1,,,,,,0,0,0,,,,,,0,0,0,,,,,,0,0,0,,,,,,0,0,0,,,,,,0,0,0,,,,,,2007-10-15,,,,,
4621729,2007,42,52,5,0,150107A201,150107,2,1,5,,,,,,0,0,0,,,,,,0,0,0,,,,,,0,0,0,,,,,,0,0,0,,,,,,0,0,0,,,,,,2007-10-22,,,,,
4621732,2007,42,52,5,0,150107A201,150118,1,0,1,,,,,,0,0,0,,,,,,0,0,0,,,,,,0,0,0,,,,,,0,0,0,,,,,,0,0,0,,,,,,2007-10-22,,,,,
4622038,2007,43,52,5,0,150107A201,150107,2,2,4,,,,,,0,0,0,,,,,,0,0,0,,,,,,0,0,0,,,,,,0,0,0,,,,,,0,0,0,,,,,,2007-10-29,,,,,
4622041,2007,43,52,5,0,150107A201,150118,0,1,1,,,,,,0,0,0,,,,,,0,0,0,,,,,,0,0,0,,,,,,0,0,0,,,,,,0,0,0,,,,,,2007-10-29,,,,,
4622332,2007,44,52,5,0,150107A201,150107,0,4,2,,,,,,0,0,0,,,,,,0,0,0,,,,,,0,0,0,,,,,,0,0,0,,,,,,0,0,0,,,,,,2007-11-05,,,,,
4622335,2007,44,52,5,0,150107A201,150118,0,2,2,,,,,,0,0,0,,,,,,0,0,0,,,,,,0,0,0,,,,,,0,0,0,,,,,,0,0,0,,,,,,2007-11-05,,,,,
4622338,2007,44,52,5,0,150107A201,150103,1,0,0,,,,,,0,0,0,,,,,,0,0,0,,,,,,0,0,0,,,,,,0,0,0,,,,,,0,0,0,,,,,,2007-11-05,,,,,
4622632,2007,45,52,5,0,150107A201,150107,1,2,3,,,,,,0,0,0,,,,,,0,0,0,,,,,,0,1,0,,,,,,0,0,0,,,,,,0,0,0,,,,,,2007-11-12,,,,,
4622635,2007,45,52,5,0,150107A201,150118,0,1,2,,,,,,0,0,0,,,,,,0,0,0,,,,,,0,1,0,,,,,,0,0,0,,,,,,0,0,0,,,,,,2007-11-12,,,,,
4622920,2007,46,52,5,0,150107A201,150107,2,2,8,,,,,,0,0,0,,,,,,0,0,0,,,,,,0,0,1,,,,,,0,0,0,,,,,,0,0,0,,,,,,2007-11-19,,,,,
4622923,2007,46,52,5,0,150107A201,150118,0,0,3,,,,,,0,0,0,,,,,,0,0,0,,,,,,0,0,0,,,,,,0,0,0,,,,,,0,0,0,,,,,,2007-11-19,,,,,
4623229,2007,47,52,5,0,150107A201,150107,1,2,2,,,,,,0,0,0,,,,,,0,0,0,,,,,,0,0,1,,,,,,0,0,0,,,,,,0,0,0,,,,,,2007-11-26,,,,,
4623232,2007,47,52,5,0,150107A201,150118,0,1,1,,,,,,0,0,0,,,,,,0,0,0,,,,,,0,0,0,,,,,,0,0,0,,,,,,0,0,0,,,,,,2007-11-26,,,,,
4623499,2007,48,52,5,0,150107A201,150107,0,1,2,,,,,,0,0,0,,,,,,0,0,0,,,,,,0,0,0,,,,,,0,0,0,,,,,,0,0,0,,,,,,2007-12-04,,,,,
4623502,2007,48,52,5,0,150107A201,150118,0,0,1,,,,,,0,0,0,,,,,,0,0,0,,,,,,0,0,2,,,,,,0,0,0,,,,,,0,0,0,,,,,,2007-12-04,,,,,
4623832,2007,49,52,5,0,150107A201,150107,1,5,11,,,,,,0,0,0,,,,,,0,0,0,,,,,,0,1,2,,,,,,0,0,0,,,,,,0,0,0,,,,,,2007-12-10,,,,,
4623835,2007,49,52,5,0,150107A201,150118,0,1,1,,,,,,0,0,0,,,,,,0,0,0,,,,,,0,1,1,,,,,,0,0,0,,,,,,0,0,0,,,,,,2007-12-10,,,,,
4624183,2007,50,52,5,0,150107A201,150107,1,4,7,,,,,,0,0,0,,,,,,0,0,0,,,,,,0,1,1,,,,,,0,0,0,,,,,,0,0,0,,,,,,2007-12-17,,,,,
4624186,2007,50,52,5,0,150107A201,150118,0,1,2,,,,,,0,0,0,,,,,,0,0,0,,,,,,0,0,0,,,,,,0,0,0,,,,,,0,0,0,,,,,,2007-12-17,,,,,
4624471,2007,51,52,5,0,150107A201,150107,0,0,4,,,,,,0,0,0,,,,,,0,0,0,,,,,,0,1,0,,,,,,0,0,0,,,,,,0,0,0,,,,,,2007-12-26,,,,,
4624474,2007,51,52,5,0,150107A201,150118,0,0,2,,,,,,0,0,0,,,,,,0,0,0,,,,,,0,0,1,,,,,,0,0,0,,,,,,0,0,0,,,,,,2007-12-26,,,,,
4624477,2007,51,52,5,0,150107A201,150103,0,0,1,,,,,,0,0,0,,,,,,0,0,0,,,,,,0,0,0,,,,,,0,0,0,,,,,,0,0,0,,,,,,2007-12-26,,,,,
4624828,2007,52,52,5,0,150107A201,150107,0,1,10,,,,,,0,0,0,,,,,,0,1,0,,,,,,0,0,0,,,,,,0,0,0,,,,,,0,0,0,,,,,,2008-01-02,,,,,
4624831,2007,52,52,5,0,150107A201,150118,0,1,2,,,,,,0,0,0,,,,,,0,0,0,,,,,,0,0,0,,,,,,0,0,0,,,,,,0,0,0,,,,,,2008-01-02,,,,,
4624834,2007,52,52,5,0,150107A201,150103,0,0,1,,,,,,0,0,0,,,,,,0,0,0,,,,,,0,0,0,,,,,,0,0,0,,,,,,0,0,0,,,,,,2008-01-02,,,,,
5376973,2008,1,52,5,0,150107A201,150107,0,7,4,,,,,,0,0,0,,,,,,0,0,0,,,,,,0,0,0,,,,,,0,0,0,,,,,,0,0,0,,,,,,2008-01-07,,,,,
5377279,2008,2,52,5,0,150107A201,150107,2,1,11,,,,,,0,0,0,,,,,,0,0,0,,,,,,0,0,0,,,,,,0,0,0,,,,,,0,0,0,,,,,,2008-01-14,,,,,
5377282,2008,2,52,5,0,150107A201,150118,0,0,1,,,,,,0,0,0,,,,,,0,0,0,,,,,,0,0,0,,,,,,0,0,0,,,,,,0,0,0,,,,,,2008-01-14,,,,,
5377612,2008,3,52,5,0,150107A201,150107,0,3,16,,,,,,0,0,0,,,,,,0,0,0,,,,,,0,0,0,,,,,,0,0,0,,,,,,0,0,0,,,,,,2008-01-21,,,,,
5377615,2008,3,52,5,0,150107A201,150118,0,2,2,,,,,,0,0,0,,,,,,0,0,0,,,,,,0,0,0,,,,,,0,0,0,,,,,,0,0,0,,,,,,2008-01-21,,,,,
5377924,2008,4,52,5,0,150107A201,150107,1,1,7,,,,,,0,0,0,,,,,,0,0,0,,,,,,1,0,0,,,,,,0,0,0,,,,,,0,0,0,,,,,,2008-01-28,,,,,
5377927,2008,4,52,5,0,150107A201,150118,1,0,1,,,,,,0,0,0,,,,,,0,0,0,,,,,,0,0,0,,,,,,0,0,0,,,,,,0,0,0,,,,,,2008-01-28,,,,,
5378281,2008,5,52,5,0,150107A201,150107,4,5,13,,,,,,0,0,0,,,,,,0,0,0,,,,,,0,0,0,,,,,,0,0,0,,,,,,0,0,0,,,,,,2008-02-04,,,,,
5378284,2008,5,52,5,0,150107A201,150118,0,0,1,,,,,,0,0,0,,,,,,0,0,0,,,,,,0,0,0,,,,,,0,0,0,,,,,,0,0,0,,,,,,2008-02-04,,,,,
5378632,2008,6,52,5,0,150107A201,150107,1,4,5,,,,,,0,0,0,,,,,,0,0,0,,,,,,0,0,0,,,,,,0,0,0,,,,,,0,0,0,,,,,,2008-02-11,,,,,
5378635,2008,6,52,5,0,150107A201,150118,0,2,2,,,,,,0,0,0,,,,,,0,0,0,,,,,,0,0,1,,,,,,0,0,0,,,,,,0,0,0,,,,,,2008-02-11,,,,,
5378638,2008,6,52,5,0,150107A201,150103,0,0,2,,,,,,0,0,0,,,,,,0,0,0,,,,,,0,0,1,,,,,,0,0,0,,,,,,0,0,0,,,,,,2008-02-11,,,,,
5378950,2008,7,52,5,0,150107A201,150107,1,2,8,,,,,,0,0,0,,,,,,0,0,0,,,,,,0,0,0,,,,,,0,0,0,,,,,,0,0,0,,,,,,2008-02-18,,,,,
5378953,2008,7,52,5,0,150107A201,150118,0,1,7,,,,,,0,0,0,,,,,,0,0,0,,,,,,0,0,0,,,,,,0,0,0,,,,,,0,0,0,,,,,,2008-02-18,,,,,
5379322,2008,8,52,5,0,150107A201,150107,0,4,8,,,,,,0,0,0,,,,,,0,0,0,,,,,,0,1,0,,,,,,0,0,0,,,,,,0,0,0,,,,,,2008-02-25,,,,,
5379325,2008,8,52,5,0,150107A201,150118,0,1,5,,,,,,0,0,0,,,,,,0,0,0,,,,,,0,1,0,,,,,,0,0,0,,,,,,0,0,0,,,,,,2008-02-25,,,,,
5379607,2008,9,52,5,0,150107A201,150107,2,3,4,,,,,,0,0,0,,,,,,0,0,0,,,,,,0,0,0,,,,,,0,0,0,,,,,,0,0,0,,,,,,2008-03-03,,,,,
5379610,2008,9,52,5,0,150107A201,150118,0,2,2,,,,,,0,0,0,,,,,,0,0,0,,,,,,0,0,0,,,,,,0,0,0,,,,,,0,0,0,,,,,,2008-03-03,,,,,
5379613,2008,9,52,5,0,150107A201,150103,0,0,1,,,,,,0,0,0,,,,,,0,0,0,,,,,,0,0,0,,,,,,0,0,0,,,,,,0,0,0,,,,,,2008-03-03,,,,,
5379916,2008,10,52,5,0,150107A201,150107,1,3,6,,,,,,0,0,0,,,,,,0,0,0,,,,,,1,2,6,,,,,,0,0,0,,,,,,0,0,0,,,,,,2008-03-10,,,,,
5379919,2008,10,52,5,0,150107A201,150118,0,1,0,,,,,,0,0,0,,,,,,0,0,0,,,,,,0,0,0,,,,,,0,0,0,,,,,,0,0,0,,,,,,2008-03-10,,,,,
5380270,2008,11,52,5,0,150107A201,150107,2,1,5,,,,,,0,0,0,,,,,,0,0,0,,,,,,0,0,1,,,,,,0,0,0,,,,,,0,0,0,,,,,,2008-03-17,,,,,
5380273,2008,11,52,5,0,150107A201,150118,1,0,2,,,,,,0,0,0,,,,,,0,0,0,,,,,,0,0,0,,,,,,0,0,0,,,,,,0,0,0,,,,,,2008-03-17,,,,,
5380603,2008,12,52,5,0,150107A201,150107,0,1,6,,,,,,0,0,0,,,,,,0,0,0,,,,,,0,0,1,,,,,,0,0,0,,,,,,0,0,0,,,,,,2008-03-25,,,,,
5380606,2008,12,52,5,0,150107A201,150118,0,0,3,,,,,,0,0,0,,,,,,0,0,0,,,,,,0,0,0,,,,,,0,0,0,,,,,,0,0,0,,,,,,2008-03-25,,,,,
5380858,2008,13,52,5,0,150107A201,150107,0,3,15,,,,,,0,0,0,,,,,,0,0,0,,,,,,0,1,1,,,,,,0,0,0,,,,,,0,0,0,,,,,,2008-03-31,,,,,
5380861,2008,13,52,5,0,150107A201,150118,0,1,2,,,,,,0,0,0,,,,,,0,0,0,,,,,,0,0,0,,,,,,0,0,0,,,,,,0,0,0,,,,,,2008-03-31,,,,,
5381209,2008,14,52,5,0,150107A201,150107,0,7,8,,,,,,0,0,0,,,,,,0,0,0,,,,,,0,0,1,,,,,,0,0,0,,,,,,0,0,0,,,,,,2008-04-07,,,,,
5381212,2008,14,52,5,0,150107A201,150118,0,1,4,,,,,,0,0,0,,,,,,0,0,0,,,,,,0,0,0,,,,,,0,0,0,,,,,,0,0,0,,,,,,2008-04-07,,,,,
5381215,2008,14,52,5,0,150107A201,150103,0,0,1,,,,,,0,0,0,,,,,,0,0,0,,,,,,0,0,0,,,,,,0,0,0,,,,,,0,0,0,,,,,,2008-04-07,,,,,
5381605,2008,15,52,5,0,150107A201,150107,1,2,1,,,,,,0,0,0,,,,,,0,0,0,,,,,,1,0,1,,,,,,0,0,0,,,,,,0,0,0,,,,,,2008-04-14,,,,,
5381608,2008,15,52,5,0,150107A201,150118,0,0,1,,,,,,0,0,0,,,,,,0,0,0,,,,,,0,0,1,,,,,,0,0,0,,,,,,0,0,0,,,,,,2008-04-14,,,,,
5381962,2008,16,52,5,0,150107A201,150107,2,4,5,,,,,,0,0,0,,,,,,0,0,0,,,,,,0,0,2,,,,,,0,0,0,,,,,,0,0,0,,,,,,2008-04-21,,,,,
5381965,2008,16,52,5,0,150107A201,150118,0,1,4,,,,,,0,0,0,,,,,,0,0,0,,,,,,0,0,0,,,,,,0,0,0,,,,,,0,0,0,,,,,,2008-04-21,,,,,
5381968,2008,16,52,5,0,150107A201,150103,0,0,1,,,,,,0,0,0,,,,,,0,0,0,,,,,,0,0,0,,,,,,0,0,0,,,,,,0,0,0,,,,,,2008-04-21,,,,,
5382229,2008,17,52,5,0,150107A201,150107,2,3,19,,,,,,0,0,0,,,,,,0,0,0,,,,,,0,1,1,,,,,,0,0,0,,,,,,0,0,0,,,,,,2008-04-28,,,,,
5382232,2008,17,52,5,0,150107A201,150118,0,1,2,,,,,,0,0,0,,,,,,0,0,0,,,,,,0,0,0,,,,,,0,0,0,,,,,,0,0,0,,,,,,2008-04-28,,,,,
5382235,2008,17,52,5,0,150107A201,150103,0,1,0,,,,,,0,0,0,,,,,,0,0,0,,,,,,0,0,0,,,,,,0,0,0,,,,,,0,0,0,,,,,,2008-04-28,,,,,
5382631,2008,18,52,5,0,150107A201,150107,4,4,9,,,,,,0,0,0,,,,,,0,0,0,,,,,,0,1,0,,,,,,0,0,0,,,,,,0,0,0,,,,,,2008-05-05,,,,,
5382634,2008,18,52,5,0,150107A201,150118,1,0,6,,,,,,0,0,0,,,,,,0,0,0,,,,,,0,0,0,,,,,,0,0,0,,,,,,0,0,0,,,,,,2008-05-05,,,,,
5382637,2008,18,52,5,0,150107A201,150103,0,0,2,,,,,,0,0,0,,,,,,0,0,0,,,,,,0,0,0,,,,,,0,0,0,,,,,,0,0,0,,,,,,2008-05-05,,,,,
5382874,2008,19,52,5,0,150107A201,150107,2,5,3,,,,,,0,0,0,,,,,,0,0,0,,,,,,0,0,1,,,,,,0,0,0,,,,,,0,0,0,,,,,,2008-05-12,,,,,
5382877,2008,19,52,5,0,150107A201,150118,0,0,2,,,,,,0,0,0,,,,,,0,0,0,,,,,,0,0,1,,,,,,0,0,0,,,,,,0,0,0,,,,,,2008-05-12,,,,,
5383261,2008,20,52,5,0,150107A201,150107,2,3,5,,,,,,0,0,0,,,,,,0,0,1,,,,,,0,0,0,,,,,,0,0,0,,,,,,0,0,0,,,,,,2008-05-19,,,,,
5383264,2008,20,52,5,0,150107A201,150118,0,1,1,,,,,,0,0,0,,,,,,0,0,0,,,,,,0,0,0,,,,,,0,0,0,,,,,,0,0,0,,,,,,2008-05-19,,,,,
5383474,2008,21,52,5,0,150107A201,150107,2,4,12,,,,,,0,0,0,,,,,,0,0,0,,,,,,0,0,0,,,,,,0,0,0,,,,,,0,0,0,,,,,,2008-05-26,,,,,
5383477,2008,21,52,5,0,150107A201,150118,0,1,1,,,,,,0,0,0,,,,,,0,0,0,,,,,,0,0,0,,,,,,0,0,0,,,,,,0,0,0,,,,,,2008-05-26,,,,,
5383897,2008,22,52,5,0,150107A201,150107,3,3,6,,,,,,0,0,0,,,,,,0,0,0,,,,,,0,0,0,,,,,,0,0,0,,,,,,0,0,0,,,,,,2008-06-02,,,,,
5383900,2008,22,52,5,0,150107A201,150118,0,2,4,,,,,,0,0,0,,,,,,0,0,0,,,,,,0,0,1,,,,,,0,0,0,,,,,,0,0,0,,,,,,2008-06-02,,,,,
5384236,2008,23,52,5,0,150107A201,150107,2,6,12,,,,,,0,0,0,,,,,,0,0,0,,,,,,0,3,0,,,,,,0,0,0,,,,,,0,0,0,,,,,,2008-06-09,,,,,
5384239,2008,23,52,5,0,150107A201,150118,0,2,2,,,,,,0,0,0,,,,,,0,0,0,,,,,,0,0,0,,,,,,0,0,0,,,,,,0,0,0,,,,,,2008-06-09,,,,,
5384569,2008,24,52,5,0,150107A201,150107,3,6,1,,,,,,0,0,0,,,,,,0,0,0,,,,,,1,2,1,,,,,,0,0,0,,,,,,0,0,0,,,,,,2008-06-17,,,,,
5384572,2008,24,52,5,0,150107A201,150118,1,1,1,,,,,,0,0,0,,,,,,0,0,0,,,,,,0,0,0,,,,,,0,0,0,,,,,,0,0,0,,,,,,2008-06-17,,,,,
5384887,2008,25,52,5,0,150107A201,150107,1,3,4,,,,,,0,0,0,,,,,,0,0,0,,,,,,0,0,1,,,,,,0,0,0,,,,,,0,0,0,,,,,,2008-06-23,,,,,
5384890,2008,25,52,5,0,150107A201,150118,0,2,3,,,,,,0,0,0,,,,,,0,0,0,,,,,,0,0,0,,,,,,0,0,0,,,,,,0,0,0,,,,,,2008-06-23,,,,,
5384893,2008,25,52,5,0,150107A201,150103,1,0,2,,,,,,0,0,0,,,,,,0,0,0,,,,,,0,0,0,,,,,,0,0,0,,,,,,0,0,0,,,,,,2008-06-23,,,,,
5385208,2008,26,52,5,0,150107A201,150107,1,2,2,,,,,,0,0,0,,,,,,0,0,0,,,,,,0,3,1,,,,,,0,0,0,,,,,,0,0,0,,,,,,2008-06-30,,,,,
5385211,2008,26,52,5,0,150107A201,150118,0,1,0,,,,,,0,0,0,,,,,,0,0,0,,,,,,0,0,0,,,,,,0,0,0,,,,,,0,0,0,,,,,,2008-06-30,,,,,
5385424,2008,27,52,5,0,150107A201,150107,1,1,5,,,,,,0,0,0,,,,,,0,0,0,,,,,,0,1,0,,,,,,0,0,0,,,,,,0,0,0,,,,,,2008-07-07,,,,,
5385427,2008,27,52,5,0,150107A201,150118,1,1,0,,,,,,0,0,0,,,,,,0,0,0,,,,,,1,0,0,,,,,,0,0,0,,,,,,0,0,0,,,,,,2008-07-07,,,,,
5385814,2008,28,52,5,0,150107A201,150107,3,3,6,,,,,,0,0,0,,,,,,0,0,0,,,,,,0,0,1,,,,,,0,0,0,,,,,,0,0,0,,,,,,2008-07-14,,,,,
5385817,2008,28,52,5,0,150107A201,150118,0,2,1,,,,,,0,0,0,,,,,,0,0,0,,,,,,0,0,2,,,,,,0,0,0,,,,,,0,0,0,,,,,,2008-07-14,,,,,
5385820,2008,28,52,5,0,150107A201,150103,0,0,1,,,,,,0,0,0,,,,,,0,0,0,,,,,,0,0,0,,,,,,0,0,0,,,,,,0,0,0,,,,,,2008-07-14,,,,,
5386141,2008,29,52,5,0,150107A201,150107,1,2,4,,,,,,0,0,0,,,,,,0,0,0,,,,,,0,0,0,,,,,,0,0,0,,,,,,0,0,0,,,,,,2008-07-21,,,,,
5386144,2008,29,52,5,0,150107A201,150118,0,0,4,,,,,,0,0,0,,,,,,0,0,0,,,,,,0,0,0,,,,,,0,0,0,,,,,,0,0,0,,,,,,2008-07-21,,,,,
5386327,2008,30,52,5,0,150107A201,150107,4,2,4,,,,,,0,0,0,,,,,,0,0,1,,,,,,0,0,1,,,,,,0,0,0,,,,,,0,0,0,,,,,,2008-07-30,,,,,
5386330,2008,30,52,5,0,150107A201,150118,0,0,2,,,,,,0,0,0,,,,,,0,0,0,,,,,,0,0,0,,,,,,0,0,0,,,,,,0,0,0,,,,,,2008-07-30,,,,,
5386333,2008,30,52,5,0,150107A201,150103,0,0,1,,,,,,0,0,0,,,,,,0,0,0,,,,,,0,0,0,,,,,,0,0,0,,,,,,0,0,0,,,,,,2008-07-30,,,,,
5386654,2008,31,52,5,0,150107A201,150107,0,1,4,,,,,,0,0,0,,,,,,0,0,0,,,,,,0,0,0,,,,,,0,0,0,,,,,,0,0,0,,,,,,2008-08-05,,,,,
5386657,2008,31,52,5,0,150107A201,150118,0,0,4,,,,,,0,0,0,,,,,,0,0,0,,,,,,0,0,0,,,,,,0,0,0,,,,,,0,0,0,,,,,,2008-08-05,,,,,
5387059,2008,32,52,5,0,150107A201,150107,0,2,5,,,,,,0,0,0,,,,,,0,0,0,,,,,,0,0,0,,,,,,0,0,0,,,,,,0,0,0,,,,,,2008-08-12,,,,,
5387062,2008,32,52,5,0,150107A201,150118,0,0,4,,,,,,0,0,0,,,,,,0,0,0,,,,,,0,0,0,,,,,,0,0,0,,,,,,0,0,0,,,,,,2008-08-12,,,,,
5387380,2008,33,52,5,0,150107A201,150107,2,0,4,,,,,,0,0,0,,,,,,0,0,0,,,,,,0,0,0,,,,,,0,0,0,,,,,,0,0,0,,,,,,2008-08-18,,,,,
5387383,2008,33,52,5,0,150107A201,150118,1,0,5,,,,,,0,0,0,,,,,,0,0,0,,,,,,0,0,0,,,,,,0,0,0,,,,,,0,0,0,,,,,,2008-08-18,,,,,
5387386,2008,33,52,5,0,150107A201,150103,0,0,1,,,,,,0,0,0,,,,,,0,0,0,,,,,,0,0,0,,,,,,0,0,0,,,,,,0,0,0,,,,,,2008-08-18,,,,,
5387653,2008,34,52,5,0,150107A201,150107,2,4,8,,,,,,0,0,0,,,,,,0,0,0,,,,,,1,0,0,,,,,,0,0,0,,,,,,0,0,0,,,,,,2008-08-25,,,,,
5387656,2008,34,52,5,0,150107A201,150118,0,0,1,,,,,,0,0,0,,,,,,0,0,0,,,,,,0,0,0,,,,,,0,0,0,,,,,,0,0,0,,,,,,2008-08-25,,,,,
5388004,2008,35,52,5,0,150107A201,150107,0,1,9,,,,,,0,0,0,,,,,,0,0,0,,,,,,0,0,0,,,,,,0,0,0,,,,,,0,0,0,,,,,,2008-09-02,,,,,
5388007,2008,35,52,5,0,150107A201,150118,0,0,2,,,,,,0,0,0,,,,,,0,0,0,,,,,,0,0,0,,,,,,0,0,0,,,,,,0,0,0,,,,,,2008-09-02,,,,,
5388268,2008,36,52,5,0,150107A201,150107,2,1,6,,,,,,0,0,0,,,,,,0,0,0,,,,,,0,0,0,,,,,,0,0,0,,,,,,0,0,0,,,,,,2008-09-08,,,,,
5388271,2008,36,52,5,0,150107A201,150118,0,1,2,,,,,,0,0,0,,,,,,0,0,0,,,,,,0,0,0,,,,,,0,0,0,,,,,,0,0,0,,,,,,2008-09-08,,,,,
5388556,2008,37,52,5,0,150107A201,150107,1,2,3,,,,,,0,0,0,,,,,,0,0,0,,,,,,0,0,0,,,,,,0,0,0,,,,,,0,0,0,,,,,,2008-09-16,,,,,
5388559,2008,37,52,5,0,150107A201,150118,0,2,3,,,,,,0,0,0,,,,,,0,0,0,,,,,,0,0,0,,,,,,0,0,0,,,,,,0,0,0,,,,,,2008-09-16,,,,,
5388868,2008,38,52,5,0,150107A201,150107,1,1,4,,,,,,0,0,0,,,,,,0,1,0,,,,,,0,0,0,,,,,,0,0,0,,,,,,0,0,0,,,,,,2008-09-22,,,,,
5388871,2008,38,52,5,0,150107A201,150118,0,0,1,,,,,,0,0,0,,,,,,0,0,0,,,,,,0,0,0,,,,,,0,0,0,,,,,,0,0,0,,,,,,2008-09-22,,,,,
5389120,2008,39,52,5,0,150107A201,150107,2,2,2,,,,,,0,0,0,,,,,,0,0,0,,,,,,1,0,0,,,,,,0,0,0,,,,,,0,0,0,,,,,,2008-09-29,,,,,
5389123,2008,39,52,5,0,150107A201,150118,0,1,4,,,,,,0,0,0,,,,,,0,0,0,,,,,,0,0,0,,,,,,0,0,0,,,,,,0,0,0,,,,,,2008-09-29,,,,,
5389126,2008,39,52,5,0,150107A201,150103,1,0,1,,,,,,0,0,0,,,,,,0,0,0,,,,,,0,0,0,,,,,,0,0,0,,,,,,0,0,0,,,,,,2008-09-29,,,,,
5389462,2008,40,52,5,0,150107A201,150107,1,4,4,,,,,,0,0,0,,,,,,0,0,0,,,,,,0,0,0,,,,,,0,0,0,,,,,,0,0,0,,,,,,2008-10-06,,,,,
5389465,2008,40,52,5,0,150107A201,150118,0,0,1,,,,,,0,0,0,,,,,,0,0,0,,,,,,0,0,0,,,,,,0,0,0,,,,,,0,0,0,,,,,,2008-10-06,,,,,
5389468,2008,40,52,5,0,150107A201,150103,0,0,1,,,,,,0,0,0,,,,,,0,0,0,,,,,,0,0,0,,,,,,0,0,0,,,,,,0,0,0,,,,,,2008-10-06,,,,,
5389651,2008,41,52,5,0,150107A201,150107,2,2,4,,,,,,0,0,0,,,,,,0,0,0,,,,,,1,0,1,,,,,,0,0,0,,,,,,0,0,0,,,,,,2008-10-14,,,,,
5389654,2008,41,52,5,0,150107A201,150118,1,0,2,,,,,,0,0,0,,,,,,0,0,0,,,,,,0,0,0,,,,,,0,0,0,,,,,,0,0,0,,,,,,2008-10-14,,,,,
5390077,2008,42,52,5,0,150107A201,150107,2,1,6,,,,,,0,0,0,,,,,,0,0,0,,,,,,0,1,2,,,,,,0,0,0,,,,,,0,0,0,,,,,,2008-10-20,,,,,
5390080,2008,42,52,5,0,150107A201,150118,0,1,1,,,,,,0,0,0,,,,,,0,0,0,,,,,,0,0,0,,,,,,0,0,0,,,,,,0,0,0,,,,,,2008-10-20,,,,,
5390347,2008,43,52,5,0,150107A201,150107,1,1,10,,,,,,0,0,0,,,,,,0,0,0,,,,,,0,0,0,,,,,,0,0,0,,,,,,0,0,0,,,,,,2008-10-27,,,,,
5390350,2008,43,52,5,0,150107A201,150118,0,1,0,,,,,,0,0,0,,,,,,0,0,0,,,,,,0,0,0,,,,,,0,0,0,,,,,,0,0,0,,,,,,2008-10-27,,,,,
5390659,2008,44,52,5,0,150107A201,150107,0,1,0,,,,,,0,0,0,,,,,,0,0,0,,,,,,0,0,0,,,,,,0,0,0,,,,,,0,0,0,,,,,,2008-11-03,,,,,
5390662,2008,44,52,5,0,150107A201,150118,0,0,2,,,,,,0,0,0,,,,,,0,0,0,,,,,,0,0,0,,,,,,0,0,0,,,,,,0,0,0,,,,,,2008-11-03,,,,,
5390665,2008,44,52,5,0,150107A201,150103,0,0,1,,,,,,0,0,0,,,,,,0,0,0,,,,,,0,0,0,,,,,,0,0,0,,,,,,0,0,0,,,,,,2008-11-03,,,,,
5390974,2008,45,52,5,0,150107A201,150107,2,4,4,,,,,,0,0,0,,,,,,0,0,0,,,,,,0,0,0,,,,,,0,0,0,,,,,,0,0,0,,,,,,2008-11-10,,,,,
5390977,2008,45,52,5,0,150107A201,150118,0,0,2,,,,,,0,0,0,,,,,,0,0,0,,,,,,0,0,0,,,,,,0,0,0,,,,,,0,0,0,,,,,,2008-11-10,,,,,
5391217,2008,46,52,5,0,150107A201,150107,0,1,6,,,,,,0,0,0,,,,,,0,0,0,,,,,,0,2,0,,,,,,0,0,0,,,,,,0,0,0,,,,,,2008-11-17,,,,,
5391550,2008,47,52,5,0,150107A201,150107,1,2,8,,,,,,0,0,0,,,,,,0,0,0,,,,,,0,1,0,,,,,,0,0,0,,,,,,0,0,0,,,,,,2008-11-24,,,,,
5391553,2008,47,52,5,0,150107A201,150118,0,0,1,,,,,,0,0,0,,,,,,0,0,0,,,,,,0,0,0,,,,,,0,0,0,,,,,,0,0,0,,,,,,2008-11-24,,,,,
5391937,2008,48,52,5,0,150107A201,150107,0,2,8,,,,,,0,0,0,,,,,,0,0,0,,,,,,0,0,0,,,,,,0,0,0,,,,,,0,0,0,,,,,,2008-12-01,,,,,
5391940,2008,48,52,5,0,150107A201,150118,0,1,2,,,,,,0,0,0,,,,,,0,0,0,,,,,,0,0,0,,,,,,0,0,0,,,,,,0,0,0,,,,,,2008-12-01,,,,,
5392219,2008,49,52,5,0,150107A201,150107,1,5,9,,,,,,0,0,0,,,,,,0,0,0,,,,,,0,1,1,,,,,,0,0,0,,,,,,0,0,0,,,,,,2008-12-09,,,,,
5392222,2008,49,52,5,0,150107A201,150118,0,1,1,,,,,,0,0,0,,,,,,0,0,0,,,,,,0,0,0,,,,,,0,0,0,,,,,,0,0,0,,,,,,2008-12-09,,,,,
5392225,2008,49,52,5,0,150107A201,150103,0,0,2,,,,,,0,0,0,,,,,,0,0,0,,,,,,0,0,0,,,,,,0,0,0,,,,,,0,0,0,,,,,,2008-12-09,,,,,
5392591,2008,50,52,5,0,150107A201,150107,1,0,10,,,,,,0,0,0,,,,,,0,0,0,,,,,,0,1,0,,,,,,0,0,0,,,,,,0,0,0,,,,,,2008-12-16,,,,,
5392594,2008,50,52,5,0,150107A201,150118,0,0,4,,,,,,0,0,0,,,,,,0,0,0,,,,,,0,0,1,,,,,,0,0,0,,,,,,0,0,0,,,,,,2008-12-16,,,,,
5392597,2008,50,52,5,0,150107A201,150103,0,1,1,,,,,,0,0,0,,,,,,0,0,0,,,,,,0,0,0,,,,,,0,0,0,,,,,,0,0,0,,,,,,2008-12-16,,,,,
5392900,2008,51,52,5,0,150107A201,150107,1,0,4,,,,,,0,0,0,,,,,,0,0,0,,,,,,0,0,0,,,,,,0,0,0,,,,,,0,0,0,,,,,,2008-12-23,,,,,
5392903,2008,51,52,5,0,150107A201,150118,0,0,1,,,,,,0,0,0,,,,,,0,0,0,,,,,,0,0,0,,,,,,0,0,0,,,,,,0,0,0,,,,,,2008-12-23,,,,,
5392906,2008,51,52,5,0,150107A201,150103,0,0,1,,,,,,0,0,0,,,,,,0,0,0,,,,,,0,0,0,,,,,,0,0,0,,,,,,0,0,0,,,,,,2008-12-23,,,,,
5393152,2008,52,52,5,0,150107A201,150107,3,0,4,,,,,,0,0,0,,,,,,0,0,0,,,,,,1,0,0,,,,,,0,0,0,,,,,,0,0,0,,,,,,2008-12-30,,,,,
5393155,2008,52,52,5,0,150107A201,150118,0,2,3,,,,,,0,0,0,,,,,,0,0,0,,,,,,0,0,0,,,,,,0,0,0,,,,,,0,0,0,,,,,,2008-12-30,,,,,
5393440,2008,53,52,5,0,150107A201,150107,1,2,20,,,,,,0,0,0,,,,,,0,0,0,,,,,,0,1,0,,,,,,0,0,0,,,,,,0,0,0,,,,,,2009-01-06,,,,,
5393443,2008,53,52,5,0,150107A201,150118,1,0,6,,,,,,0,0,0,,,,,,0,0,0,,,,,,0,0,0,,,,,,0,0,0,,,,,,0,0,0,,,,,,2009-01-06,,,,,
6110794,2009,1,52,5,0,150107A201,150107,2,4,18,,,,,,0,0,0,,,,,,0,0,0,,,,,,0,0,1,,,,,,0,0,0,,,,,,0,0,0,,,,,,2009-01-10,,,,,
6110797,2009,1,52,5,0,150107A201,150118,0,2,1,,,,,,0,0,0,,,,,,0,0,0,,,,,,0,0,0,,,,,,0,0,0,,,,,,0,0,0,,,,,,2009-01-10,,,,,
6111154,2009,2,52,5,0,150107A201,150107,1,2,4,,,,,,0,0,0,,,,,,0,0,0,,,,,,0,0,1,,,,,,0,0,0,,,,,,0,0,0,,,,,,2009-01-19,,,,,
6111157,2009,2,52,5,0,150107A201,150118,0,1,13,,,,,,0,0,0,,,,,,0,0,0,,,,,,0,0,0,,,,,,0,0,0,,,,,,0,0,0,,,,,,2009-01-19,,,,,
6111160,2009,2,52,5,0,150107A201,150103,0,0,2,,,,,,0,0,0,,,,,,0,0,0,,,,,,0,0,0,,,,,,0,0,0,,,,,,0,0,0,,,,,,2009-01-19,,,,,
6111493,2009,3,52,5,0,150107A201,150107,1,1,11,,,,,,0,0,0,,,,,,0,0,0,,,,,,0,0,0,,,,,,0,0,0,,,,,,0,0,0,,,,,,2009-01-26,,,,,
6111496,2009,3,52,5,0,150107A201,150118,0,1,0,,,,,,0,0,0,,,,,,0,0,0,,,,,,0,0,0,,,,,,0,0,0,,,,,,0,0,0,,,,,,2009-01-26,,,,,
6111718,2009,4,52,5,0,150107A201,150107,4,5,8,,,,,,0,0,0,,,,,,0,0,0,,,,,,0,0,0,,,,,,0,0,0,,,,,,0,0,0,,,,,,2009-02-03,,,,,
6111823,2009,4,52,5,0,150107A201,150118,0,0,5,,,,,,0,0,0,,,,,,0,0,0,,,,,,0,0,0,,,,,,0,0,0,,,,,,0,0,0,,,,,,2009-02-03,,,,,
6111826,2009,4,52,5,0,150107A201,150103,1,0,0,,,,,,0,0,0,,,,,,0,0,0,,,,,,0,0,0,,,,,,0,0,0,,,,,,0,0,0,,,,,,2009-02-03,,,,,
6112147,2009,5,52,5,0,150107A201,150103,0,1,1,,,,,,0,0,0,,,,,,0,0,0,,,,,,0,0,0,,,,,,0,0,0,,,,,,0,0,0,,,,,,2009-02-09,,,,,
6112150,2009,5,52,5,0,150107A201,150107,0,7,16,,,,,,0,0,0,,,,,,0,0,0,,,,,,0,1,1,,,,,,0,0,0,,,,,,0,0,0,,,,,,2009-02-09,,,,,
6112153,2009,5,52,5,0,150107A201,150118,0,1,7,,,,,,0,0,0,,,,,,0,0,0,,,,,,0,0,0,,,,,,0,0,0,,,,,,0,0,0,,,,,,2009-02-09,,,,,
6112480,2009,6,52,5,0,150107A201,150107,1,7,22,,,,,,0,0,0,,,,,,0,0,0,,,,,,0,0,0,,,,,,0,0,0,,,,,,0,0,0,,,,,,2009-02-16,,,,,
6112483,2009,6,52,5,0,150107A201,150118,1,1,5,,,,,,0,0,0,,,,,,0,0,0,,,,,,0,0,0,,,,,,0,0,0,,,,,,0,0,0,,,,,,2009-02-16,,,,,
6112486,2009,6,52,5,0,150107A201,150103,0,0,1,,,,,,0,0,0,,,,,,0,0,0,,,,,,0,0,0,,,,,,0,0,0,,,,,,0,0,0,,,,,,2009-02-16,,,,,
6112870,2009,7,52,5,0,150107A201,150107,3,7,12,,,,,,0,0,0,,,,,,0,0,0,,,,,,0,1,0,,,,,,0,0,0,,,,,,0,0,0,,,,,,2009-02-23,,,,,
6112873,2009,7,52,5,0,150107A201,150118,0,0,1,,,,,,0,0,0,,,,,,0,0,0,,,,,,0,0,0,,,,,,0,0,0,,,,,,0,0,0,,,,,,2009-02-23,,,,,
6113212,2009,8,52,5,0,150107A201,150107,3,6,5,,,,,,0,0,0,,,,,,0,0,0,,,,,,0,0,0,,,,,,0,0,0,,,,,,0,0,0,,,,,,2009-03-02,,,,,
6113215,2009,8,52,5,0,150107A201,150103,0,1,0,,,,,,0,0,0,,,,,,0,0,0,,,,,,0,0,0,,,,,,0,0,0,,,,,,0,0,0,,,,,,2009-03-02,,,,,
6113545,2009,9,52,5,0,150107A201,150107,4,6,13,,,,,,0,0,0,,,,,,0,0,0,,,,,,0,0,0,,,,,,0,0,0,,,,,,0,0,0,,,,,,2009-03-09,,,,,
6113548,2009,9,52,5,0,150107A201,150118,0,1,1,,,,,,0,0,0,,,,,,0,0,0,,,,,,0,0,0,,,,,,0,0,0,,,,,,0,0,0,,,,,,2009-03-09,,,,,
6113551,2009,9,52,5,0,150107A201,150103,0,0,1,,,,,,0,0,0,,,,,,0,0,0,,,,,,0,0,0,,,,,,0,0,0,,,,,,0,0,0,,,,,,2009-03-09,,,,,
6113857,2009,10,52,5,0,150107A201,150107,1,5,9,,,,,,0,0,0,,,,,,0,0,0,,,,,,0,0,0,,,,,,0,0,0,,,,,,0,0,0,,,,,,2009-03-16,,,,,
6113860,2009,10,52,5,0,150107A201,150103,1,0,0,,,,,,0,0,0,,,,,,0,0,0,,,,,,0,0,0,,,,,,0,0,0,,,,,,0,0,0,,,,,,2009-03-16,,,,,
6114181,2009,11,52,5,0,150107A201,150107,3,5,16,,,,,,0,0,0,,,,,,0,0,0,,,,,,0,1,0,,,,,,0,0,0,,,,,,0,0,0,,,,,,2009-03-24,,,,,
6114184,2009,11,52,5,0,150107A201,150118,0,1,0,,,,,,0,0,0,,,,,,0,0,0,,,,,,0,0,0,,,,,,0,0,0,,,,,,0,0,0,,,,,,2009-03-24,,,,,
6114511,2009,12,52,5,0,150107A201,150107,1,5,11,,,,,,0,0,0,,,,,,0,0,0,,,,,,0,1,0,,,,,,0,0,0,,,,,,0,0,0,,,,,,2009-03-30,,,,,
6114514,2009,12,52,5,0,150107A201,150118,0,1,0,,,,,,0,0,0,,,,,,0,0,0,,,,,,0,0,0,,,,,,0,0,0,,,,,,0,0,0,,,,,,2009-03-30,,,,,
6114517,2009,12,52,5,0,150107A201,150103,1,0,0,,,,,,0,0,0,,,,,,0,0,0,,,,,,0,0,0,,,,,,0,0,0,,,,,,0,0,0,,,,,,2009-03-30,,,,,
6114808,2009,13,52,5,0,150107A201,150107,0,5,7,,,,,,0,0,0,,,,,,0,0,0,,,,,,0,0,0,,,,,,0,0,0,,,,,,0,0,0,,,,,,2009-04-07,,,,,
6114811,2009,13,52,5,0,150107A201,150118,0,1,0,,,,,,0,0,0,,,,,,0,0,0,,,,,,0,0,0,,,,,,0,0,0,,,,,,0,0,0,,,,,,2009-04-07,,,,,
6115123,2009,14,52,5,0,150107A201,150107,2,18,17,,,,,,0,0,0,,,,,,0,0,0,,,,,,0,0,0,,,,,,0,0,0,,,,,,0,0,0,,,,,,2009-04-13,,,,,
6115441,2009,15,52,5,0,150107A201,150107,1,0,20,,,,,,0,0,0,,,,,,0,0,0,,,,,,0,0,0,,,,,,0,0,0,,,,,,0,0,0,,,,,,2009-04-20,,,,,
6115444,2009,15,52,5,0,150107A201,150118,0,1,1,,,,,,0,0,0,,,,,,0,0,0,,,,,,0,0,0,,,,,,0,0,0,,,,,,0,0,0,,,,,,2009-04-20,,,,,
6115447,2009,15,52,5,0,150107A201,150103,0,0,1,,,,,,0,0,0,,,,,,0,0,0,,,,,,0,0,0,,,,,,0,0,0,,,,,,0,0,0,,,,,,2009-04-20,,,,,
6115780,2009,16,52,5,0,150107A201,150107,2,3,12,,,,,,0,0,0,,,,,,0,0,0,,,,,,0,0,0,,,,,,0,0,0,,,,,,0,0,0,,,,,,2009-04-28,,,,,
6115783,2009,16,52,5,0,150107A201,150118,0,1,1,,,,,,0,0,0,,,,,,0,0,0,,,,,,0,0,0,,,,,,0,0,0,,,,,,0,0,0,,,,,,2009-04-28,,,,,
6116080,2009,17,52,5,0,150107A201,150107,0,1,2,,,,,,0,0,0,,,,,,0,0,0,,,,,,0,0,0,,,,,,0,0,0,,,,,,0,0,0,,,,,,2009-05-04,,,,,
6116083,2009,17,52,5,0,150107A201,150118,0,0,1,,,,,,0,0,0,,,,,,0,0,0,,,,,,0,0,0,,,,,,0,0,0,,,,,,0,0,0,,,,,,2009-05-04,,,,,
6116416,2009,18,52,5,0,150107A201,150107,2,6,16,,,,,,0,0,0,,,,,,0,0,0,,,,,,0,0,0,,,,,,0,0,0,,,,,,0,0,0,,,,,,2009-05-11,,,,,
6116419,2009,18,52,5,0,150107A201,150118,3,1,0,,,,,,0,0,0,,,,,,0,0,0,,,,,,0,0,0,,,,,,0,0,0,,,,,,0,0,0,,,,,,2009-05-11,,,,,
6116725,2009,19,52,5,0,150107A201,150107,3,3,12,,,,,,0,0,0,,,,,,0,0,0,,,,,,0,0,0,,,,,,0,0,0,,,,,,0,0,0,,,,,,2009-05-17,,,,,
6116728,2009,19,52,5,0,150107A201,150118,0,1,1,,,,,,0,0,0,,,,,,0,0,0,,,,,,0,0,0,,,,,,0,0,0,,,,,,0,0,0,,,,,,2009-05-17,,,,,
6117040,2009,20,52,5,0,150107A201,150107,4,2,14,,,,,,0,0,0,,,,,,0,0,0,,,,,,0,0,0,,,,,,0,0,0,,,,,,0,0,0,,,,,,2009-05-25,,,,,
6117043,2009,20,52,5,0,150107A201,150118,0,1,5,,,,,,0,0,0,,,,,,0,0,0,,,,,,0,0,0,,,,,,0,0,0,,,,,,0,0,0,,,,,,2009-05-25,,,,,
6117367,2009,21,52,5,0,150107A201,150107,2,5,9,,,,,,0,0,0,,,,,,0,0,0,,,,,,0,0,0,,,,,,0,0,0,,,,,,0,0,0,,,,,,2009-06-01,,,,,
6117370,2009,21,52,5,0,150107A201,150118,0,1,2,,,,,,0,0,0,,,,,,0,0,0,,,,,,0,0,0,,,,,,0,0,0,,,,,,0,0,0,,,,,,2009-06-01,,,,,
6117373,2009,21,52,5,0,150107A201,150103,0,0,1,,,,,,0,0,0,,,,,,0,0,0,,,,,,0,0,0,,,,,,0,0,0,,,,,,0,0,0,,,,,,2009-06-01,,,,,
6117718,2009,22,52,5,0,150107A201,150107,0,7,14,,,,,,0,0,0,,,,,,0,0,0,,,,,,0,0,0,,,,,,0,0,0,,,,,,0,0,0,,,,,,2009-06-08,,,,,
6117721,2009,22,52,5,0,150107A201,150118,0,3,0,,,,,,0,0,0,,,,,,0,0,0,,,,,,0,0,0,,,,,,0,0,0,,,,,,0,0,0,,,,,,2009-06-08,,,,,
6118159,2009,23,52,5,0,150107A201,150107,1,6,7,,,,,,0,0,0,,,,,,0,0,0,,,,,,0,0,0,,,,,,0,0,0,,,,,,0,0,0,,,,,,2009-06-16,,,,,
6118462,2009,24,52,5,0,150107A201,150107,4,8,10,,,,,,0,0,0,,,,,,0,0,0,,,,,,0,0,0,,,,,,0,0,0,,,,,,0,0,0,,,,,,2009-06-22,,,,,
6118465,2009,24,52,5,0,150107A201,150118,0,0,2,,,,,,0,0,0,,,,,,0,0,0,,,,,,0,0,0,,,,,,0,0,0,,,,,,0,0,0,,,,,,2009-06-22,,,,,
6118795,2009,25,52,5,0,150107A201,150107,2,1,6,,,,,,0,0,0,,,,,,0,0,0,,,,,,0,1,0,,,,,,0,0,0,,,,,,0,0,0,,,,,,2009-06-29,,,,,
6118798,2009,25,52,5,0,150107A201,150118,0,4,0,,,,,,0,0,0,,,,,,0,0,0,,,,,,0,0,0,,,,,,0,0,0,,,,,,0,0,0,,,,,,2009-06-29,,,,,
6118801,2009,25,52,5,0,150107A201,150103,1,0,2,,,,,,0,0,0,,,,,,0,0,0,,,,,,0,0,0,,,,,,0,0,0,,,,,,0,0,0,,,,,,2009-06-29,,,,,
6119158,2009,26,52,5,0,150107A201,150107,0,10,5,,,,,,0,0,0,,,,,,0,0,0,,,,,,0,0,0,,,,,,0,0,0,,,,,,0,0,0,,,,,,2009-07-05,,,,,
6119161,2009,26,52,5,0,150107A201,150118,0,2,7,,,,,,0,0,0,,,,,,0,0,0,,,,,,0,0,0,,,,,,0,0,0,,,,,,0,0,0,,,,,,2009-07-05,,,,,
6119497,2009,27,52,5,0,150107A201,150107,1,9,10,,,,,,0,0,0,,,,,,0,0,0,,,,,,0,0,0,,,,,,0,0,0,,,,,,0,0,0,,,,,,2009-07-13,,,,,
6119500,2009,27,52,5,0,150107A201,150118,0,0,3,,,,,,0,0,0,,,,,,0,0,0,,,,,,0,0,1,,,,,,0,0,0,,,,,,0,0,0,,,,,,2009-07-13,,,,,
6119503,2009,27,52,5,0,150107A201,150103,0,0,1,,,,,,0,0,0,,,,,,0,0,0,,,,,,0,0,0,,,,,,0,0,0,,,,,,0,0,0,,,,,,2009-07-13,,,,,
6119776,2009,28,52,5,0,150107A201,150107,1,6,17,,,,,,0,0,0,,,,,,0,0,0,,,,,,0,0,0,,,,,,0,0,0,,,,,,0,0,0,,,,,,2009-07-21,,,,,
6119779,2009,28,52,5,0,150107A201,150118,0,2,2,,,,,,0,0,0,,,,,,0,0,0,,,,,,0,0,0,,,,,,0,0,0,,,,,,0,0,0,,,,,,2009-07-21,,,,,
6119782,2009,28,52,5,0,150107A201,150103,0,1,0,,,,,,0,0,0,,,,,,0,0,0,,,,,,0,0,0,,,,,,0,0,0,,,,,,0,0,0,,,,,,2009-07-21,,,,,
6120205,2009,29,52,5,0,150107A201,150107,1,1,6,,,,,,0,0,0,,,,,,0,0,0,,,,,,0,1,0,,,,,,0,0,0,,,,,,0,0,0,,,,,,2009-07-30,,,,,
6120208,2009,29,52,5,0,150107A201,150118,0,0,2,,,,,,0,0,0,,,,,,0,0,0,,,,,,0,0,0,,,,,,0,0,0,,,,,,0,0,0,,,,,,2009-07-30,,,,,
6120484,2009,30,52,5,0,150107A201,150107,1,3,5,,,,,,0,0,0,,,,,,0,0,0,,,,,,1,1,0,,,,,,0,0,0,,,,,,0,0,0,,,,,,2009-08-03,,,,,
6120487,2009,30,52,5,0,150107A201,150118,0,0,4,,,,,,0,0,0,,,,,,0,0,0,,,,,,0,0,0,,,,,,0,0,0,,,,,,0,0,0,,,,,,2009-08-03,,,,,
6120820,2009,31,52,5,0,150107A201,150107,2,3,13,,,,,,0,0,0,,,,,,0,0,0,,,,,,0,1,0,,,,,,0,0,0,,,,,,0,0,0,,,,,,2009-08-11,,,,,
6120823,2009,31,52,5,0,150107A201,150118,1,0,4,,,,,,0,0,0,,,,,,0,0,0,,,,,,0,0,0,,,,,,0,0,0,,,,,,0,0,0,,,,,,2009-08-11,,,,,
6120826,2009,31,52,5,0,150107A201,150103,0,0,1,,,,,,0,0,0,,,,,,0,0,0,,,,,,0,0,0,,,,,,0,0,0,,,,,,0,0,0,,,,,,2009-08-11,,,,,
6121069,2009,32,52,5,0,150107A201,150107,3,4,8,,,,,,0,0,0,,,,,,0,0,0,,,,,,0,1,0,,,,,,0,0,0,,,,,,0,0,0,,,,,,2009-08-18,,,,,
6121072,2009,32,52,5,0,150107A201,150118,1,1,6,,,,,,0,0,0,,,,,,0,0,0,,,,,,0,0,0,,,,,,0,0,0,,,,,,0,0,0,,,,,,2009-08-18,,,,,
6121402,2009,33,52,5,0,150107A201,150107,2,1,10,,,,,,0,0,0,,,,,,0,0,0,,,,,,0,0,0,,,,,,0,0,0,,,,,,0,0,0,,,,,,2009-08-24,,,,,
6121405,2009,33,52,5,0,150107A201,150118,0,0,2,,,,,,0,0,0,,,,,,0,0,0,,,,,,0,0,0,,,,,,0,0,0,,,,,,0,0,0,,,,,,2009-08-24,,,,,
6121408,2009,33,52,5,0,150107A201,150103,0,0,2,,,,,,0,0,0,,,,,,0,0,0,,,,,,0,0,0,,,,,,0,0,0,,,,,,0,0,0,,,,,,2009-08-24,,,,,
6121597,2009,34,52,5,0,150107A201,150107,3,2,9,,,,,,0,0,0,,,,,,0,0,0,,,,,,0,0,0,,,,,,0,0,0,,,,,,0,0,0,,,,,,2009-09-01,,,,,
6121600,2009,34,52,5,0,150107A201,150118,0,1,3,,,,,,0,0,0,,,,,,0,0,0,,,,,,0,0,0,,,,,,0,0,0,,,,,,0,0,0,,,,,,2009-09-01,,,,,
6121603,2009,34,52,5,0,150107A201,150103,0,2,0,,,,,,0,0,0,,,,,,0,0,0,,,,,,0,0,0,,,,,,0,0,0,,,,,,0,0,0,,,,,,2009-09-01,,,,,
6122188,2009,35,52,5,0,150107A201,150107,3,7,0,,,,,,0,0,0,,,,,,0,0,0,,,,,,0,0,0,,,,,,0,0,0,,,,,,0,0,0,,,,,,2009-09-07,,,,,
6122323,2009,36,52,5,0,150107A201,150107,1,4,11,,,,,,0,0,0,,,,,,0,0,0,,,,,,0,0,0,,,,,,0,0,0,,,,,,0,0,0,,,,,,2009-09-14,,,,,
6122326,2009,36,52,5,0,150107A201,150118,1,0,1,,,,,,0,0,0,,,,,,0,0,0,,,,,,0,0,0,,,,,,0,0,0,,,,,,0,0,0,,,,,,2009-09-14,,,,,
6122692,2009,37,52,5,0,150107A201,150107,1,2,5,,,,,,0,0,0,,,,,,0,0,0,,,,,,0,0,0,,,,,,0,0,0,,,,,,0,0,0,,,,,,2009-09-21,,,,,
6122695,2009,37,52,5,0,150107A201,150118,0,0,1,,,,,,0,0,0,,,,,,0,0,0,,,,,,0,0,0,,,,,,0,0,0,,,,,,0,0,0,,,,,,2009-09-21,,,,,
6123013,2009,38,52,5,0,150107A201,150107,0,4,6,,,,,,0,0,0,,,,,,0,0,0,,,,,,0,0,0,,,,,,0,0,0,,,,,,0,0,0,,,,,,2009-09-29,,,,,
6123016,2009,38,52,5,0,150107A201,150103,0,0,1,,,,,,0,0,0,,,,,,0,0,0,,,,,,0,0,0,,,,,,0,0,0,,,,,,0,0,0,,,,,,2009-09-29,,,,,
6123319,2009,39,52,5,0,150107A201,150107,5,1,17,,,,,,0,0,0,,,,,,0,0,0,,,,,,0,1,0,,,,,,0,0,0,,,,,,0,0,0,,,,,,2009-10-05,,,,,
6123619,2009,40,52,5,0,150107A201,150107,0,3,11,,,,,,0,0,0,,,,,,0,0,0,,,,,,0,0,0,,,,,,0,0,0,,,,,,0,0,0,,,,,,2009-10-12,,,,,
6123946,2009,41,52,5,0,150107A201,150107,2,3,6,,,,,,0,0,0,,,,,,0,0,0,,,,,,0,0,0,,,,,,0,0,0,,,,,,0,0,0,,,,,,2009-10-19,,,,,
6123949,2009,41,52,5,0,150107A201,150118,0,0,3,,,,,,0,0,0,,,,,,0,0,0,,,,,,0,0,0,,,,,,0,0,0,,,,,,0,0,0,,,,,,2009-10-19,,,,,
6123952,2009,41,52,5,0,150107A201,150103,0,0,1,,,,,,0,0,0,,,,,,0,0,0,,,,,,0,0,0,,,,,,0,0,0,,,,,,0,0,0,,,,,,2009-10-19,,,,,
6124183,2009,42,52,5,0,150107A201,150107,0,0,3,,,,,,0,0,0,,,,,,0,0,0,,,,,,0,0,0,,,,,,0,0,0,,,,,,0,0,0,,,,,,2009-10-27,,,,,
6124186,2009,42,52,5,0,150107A201,150118,0,1,4,,,,,,0,0,0,,,,,,0,0,0,,,,,,0,0,0,,,,,,0,0,0,,,,,,0,0,0,,,,,,2009-10-27,,,,,
6124624,2009,43,52,5,0,150107A201,150107,1,3,8,,,,,,0,0,0,,,,,,0,0,0,,,,,,0,0,0,,,,,,0,0,0,,,,,,0,0,0,,,,,,2009-11-02,,,,,
6124627,2009,43,52,5,0,150107A201,150118,0,0,2,,,,,,0,0,0,,,,,,0,0,0,,,,,,0,0,0,,,,,,0,0,0,,,,,,0,0,0,,,,,,2009-11-02,,,,,
6124945,2009,44,52,5,0,150107A201,150107,1,2,2,,,,,,0,0,0,,,,,,0,0,0,,,,,,0,0,0,,,,,,0,0,0,,,,,,0,0,0,,,,,,2009-11-09,,,,,
6124948,2009,44,52,5,0,150107A201,150118,1,0,0,,,,,,0,0,0,,,,,,0,0,0,,,,,,0,0,0,,,,,,0,0,0,,,,,,0,0,0,,,,,,2009-11-09,,,,,
6125233,2009,45,52,5,0,150107A201,150107,0,3,14,,,,,,0,0,0,,,,,,0,0,0,,,,,,0,0,1,,,,,,0,0,0,,,,,,0,0,0,,,,,,2009-11-16,,,,,
6125236,2009,45,52,5,0,150107A201,150118,0,0,3,,,,,,0,0,0,,,,,,0,0,0,,,,,,0,0,0,,,,,,0,0,0,,,,,,0,0,0,,,,,,2009-11-16,,,,,
6125584,2009,46,52,5,0,150107A201,150107,1,8,6,,,,,,0,0,0,,,,,,0,0,0,,,,,,0,0,0,,,,,,0,0,0,,,,,,0,0,0,,,,,,2009-11-23,,,,,
6125587,2009,46,52,5,0,150107A201,150118,0,0,1,,,,,,0,0,0,,,,,,0,0,0,,,,,,0,0,0,,,,,,0,0,0,,,,,,0,0,0,,,,,,2009-11-23,,,,,
6125824,2009,47,52,5,0,150107A201,150107,1,2,10,,,,,,0,0,0,,,,,,0,0,0,,,,,,0,0,0,,,,,,0,0,0,,,,,,0,0,0,,,,,,2009-11-30,,,,,
6125827,2009,47,52,5,0,150107A201,150118,0,1,1,,,,,,0,0,0,,,,,,0,0,0,,,,,,0,0,0,,,,,,0,0,0,,,,,,0,0,0,,,,,,2009-11-30,,,,,
6126163,2009,48,52,5,0,150107A201,150107,1,4,15,,,,,,0,0,0,,,,,,0,0,0,,,,,,0,0,0,,,,,,0,0,0,,,,,,0,0,0,,,,,,2009-12-07,,,,,
6126166,2009,48,52,5,0,150107A201,150118,0,1,4,,,,,,0,0,0,,,,,,0,0,0,,,,,,0,0,0,,,,,,0,0,0,,,,,,0,0,0,,,,,,2009-12-07,,,,,
6126469,2009,49,52,5,0,150107A201,150107,4,2,6,,,,,,0,0,0,,,,,,0,0,0,,,,,,0,0,0,,,,,,0,0,0,,,,,,0,0,0,,,,,,2009-12-14,,,,,
6126472,2009,49,52,5,0,150107A201,150118,0,0,1,,,,,,0,0,0,,,,,,0,0,0,,,,,,0,0,0,,,,,,0,0,0,,,,,,0,0,0,,,,,,2009-12-14,,,,,
6126793,2009,50,52,5,0,150107A201,150107,3,4,13,,,,,,0,0,0,,,,,,0,0,0,,,,,,0,0,0,,,,,,0,0,0,,,,,,0,0,0,,,,,,2009-12-21,,,,,
6126796,2009,50,52,5,0,150107A201,150118,0,0,1,,,,,,0,0,0,,,,,,0,0,0,,,,,,0,0,0,,,,,,0,0,0,,,,,,0,0,0,,,,,,2009-12-21,,,,,
6127105,2009,51,52,5,0,150107A201,150107,1,4,14,,,,,,0,0,0,,,,,,0,0,0,,,,,,1,0,0,,,,,,0,0,0,,,,,,0,0,0,,,,,,2009-12-28,,,,,
6127108,2009,51,52,5,0,150107A201,150118,1,0,1,,,,,,0,0,0,,,,,,0,0,0,,,,,,0,0,0,,,,,,0,0,0,,,,,,0,0,0,,,,,,2009-12-28,,,,,
6127417,2009,52,52,5,0,150107A201,150107,0,2,13,,,,,,0,0,0,,,,,,0,0,0,,,,,,0,0,0,,,,,,0,0,0,,,,,,0,0,0,,,,,,2010-01-04,,,,,
6127420,2009,52,52,5,0,150107A201,150118,0,0,2,,,,,,0,0,0,,,,,,0,0,0,,,,,,0,0,0,,,,,,0,0,0,,,,,,0,0,0,,,,,,2010-01-04,,,,,
6127423,2009,52,52,5,0,150107A201,150103,0,0,1,,,,,,0,0,0,,,,,,0,0,0,,,,,,0,0,0,,,,,,0,0,0,,,,,,0,0,0,,,,,,2010-01-04,,,,,
6846766,2010,1,52,5,0,150107A201,150103,1,1,0,,,,,,0,0,0,,,,,,0,0,0,,,,,,0,0,0,,,,,,0,0,0,,,,,,0,0,0,,,,,,2010-01-09,,,,,
6846769,2010,1,52,5,0,150107A201,150107,3,1,14,,,,,,0,0,0,,,,,,0,0,0,,,,,,0,0,0,,,,,,0,0,0,,,,,,0,0,0,,,,,,2010-01-09,,,,,
6846772,2010,1,52,5,0,150107A201,150118,0,0,3,,,,,,0,0,0,,,,,,0,0,0,,,,,,0,0,0,,,,,,0,0,0,,,,,,0,0,0,,,,,,2010-01-09,,,,,
6847093,2010,2,52,5,0,150107A201,150103,0,1,0,,,,,,0,0,0,,,,,,0,0,0,,,,,,0,0,0,,,,,,0,0,0,,,,,,0,0,0,,,,,,2010-01-18,,,,,
6847096,2010,2,52,5,0,150107A201,150107,2,4,10,,,,,,0,0,0,,,,,,0,0,0,,,,,,0,0,0,,,,,,0,0,0,,,,,,0,0,0,,,,,,2010-01-18,,,,,
6847099,2010,2,52,5,0,150107A201,150118,0,2,4,,,,,,0,0,0,,,,,,0,0,0,,,,,,0,0,0,,,,,,0,0,0,,,,,,0,0,0,,,,,,2010-01-18,,,,,
6847426,2010,3,52,5,0,150107A201,150103,0,0,2,,,,,,0,0,0,,,,,,0,0,0,,,,,,0,0,0,,,,,,0,0,0,,,,,,0,0,0,,,,,,2010-01-24,,,,,
6847429,2010,3,52,5,0,150107A201,150107,2,1,6,,,,,,0,0,0,,,,,,0,0,0,,,,,,0,0,0,,,,,,0,0,0,,,,,,0,0,0,,,,,,2010-01-24,,,,,
6847432,2010,3,52,5,0,150107A201,150118,0,2,2,,,,,,0,0,0,,,,,,0,0,0,,,,,,0,0,0,,,,,,0,0,0,,,,,,0,0,0,,,,,,2010-01-24,,,,,
6847768,2010,4,52,5,0,150107A201,150103,0,1,0,,,,,,0,0,0,,,,,,0,0,0,,,,,,0,0,0,,,,,,0,0,0,,,,,,0,0,0,,,,,,2010-02-01,,,,,
6847771,2010,4,52,5,0,150107A201,150107,0,3,14,,,,,,0,0,0,,,,,,0,0,0,,,,,,0,1,0,,,,,,0,0,0,,,,,,0,0,0,,,,,,2010-02-01,,,,,
6847774,2010,4,52,5,0,150107A201,150118,0,2,5,,,,,,0,0,0,,,,,,0,0,0,,,,,,0,0,0,,,,,,0,0,0,,,,,,0,0,0,,,,,,2010-02-01,,,,,
6848110,2010,5,52,5,0,150107A201,150107,1,5,13,,,,,,0,0,0,,,,,,0,0,0,,,,,,0,0,0,,,,,,0,0,0,,,,,,0,0,0,,,,,,2010-02-08,,,,,
6848113,2010,5,52,5,0,150107A201,150118,0,0,3,,,,,,0,0,0,,,,,,0,0,0,,,,,,0,0,0,,,,,,0,0,0,,,,,,0,0,0,,,,,,2010-02-08,,,,,
6848455,2010,6,52,5,0,150107A201,150107,3,6,9,,,,,,0,0,0,,,,,,0,0,0,,,,,,0,0,0,,,,,,0,0,0,,,,,,0,0,0,,,,,,2010-02-15,,,,,
6848458,2010,6,52,5,0,150107A201,150118,0,1,0,,,,,,0,0,0,,,,,,0,0,0,,,,,,0,0,0,,,,,,0,0,0,,,,,,0,0,0,,,,,,2010-02-15,,,,,
6848797,2010,7,52,5,0,150107A201,150107,2,4,1,,,,,,0,0,0,,,,,,0,0,0,,,,,,0,0,0,,,,,,0,0,0,,,,,,0,0,0,,,,,,2010-02-22,,,,,
6848800,2010,7,52,5,0,150107A201,150118,1,0,0,,,,,,0,0,0,,,,,,0,0,0,,,,,,0,0,0,,,,,,0,0,0,,,,,,0,0,0,,,,,,2010-02-22,,,,,
6849160,2010,8,52,5,0,150107A201,150103,1,1,3,,,,,,0,0,0,,,,,,0,0,0,,,,,,0,0,0,,,,,,0,0,0,,,,,,0,0,0,,,,,,2010-03-01,,,,,
6849163,2010,8,52,5,0,150107A201,150107,1,6,20,,,,,,0,0,0,,,,,,0,0,0,,,,,,0,0,3,,,,,,0,0,0,,,,,,0,0,0,,,,,,2010-03-01,,,,,
6849166,2010,8,52,5,0,150107A201,150118,0,2,10,,,,,,0,0,0,,,,,,0,0,0,,,,,,0,0,1,,,,,,0,0,0,,,,,,0,0,0,,,,,,2010-03-01,,,,,
6849511,2010,9,52,5,0,150107A201,150103,0,1,0,,,,,,0,0,0,,,,,,0,0,0,,,,,,0,0,0,,,,,,0,0,0,,,,,,0,0,0,,,,,,2010-03-08,,,,,
6849514,2010,9,52,5,0,150107A201,150107,1,4,9,,,,,,0,0,0,,,,,,0,0,0,,,,,,0,0,1,,,,,,0,0,0,,,,,,0,0,0,,,,,,2010-03-08,,,,,
6849517,2010,9,52,5,0,150107A201,150118,0,2,5,,,,,,0,0,0,,,,,,0,0,0,,,,,,0,0,0,,,,,,0,0,0,,,,,,0,0,0,,,,,,2010-03-08,,,,,
6849859,2010,10,52,5,0,150107A201,150103,0,0,1,,,,,,0,0,0,,,,,,0,0,0,,,,,,0,0,0,,,,,,0,0,0,,,,,,0,0,0,,,,,,2010-03-15,,,,,
6849862,2010,10,52,5,0,150107A201,150107,1,3,13,,,,,,0,0,0,,,,,,0,0,0,,,,,,0,0,1,,,,,,0,0,0,,,,,,0,0,0,,,,,,2010-03-15,,,,,
6849865,2010,10,52,5,0,150107A201,150118,0,1,10,,,,,,0,0,0,,,,,,0,0,0,,,,,,0,0,0,,,,,,0,0,0,,,,,,0,0,0,,,,,,2010-03-15,,,,,
6850216,2010,11,52,5,0,150107A201,150103,0,1,0,,,,,,0,0,0,,,,,,0,0,0,,,,,,0,0,0,,,,,,0,0,0,,,,,,0,0,0,,,,,,2010-03-22,,,,,
6850219,2010,11,52,5,0,150107A201,150107,1,2,10,,,,,,0,0,0,,,,,,0,0,0,,,,,,0,0,1,,,,,,0,0,0,,,,,,0,0,0,,,,,,2010-03-22,,,,,
6850222,2010,11,52,5,0,150107A201,150118,0,0,3,,,,,,0,0,0,,,,,,0,0,0,,,,,,0,0,0,,,,,,0,0,0,,,,,,0,0,0,,,,,,2010-03-22,,,,,
6850564,2010,12,52,5,0,150107A201,150107,1,1,11,,,,,,0,0,0,,,,,,0,0,0,,,,,,0,0,0,,,,,,0,0,0,,,,,,0,0,0,,,,,,2010-03-30,,,,,
6850567,2010,12,52,5,0,150107A201,150118,0,0,2,,,,,,0,0,0,,,,,,0,0,0,,,,,,0,0,1,,,,,,0,0,0,,,,,,0,0,0,,,,,,2010-03-30,,,,,
6850882,2010,13,52,5,0,150107A201,150103,0,0,1,,,,,,0,0,0,,,,,,0,0,0,,,,,,0,0,0,,,,,,0,0,0,,,,,,0,0,0,,,,,,2010-04-06,,,,,
6850885,2010,13,52,5,0,150107A201,150107,1,4,10,,,,,,0,0,0,,,,,,0,0,0,,,,,,0,0,0,,,,,,0,0,0,,,,,,0,0,0,,,,,,2010-04-06,,,,,
6850888,2010,13,52,5,0,150107A201,150118,2,2,2,,,,,,0,0,0,,,,,,0,0,0,,,,,,0,0,0,,,,,,0,0,0,,,,,,0,0,0,,,,,,2010-04-06,,,,,
6851239,2010,14,52,5,0,150107A201,150103,0,0,1,,,,,,0,0,0,,,,,,0,0,0,,,,,,0,0,0,,,,,,0,0,0,,,,,,0,0,0,,,,,,2010-04-12,,,,,
6851242,2010,14,52,5,0,150107A201,150107,1,2,12,,,,,,0,0,0,,,,,,0,0,0,,,,,,0,0,0,,,,,,0,0,0,,,,,,0,0,0,,,,,,2010-04-12,,,,,
6851245,2010,14,52,5,0,150107A201,150118,1,1,7,,,,,,0,0,0,,,,,,0,0,0,,,,,,0,0,0,,,,,,0,0,0,,,,,,0,0,0,,,,,,2010-04-12,,,,,
6851590,2010,15,52,5,0,150107A201,150107,0,3,11,,,,,,0,0,0,,,,,,0,0,0,,,,,,0,0,0,,,,,,0,0,0,,,,,,0,0,0,,,,,,2010-04-19,,,,,
6851593,2010,15,52,5,0,150107A201,150118,0,1,0,,,,,,0,0,0,,,,,,0,0,0,,,,,,0,0,0,,,,,,0,0,0,,,,,,0,0,0,,,,,,2010-04-19,,,,,
6851938,2010,16,52,5,0,150107A201,150107,3,3,7,,,,,,0,0,0,,,,,,0,0,0,,,,,,0,0,0,,,,,,0,0,0,,,,,,0,0,0,,,,,,2010-04-25,,,,,
6851941,2010,16,52,5,0,150107A201,150118,0,1,0,,,,,,0,0,0,,,,,,0,0,0,,,,,,0,0,0,,,,,,0,0,0,,,,,,0,0,0,,,,,,2010-04-25,,,,,
6852274,2010,17,52,5,0,150107A201,150107,2,1,7,,,,,,0,0,0,,,,,,0,0,0,,,,,,0,0,0,,,,,,0,0,0,,,,,,0,0,0,,,,,,2010-05-03,,,,,
6852277,2010,17,52,5,0,150107A201,150118,0,0,1,,,,,,0,0,0,,,,,,0,0,0,,,,,,0,0,0,,,,,,0,0,0,,,,,,0,0,0,,,,,,2010-05-03,,,,,
6852601,2010,18,52,5,0,150107A201,150107,2,0,7,,,,,,0,0,0,,,,,,0,0,0,,,,,,0,0,0,,,,,,0,0,0,,,,,,0,0,0,,,,,,2010-05-11,,,,,
6852604,2010,18,52,5,0,150107A201,150118,2,2,6,,,,,,0,0,0,,,,,,0,0,0,,,,,,0,0,0,,,,,,0,0,0,,,,,,0,0,0,,,,,,2010-05-11,,,,,
6852922,2010,19,52,5,0,150107A201,150107,0,0,7,,,,,,0,0,0,,,,,,0,0,0,,,,,,0,0,0,,,,,,0,0,0,,,,,,0,0,0,,,,,,2010-05-17,,,,,
6852925,2010,19,52,5,0,150107A201,150118,0,1,1,,,,,,0,0,0,,,,,,0,0,0,,,,,,0,0,0,,,,,,0,0,0,,,,,,0,0,0,,,,,,2010-05-17,,,,,
6853243,2010,20,52,5,0,150107A201,150103,0,0,1,,,,,,0,0,0,,,,,,0,0,0,,,,,,0,0,0,,,,,,0,0,0,,,,,,0,0,0,,,,,,2010-05-24,,,,,
6853246,2010,20,52,5,0,150107A201,150107,0,3,6,,,,,,0,0,0,,,,,,0,0,0,,,,,,0,0,0,,,,,,0,0,0,,,,,,0,0,0,,,,,,2010-05-24,,,,,
6853249,2010,20,52,5,0,150107A201,150118,1,4,3,,,,,,0,0,0,,,,,,0,0,0,,,,,,0,0,0,,,,,,0,0,0,,,,,,0,0,0,,,,,,2010-05-24,,,,,
6853579,2010,21,52,5,0,150107A201,150107,3,7,6,,,,,,0,0,0,,,,,,0,0,0,,,,,,0,0,0,,,,,,0,0,0,,,,,,0,0,0,,,,,,2010-05-31,,,,,
6853582,2010,21,52,5,0,150107A201,150118,1,1,5,,,,,,0,0,0,,,,,,0,0,0,,,,,,0,0,0,,,,,,0,0,0,,,,,,0,0,0,,,,,,2010-05-31,,,,,
6853903,2010,22,52,5,0,150107A201,150107,1,4,2,,,,,,0,0,0,,,,,,0,0,0,,,,,,0,0,0,,,,,,0,0,0,,,,,,0,0,0,,,,,,2010-06-07,,,,,
6854206,2010,23,52,5,0,150107A201,150103,0,1,0,,,,,,0,0,0,,,,,,0,0,0,,,,,,0,0,0,,,,,,0,0,0,,,,,,0,0,0,,,,,,2010-06-14,,,,,
6854209,2010,23,52,5,0,150107A201,150107,1,4,1,,,,,,0,0,0,,,,,,0,0,0,,,,,,0,0,0,,,,,,0,0,0,,,,,,0,0,0,,,,,,2010-06-14,,,,,
6854212,2010,23,52,5,0,150107A201,150118,0,0,1,,,,,,0,0,0,,,,,,0,0,0,,,,,,0,0,0,,,,,,0,0,0,,,,,,0,0,0,,,,,,2010-06-14,,,,,
6854506,2010,24,52,5,0,150107A201,150103,0,1,0,,,,,,0,0,0,,,,,,0,0,0,,,,,,0,0,0,,,,,,0,0,0,,,,,,0,0,0,,,,,,2010-06-22,,,,,
6854509,2010,24,52,5,0,150107A201,150107,0,2,4,,,,,,0,0,0,,,,,,0,0,0,,,,,,0,0,0,,,,,,0,0,0,,,,,,0,0,0,,,,,,2010-06-22,,,,,
6854512,2010,24,52,5,0,150107A201,150118,0,1,4,,,,,,0,0,0,,,,,,0,0,0,,,,,,0,0,0,,,,,,0,0,0,,,,,,0,0,0,,,,,,2010-06-22,,,,,
6854797,2010,25,52,5,0,150107A201,150107,1,8,8,,,,,,0,0,0,,,,,,0,0,0,,,,,,0,0,0,,,,,,0,0,0,,,,,,0,0,0,,,,,,2010-06-28,,,,,
6854800,2010,25,52,5,0,150107A201,150118,0,1,1,,,,,,0,0,0,,,,,,0,0,0,,,,,,0,0,0,,,,,,0,0,0,,,,,,0,0,0,,,,,,2010-06-28,,,,,
6855046,2010,26,52,5,0,150107A201,150107,2,5,6,,,,,,0,0,0,,,,,,0,0,0,,,,,,0,0,0,,,,,,0,0,0,,,,,,0,0,0,,,,,,2010-07-05,,,,,
6855049,2010,26,52,5,0,150107A201,150118,2,0,0,,,,,,0,0,0,,,,,,0,0,0,,,,,,0,0,0,,,,,,0,0,0,,,,,,0,0,0,,,,,,2010-07-05,,,,,
6855052,2010,26,52,5,0,150107A201,150103,1,0,0,,,,,,0,0,0,,,,,,0,0,0,,,,,,0,0,0,,,,,,0,0,0,,,,,,0,0,0,,,,,,2010-07-05,,,,,
6855340,2010,27,52,5,0,150107A201,150107,3,1,6,,,,,,0,0,0,,,,,,0,0,0,,,,,,0,0,0,,,,,,0,0,0,,,,,,0,0,0,,,,,,2010-07-13,,,,,
6855343,2010,27,52,5,0,150107A201,150118,0,2,1,,,,,,0,0,0,,,,,,0,0,0,,,,,,0,0,0,,,,,,0,0,0,,,,,,0,0,0,,,,,,2010-07-13,,,,,
6855346,2010,27,52,5,0,150107A201,150103,1,0,0,,,,,,0,0,0,,,,,,0,0,0,,,,,,0,0,0,,,,,,0,0,0,,,,,,0,0,0,,,,,,2010-07-13,,,,,
6855688,2010,28,52,5,0,150107A201,150107,0,2,6,,,,,,0,0,0,,,,,,0,0,0,,,,,,0,0,0,,,,,,0,0,0,,,,,,0,0,0,,,,,,2010-07-19,,,,,
6855691,2010,28,52,5,0,150107A201,150118,0,0,1,,,,,,0,0,0,,,,,,0,0,0,,,,,,0,0,0,,,,,,0,0,0,,,,,,0,0,0,,,,,,2010-07-19,,,,,
6855952,2010,29,52,5,0,150107A201,150107,1,3,5,,,,,,0,0,0,,,,,,0,0,0,,,,,,0,0,0,,,,,,0,0,0,,,,,,0,0,0,,,,,,2010-07-26,,,,,
6855955,2010,29,52,5,0,150107A201,150118,0,1,1,,,,,,0,0,0,,,,,,0,0,0,,,,,,0,0,0,,,,,,0,0,0,,,,,,0,0,0,,,,,,2010-07-26,,,,,
6856345,2010,30,52,5,0,150107A201,150107,0,3,6,,,,,,0,0,0,,,,,,0,0,0,,,,,,0,0,0,,,,,,0,0,0,,,,,,0,0,0,,,,,,2010-08-02,,,,,
6856714,2010,31,52,5,0,150107A201,150107,0,6,14,,,,,,0,0,0,,,,,,0,0,0,,,,,,0,0,0,,,,,,0,0,0,,,,,,0,0,0,,,,,,2010-08-10,,,,,
6856717,2010,31,52,5,0,150107A201,150118,0,0,1,,,,,,0,0,0,,,,,,0,0,0,,,,,,0,2,0,,,,,,0,0,0,,,,,,0,0,0,,,,,,2010-08-10,,,,,
6857044,2010,32,52,5,0,150107A201,150107,0,0,6,,,,,,0,0,0,,,,,,0,0,0,,,,,,0,0,0,,,,,,0,0,0,,,,,,0,0,0,,,,,,2010-08-16,,,,,
6857335,2010,33,52,5,0,150107A201,150107,1,7,35,,,,,,0,0,0,,,,,,0,0,0,,,,,,0,0,0,,,,,,0,0,0,,,,,,0,0,0,,,,,,2010-08-23,,,,,
6857338,2010,33,52,5,0,150107A201,150118,0,1,2,,,,,,0,0,0,,,,,,0,0,0,,,,,,0,0,0,,,,,,0,0,0,,,,,,0,0,0,,,,,,2010-08-23,,,,,
6857341,2010,33,52,5,0,150107A201,150103,1,0,0,,,,,,0,0,0,,,,,,0,0,0,,,,,,0,0,0,,,,,,0,0,0,,,,,,0,0,0,,,,,,2010-08-23,,,,,
6857617,2010,34,52,5,0,150107A201,150107,3,3,7,,,,,,0,0,0,,,,,,0,0,0,,,,,,0,0,0,,,,,,0,0,0,,,,,,0,0,0,,,,,,2010-08-31,,,,,
6857620,2010,34,52,5,0,150107A201,150118,0,1,1,,,,,,0,0,0,,,,,,0,0,0,,,,,,0,0,0,,,,,,0,0,0,,,,,,0,0,0,,,,,,2010-08-31,,,,,
6858001,2010,35,52,5,0,150107A201,150107,1,3,2,,,,,,0,0,0,,,,,,0,0,0,,,,,,0,0,0,,,,,,0,0,0,,,,,,0,0,0,,,,,,2010-09-06,,,,,
6858004,2010,35,52,5,0,150107A201,150118,0,0,0,,,,,,0,0,0,,,,,,0,0,0,,,,,,0,1,0,,,,,,0,0,0,,,,,,0,0,0,,,,,,2010-09-06,,,,,
6858217,2010,36,52,5,0,150107A201,150107,1,2,7,,,,,,0,0,0,,,,,,0,0,0,,,,,,0,0,0,,,,,,0,0,0,,,,,,0,0,0,,,,,,2010-09-14,,,,,
6858220,2010,36,52,5,0,150107A201,150118,0,1,0,,,,,,0,0,0,,,,,,0,0,0,,,,,,0,0,0,,,,,,0,0,0,,,,,,0,0,0,,,,,,2010-09-14,,,,,
6858550,2010,37,52,5,0,150107A201,150107,1,1,4,,,,,,0,0,0,,,,,,0,0,0,,,,,,0,0,0,,,,,,0,0,0,,,,,,0,0,0,,,,,,2010-09-21,,,,,
6858553,2010,37,52,5,0,150107A201,150118,0,2,1,,,,,,0,0,0,,,,,,0,0,0,,,,,,0,0,0,,,,,,0,0,0,,,,,,0,0,0,,,,,,2010-09-21,,,,,
6858973,2010,38,52,5,0,150107A201,150107,0,3,6,,,,,,0,0,0,,,,,,0,0,0,,,,,,1,0,1,,,,,,0,0,0,,,,,,0,0,0,,,,,,2010-09-27,,,,,
6858976,2010,38,52,5,0,150107A201,150118,0,1,2,,,,,,0,0,0,,,,,,0,0,0,,,,,,0,0,0,,,,,,0,0,0,,,,,,0,0,0,,,,,,2010-09-27,,,,,
6859282,2010,39,52,5,0,150107A201,150107,0,2,3,,,,,,0,0,0,,,,,,0,0,0,,,,,,0,0,0,,,,,,0,0,0,,,,,,0,0,0,,,,,,2010-10-04,,,,,
6859594,2010,40,52,5,0,150107A201,150107,1,1,5,,,,,,0,0,0,,,,,,0,0,0,,,,,,0,0,0,,,,,,0,0,0,,,,,,0,0,0,,,,,,2010-10-12,,,,,
6859597,2010,40,52,5,0,150107A201,150103,0,1,0,,,,,,0,0,0,,,,,,0,0,0,,,,,,0,0,0,,,,,,0,0,0,,,,,,0,0,0,,,,,,2010-10-12,,,,,
6859888,2010,41,52,5,0,150107A201,150107,1,2,7,,,,,,0,0,0,,,,,,0,0,0,,,,,,0,0,0,,,,,,0,0,0,,,,,,0,0,0,,,,,,2010-10-18,,,,,
6859891,2010,41,52,5,0,150107A201,150103,0,0,2,,,,,,0,0,0,,,,,,0,0,0,,,,,,0,0,0,,,,,,0,0,0,,,,,,0,0,0,,,,,,2010-10-18,,,,,
6860230,2010,42,52,5,0,150107A201,150107,1,1,14,,,,,,0,0,0,,,,,,0,0,0,,,,,,0,0,0,,,,,,0,0,0,,,,,,0,0,0,,,,,,2010-10-25,,,,,
6860497,2010,43,52,5,0,150107A201,150107,0,3,4,,,,,,0,0,0,,,,,,0,0,0,,,,,,0,1,1,,,,,,0,0,0,,,,,,0,0,0,,,,,,2010-11-02,,,,,
6860848,2010,44,52,5,0,150107A201,150107,0,6,15,,,,,,0,0,0,,,,,,0,0,0,,,,,,0,1,1,,,,,,0,0,0,,,,,,0,0,0,,,,,,2010-11-08,,,,,
6861148,2010,45,52,5,0,150107A201,150107,0,3,13,,,,,,0,0,0,,,,,,0,0,0,,,,,,0,0,0,,,,,,0,0,0,,,,,,0,0,0,,,,,,2010-11-15,,,,,
6861151,2010,45,52,5,0,150107A201,150118,0,0,2,,,,,,0,0,0,,,,,,0,0,0,,,,,,0,0,0,,,,,,0,0,0,,,,,,0,0,0,,,,,,2010-11-15,,,,,
6861658,2010,46,52,5,0,150107A201,150107,1,2,9,,,,,,0,0,0,,,,,,0,0,0,,,,,,0,0,0,,,,,,0,0,0,,,,,,0,0,0,,,,,,2010-11-23,,,,,
6861661,2010,46,52,5,0,150107A201,150118,0,1,2,,,,,,0,0,0,,,,,,0,0,0,,,,,,0,0,0,,,,,,0,0,0,,,,,,0,0,0,,,,,,2010-11-23,,,,,
6861943,2010,47,52,5,0,150107A201,150107,3,4,6,,,,,,0,0,0,,,,,,0,0,0,,,,,,0,0,0,,,,,,0,0,0,,,,,,0,0,0,,,,,,2010-11-30,,,,,
6861946,2010,47,52,5,0,150107A201,150118,1,2,2,,,,,,0,0,0,,,,,,0,0,0,,,,,,0,0,0,,,,,,0,0,0,,,,,,0,0,0,,,,,,2010-11-30,,,,,
6862279,2010,48,52,5,0,150107A201,150107,1,6,14,,,,,,0,0,0,,,,,,0,0,0,,,,,,0,0,0,,,,,,0,0,0,,,,,,0,0,0,,,,,,2010-12-06,,,,,
6862282,2010,48,52,5,0,150107A201,150118,1,1,0,,,,,,0,0,0,,,,,,0,0,0,,,,,,0,0,0,,,,,,0,0,0,,,,,,0,0,0,,,,,,2010-12-06,,,,,
6862597,2010,49,52,5,0,150107A201,150107,0,1,8,,,,,,0,0,0,,,,,,0,0,0,,,,,,0,0,0,,,,,,0,0,0,,,,,,0,0,0,,,,,,2010-12-13,,,,,
6862600,2010,49,52,5,0,150107A201,150118,0,1,2,,,,,,0,0,0,,,,,,0,0,0,,,,,,0,0,0,,,,,,0,0,0,,,,,,0,0,0,,,,,,2010-12-13,,,,,
6862603,2010,49,52,5,0,150107A201,150103,0,1,0,,,,,,0,0,0,,,,,,0,0,0,,,,,,0,0,0,,,,,,0,0,0,,,,,,0,0,0,,,,,,2010-12-13,,,,,
6862942,2010,50,52,5,0,150107A201,150107,1,7,3,,,,,,0,0,0,,,,,,0,0,0,,,,,,0,0,0,,,,,,0,0,0,,,,,,0,0,0,,,,,,2010-12-20,,,,,
6862945,2010,50,52,5,0,150107A201,150118,0,0,2,,,,,,0,0,0,,,,,,0,0,0,,,,,,0,0,0,,,,,,0,0,0,,,,,,0,0,0,,,,,,2010-12-20,,,,,
6863299,2010,51,52,5,0,150107A201,150107,0,2,9,,,,,,0,0,0,,,,,,0,0,0,,,,,,0,0,0,,,,,,0,0,0,,,,,,0,0,0,,,,,,2010-12-27,,,,,
6863302,2010,51,52,5,0,150107A201,150118,0,1,5,,,,,,0,0,0,,,,,,0,0,0,,,,,,0,0,0,,,,,,0,0,0,,,,,,0,0,0,,,,,,2010-12-27,,,,,
6863305,2010,51,52,5,0,150107A201,150103,0,0,2,,,,,,0,0,0,,,,,,0,0,0,,,,,,0,0,0,,,,,,0,0,0,,,,,,0,0,0,,,,,,2010-12-27,,,,,
6863605,2010,52,52,5,0,150107A201,150107,0,1,6,,,,,,0,0,0,,,,,,0,0,0,,,,,,0,0,0,,,,,,0,0,0,,,,,,0,0,0,,,,,,2011-01-03,,,,,
6863608,2010,52,52,5,0,150107A201,150103,1,0,0,,,,,,0,0,0,,,,,,0,0,0,,,,,,0,0,0,,,,,,0,0,0,,,,,,0,0,0,,,,,,2011-01-03,,,,,
7552945,2011,1,52,5,0,150107A201,150107,1,0,8,,,,,,0,0,0,,,,,,0,0,0,,,,,,0,0,0,,,,,,0,0,0,,,,,,0,0,0,,,,,,2011-01-10,,,,,
7552948,2011,1,52,5,0,150107A201,150118,0,0,2,,,,,,0,0,0,,,,,,0,0,0,,,,,,0,0,0,,,,,,0,0,0,,,,,,0,0,0,,,,,,2011-01-10,,,,,
7552951,2011,1,52,5,0,150107A201,150103,0,1,0,,,,,,0,0,0,,,,,,0,0,0,,,,,,0,0,0,,,,,,0,0,0,,,,,,0,0,0,,,,,,2011-01-10,,,,,
7553329,2011,2,52,5,0,150107A201,150107,1,0,11,,,,,,0,0,0,,,,,,0,0,0,,,,,,0,0,0,,,,,,0,0,0,,,,,,0,0,0,,,,,,2011-01-17,,,,,
7553332,2011,2,52,5,0,150107A201,150118,1,0,2,,,,,,0,0,0,,,,,,0,0,0,,,,,,0,0,0,,,,,,0,0,0,,,,,,0,0,0,,,,,,2011-01-17,,,,,
7553683,2011,3,52,5,0,150107A201,150107,1,5,6,,,,,,0,0,0,,,,,,0,0,0,,,,,,0,0,0,,,,,,0,0,0,,,,,,0,0,0,,,,,,2011-01-24,,,,,
7553686,2011,3,52,5,0,150107A201,150118,0,0,1,,,,,,0,0,0,,,,,,0,0,0,,,,,,0,0,0,,,,,,0,0,0,,,,,,0,0,0,,,,,,2011-01-24,,,,,
7553689,2011,3,52,5,0,150107A201,150103,0,1,0,,,,,,0,0,0,,,,,,0,0,0,,,,,,0,0,0,,,,,,0,0,0,,,,,,0,0,0,,,,,,2011-01-24,,,,,
7554004,2011,4,52,5,0,150107A201,150107,0,0,4,,,,,,0,0,0,,,,,,0,0,0,,,,,,0,0,0,,,,,,0,0,0,,,,,,0,0,0,,,,,,2011-01-31,,,,,
7554007,2011,4,52,5,0,150107A201,150118,0,0,2,,,,,,0,0,0,,,,,,0,0,0,,,,,,0,0,0,,,,,,0,0,0,,,,,,0,0,0,,,,,,2011-01-31,,,,,
7554010,2011,4,52,5,0,150107A201,150103,0,0,1,,,,,,0,0,0,,,,,,0,0,0,,,,,,0,0,0,,,,,,0,0,0,,,,,,0,0,0,,,,,,2011-01-31,,,,,
7554376,2011,5,52,5,0,150107A201,150107,1,4,7,,,,,,0,0,0,,,,,,0,0,0,,,,,,0,0,0,,,,,,0,0,0,,,,,,0,0,0,,,,,,2011-02-07,,,,,
7554379,2011,5,52,5,0,150107A201,150118,0,1,4,,,,,,0,0,0,,,,,,0,0,0,,,,,,0,0,0,,,,,,0,0,0,,,,,,0,0,0,,,,,,2011-02-07,,,,,
7554382,2011,5,52,5,0,150107A201,150103,0,2,1,,,,,,0,0,0,,,,,,0,0,0,,,,,,0,0,0,,,,,,0,0,0,,,,,,0,0,0,,,,,,2011-02-07,,,,,
7554715,2011,6,52,5,0,150107A201,150107,0,3,15,,,,,,0,0,0,,,,,,0,0,0,,,,,,0,0,0,,,,,,0,0,0,,,,,,0,0,0,,,,,,2011-02-14,,,,,
7554718,2011,6,52,5,0,150107A201,150118,0,2,0,,,,,,0,0,0,,,,,,0,0,0,,,,,,0,0,0,,,,,,0,0,0,,,,,,0,0,0,,,,,,2011-02-14,,,,,
7555045,2011,7,52,5,0,150107A201,150107,0,3,11,,,,,,0,0,0,,,,,,0,0,0,,,,,,0,0,0,,,,,,0,0,0,,,,,,0,0,0,,,,,,2011-02-21,,,,,
7555048,2011,7,52,5,0,150107A201,150118,0,0,2,,,,,,0,0,0,,,,,,0,0,0,,,,,,0,0,0,,,,,,0,0,0,,,,,,0,0,0,,,,,,2011-02-21,,,,,
7555384,2011,8,52,5,0,150107A201,150107,0,4,14,,,,,,0,0,0,,,,,,0,0,0,,,,,,0,0,0,,,,,,0,0,0,,,,,,0,0,0,,,,,,2011-02-28,,,,,
7555387,2011,8,52,5,0,150107A201,150118,0,0,1,,,,,,0,0,0,,,,,,0,0,0,,,,,,0,0,0,,,,,,0,0,0,,,,,,0,0,0,,,,,,2011-02-28,,,,,
7555390,2011,8,52,5,0,150107A201,150103,0,0,1,,,,,,0,0,0,,,,,,0,0,0,,,,,,0,0,0,,,,,,0,0,0,,,,,,0,0,0,,,,,,2011-02-28,,,,,
7555741,2011,9,52,5,0,150107A201,150107,2,2,4,,,,,,0,0,0,,,,,,0,0,0,,,,,,0,0,0,,,,,,0,0,0,,,,,,0,0,0,,,,,,2011-03-07,,,,,
7555744,2011,9,52,5,0,150107A201,150118,1,0,3,,,,,,0,0,0,,,,,,0,0,0,,,,,,0,0,0,,,,,,0,0,0,,,,,,0,0,0,,,,,,2011-03-07,,,,,
7555747,2011,9,52,5,0,150107A201,150103,0,1,1,,,,,,0,0,0,,,,,,0,0,0,,,,,,0,0,0,,,,,,0,0,0,,,,,,0,0,0,,,,,,2011-03-07,,,,,
7556083,2011,10,52,5,0,150107A201,150107,1,1,7,,,,,,0,0,0,,,,,,0,0,0,,,,,,0,0,0,,,,,,0,0,0,,,,,,0,0,0,,,,,,2011-03-14,,,,,
7556086,2011,10,52,5,0,150107A201,150118,0,0,3,,,,,,0,0,0,,,,,,0,0,0,,,,,,0,0,0,,,,,,0,0,0,,,,,,0,0,0,,,,,,2011-03-14,,,,,
7556089,2011,10,52,5,0,150107A201,150103,0,0,3,,,,,,0,0,0,,,,,,0,0,0,,,,,,0,0,0,,,,,,0,0,0,,,,,,0,0,0,,,,,,2011-03-14,,,,,
7556401,2011,11,52,5,0,150107A201,150107,1,2,5,,,,,,0,0,0,,,,,,0,0,0,,,,,,0,0,0,,,,,,0,0,0,,,,,,0,0,0,,,,,,2011-03-21,,,,,
7556404,2011,11,52,5,0,150107A201,150118,0,0,3,,,,,,0,0,0,,,,,,0,0,0,,,,,,0,0,0,,,,,,0,0,0,,,,,,0,0,0,,,,,,2011-03-21,,,,,
7556407,2011,11,52,5,0,150107A201,150103,0,0,1,,,,,,0,0,0,,,,,,0,0,0,,,,,,0,0,0,,,,,,0,0,0,,,,,,0,0,0,,,,,,2011-03-21,,,,,
7556758,2011,12,52,5,0,150107A201,150107,2,5,16,,,,,,0,0,0,,,,,,0,0,0,,,,,,0,0,0,,,,,,0,0,0,,,,,,0,0,0,,,,,,2011-03-28,,,,,
7556761,2011,12,52,5,0,150107A201,150118,0,0,1,,,,,,0,0,0,,,,,,0,0,0,,,,,,0,0,0,,,,,,0,0,0,,,,,,0,0,0,,,,,,2011-03-28,,,,,
7556764,2011,12,52,5,0,150107A201,150103,0,0,1,,,,,,0,0,0,,,,,,0,0,0,,,,,,0,0,0,,,,,,0,0,0,,,,,,0,0,0,,,,,,2011-03-28,,,,,
7557109,2011,13,52,5,0,150107A201,150107,0,3,10,,,,,,0,0,0,,,,,,0,0,0,,,,,,0,0,0,,,,,,0,0,0,,,,,,0,0,0,,,,,,2011-04-04,,,,,
7557112,2011,13,52,5,0,150107A201,150118,0,0,6,,,,,,0,0,0,,,,,,0,0,0,,,,,,0,0,0,,,,,,0,0,0,,,,,,0,0,0,,,,,,2011-04-04,,,,,
7557451,2011,14,52,5,0,150107A201,150107,1,2,6,,,,,,0,0,0,,,,,,0,0,0,,,,,,0,0,0,,,,,,0,0,0,,,,,,0,0,0,,,,,,2011-04-11,,,,,
7557454,2011,14,52,5,0,150107A201,150118,0,0,1,,,,,,0,0,0,,,,,,0,0,0,,,,,,0,0,0,,,,,,0,0,0,,,,,,0,0,0,,,,,,2011-04-11,,,,,
7557796,2011,15,52,5,0,150107A201,150107,2,4,7,,,,,,0,0,0,,,,,,0,0,0,,,,,,0,0,0,,,,,,0,0,0,,,,,,0,0,0,,,,,,2011-04-18,,,,,
7557799,2011,15,52,5,0,150107A201,150118,0,1,0,,,,,,0,0,0,,,,,,0,0,0,,,,,,0,0,0,,,,,,0,0,0,,,,,,0,0,0,,,,,,2011-04-18,,,,,
7558096,2011,16,52,5,0,150107A201,150107,0,1,9,,,,,,0,0,0,,,,,,0,0,0,,,,,,0,0,0,,,,,,0,0,0,,,,,,0,0,0,,,,,,2011-04-25,,,,,
7558429,2011,17,52,5,0,150107A201,150107,1,5,16,,,,,,0,0,0,,,,,,0,0,0,,,,,,0,0,0,,,,,,0,0,0,,,,,,0,0,0,,,,,,2011-05-02,,,,,
7558432,2011,17,52,5,0,150107A201,150118,0,1,1,,,,,,0,0,0,,,,,,0,0,0,,,,,,0,0,0,,,,,,0,0,0,,,,,,0,0,0,,,,,,2011-05-02,,,,,
7558738,2011,18,52,5,0,150107A201,150107,1,5,1,,,,,,0,0,0,,,,,,0,0,0,,,,,,0,0,0,,,,,,0,0,0,,,,,,0,0,0,,,,,,2011-05-09,,,,,
7559122,2011,19,52,5,0,150107A201,150107,1,4,3,,,,,,0,0,0,,,,,,0,0,0,,,,,,0,0,0,,,,,,0,0,0,,,,,,0,0,0,,,,,,2011-05-16,,,,,
7559428,2011,20,52,5,0,150107A201,150107,1,8,8,,,,,,0,0,0,,,,,,0,0,0,,,,,,0,0,0,,,,,,0,0,0,,,,,,0,0,0,,,,,,2011-05-23,,,,,
7559752,2011,21,52,5,0,150107A201,150107,0,0,4,,,,,,0,0,0,,,,,,0,0,0,,,,,,0,0,0,,,,,,0,0,0,,,,,,0,0,0,,,,,,2011-05-30,,,,,
7559755,2011,21,52,5,0,150107A201,150118,0,0,3,,,,,,0,0,0,,,,,,0,0,0,,,,,,0,0,0,,,,,,0,0,0,,,,,,0,0,0,,,,,,2011-05-30,,,,,
7560079,2011,22,52,5,0,150107A201,150107,0,3,6,,,,,,0,0,0,,,,,,0,0,0,,,,,,0,0,0,,,,,,0,0,0,,,,,,0,0,0,,,,,,2011-06-06,,,,,
7560397,2011,23,52,5,0,150107A201,150107,0,3,9,,,,,,0,0,0,,,,,,0,0,0,,,,,,0,0,0,,,,,,0,0,0,,,,,,0,0,0,,,,,,2011-06-13,,,,,
7560742,2011,24,52,5,0,150107A201,150107,0,2,5,,,,,,0,0,0,,,,,,0,0,0,,,,,,0,0,0,,,,,,0,0,0,,,,,,0,0,0,,,,,,2011-06-20,,,,,
7561018,2011,25,52,5,0,150107A201,150107,0,2,12,,,,,,0,0,0,,,,,,0,0,0,,,,,,0,0,0,,,,,,0,0,0,,,,,,0,0,0,,,,,,2011-06-27,,,,,
7561348,2011,26,52,5,0,150107A201,150107,1,6,9,,,,,,0,0,0,,,,,,0,0,0,,,,,,0,0,0,,,,,,0,0,0,,,,,,0,0,0,,,,,,2011-07-04,,,,,
7561351,2011,26,52,5,0,150107A201,150118,0,1,1,,,,,,0,0,0,,,,,,0,0,0,,,,,,0,0,0,,,,,,0,0,0,,,,,,0,0,0,,,,,,2011-07-04,,,,,
7561636,2011,27,52,5,0,150107A201,150107,0,2,3,,,,,,0,0,0,,,,,,0,0,0,,,,,,0,0,0,,,,,,0,0,0,,,,,,0,0,0,,,,,,2011-07-10,,,,,
7561639,2011,27,52,5,0,150107A201,150118,0,1,2,,,,,,0,0,0,,,,,,0,0,0,,,,,,0,0,0,,,,,,0,0,0,,,,,,0,0,0,,,,,,2011-07-10,,,,,
7561996,2011,28,52,5,0,150107A201,150107,2,4,1,,,,,,0,0,0,,,,,,0,0,0,,,,,,0,0,0,,,,,,0,0,0,,,,,,0,0,0,,,,,,2011-07-18,,,,,
7561999,2011,28,52,5,0,150107A201,150118,0,1,0,,,,,,0,0,0,,,,,,0,0,0,,,,,,0,0,0,,,,,,0,0,0,,,,,,0,0,0,,,,,,2011-07-18,,,,,
7562200,2011,29,52,5,0,150107A201,150107,2,6,3,,,,,,0,0,0,,,,,,0,0,0,,,,,,0,0,0,,,,,,0,0,0,,,,,,0,0,0,,,,,,2011-07-25,,,,,
7562203,2011,29,52,5,0,150107A201,150118,0,0,1,,,,,,0,0,0,,,,,,0,0,0,,,,,,0,0,0,,,,,,0,0,0,,,,,,0,0,0,,,,,,2011-07-25,,,,,
7562572,2011,30,52,5,0,150107A201,150107,1,2,4,,,,,,0,0,0,,,,,,0,0,0,,,,,,0,0,0,,,,,,0,0,0,,,,,,0,0,0,,,,,,2011-08-01,,,,,
7562872,2011,31,52,5,0,150107A201,150107,0,5,11,,,,,,0,0,0,,,,,,0,0,0,,,,,,0,0,0,,,,,,0,0,0,,,,,,0,0,0,,,,,,2011-08-08,,,,,
7562875,2011,31,52,5,0,150107A201,150118,0,2,9,,,,,,0,0,0,,,,,,0,0,0,,,,,,0,0,0,,,,,,0,0,0,,,,,,0,0,0,,,,,,2011-08-08,,,,,
7563154,2011,32,52,5,0,150107A201,150107,0,1,7,,,,,,0,0,0,,,,,,0,0,0,,,,,,0,0,0,,,,,,0,0,0,,,,,,0,0,0,,,,,,2011-08-15,,,,,
7563484,2011,33,52,5,0,150107A201,150107,0,2,7,,,,,,0,0,0,,,,,,0,0,0,,,,,,0,0,0,,,,,,0,0,0,,,,,,0,0,0,,,,,,2011-08-23,,,,,
7563487,2011,33,52,5,0,150107A201,150118,0,0,1,,,,,,0,0,0,,,,,,0,0,0,,,,,,0,0,0,,,,,,0,0,0,,,,,,0,0,0,,,,,,2011-08-23,,,,,
7563820,2011,34,52,5,0,150107A201,150107,0,1,6,,,,,,0,0,0,,,,,,0,0,0,,,,,,0,0,0,,,,,,0,0,0,,,,,,0,0,0,,,,,,2011-08-29,,,,,
7563823,2011,34,52,5,0,150107A201,150118,0,2,1,,,,,,0,0,0,,,,,,0,0,0,,,,,,0,0,0,,,,,,0,0,0,,,,,,0,0,0,,,,,,2011-08-29,,,,,
7564267,2011,35,52,5,0,150107A201,150107,0,1,9,,,,,,0,0,0,,,,,,0,0,0,,,,,,0,0,0,,,,,,0,0,0,,,,,,0,0,0,,,,,,2011-09-05,,,,,
7564270,2011,35,52,5,0,150107A201,150118,1,1,3,,,,,,0,0,0,,,,,,0,0,0,,,,,,0,0,0,,,,,,0,0,0,,,,,,0,0,0,,,,,,2011-09-05,,,,,
7564273,2011,35,52,5,0,150107A201,150103,0,1,0,,,,,,0,0,0,,,,,,0,0,0,,,,,,0,0,0,,,,,,0,0,0,,,,,,0,0,0,,,,,,2011-09-05,,,,,
7564456,2011,36,52,5,0,150107A201,150107,0,0,10,,,,,,0,0,0,,,,,,0,0,0,,,,,,0,0,0,,,,,,0,0,0,,,,,,0,0,0,,,,,,2011-09-12,,,,,
7564459,2011,36,52,5,0,150107A201,150118,0,4,0,,,,,,0,0,0,,,,,,0,0,0,,,,,,0,0,0,,,,,,0,0,0,,,,,,0,0,0,,,,,,2011-09-12,,,,,
7564462,2011,36,52,5,0,150107A201,150103,1,0,0,,,,,,0,0,0,,,,,,0,0,0,,,,,,0,0,0,,,,,,0,0,0,,,,,,0,0,0,,,,,,2011-09-12,,,,,
7564777,2011,37,52,5,0,150107A201,150107,0,4,4,,,,,,0,0,0,,,,,,0,0,0,,,,,,0,0,0,,,,,,0,0,0,,,,,,0,0,0,,,,,,2011-09-19,,,,,
7565110,2011,38,52,5,0,150107A201,150107,0,0,6,,,,,,0,0,0,,,,,,0,0,0,,,,,,0,0,0,,,,,,0,0,0,,,,,,0,0,0,,,,,,2011-09-26,,,,,
7565113,2011,38,52,5,0,150107A201,150118,0,0,1,,,,,,0,0,0,,,,,,0,0,0,,,,,,0,0,0,,,,,,0,0,0,,,,,,0,0,0,,,,,,2011-09-26,,,,,
7565446,2011,39,52,5,0,150107A201,150107,4,0,25,,,,,,0,0,0,,,,,,0,0,0,,,,,,0,0,0,,,,,,0,0,0,,,,,,0,0,0,,,,,,2011-10-03,,,,,
7565449,2011,39,52,5,0,150107A201,150118,0,1,0,,,,,,0,0,0,,,,,,0,0,0,,,,,,0,0,0,,,,,,0,0,0,,,,,,0,0,0,,,,,,2011-10-03,,,,,
7565800,2011,40,52,5,0,150107A201,150107,1,2,14,,,,,,0,0,0,,,,,,0,0,0,,,,,,0,0,0,,,,,,0,0,0,,,,,,0,0,0,,,,,,2011-10-10,,,,,
7565803,2011,40,52,5,0,150107A201,150118,0,0,1,,,,,,0,0,0,,,,,,0,0,0,,,,,,0,0,0,,,,,,0,0,0,,,,,,0,0,0,,,,,,2011-10-10,,,,,
7566142,2011,41,52,5,0,150107A201,150107,0,1,8,,,,,,0,0,0,,,,,,0,0,0,,,,,,0,0,0,,,,,,0,0,0,,,,,,0,0,0,,,,,,2011-10-17,,,,,
7566430,2011,42,52,5,0,150107A201,150107,0,4,4,,,,,,0,0,0,,,,,,0,0,0,,,,,,0,0,0,,,,,,0,0,0,,,,,,0,0,0,,,,,,2011-10-24,,,,,
7566433,2011,42,52,5,0,150107A201,150118,0,1,2,,,,,,0,0,0,,,,,,0,0,0,,,,,,0,0,0,,,,,,0,0,0,,,,,,0,0,0,,,,,,2011-10-24,,,,,
7566748,2011,43,52,5,0,150107A201,150107,1,3,6,,,,,,0,0,0,,,,,,0,0,0,,,,,,0,0,0,,,,,,0,0,0,,,,,,0,0,0,,,,,,2011-11-02,,,,,
7566751,2011,43,52,5,0,150107A201,150118,0,1,0,,,,,,0,0,0,,,,,,0,0,0,,,,,,0,0,0,,,,,,0,0,0,,,,,,0,0,0,,,,,,2011-11-02,,,,,
7567054,2011,44,52,5,0,150107A201,150107,1,2,8,,,,,,0,0,0,,,,,,0,0,0,,,,,,0,0,0,,,,,,0,0,0,,,,,,0,0,0,,,,,,2011-11-07,,,,,
7567057,2011,44,52,5,0,150107A201,150118,0,2,2,,,,,,0,0,0,,,,,,0,0,0,,,,,,0,0,0,,,,,,0,0,0,,,,,,0,0,0,,,,,,2011-11-07,,,,,
7567363,2011,45,52,5,0,150107A201,150107,0,2,5,,,,,,0,0,0,,,,,,0,0,0,,,,,,0,0,0,,,,,,0,0,0,,,,,,0,0,0,,,,,,2011-11-14,,,,,
7567366,2011,45,52,5,0,150107A201,150118,0,3,2,,,,,,0,0,0,,,,,,0,0,0,,,,,,0,0,0,,,,,,0,0,0,,,,,,0,0,0,,,,,,2011-11-14,,,,,
7567705,2011,46,52,5,0,150107A201,150107,1,1,3,,,,,,0,0,0,,,,,,0,0,0,,,,,,0,0,0,,,,,,0,0,0,,,,,,0,0,0,,,,,,2011-11-21,,,,,
7567708,2011,46,52,5,0,150107A201,150118,0,1,2,,,,,,0,0,0,,,,,,0,0,0,,,,,,0,0,0,,,,,,0,0,0,,,,,,0,0,0,,,,,,2011-11-21,,,,,
7568197,2011,47,52,5,0,150107A201,150107,2,0,10,,,,,,0,0,0,,,,,,0,0,0,,,,,,0,0,0,,,,,,0,0,0,,,,,,0,0,0,,,,,,2011-11-28,,,,,
7568200,2011,47,52,5,0,150107A201,150118,1,0,1,,,,,,0,0,0,,,,,,0,0,0,,,,,,0,0,0,,,,,,0,0,0,,,,,,0,0,0,,,,,,2011-11-28,,,,,
7568203,2011,47,52,5,0,150107A201,150103,0,1,0,,,,,,0,0,0,,,,,,0,0,0,,,,,,0,0,0,,,,,,0,0,0,,,,,,0,0,0,,,,,,2011-11-28,,,,,
7568398,2011,48,52,5,0,150107A201,150107,1,2,5,,,,,,0,0,0,,,,,,0,0,0,,,,,,0,0,0,,,,,,0,0,0,,,,,,0,0,0,,,,,,2011-12-06,,,,,
7568401,2011,48,52,5,0,150107A201,150118,0,1,2,,,,,,0,0,0,,,,,,0,0,0,,,,,,0,0,0,,,,,,0,0,0,,,,,,0,0,0,,,,,,2011-12-06,,,,,
7568404,2011,48,52,5,0,150107A201,150103,1,0,0,,,,,,0,0,0,,,,,,0,0,0,,,,,,0,0,0,,,,,,0,0,0,,,,,,0,0,0,,,,,,2011-12-06,,,,,
7568689,2011,49,52,5,0,150107A201,150107,2,3,1,,,,,,0,0,0,,,,,,0,0,0,,,,,,0,0,0,,,,,,0,0,0,,,,,,0,0,0,,,,,,2011-12-12,,,,,
7569025,2011,50,52,5,0,150107A201,150107,2,7,9,,,,,,0,0,0,,,,,,0,0,0,,,,,,0,0,0,,,,,,0,0,0,,,,,,0,0,0,,,,,,2011-12-19,,,,,
7569028,2011,50,52,5,0,150107A201,150118,0,0,2,,,,,,0,0,0,,,,,,0,0,0,,,,,,0,0,0,,,,,,0,0,0,,,,,,0,0,0,,,,,,2011-12-19,,,,,
7569343,2011,51,52,5,0,150107A201,150107,2,2,7,,,,,,0,0,0,,,,,,0,0,0,,,,,,0,0,0,,,,,,0,0,0,,,,,,0,0,0,,,,,,2011-12-26,,,,,
7569679,2011,52,52,5,0,150107A201,150107,1,3,10,,,,,,0,0,0,,,,,,0,0,0,,,,,,0,0,0,,,,,,0,0,0,,,,,,0,0,0,,,,,,2011-12-31,,,,,
7569682,2011,52,52,5,0,150107A201,150118,0,0,2,,,,,,0,0,0,,,,,,0,0,0,,,,,,0,0,0,,,,,,0,0,0,,,,,,0,0,0,,,,,,2011-12-31,,,,,
8249773,2012,1,52,5,0,150107A201,150107,1,2,7,,,,,,0,0,0,,,,,,0,0,0,,,,,,0,0,0,,,,,,0,0,0,,,,,,0,0,0,,,,,,2012-01-09,,,,,
8249776,2012,1,52,5,0,150107A201,150118,0,1,0,,,,,,0,0,0,,,,,,0,0,0,,,,,,0,0,0,,,,,,0,0,0,,,,,,0,0,0,,,,,,2012-01-09,,,,,
8250106,2012,2,52,5,0,150107A201,150103,1,0,0,,,,,,0,0,0,,,,,,0,0,0,,,,,,0,0,0,,,,,,0,0,0,,,,,,0,0,0,,,,,,2012-01-16,,,,,
8250109,2012,2,52,5,0,150107A201,150107,1,1,14,,,,,,0,0,0,,,,,,0,0,0,,,,,,0,0,0,,,,,,0,0,0,,,,,,0,0,0,,,,,,2012-01-16,,,,,
8250112,2012,2,52,5,0,150107A201,150118,0,0,1,,,,,,0,0,0,,,,,,0,0,0,,,,,,0,0,0,,,,,,0,0,0,,,,,,0,0,0,,,,,,2012-01-16,,,,,
8250469,2012,3,52,5,0,150107A201,150107,1,3,6,,,,,,0,0,0,,,,,,0,0,0,,,,,,0,0,0,,,,,,0,0,0,,,,,,0,0,0,,,,,,2012-01-23,,,,,
8250472,2012,3,52,5,0,150107A201,150118,0,4,1,,,,,,0,0,0,,,,,,0,0,0,,,,,,0,0,0,,,,,,0,0,0,,,,,,0,0,0,,,,,,2012-01-23,,,,,
8250757,2012,4,52,5,0,150107A201,150103,1,0,0,,,,,,0,0,0,,,,,,0,0,0,,,,,,0,0,0,,,,,,0,0,0,,,,,,0,0,0,,,,,,2012-01-30,,,,,
8250760,2012,4,52,5,0,150107A201,150107,0,2,5,,,,,,0,0,0,,,,,,0,0,0,,,,,,0,0,0,,,,,,0,0,0,,,,,,0,0,0,,,,,,2012-01-30,,,,,
8250763,2012,4,52,5,0,150107A201,150118,2,1,2,,,,,,0,0,0,,,,,,0,0,0,,,,,,0,0,0,,,,,,0,0,0,,,,,,0,0,0,,,,,,2012-01-30,,,,,
8251102,2012,5,52,5,0,150107A201,150103,0,0,1,,,,,,0,0,0,,,,,,0,0,0,,,,,,0,0,0,,,,,,0,0,0,,,,,,0,0,0,,,,,,2012-02-06,,,,,
8251105,2012,5,52,5,0,150107A201,150107,0,1,12,,,,,,0,0,0,,,,,,0,0,0,,,,,,0,0,0,,,,,,0,0,0,,,,,,0,0,0,,,,,,2012-02-06,,,,,
8251108,2012,5,52,5,0,150107A201,150118,0,1,0,,,,,,0,0,0,,,,,,0,0,0,,,,,,0,0,0,,,,,,0,0,0,,,,,,0,0,0,,,,,,2012-02-06,,,,,
8251486,2012,6,52,5,0,150107A201,150103,0,1,0,,,,,,0,0,0,,,,,,0,0,0,,,,,,0,0,0,,,,,,0,0,0,,,,,,0,0,0,,,,,,2012-02-13,,,,,
8251489,2012,6,52,5,0,150107A201,150107,2,5,9,,,,,,0,0,0,,,,,,0,0,0,,,,,,0,0,0,,,,,,0,0,0,,,,,,0,0,0,,,,,,2012-02-13,,,,,
8251492,2012,6,52,5,0,150107A201,150118,0,1,2,,,,,,0,0,0,,,,,,0,0,0,,,,,,0,0,0,,,,,,0,0,0,,,,,,0,0,0,,,,,,2012-02-13,,,,,
8251816,2012,7,52,5,0,150107A201,150107,3,2,2,,,,,,0,0,0,,,,,,0,0,0,,,,,,0,0,0,,,,,,0,0,0,,,,,,0,0,0,,,,,,2012-02-20,,,,,
8251819,2012,7,52,5,0,150107A201,150118,1,1,7,,,,,,0,0,0,,,,,,0,0,0,,,,,,0,0,0,,,,,,0,0,0,,,,,,0,0,0,,,,,,2012-02-20,,,,,
8252170,2012,8,52,5,0,150107A201,150107,0,0,9,,,,,,0,0,0,,,,,,0,0,0,,,,,,0,0,0,,,,,,0,0,0,,,,,,0,0,0,,,,,,2012-02-27,,,,,
8252173,2012,8,52,5,0,150107A201,150118,0,0,1,,,,,,0,0,0,,,,,,0,0,0,,,,,,0,0,0,,,,,,0,0,0,,,,,,0,0,0,,,,,,2012-02-27,,,,,
8252497,2012,9,52,5,0,150107A201,150107,1,4,13,,,,,,0,0,0,,,,,,0,0,0,,,,,,0,0,0,,,,,,0,0,0,,,,,,0,0,0,,,,,,2012-03-05,,,,,
8252500,2012,9,52,5,0,150107A201,150118,1,0,3,,,,,,0,0,0,,,,,,0,0,0,,,,,,0,0,0,,,,,,0,0,0,,,,,,0,0,0,,,,,,2012-03-05,,,,,
8252806,2012,10,52,5,0,150107A201,150107,1,2,11,,,,,,0,0,0,,,,,,0,0,0,,,,,,0,0,0,,,,,,0,0,0,,,,,,0,0,0,,,,,,2012-03-12,,,,,
8252809,2012,10,52,5,0,150107A201,150118,1,1,3,,,,,,0,0,0,,,,,,0,0,0,,,,,,0,0,0,,,,,,0,0,0,,,,,,0,0,0,,,,,,2012-03-12,,,,,
8253130,2012,11,52,5,0,150107A201,150107,0,4,13,,,,,,0,0,0,,,,,,0,0,0,,,,,,0,0,0,,,,,,0,0,0,,,,,,0,0,0,,,,,,2012-03-19,,,,,
8253133,2012,11,52,5,0,150107A201,150118,1,3,11,,,,,,0,0,0,,,,,,0,0,0,,,,,,0,0,0,,,,,,0,0,0,,,,,,0,0,0,,,,,,2012-03-19,,,,,
8253427,2012,12,52,5,0,150107A201,150107,0,2,9,,,,,,0,0,0,,,,,,0,0,0,,,,,,0,0,0,,,,,,0,0,0,,,,,,0,0,0,,,,,,2012-03-26,,,,,
8253430,2012,12,52,5,0,150107A201,150118,0,0,4,,,,,,0,0,0,,,,,,0,0,0,,,,,,0,0,0,,,,,,0,0,0,,,,,,0,0,0,,,,,,2012-03-26,,,,,
8253733,2012,13,52,5,0,150107A201,150107,1,3,6,,,,,,0,0,0,,,,,,0,0,0,,,,,,0,0,0,,,,,,0,0,0,,,,,,0,0,0,,,,,,2012-04-02,,,,,
8253736,2012,13,52,5,0,150107A201,150118,1,1,2,,,,,,0,0,0,,,,,,0,0,0,,,,,,0,0,0,,,,,,0,0,0,,,,,,0,0,0,,,,,,2012-04-02,,,,,
8254042,2012,14,52,5,0,150107A201,150107,1,3,4,,,,,,0,0,0,,,,,,0,0,0,,,,,,0,0,0,,,,,,0,0,0,,,,,,0,0,0,,,,,,2012-04-09,,,,,
8254045,2012,14,52,5,0,150107A201,150118,0,1,1,,,,,,0,0,0,,,,,,0,0,0,,,,,,1,0,0,,,,,,0,0,0,,,,,,0,0,0,,,,,,2012-04-09,,,,,
8254357,2012,15,52,5,0,150107A201,150107,3,1,8,,,,,,0,0,0,,,,,,0,0,0,,,,,,0,0,0,,,,,,0,0,0,,,,,,0,0,0,,,,,,2012-04-16,,,,,
8254684,2012,16,52,5,0,150107A201,150103,0,0,1,,,,,,0,0,0,,,,,,0,0,0,,,,,,0,0,0,,,,,,0,0,0,,,,,,0,0,0,,,,,,2012-04-23,,,,,
8254687,2012,16,52,5,0,150107A201,150107,1,2,6,,,,,,0,0,0,,,,,,0,0,0,,,,,,0,0,0,,,,,,0,0,0,,,,,,0,0,0,,,,,,2012-04-23,,,,,
8254690,2012,16,52,5,0,150107A201,150118,1,1,1,,,,,,0,0,0,,,,,,0,0,0,,,,,,0,0,0,,,,,,0,0,0,,,,,,0,0,0,,,,,,2012-04-23,,,,,
8255011,2012,17,52,5,0,150107A201,150107,0,2,6,,,,,,0,0,0,,,,,,0,0,0,,,,,,0,0,0,,,,,,0,0,0,,,,,,0,0,0,,,,,,2012-05-01,,,,,
8255014,2012,17,52,5,0,150107A201,150118,0,0,1,,,,,,0,0,0,,,,,,0,0,0,,,,,,0,0,0,,,,,,0,0,0,,,,,,0,0,0,,,,,,2012-05-01,,,,,
8255362,2012,18,52,5,0,150107A201,150107,1,1,10,,,,,,0,0,0,,,,,,0,0,0,,,,,,0,0,0,,,,,,0,0,0,,,,,,0,0,0,,,,,,2012-05-07,,,,,
8255698,2012,19,52,5,0,150107A201,150107,1,0,5,,,,,,0,0,0,,,,,,0,0,0,,,,,,0,0,0,,,,,,0,0,0,,,,,,0,0,0,,,,,,2012-05-14,,,,,
8255701,2012,19,52,5,0,150107A201,150118,0,2,1,,,,,,0,0,0,,,,,,0,0,0,,,,,,1,0,0,,,,,,0,0,0,,,,,,0,0,0,,,,,,2012-05-14,,,,,
8256016,2012,20,52,5,0,150107A201,150107,0,0,5,,,,,,0,0,0,,,,,,0,0,0,,,,,,0,0,0,,,,,,0,0,0,,,,,,0,0,0,,,,,,2012-05-21,,,,,
8256340,2012,21,52,5,0,150107A201,150107,0,2,2,,,,,,0,0,0,,,,,,0,0,0,,,,,,0,0,0,,,,,,0,0,0,,,,,,0,0,0,,,,,,2012-05-29,,,,,
8256343,2012,21,52,5,0,150107A201,150118,3,0,3,,,,,,0,0,0,,,,,,0,0,0,,,,,,0,0,0,,,,,,0,0,0,,,,,,0,0,0,,,,,,2012-05-29,,,,,
8256688,2012,22,52,5,0,150107A201,150103,0,0,1,,,,,,0,0,0,,,,,,0,0,0,,,,,,0,0,0,,,,,,0,0,0,,,,,,0,0,0,,,,,,2012-06-04,,,,,
8256691,2012,22,52,5,0,150107A201,150107,0,0,8,,,,,,0,0,0,,,,,,0,0,0,,,,,,0,0,0,,,,,,0,0,0,,,,,,0,0,0,,,,,,2012-06-04,,,,,
8257012,2012,23,52,5,0,150107A201,150107,1,1,2,,,,,,0,0,0,,,,,,0,0,0,,,,,,0,0,0,,,,,,0,0,0,,,,,,0,0,0,,,,,,2012-06-11,,,,,
8257015,2012,23,52,5,0,150107A201,150118,1,0,0,,,,,,0,0,0,,,,,,0,0,0,,,,,,0,0,0,,,,,,0,0,0,,,,,,0,0,0,,,,,,2012-06-11,,,,,
8257354,2012,24,52,5,0,150107A201,150107,1,3,5,,,,,,0,0,0,,,,,,0,0,0,,,,,,0,0,0,,,,,,0,0,0,,,,,,0,0,0,,,,,,2012-06-18,1.0,,1.0,,
8257357,2012,24,52,5,0,150107A201,150118,0,0,2,,,,,,0,0,0,,,,,,0,0,0,,,,,,0,0,0,,,,,,0,0,0,,,,,,0,0,0,,,,,,2012-06-18,1.0,,1.0,,
8257660,2012,25,52,5,0,150107A201,150107,0,1,3,,,,,,0,0,0,,,,,,0,0,0,,,,,,0,0,0,,,,,,0,0,0,,,,,,0,0,0,,,,,,2012-06-25,,,,,
8257663,2012,25,52,5,0,150107A201,150118,1,2,2,,,,,,0,0,0,,,,,,0,0,0,,,,,,0,0,0,,,,,,0,0,0,,,,,,0,0,0,,,,,,2012-06-25,,,,,
8257969,2012,26,52,5,0,150107A201,150107,0,5,3,,,,,,0,0,0,,,,,,0,0,0,,,,,,0,1,0,,,,,,0,0,0,,,,,,0,0,0,,,,,,2012-07-02,,,,,
8257972,2012,26,52,5,0,150107A201,150118,0,3,1,,,,,,0,0,0,,,,,,0,0,0,,,,,,0,0,0,,,,,,0,0,0,,,,,,0,0,0,,,,,,2012-07-02,,,,,
8258269,2012,27,52,5,0,150107A201,150107,1,2,6,,,,,,0,0,0,,,,,,0,0,0,,,,,,0,0,0,,,,,,0,0,0,,,,,,0,0,0,,,,,,2012-07-09,,,,,
8258272,2012,27,52,5,0,150107A201,150118,0,1,0,,,,,,0,0,0,,,,,,0,0,0,,,,,,0,0,0,,,,,,0,0,0,,,,,,0,0,0,,,,,,2012-07-09,,,,,
8258593,2012,28,52,5,0,150107A201,150103,0,0,1,,,,,,0,0,0,,,,,,0,0,0,,,,,,0,0,0,,,,,,0,0,0,,,,,,0,0,0,,,,,,2012-07-16,,,,,
8258596,2012,28,52,5,0,150107A201,150107,0,0,8,,,,,,0,0,0,,,,,,0,0,0,,,,,,0,0,0,,,,,,0,0,0,,,,,,0,0,0,,,,,,2012-07-16,,,,,
8258599,2012,28,52,5,0,150107A201,150118,1,0,2,,,,,,0,0,0,,,,,,0,0,0,,,,,,0,0,0,,,,,,0,0,0,,,,,,0,0,0,,,,,,2012-07-16,,,,,
8258908,2012,29,52,5,0,150107A201,150107,0,2,5,,,,,,0,0,0,,,,,,0,0,0,,,,,,0,0,0,,,,,,0,0,0,,,,,,0,0,0,,,,,,2012-07-23,,,,,
8258911,2012,29,52,5,0,150107A201,150118,0,0,2,,,,,,0,0,0,,,,,,0,0,0,,,,,,0,0,0,,,,,,0,0,0,,,,,,0,0,0,,,,,,2012-07-23,,,,,
8259226,2012,30,52,5,0,150107A201,150107,1,4,1,,,,,,0,0,0,,,,,,0,0,0,,,,,,0,0,0,,,,,,0,0,0,,,,,,0,0,0,,,,,,2012-07-30,,,,,
8259229,2012,30,52,5,0,150107A201,150118,0,1,0,,,,,,0,0,0,,,,,,0,0,0,,,,,,0,0,0,,,,,,0,0,0,,,,,,0,0,0,,,,,,2012-07-30,,,,,
8259547,2012,31,52,5,0,150107A201,150107,0,3,9,,,,,,0,0,0,,,,,,0,0,0,,,,,,0,0,0,,,,,,0,0,0,,,,,,0,0,0,,,,,,2012-08-06,,,,,
8259850,2012,32,52,5,0,150107A201,150107,0,0,5,,,,,,0,0,0,,,,,,0,0,0,,,,,,0,0,0,,,,,,0,0,0,,,,,,0,0,0,,,,,,2012-08-13,,,,,
8260171,2012,33,52,5,0,150107A201,150107,1,0,6,,,,,,0,0,0,,,,,,0,0,0,,,,,,0,0,0,,,,,,0,0,0,,,,,,0,0,0,,,,,,2012-08-20,,,,,
8260174,2012,33,52,5,0,150107A201,150118,0,1,4,,,,,,0,0,0,,,,,,0,0,0,,,,,,0,0,0,,,,,,0,0,0,,,,,,0,0,0,,,,,,2012-08-20,,,,,
8260504,2012,34,52,5,0,150107A201,150103,0,0,1,,,,,,0,0,0,,,,,,0,0,0,,,,,,0,0,0,,,,,,0,0,0,,,,,,0,0,0,,,,,,2012-08-27,,,,,
8260507,2012,34,52,5,0,150107A201,150107,0,0,10,,,,,,0,0,0,,,,,,0,0,0,,,,,,0,0,0,,,,,,0,0,0,,,,,,0,0,0,,,,,,2012-08-27,,,,,
8260807,2012,35,52,5,0,150107A201,150107,0,3,5,,,,,,0,0,0,,,,,,0,0,0,,,,,,0,0,0,,,,,,0,0,0,,,,,,0,0,0,,,,,,2012-09-03,,,,,
8260810,2012,35,52,5,0,150107A201,150118,2,2,0,,,,,,0,0,0,,,,,,0,0,0,,,,,,0,0,0,,,,,,0,0,0,,,,,,0,0,0,,,,,,2012-09-03,,,,,
8261131,2012,36,52,5,0,150107A201,150107,1,1,8,,,,,,0,0,0,,,,,,0,0,0,,,,,,0,0,0,,,,,,0,0,0,,,,,,0,0,0,,,,,,2012-09-10,,,,,
8261134,2012,36,52,5,0,150107A201,150118,0,0,1,,,,,,0,0,0,,,,,,0,0,0,,,,,,0,0,0,,,,,,0,0,0,,,,,,0,0,0,,,,,,2012-09-10,,,,,
8261452,2012,37,52,5,0,150107A201,150107,0,2,10,,,,,,0,0,0,,,,,,0,0,0,,,,,,0,0,0,,,,,,0,0,0,,,,,,0,0,0,,,,,,2012-09-17,,,,,
8261749,2012,38,52,5,0,150107A201,150107,1,3,8,,,,,,0,0,0,,,,,,0,0,0,,,,,,0,0,0,,,,,,0,0,0,,,,,,0,0,0,,,,,,2012-09-24,,,,,
8261752,2012,38,52,5,0,150107A201,150118,0,1,0,,,,,,0,0,0,,,,,,0,0,0,,,,,,0,0,0,,,,,,0,0,0,,,,,,0,0,0,,,,,,2012-09-24,,,,,
8262016,2012,39,52,5,0,150107A201,150107,0,3,6,,,,,,0,0,0,,,,,,0,0,0,,,,,,0,0,0,,,,,,0,0,0,,,,,,0,0,0,,,,,,2012-10-01,,,,,
8262019,2012,39,52,5,0,150107A201,150118,1,0,2,,,,,,0,0,0,,,,,,0,0,0,,,,,,0,0,0,,,,,,0,0,0,,,,,,0,0,0,,,,,,2012-10-01,,,,,
8262265,2012,40,52,5,0,150107A201,150107,0,0,2,,,,,,0,0,0,,,,,,0,0,0,,,,,,0,0,0,,,,,,0,0,0,,,,,,0,0,0,,,,,,2012-10-09,,,,,
8262268,2012,40,52,5,0,150107A201,150118,0,1,1,,,,,,0,0,0,,,,,,0,0,0,,,,,,0,0,0,,,,,,0,0,0,,,,,,0,0,0,,,,,,2012-10-09,,,,,
8262493,2012,41,52,5,0,150107A201,150107,0,1,3,,,,,,0,0,0,,,,,,0,0,0,,,,,,0,0,0,,,,,,0,0,0,,,,,,0,0,0,,,,,,2012-10-15,,,,,
8262496,2012,41,52,5,0,150107A201,150118,0,0,1,,,,,,0,0,0,,,,,,0,0,0,,,,,,0,0,0,,,,,,0,0,0,,,,,,0,0,0,,,,,,2012-10-15,,,,,
8262772,2012,42,52,5,0,150107A201,150107,0,1,1,,,,,,0,0,0,,,,,,0,0,0,,,,,,0,0,0,,,,,,0,0,0,,,,,,0,0,0,,,,,,2012-10-22,1.0,,1.0,,
8262976,2012,43,52,5,0,150107A201,150107,0,1,6,,,,,,0,0,0,,,,,,0,0,0,,,,,,0,0,0,,,,,,0,0,0,,,,,,0,0,0,,,,,,2012-10-30,,,,,
8262979,2012,43,52,5,0,150107A201,150118,1,1,1,,,,,,0,0,0,,,,,,0,0,0,,,,,,0,0,0,,,,,,0,0,0,,,,,,0,0,0,,,,,,2012-10-30,,,,,
8262982,2012,43,52,5,0,150107A201,150103,0,0,1,,,,,,0,0,0,,,,,,0,0,0,,,,,,0,0,0,,,,,,0,0,0,,,,,,0,0,0,,,,,,2012-10-30,,,,,
8263414,2012,44,52,5,0,150107A201,150107,2,5,6,,,,,,0,0,0,,,,,,0,0,0,,,,,,0,0,0,,,,,,0,0,0,,,,,,0,0,0,,,,,,2012-11-05,1.0,,1.0,,
8263417,2012,44,52,5,0,150107A201,150118,0,0,3,,,,,,0,0,0,,,,,,0,0,0,,,,,,0,0,0,,,,,,0,0,0,,,,,,0,0,0,,,,,,2012-11-05,1.0,,1.0,,
8263732,2012,45,52,5,0,150107A201,150107,0,1,6,,,,,,0,0,0,,,,,,0,0,0,,,,,,0,0,0,,,,,,0,0,0,,,,,,0,0,0,,,,,,2012-11-12,,,,,
8263735,2012,45,52,5,0,150107A201,150118,0,1,3,,,,,,0,0,0,,,,,,0,0,0,,,,,,0,0,0,,,,,,0,0,0,,,,,,0,0,0,,,,,,2012-11-12,,,,,
8264104,2012,46,52,5,0,150107A201,150107,0,0,8,,,,,,0,0,0,,,,,,0,0,0,,,,,,0,0,0,,,,,,0,0,0,,,,,,0,0,0,,,,,,2012-11-19,1.0,,1.0,,
8264407,2012,47,52,5,0,150107A201,150107,1,1,18,,,,,,0,0,0,,,,,,0,0,0,,,,,,0,0,0,,,,,,0,0,0,,,,,,0,0,0,,,,,,2012-11-26,1.0,,1.0,,
8264884,2012,48,52,5,0,150107A201,150107,0,1,7,,,,,,0,0,0,,,,,,0,0,0,,,,,,0,0,0,,,,,,0,0,0,,,,,,0,0,0,,,,,,2012-12-04,,,,,
8264887,2012,48,52,5,0,150107A201,150118,0,0,2,,,,,,0,0,0,,,,,,0,0,0,,,,,,0,0,0,,,,,,0,0,0,,,,,,0,0,0,,,,,,2012-12-04,,,,,
8265004,2012,49,52,5,0,150107A201,150107,0,1,23,,,,,,0,0,0,,,,,,0,0,0,,,,,,0,0,0,,,,,,0,0,0,,,,,,0,0,0,,,,,,2012-12-10,,,,,
8265313,2012,50,52,5,0,150107A201,150107,0,4,5,,,,,,0,0,0,,,,,,0,0,0,,,,,,0,0,0,,,,,,0,0,0,,,,,,0,0,0,,,,,,2012-12-17,,,,,
8265316,2012,50,52,5,0,150107A201,150118,1,1,0,,,,,,0,0,0,,,,,,0,0,0,,,,,,0,0,0,,,,,,0,0,0,,,,,,0,0,0,,,,,,2012-12-17,,,,,
8265625,2012,51,52,5,0,150107A201,150107,1,2,7,,,,,,0,0,0,,,,,,0,0,0,,,,,,0,0,0,,,,,,0,0,0,,,,,,0,0,0,,,,,,2012-12-26,1.0,,1.0,,
8265628,2012,51,52,5,0,150107A201,150118,0,0,1,,,,,,0,0,0,,,,,,0,0,0,,,,,,0,0,0,,,,,,0,0,0,,,,,,0,0,0,,,,,,2012-12-26,1.0,,1.0,,
8265922,2012,52,52,5,0,150107A201,150107,0,2,8,,,,,,0,0,0,,,,,,0,0,0,,,,,,0,0,0,,,,,,0,0,0,,,,,,0,0,0,,,,,,2012-12-31,1.0,,1.0,,
8265925,2012,52,52,5,0,150107A201,150118,0,0,3,,,,,,0,0,0,,,,,,0,0,0,,,,,,0,0,0,,,,,,0,0,0,,,,,,0,0,0,,,,,,2012-12-31,1.0,,1.0,,
8977072,2013,1,52,5,0,150107A201,150107,0,0,7,,,,,,0,0,0,,,,,,0,0,0,,,,,,0,0,0,,,,,,0,0,0,,,,,,0,0,0,,,,,,2013-01-07,,,,,
8977375,2013,2,52,5,0,150107A201,150107,0,3,7,,,,,,0,0,0,,,,,,0,0,0,,,,,,0,0,0,,,,,,0,0,0,,,,,,0,0,0,,,,,,2013-01-14,,,,,
8977723,2013,3,52,5,0,150107A201,150107,1,1,7,,,,,,0,0,0,,,,,,0,0,0,,,,,,0,0,0,,,,,,0,0,0,,,,,,0,0,0,,,,,,2013-01-21,,,,,
8977726,2013,3,52,5,0,150107A201,150118,0,0,2,,,,,,0,0,0,,,,,,0,0,0,,,,,,0,0,0,,,,,,0,0,0,,,,,,0,0,0,,,,,,2013-01-21,,,,,
8978074,2013,4,52,5,0,150107A201,150107,0,1,3,,,,,,0,0,0,,,,,,0,0,0,,,,,,0,0,0,,,,,,0,0,0,,,,,,0,0,0,,,,,,2013-01-28,,,,,
8978077,2013,4,52,5,0,150107A201,150118,0,1,3,,,,,,0,0,0,,,,,,0,0,0,,,,,,0,0,0,,,,,,0,0,0,,,,,,0,0,0,,,,,,2013-01-28,,,,,
8978425,2013,5,52,5,0,150107A201,150107,2,3,2,,,,,,0,0,0,,,,,,0,0,0,,,,,,0,0,0,,,,,,0,0,0,,,,,,0,0,0,,,,,,2013-02-04,,,,,
8978428,2013,5,52,5,0,150107A201,150118,1,0,0,,,,,,0,0,0,,,,,,0,0,0,,,,,,0,0,0,,,,,,0,0,0,,,,,,0,0,0,,,,,,2013-02-04,,,,,
8978761,2013,6,52,5,0,150107A201,150107,2,0,5,,,,,,0,0,0,,,,,,0,0,0,,,,,,0,0,0,,,,,,0,0,0,,,,,,0,0,0,,,,,,2013-02-11,,,,,
8978764,2013,6,52,5,0,150107A201,150118,1,1,1,,,,,,0,0,0,,,,,,0,0,0,,,,,,0,0,0,,,,,,0,0,0,,,,,,0,0,0,,,,,,2013-02-11,,,,,
8979118,2013,7,52,5,0,150107A201,150107,1,2,4,,,,,,0,0,0,,,,,,0,0,0,,,,,,0,0,0,,,,,,0,0,0,,,,,,0,0,0,,,,,,2013-02-18,,,,,
8979121,2013,7,52,5,0,150107A201,150118,1,1,1,,,,,,0,0,0,,,,,,0,0,0,,,,,,0,0,0,,,,,,0,0,0,,,,,,0,0,0,,,,,,2013-02-18,,,,,
8979481,2013,8,52,5,0,150107A201,150107,2,0,5,,,,,,0,0,0,,,,,,0,0,0,,,,,,0,0,0,,,,,,0,0,0,,,,,,0,0,0,,,,,,2013-02-25,,,,,
8979853,2013,9,52,5,0,150107A201,150107,3,2,4,,,,,,0,0,0,,,,,,0,0,0,,,,,,0,0,0,,,,,,0,0,0,,,,,,0,0,0,,,,,,2013-03-04,,,,,
8979856,2013,9,52,5,0,150107A201,150118,0,1,0,,,,,,0,0,0,,,,,,0,0,0,,,,,,0,0,0,,,,,,0,0,0,,,,,,0,0,0,,,,,,2013-03-04,,,,,
8980198,2013,10,52,5,0,150107A201,150107,2,3,9,,,,,,0,0,0,,,,,,0,0,0,,,,,,0,0,0,,,,,,0,0,0,,,,,,0,0,0,,,,,,2013-03-12,,,,,
8980201,2013,10,52,5,0,150107A201,150118,0,0,2,,,,,,0,0,0,,,,,,0,0,0,,,,,,0,0,0,,,,,,0,0,0,,,,,,0,0,0,,,,,,2013-03-12,,,,,
8980567,2013,11,52,5,0,150107A201,150107,0,2,9,,,,,,0,0,0,,,,,,0,0,0,,,,,,0,0,0,,,,,,0,0,0,,,,,,0,0,0,,,,,,2013-03-19,,,,,
8980915,2013,12,52,5,0,150107A201,150107,2,1,10,,,,,,0,0,0,,,,,,0,0,0,,,,,,0,0,0,,,,,,0,0,0,,,,,,0,0,0,,,,,,2013-03-25,,,,,
8981233,2013,13,52,5,0,150107A201,150107,0,3,8,,,,,,0,0,0,,,,,,0,0,0,,,,,,0,0,0,,,,,,0,0,0,,,,,,0,0,0,,,,,,2013-04-01,,,,,
8981236,2013,13,52,5,0,150107A201,150118,0,1,0,,,,,,0,0,0,,,,,,0,0,0,,,,,,0,0,0,,,,,,0,0,0,,,,,,0,0,0,,,,,,2013-04-01,,,,,
8981593,2013,14,52,5,0,150107A201,150107,0,2,11,,,,,,0,0,0,,,,,,0,0,0,,,,,,0,0,0,,,,,,0,0,0,,,,,,0,0,0,,,,,,2013-04-08,,,,,
8981596,2013,14,52,5,0,150107A201,150118,0,0,1,,,,,,0,0,0,,,,,,0,0,0,,,,,,0,0,0,,,,,,0,0,0,,,,,,0,0,0,,,,,,2013-04-08,,,,,
8981947,2013,15,52,5,0,150107A201,150103,0,1,0,,,,,,0,0,0,,,,,,0,0,0,,,,,,0,0,0,,,,,,0,0,0,,,,,,0,0,0,,,,,,2013-04-15,,,,,
8981950,2013,15,52,5,0,150107A201,150107,0,2,4,,,,,,0,0,0,,,,,,0,0,0,,,,,,0,0,0,,,,,,0,0,0,,,,,,0,0,0,,,,,,2013-04-15,,,,,
8982310,2013,16,52,5,0,150107A201,150107,1,2,18,,,,,,0,0,0,,,,,,0,0,0,,,,,,0,0,0,,,,,,0,0,0,,,,,,0,0,0,,,,,,2013-04-22,,,,,
8982313,2013,16,52,5,0,150107A201,150118,0,0,1,,,,,,0,0,0,,,,,,0,0,0,,,,,,0,0,0,,,,,,0,0,0,,,,,,0,0,0,,,,,,2013-04-22,,,,,
8982655,2013,17,52,5,0,150107A201,150107,0,3,8,,,,,,0,0,0,,,,,,0,0,0,,,,,,0,0,0,,,,,,0,0,0,,,,,,0,0,0,,,,,,2013-04-29,,,,,
8982658,2013,17,52,5,0,150107A201,150118,0,0,3,,,,,,0,0,0,,,,,,0,0,0,,,,,,0,0,0,,,,,,0,0,0,,,,,,0,0,0,,,,,,2013-04-29,,,,,
8982994,2013,18,52,5,0,150107A201,150107,1,3,4,,,,,,0,0,0,,,,,,0,0,0,,,,,,0,0,0,,,,,,0,0,0,,,,,,0,0,0,,,,,,2013-05-06,,,,,
8982997,2013,18,52,5,0,150107A201,150118,0,1,1,,,,,,0,0,0,,,,,,0,0,0,,,,,,0,0,0,,,,,,0,0,0,,,,,,0,0,0,,,,,,2013-05-06,,,,,
8983348,2013,19,52,5,0,150107A201,150107,0,3,4,,,,,,0,0,0,,,,,,0,0,0,,,,,,0,0,0,,,,,,0,0,0,,,,,,0,0,0,,,,,,2013-05-13,,,,,
8983693,2013,20,52,5,0,150107A201,150107,2,4,7,,,,,,0,0,0,,,,,,0,0,0,,,,,,0,0,0,,,,,,0,0,0,,,,,,0,0,0,,,,,,2013-05-20,,,,,
8983696,2013,20,52,5,0,150107A201,150118,0,1,1,,,,,,0,0,0,,,,,,0,0,0,,,,,,0,0,0,,,,,,0,0,0,,,,,,0,0,0,,,,,,2013-05-20,,,,,
8984032,2013,21,52,5,0,150107A201,150107,0,3,6,,,,,,0,0,0,,,,,,0,0,0,,,,,,0,0,0,,,,,,0,0,0,,,,,,0,0,0,,,,,,2013-05-27,,,,,
8984035,2013,21,52,5,0,150107A201,150118,0,0,3,,,,,,0,0,0,,,,,,0,0,0,,,,,,0,0,0,,,,,,0,0,0,,,,,,0,0,0,,,,,,2013-05-27,,,,,
8984368,2013,22,52,5,0,150107A201,150107,1,4,8,,,,,,0,0,0,,,,,,0,0,0,,,,,,0,0,0,,,,,,0,0,0,,,,,,0,0,0,,,,,,2013-06-03,,,,,
8984692,2013,23,52,5,0,150107A201,150107,0,1,7,,,,,,0,0,0,,,,,,0,0,0,,,,,,0,0,0,,,,,,0,0,0,,,,,,0,0,0,,,,,,2013-06-10,,,,,
8984695,2013,23,52,5,0,150107A201,150118,0,0,1,,,,,,0,0,0,,,,,,0,0,0,,,,,,0,0,0,,,,,,0,0,0,,,,,,0,0,0,,,,,,2013-06-10,,,,,
8985013,2013,24,52,5,0,150107A201,150107,0,4,7,,,,,,0,0,0,,,,,,0,0,0,,,,,,0,0,0,,,,,,0,0,0,,,,,,0,0,0,,,,,,2013-06-17,,,,,
8985016,2013,24,52,5,0,150107A201,150118,0,1,1,,,,,,0,0,0,,,,,,0,0,0,,,,,,0,0,0,,,,,,0,0,0,,,,,,0,0,0,,,,,,2013-06-17,,,,,
8985334,2013,25,52,5,0,150107A201,150103,0,0,1,,,,,,0,0,0,,,,,,0,0,0,,,,,,0,0,0,,,,,,0,0,0,,,,,,0,0,0,,,,,,2013-06-24,,,,,
8985337,2013,25,52,5,0,150107A201,150107,0,2,3,,,,,,0,0,0,,,,,,0,0,0,,,,,,0,0,0,,,,,,0,0,0,,,,,,0,0,0,,,,,,2013-06-24,,,,,
8985340,2013,25,52,5,0,150107A201,150118,0,0,2,,,,,,0,0,0,,,,,,0,0,0,,,,,,0,0,0,,,,,,0,0,0,,,,,,0,0,0,,,,,,2013-06-24,,,,,
8985658,2013,26,52,5,0,150107A201,150107,1,1,0,,,,,,0,0,0,,,,,,0,0,0,,,,,,0,0,0,,,,,,0,0,0,,,,,,0,0,0,,,,,,2013-07-01,,,,,
8985661,2013,26,52,5,0,150107A201,150118,1,0,1,,,,,,0,0,0,,,,,,0,0,0,,,,,,0,0,0,,,,,,0,0,0,,,,,,0,0,0,,,,,,2013-07-01,,,,,
8985970,2013,27,52,5,0,150107A201,150107,0,2,5,,,,,,0,0,0,,,,,,0,0,0,,,,,,0,0,0,,,,,,0,0,0,,,,,,0,0,0,,,,,,2013-07-08,,,,,
8985973,2013,27,52,5,0,150107A201,150118,0,0,1,,,,,,0,0,0,,,,,,0,0,0,,,,,,0,0,0,,,,,,0,0,0,,,,,,0,0,0,,,,,,2013-07-08,,,,,
8986276,2013,28,52,5,0,150107A201,150107,1,0,6,,,,,,0,0,0,,,,,,0,0,0,,,,,,0,0,0,,,,,,0,0,0,,,,,,0,0,0,,,,,,2013-07-15,1.0,,1.0,,
8986279,2013,28,52,5,0,150107A201,150118,1,0,0,,,,,,0,0,0,,,,,,0,0,0,,,,,,0,0,0,,,,,,0,0,0,,,,,,0,0,0,,,,,,2013-07-15,1.0,,1.0,,
8986564,2013,29,52,5,0,150107A201,150107,0,3,7,,,,,,0,0,0,,,,,,0,0,0,,,,,,0,0,0,,,,,,0,0,0,,,,,,0,0,0,,,,,,2013-07-22,1.0,,1.0,,
8986567,2013,29,52,5,0,150107A201,150118,0,0,1,,,,,,0,0,0,,,,,,0,0,0,,,,,,0,0,0,,,,,,0,0,0,,,,,,0,0,0,,,,,,2013-07-22,1.0,,1.0,,
8986816,2013,30,52,5,0,150107A201,150107,1,1,1,,,,,,0,0,0,,,,,,0,0,0,,,,,,0,0,0,,,,,,0,0,0,,,,,,0,0,0,,,,,,2013-07-30,1.0,,1.0,,
8986819,2013,30,52,5,0,150107A201,150118,0,0,1,,,,,,0,0,0,,,,,,0,0,0,,,,,,0,0,0,,,,,,0,0,0,,,,,,0,0,0,,,,,,2013-07-30,1.0,,1.0,,
8987026,2013,31,52,5,0,150107A201,150118,0,3,0,,,,,,0,0,0,,,,,,0,0,0,,,,,,0,0,0,,,,,,0,0,0,,,,,,0,0,0,,,,,,2013-08-05,1.0,,1.0,,
8987278,2013,32,52,5,0,150107A201,150107,0,1,1,,,,,,0,0,0,,,,,,0,0,0,,,,,,0,0,0,,,,,,0,0,0,,,,,,0,0,0,,,,,,2013-08-12,1.0,,1.0,,
8987572,2013,33,52,5,0,150107A201,150107,0,1,5,,,,,,0,0,0,,,,,,0,0,0,,,,,,0,0,0,,,,,,0,0,0,,,,,,0,0,0,,,,,,2013-08-19,1.0,,1.0,,
8987575,2013,33,52,5,0,150107A201,150118,0,0,4,,,,,,0,0,0,,,,,,0,0,0,,,,,,0,0,0,,,,,,0,0,0,,,,,,0,0,0,,,,,,2013-08-19,1.0,,1.0,,
8987923,2013,34,52,5,0,150107A201,150107,1,0,8,,,,,,0,0,0,,,,,,0,0,0,,,,,,0,0,0,,,,,,0,0,0,,,,,,0,0,0,,,,,,2013-08-26,1.0,,1.0,,
8988277,2013,35,52,5,0,150107A201,150107,0,2,11,,,,,,0,0,0,,,,,,0,0,0,,,,,,0,0,0,,,,,,0,0,0,,,,,,0,0,0,,,,,,2013-09-02,1.0,,1.0,,
8988613,2013,36,52,5,0,150107A201,150107,1,2,7,,,,,,0,0,0,,,,,,0,0,0,,,,,,0,0,0,,,,,,0,0,0,,,,,,0,0,0,,,,,,2013-09-09,1.0,,1.0,,
8988616,2013,36,52,5,0,150107A201,150118,0,0,2,,,,,,0,0,0,,,,,,0,0,0,,,,,,0,0,0,,,,,,0,0,0,,,,,,0,0,0,,,,,,2013-09-09,1.0,,1.0,,
8988937,2013,37,52,5,0,150107A201,150107,0,0,3,,,,,,0,0,0,,,,,,0,0,0,,,,,,0,0,0,,,,,,0,0,0,,,,,,0,0,0,,,,,,2013-09-16,1.0,,1.0,,
8988940,2013,37,52,5,0,150107A201,150118,0,0,1,,,,,,0,0,0,,,,,,0,0,0,,,,,,0,0,0,,,,,,0,0,0,,,,,,0,0,0,,,,,,2013-09-16,1.0,,1.0,,
8989288,2013,38,52,5,0,150107A201,150107,0,3,13,,,,,,0,0,0,,,,,,0,0,0,,,,,,0,0,0,,,,,,0,0,0,,,,,,0,0,0,,,,,,2013-09-24,1.0,,1.0,,
8989291,2013,38,52,5,0,150107A201,150118,0,2,0,,,,,,0,0,0,,,,,,0,0,0,,,,,,0,0,0,,,,,,0,0,0,,,,,,0,0,0,,,,,,2013-09-24,1.0,,1.0,,
8989606,2013,39,52,5,0,150107A201,150107,0,1,6,,,,,,0,0,0,,,,,,0,0,0,,,,,,0,0,0,,,,,,0,0,0,,,,,,0,0,0,,,,,,2013-10-01,1.0,,1.0,,
8989609,2013,39,52,5,0,150107A201,150118,0,0,2,,,,,,0,0,0,,,,,,0,0,0,,,,,,0,0,0,,,,,,0,0,0,,,,,,0,0,0,,,,,,2013-10-01,1.0,,1.0,,
8989927,2013,40,52,5,0,150107A201,150107,0,1,6,,,,,,0,0,0,,,,,,0,0,0,,,,,,0,0,0,,,,,,0,0,0,,,,,,0,0,0,,,,,,2013-10-07,1.0,,1.0,,
8989930,2013,40,52,5,0,150107A201,150118,0,0,2,,,,,,0,0,0,,,,,,0,0,0,,,,,,0,0,0,,,,,,0,0,0,,,,,,0,0,0,,,,,,2013-10-07,1.0,,1.0,,
8990248,2013,41,52,5,0,150107A201,150107,0,1,15,,,,,,0,0,0,,,,,,0,0,0,,,,,,0,0,0,,,,,,0,0,0,,,,,,0,0,0,,,,,,2013-10-14,1.0,,1.0,,
8990251,2013,41,52,5,0,150107A201,150118,0,0,4,,,,,,0,0,0,,,,,,0,0,0,,,,,,0,0,0,,,,,,0,0,0,,,,,,0,0,0,,,,,,2013-10-14,1.0,,1.0,,
8990572,2013,42,52,5,0,150107A201,150107,1,0,9,,,,,,0,0,0,,,,,,0,0,0,,,,,,0,0,0,,,,,,0,0,0,,,,,,0,0,0,,,,,,2013-10-21,1.0,,1.0,,
8990911,2013,43,52,5,0,150107A201,150107,0,7,9,,,,,,0,0,0,,,,,,0,0,0,,,,,,0,0,0,,,,,,0,0,0,,,,,,0,0,0,,,,,,2013-10-28,1.0,,1.0,,
8990914,2013,43,52,5,0,150107A201,150118,1,2,1,,,,,,0,0,0,,,,,,0,0,0,,,,,,0,0,0,,,,,,0,0,0,,,,,,0,0,0,,,,,,2013-10-28,1.0,,1.0,,
8991238,2013,44,52,5,0,150107A201,150103,0,0,1,,,,,,0,0,0,,,,,,0,0,0,,,,,,0,0,0,,,,,,0,0,0,,,,,,0,0,0,,,,,,2013-11-04,1.0,,1.0,,
8991241,2013,44,52,5,0,150107A201,150107,1,3,4,,,,,,0,0,0,,,,,,0,0,0,,,,,,0,0,0,,,,,,0,0,0,,,,,,0,0,0,,,,,,2013-11-04,1.0,,1.0,,
8991244,2013,44,52,5,0,150107A201,150118,0,2,3,,,,,,0,0,0,,,,,,0,0,0,,,,,,0,0,0,,,,,,0,0,0,,,,,,0,0,0,,,,,,2013-11-04,1.0,,1.0,,
8991556,2013,45,52,5,0,150107A201,150107,1,3,15,,,,,,0,0,0,,,,,,0,0,0,,,,,,0,0,0,,,,,,0,0,0,,,,,,0,0,0,,,,,,2013-11-11,1.0,,1.0,,
8991559,2013,45,52,5,0,150107A201,150118,0,0,1,,,,,,0,0,0,,,,,,0,0,0,,,,,,0,0,0,,,,,,0,0,0,,,,,,0,0,0,,,,,,2013-11-11,1.0,,1.0,,
8991886,2013,46,52,5,0,150107A201,150107,1,1,7,,,,,,0,0,0,,,,,,0,0,0,,,,,,0,0,0,,,,,,0,0,0,,,,,,0,0,0,,,,,,2013-11-18,1.0,,1.0,,
8991889,2013,46,52,5,0,150107A201,150118,0,1,6,,,,,,0,0,0,,,,,,0,0,0,,,,,,0,0,0,,,,,,0,0,0,,,,,,0,0,0,,,,,,2013-11-18,1.0,,1.0,,
8992213,2013,47,52,5,0,150107A201,150107,0,0,9,,,,,,0,0,0,,,,,,0,0,0,,,,,,0,0,0,,,,,,0,0,0,,,,,,0,0,0,,,,,,2013-11-25,1.0,,1.0,,
8992216,2013,47,52,5,0,150107A201,150118,0,0,3,,,,,,0,0,0,,,,,,0,0,0,,,,,,0,0,0,,,,,,0,0,0,,,,,,0,0,0,,,,,,2013-11-25,1.0,,1.0,,
8992543,2013,48,52,5,0,150107A201,150107,0,5,9,,,,,,0,0,0,,,,,,0,0,0,,,,,,0,0,0,,,,,,0,0,0,,,,,,0,0,0,,,,,,2013-12-02,1.0,,1.0,,
8992546,2013,48,52,5,0,150107A201,150118,0,0,3,,,,,,0,0,0,,,,,,0,0,0,,,,,,0,0,0,,,,,,0,0,0,,,,,,0,0,0,,,,,,2013-12-02,1.0,,1.0,,
8992867,2013,49,52,5,0,150107A201,150103,0,0,1,,,,,,0,0,0,,,,,,0,0,0,,,,,,0,0,0,,,,,,0,0,0,,,,,,0,0,0,,,,,,2013-12-09,1.0,,1.0,,
8992870,2013,49,52,5,0,150107A201,150107,0,0,4,,,,,,0,0,0,,,,,,0,0,0,,,,,,0,0,0,,,,,,0,0,0,,,,,,0,0,0,,,,,,2013-12-09,1.0,,1.0,,
8992873,2013,49,52,5,0,150107A201,150118,0,1,0,,,,,,0,0,0,,,,,,0,0,0,,,,,,0,0,0,,,,,,0,0,0,,,,,,0,0,0,,,,,,2013-12-09,1.0,,1.0,,
8993173,2013,50,52,5,0,150107A201,150103,0,0,1,,,,,,0,0,0,,,,,,0,0,0,,,,,,0,0,0,,,,,,0,0,0,,,,,,0,0,0,,,,,,2013-12-16,1.0,,1.0,,
8993176,2013,50,52,5,0,150107A201,150107,1,0,6,,,,,,0,0,0,,,,,,0,0,0,,,,,,0,0,1,,,,,,0,0,0,,,,,,0,0,0,,,,,,2013-12-16,1.0,,1.0,,
8993179,2013,50,52,5,0,150107A201,150118,0,1,0,,,,,,0,0,0,,,,,,0,0,0,,,,,,0,0,0,,,,,,0,0,0,,,,,,0,0,0,,,,,,2013-12-16,1.0,,1.0,,
8993497,2013,51,52,5,0,150107A201,150107,0,4,5,,,,,,0,0,0,,,,,,0,0,0,,,,,,0,0,0,,,,,,0,0,0,,,,,,0,0,0,,,,,,2013-12-23,,,,,
8993812,2013,52,52,5,0,150107A201,150107,1,5,6,,,,,,0,0,0,,,,,,0,0,0,,,,,,0,0,0,,,,,,0,0,0,,,,,,0,0,0,,,,,,2013-12-30,1.0,,1.0,,
10082353,2014,1,52,5,0,150107A201,150107,0,0,6,,,,,,0,0,0,,,,,,0,0,0,,,,,,0,0,0,,,,,,0,0,0,,,,,,0,0,0,,,,,,2014-01-06,1.0,,1.0,,
10082356,2014,1,52,5,0,150107A201,150118,0,0,1,,,,,,0,0,0,,,,,,0,0,0,,,,,,0,0,0,,,,,,0,0,0,,,,,,0,0,0,,,,,,2014-01-06,1.0,,1.0,,
10096783,2014,2,52,5,0,150107A201,150107,3,1,9,,,,,,0,0,0,,,,,,0,0,0,,,,,,0,0,0,,,,,,0,0,0,,,,,,0,0,0,,,,,,2014-01-13,1.0,,1.0,,
10096786,2014,2,52,5,0,150107A201,150118,0,0,4,,,,,,0,0,0,,,,,,0,0,0,,,,,,0,0,0,,,,,,0,0,0,,,,,,0,0,0,,,,,,2014-01-13,1.0,,1.0,,
10111555,2014,3,52,5,0,150107A201,150103,0,0,1,,,,,,0,0,0,,,,,,0,0,0,,,,,,0,0,0,,,,,,0,0,0,,,,,,0,0,0,,,,,,2014-01-20,1.0,,1.0,,
10111558,2014,3,52,5,0,150107A201,150107,0,2,17,,,,,,0,0,0,,,,,,0,0,0,,,,,,0,0,0,,,,,,0,0,0,,,,,,0,0,0,,,,,,2014-01-20,1.0,,1.0,,
10111561,2014,3,52,5,0,150107A201,150118,0,0,1,,,,,,0,0,0,,,,,,0,0,0,,,,,,0,0,0,,,,,,0,0,0,,,,,,0,0,0,,,,,,2014-01-20,1.0,,1.0,,
10126459,2014,4,52,5,0,150107A201,150107,1,0,4,,,,,,0,0,0,,,,,,0,0,0,,,,,,0,0,0,,,,,,0,0,0,,,,,,0,0,0,,,,,,2014-01-27,1.0,,1.0,,
10126462,2014,4,52,5,0,150107A201,150118,2,1,3,,,,,,0,0,0,,,,,,0,0,0,,,,,,0,0,0,,,,,,0,0,0,,,,,,0,0,0,,,,,,2014-01-27,1.0,,1.0,,
10140181,2014,5,52,5,0,150107A201,150107,1,0,9,,,,,,0,0,0,,,,,,0,0,0,,,,,,0,0,0,,,,,,0,0,0,,,,,,0,0,0,,,,,,2014-02-03,1.0,,1.0,,
10140184,2014,5,52,5,0,150107A201,150118,0,0,3,,,,,,0,0,0,,,,,,0,0,0,,,,,,0,0,0,,,,,,0,0,0,,,,,,0,0,0,,,,,,2014-02-03,1.0,,1.0,,
10154899,2014,6,52,5,0,150107A201,150107,0,2,10,,,,,,0,0,0,,,,,,0,0,0,,,,,,0,0,0,,,,,,0,0,0,,,,,,0,0,0,,,,,,2014-02-10,1.0,,1.0,,
10170010,2014,7,52,5,0,150107A201,150107,0,1,6,,,,,,0,0,0,,,,,,0,0,0,,,,,,0,0,0,,,,,,0,0,0,,,,,,0,0,0,,,,,,2014-02-17,1.0,,1.0,,
10185478,2014,8,52,5,0,150107A201,150107,0,2,4,,,,,,0,0,0,,,,,,0,0,0,,,,,,0,0,0,,,,,,0,0,0,,,,,,0,0,0,,,,,,2014-02-24,1.0,,1.0,,
10199506,2014,9,52,5,0,150107A201,150107,0,2,1,,,,,,0,0,0,,,,,,0,0,0,,,,,,0,0,0,,,,,,0,0,0,,,,,,0,0,0,,,,,,2014-03-03,1.0,,1.0,,
10199509,2014,9,52,5,0,150107A201,150118,0,0,1,,,,,,0,0,0,,,,,,0,0,0,,,,,,0,0,0,,,,,,0,0,0,,,,,,0,0,0,,,,,,2014-03-03,1.0,,1.0,,
10214434,2014,10,52,5,0,150107A201,150107,0,2,7,,,,,,0,0,0,,,,,,0,0,0,,,,,,0,0,0,,,,,,0,0,0,,,,,,0,0,0,,,,,,2014-03-10,1.0,,1.0,,
10214437,2014,10,52,5,0,150107A201,150118,0,0,4,,,,,,0,0,0,,,,,,0,0,0,,,,,,0,0,0,,,,,,0,0,0,,,,,,0,0,0,,,,,,2014-03-10,1.0,,1.0,,
10230013,2014,11,52,5,0,150107A201,150107,1,2,3,,,,,,0,0,0,,,,,,0,0,0,,,,,,0,0,0,,,,,,0,0,0,,,,,,0,0,0,,,,,,2014-03-17,1.0,,1.0,,
10230016,2014,11,52,5,0,150107A201,150118,0,1,0,,,,,,0,0,0,,,,,,0,0,0,,,,,,0,0,0,,,,,,0,0,0,,,,,,0,0,0,,,,,,2014-03-17,1.0,,1.0,,
10245529,2014,12,52,5,0,150107A201,150107,0,1,2,,,,,,0,0,0,,,,,,0,0,0,,,,,,0,0,0,,,,,,0,0,0,,,,,,0,0,0,,,,,,2014-03-24,1.0,,1.0,,
10245532,2014,12,52,5,0,150107A201,150118,0,0,1,,,,,,0,0,0,,,,,,0,0,0,,,,,,0,0,0,,,,,,0,0,0,,,,,,0,0,0,,,,,,2014-03-24,1.0,,1.0,,
10260400,2014,13,52,5,0,150107A201,150107,1,0,14,,,,,,0,0,0,,,,,,0,0,0,,,,,,0,0,0,,,,,,0,0,0,,,,,,0,0,0,,,,,,2014-03-31,1.0,,1.0,,
10260403,2014,13,52,5,0,150107A201,150118,1,0,0,,,,,,0,0,0,,,,,,0,0,0,,,,,,0,0,0,,,,,,0,0,0,,,,,,0,0,0,,,,,,2014-03-31,1.0,,1.0,,
10274830,2014,14,52,5,0,150107A201,150107,0,2,7,,,,,,0,0,0,,,,,,0,0,0,,,,,,0,0,0,,,,,,0,0,0,,,,,,0,0,0,,,,,,2014-04-07,1.0,,1.0,,
10274833,2014,14,52,5,0,150107A201,150118,0,0,1,,,,,,0,0,0,,,,,,0,0,0,,,,,,0,0,0,,,,,,0,0,0,,,,,,0,0,0,,,,,,2014-04-07,1.0,,1.0,,
10290010,2014,15,52,5,0,150107A201,150107,0,1,5,,,,,,0,0,0,,,,,,0,0,0,,,,,,0,0,0,,,,,,0,0,0,,,,,,0,0,0,,,,,,2014-04-14,1.0,,1.0,,
10290013,2014,15,52,5,0,150107A201,150118,0,0,2,,,,,,0,0,0,,,,,,0,0,0,,,,,,0,0,0,,,,,,0,0,0,,,,,,0,0,0,,,,,,2014-04-14,1.0,,1.0,,
10304044,2014,16,52,5,0,150107A201,150107,2,2,12,,,,,,0,0,0,,,,,,0,0,0,,,,,,0,0,0,,,,,,0,0,0,,,,,,0,0,0,,,,,,2014-04-22,1.0,,1.0,,
10304047,2014,16,52,5,0,150107A201,150118,0,0,3,,,,,,0,0,0,,,,,,0,0,0,,,,,,0,0,0,,,,,,0,0,0,,,,,,0,0,0,,,,,,2014-04-22,1.0,,1.0,,
10319101,2014,17,52,5,0,150107A201,150107,1,0,18,,,,,,0,0,0,,,,,,0,0,0,,,,,,0,0,0,,,,,,0,0,0,,,,,,0,0,0,,,,,,2014-04-28,1.0,,1.0,,
10331665,2014,18,52,5,0,150107A201,150107,0,0,2,,,,,,0,0,0,,,,,,0,0,0,,,,,,0,0,0,,,,,,0,0,0,,,,,,0,0,0,,,,,,2014-05-05,1.0,,1.0,,
10345738,2014,19,52,5,0,150107A201,150107,0,1,3,,,,,,0,0,0,,,,,,0,0,0,,,,,,0,0,0,,,,,,0,0,0,,,,,,0,0,0,,,,,,2014-05-12,1.0,,1.0,,
10345741,2014,19,52,5,0,150107A201,150118,0,0,1,,,,,,0,0,0,,,,,,0,0,0,,,,,,0,0,0,,,,,,0,0,0,,,,,,0,0,0,,,,,,2014-05-12,1.0,,1.0,,
10359508,2014,20,52,5,0,150107A201,150107,0,0,6,,,,,,0,0,0,,,,,,0,0,0,,,,,,0,0,0,,,,,,0,0,0,,,,,,0,0,0,,,,,,2014-05-19,1.0,,1.0,,
10373452,2014,21,52,5,0,150107A201,150107,1,0,2,,,,,,0,0,0,,,,,,0,0,0,,,,,,0,0,0,,,,,,0,0,0,,,,,,0,0,0,,,,,,2014-05-26,1.0,,1.0,,
10373455,2014,21,52,5,0,150107A201,150118,0,0,1,,,,,,0,0,0,,,,,,0,0,0,,,,,,0,0,0,,,,,,0,0,0,,,,,,0,0,0,,,,,,2014-05-26,1.0,,1.0,,
10385830,2014,22,52,5,0,150107A201,150107,0,1,1,,,,,,0,0,0,,,,,,0,0,0,,,,,,0,0,0,,,,,,0,0,0,,,,,,0,0,0,,,,,,2014-06-02,1.0,,1.0,,
10385833,2014,22,52,5,0,150107A201,150118,0,0,1,,,,,,0,0,0,,,,,,0,0,0,,,,,,0,0,0,,,,,,0,0,0,,,,,,0,0,0,,,,,,2014-06-02,1.0,,1.0,,
10399075,2014,23,52,5,0,150107A201,150107,0,0,4,,,,,,0,0,0,,,,,,0,0,0,,,,,,0,0,0,,,,,,0,0,0,,,,,,0,0,0,,,,,,2014-06-09,1.0,,1.0,,
10412818,2014,24,52,5,0,150107A201,150107,0,0,1,,,,,,0,0,0,,,,,,0,0,0,,,,,,0,0,0,,,,,,0,0,0,,,,,,0,0,0,,,,,,2014-06-14,1.0,,1.0,,
10412821,2014,24,52,5,0,150107A201,150118,0,0,1,,,,,,0,0,0,,,,,,0,0,0,,,,,,0,0,0,,,,,,0,0,0,,,,,,0,0,0,,,,,,2014-06-14,1.0,,1.0,,
10426747,2014,25,52,5,0,150107A201,150107,0,2,0,,,,,,0,0,0,,,,,,0,0,0,,,,,,0,0,0,,,,,,0,0,0,,,,,,0,0,0,,,,,,2014-06-23,1.0,,1.0,,
10440313,2014,26,52,5,0,150107A201,150107,0,0,2,,,,,,0,0,0,,,,,,0,0,0,,,,,,0,0,0,,,,,,0,0,0,,,,,,0,0,0,,,,,,2014-06-30,1.0,,1.0,,
10453324,2014,27,52,5,0,150107A201,150107,1,1,2,,,,,,0,0,0,,,,,,0,0,0,,,,,,0,0,0,,,,,,0,0,0,,,,,,0,0,0,,,,,,2014-07-07,1.0,,1.0,,
10467313,2014,28,52,5,0,150107A201,150107,2,2,4,,,,,,0,0,0,,,,,,0,0,0,,,,,,0,0,0,,,,,,0,0,0,,,,,,0,0,0,,,,,,2014-07-14,1.0,,1.0,,
10467316,2014,28,52,5,0,150107A201,150118,0,0,2,,,,,,0,0,0,,,,,,0,0,0,,,,,,0,0,0,,,,,,0,0,0,,,,,,0,0,0,,,,,,2014-07-14,1.0,,1.0,,
10480975,2014,29,52,5,0,150107A201,150107,0,0,2,,,,,,0,0,0,,,,,,0,0,0,,,,,,0,0,0,,,,,,0,0,0,,,,,,0,0,0,,,,,,2014-07-21,1.0,,1.0,,
10480978,2014,29,52,5,0,150107A201,150118,0,1,0,,,,,,0,0,0,,,,,,0,0,0,,,,,,0,0,0,,,,,,0,0,0,,,,,,0,0,0,,,,,,2014-07-21,1.0,,1.0,,
10494052,2014,30,52,5,0,150107A201,150107,1,0,1,,,,,,0,0,0,,,,,,0,0,0,,,,,,0,0,0,,,,,,0,0,0,,,,,,0,0,0,,,,,,2014-07-30,1.0,,1.0,,
10494055,2014,30,52,5,0,150107A201,150118,0,0,2,,,,,,0,0,0,,,,,,0,0,0,,,,,,0,0,0,,,,,,0,0,0,,,,,,0,0,0,,,,,,2014-07-30,1.0,,1.0,,
10505656,2014,31,52,5,0,150107A201,150107,0,2,4,,,,,,0,0,0,,,,,,0,0,0,,,,,,0,0,0,,,,,,0,0,0,,,,,,0,0,0,,,,,,2014-08-04,1.0,,1.0,,
10505659,2014,31,52,5,0,150107A201,150118,0,1,2,,,,,,0,0,0,,,,,,0,0,0,,,,,,0,0,0,,,,,,0,0,0,,,,,,0,0,0,,,,,,2014-08-04,1.0,,1.0,,
10519039,2014,32,52,5,0,150107A201,150107,0,5,0,,,,,,0,0,0,,,,,,0,0,0,,,,,,0,0,0,,,,,,0,0,0,,,,,,0,0,0,,,,,,2014-08-11,1.0,,1.0,,
10519042,2014,32,52,5,0,150107A201,150118,0,2,3,,,,,,0,0,0,,,,,,0,0,0,,,,,,0,0,0,,,,,,0,0,0,,,,,,0,0,0,,,,,,2014-08-11,1.0,,1.0,,
10533007,2014,33,52,5,0,150107A201,150107,0,0,5,,,,,,0,0,0,,,,,,0,0,0,,,,,,0,0,0,,,,,,0,0,0,,,,,,0,0,0,,,,,,2014-08-18,1.0,,1.0,,
10533010,2014,33,52,5,0,150107A201,150118,0,0,1,,,,,,0,0,0,,,,,,0,0,0,,,,,,0,0,0,,,,,,0,0,0,,,,,,0,0,0,,,,,,2014-08-18,1.0,,1.0,,
10546981,2014,34,52,5,0,150107A201,150107,0,0,6,,,,,,0,0,0,,,,,,0,0,0,,,,,,0,0,0,,,,,,0,0,0,,,,,,0,0,0,,,,,,2014-08-25,1.0,,1.0,,
10546984,2014,34,52,5,0,150107A201,150118,0,0,1,,,,,,0,0,0,,,,,,0,0,0,,,,,,0,0,0,,,,,,0,0,0,,,,,,0,0,0,,,,,,2014-08-25,1.0,,1.0,,
10559941,2014,35,52,5,0,150107A201,150107,0,1,0,,,,,,0,0,0,,,,,,0,0,0,,,,,,0,0,0,,,,,,0,0,0,,,,,,0,0,0,,,,,,2014-09-01,1.0,,1.0,,
10559944,2014,35,52,5,0,150107A201,150118,1,1,13,,,,,,0,0,0,,,,,,0,0,0,,,,,,0,0,0,,,,,,0,0,0,,,,,,0,0,0,,,,,,2014-09-01,1.0,,1.0,,
10573348,2014,36,52,5,0,150107A201,150107,0,5,4,,,,,,0,0,0,,,,,,0,0,0,,,,,,0,0,0,,,,,,0,0,0,,,,,,0,0,0,,,,,,2014-09-08,1.0,,1.0,,
10573351,2014,36,52,5,0,150107A201,150118,0,1,1,,,,,,0,0,0,,,,,,0,0,0,,,,,,0,0,0,,,,,,0,0,0,,,,,,0,0,0,,,,,,2014-09-08,1.0,,1.0,,
10587613,2014,37,52,5,0,150107A201,150107,0,1,3,,,,,,0,0,0,,,,,,0,0,0,,,,,,0,0,0,,,,,,0,0,0,,,,,,0,0,0,,,,,,2014-09-15,1.0,,1.0,,
10587616,2014,37,52,5,0,150107A201,150118,0,3,2,,,,,,0,0,0,,,,,,0,0,0,,,,,,0,0,0,,,,,,0,0,0,,,,,,0,0,0,,,,,,2014-09-15,1.0,,1.0,,
10601878,2014,38,52,5,0,150107A201,150107,0,0,1,,,,,,0,0,0,,,,,,0,0,0,,,,,,0,0,0,,,,,,0,0,0,,,,,,0,0,0,,,,,,2014-09-22,1.0,,1.0,,
10601881,2014,38,52,5,0,150107A201,150118,0,1,1,,,,,,0,0,0,,,,,,0,0,0,,,,,,0,0,0,,,,,,0,0,0,,,,,,0,0,0,,,,,,2014-09-22,1.0,,1.0,,
10615747,2014,39,52,5,0,150107A201,150107,0,1,12,,,,,,0,0,0,,,,,,0,0,0,,,,,,0,0,0,,,,,,0,0,0,,,,,,0,0,0,,,,,,2014-09-29,1.0,,1.0,,
10615750,2014,39,52,5,0,150107A201,150118,0,0,1,,,,,,0,0,0,,,,,,0,0,0,,,,,,0,0,0,,,,,,0,0,0,,,,,,0,0,0,,,,,,2014-09-29,1.0,,1.0,,
10628431,2014,40,52,5,0,150107A201,150107,0,2,3,,,,,,0,0,0,,,,,,0,0,0,,,,,,0,0,0,,,,,,0,0,0,,,,,,0,0,0,,,,,,2014-10-06,1.0,,1.0,,
10628434,2014,40,52,5,0,150107A201,150118,0,0,6,,,,,,0,0,0,,,,,,0,0,0,,,,,,0,0,0,,,,,,0,0,0,,,,,,0,0,0,,,,,,2014-10-06,1.0,,1.0,,
10642309,2014,41,52,5,0,150107A201,150107,0,2,3,,,,,,0,0,0,,,,,,0,0,0,,,,,,0,0,0,,,,,,0,0,0,,,,,,0,0,0,,,,,,2014-10-13,1.0,,1.0,,
10656730,2014,42,52,5,0,150107A201,150107,0,2,6,,,,,,0,0,0,,,,,,0,0,0,,,,,,0,0,0,,,,,,0,0,0,,,,,,0,0,0,,,,,,2014-10-21,,,,,
10656733,2014,42,52,5,0,150107A201,150118,0,0,6,,,,,,0,0,0,,,,,,0,0,0,,,,,,0,0,0,,,,,,0,0,0,,,,,,0,0,0,,,,,,2014-10-21,,,,,
10671352,2014,43,52,5,0,150107A201,150107,0,1,3,,,,,,0,0,0,,,,,,0,0,0,,,,,,0,0,0,,,,,,0,0,0,,,,,,0,0,0,,,,,,2014-10-27,1.0,,1.0,,
10671355,2014,43,52,5,0,150107A201,150118,0,0,1,,,,,,0,0,0,,,,,,0,0,0,,,,,,0,0,0,,,,,,0,0,0,,,,,,0,0,0,,,,,,2014-10-27,1.0,,1.0,,
10684441,2014,44,52,5,0,150107A201,150107,0,1,7,,,,,,0,0,0,,,,,,0,0,0,,,,,,0,0,0,,,,,,0,0,0,,,,,,0,0,0,,,,,,2014-11-04,,,,,
10684444,2014,44,52,5,0,150107A201,150118,0,2,1,,,,,,0,0,0,,,,,,0,0,0,,,,,,0,0,0,,,,,,0,0,0,,,,,,0,0,0,,,,,,2014-11-04,,,,,
10699198,2014,45,52,5,0,150107A201,150103,0,0,1,,,,,,0,0,0,,,,,,0,0,0,,,,,,0,0,0,,,,,,0,0,0,,,,,,0,0,0,,,,,,2014-11-10,1.0,,1.0,,
10699201,2014,45,52,5,0,150107A201,150107,0,1,7,,,,,,0,0,0,,,,,,0,0,0,,,,,,0,0,0,,,,,,0,0,0,,,,,,0,0,0,,,,,,2014-11-10,1.0,,1.0,,
10699204,2014,45,52,5,0,150107A201,150118,0,0,3,,,,,,0,0,0,,,,,,0,0,0,,,,,,0,0,0,,,,,,0,0,0,,,,,,0,0,0,,,,,,2014-11-10,1.0,,1.0,,
10714357,2014,46,52,5,0,150107A201,150103,0,0,1,,,,,,0,0,0,,,,,,0,0,0,,,,,,0,0,0,,,,,,0,0,0,,,,,,0,0,0,,,,,,2014-11-17,1.0,,1.0,,
10714360,2014,46,52,5,0,150107A201,150107,1,1,11,,,,,,0,0,0,,,,,,0,0,0,,,,,,0,0,0,,,,,,0,0,0,,,,,,0,0,0,,,,,,2014-11-17,1.0,,1.0,,
10714363,2014,46,52,5,0,150107A201,150118,0,0,1,,,,,,0,0,0,,,,,,0,0,0,,,,,,0,0,0,,,,,,0,0,0,,,,,,0,0,0,,,,,,2014-11-17,1.0,,1.0,,
10729081,2014,47,52,5,0,150107A201,150107,0,0,6,,,,,,0,0,0,,,,,,0,0,0,,,,,,0,0,0,,,,,,0,0,0,,,,,,0,0,0,,,,,,2014-11-24,1.0,,1.0,,
10729084,2014,47,52,5,0,150107A201,150118,0,2,2,,,,,,0,0,0,,,,,,0,0,0,,,,,,0,0,0,,,,,,0,0,0,,,,,,0,0,0,,,,,,2014-11-24,1.0,,1.0,,
10742953,2014,48,52,5,0,150107A201,150107,0,0,5,,,,,,0,0,0,,,,,,0,0,0,,,,,,0,0,0,,,,,,0,0,0,,,,,,0,0,0,,,,,,2014-12-01,1.0,,1.0,,
10742956,2014,48,52,5,0,150107A201,150118,0,0,1,,,,,,0,0,0,,,,,,0,0,0,,,,,,0,0,0,,,,,,0,0,0,,,,,,0,0,0,,,,,,2014-12-01,1.0,,1.0,,
10756285,2014,49,52,5,0,150107A201,150107,0,0,3,,,,,,0,0,0,,,,,,0,0,0,,,,,,0,0,0,,,,,,0,0,0,,,,,,0,0,0,,,,,,2014-12-09,,,,,
10756288,2014,49,52,5,0,150107A201,150118,0,0,1,,,,,,0,0,0,,,,,,0,0,0,,,,,,0,0,0,,,,,,0,0,0,,,,,,0,0,0,,,,,,2014-12-09,,,,,
10770808,2014,50,52,5,0,150107A201,150107,1,0,8,,,,,,0,0,0,,,,,,0,0,0,,,,,,0,0,0,,,,,,0,0,0,,,,,,0,0,0,,,,,,2014-12-15,1.0,,1.0,,
10770811,2014,50,52,5,0,150107A201,150118,0,0,2,,,,,,0,0,0,,,,,,0,0,0,,,,,,0,0,0,,,,,,0,0,0,,,,,,0,0,0,,,,,,2014-12-15,1.0,,1.0,,
10785421,2014,51,52,5,0,150107A201,150103,0,0,1,,,,,,0,0,0,,,,,,0,0,0,,,,,,0,0,0,,,,,,0,0,0,,,,,,0,0,0,,,,,,2014-12-23,1.0,,1.0,,
10785424,2014,51,52,5,0,150107A201,150107,0,0,5,,,,,,0,0,0,,,,,,0,0,0,,,,,,0,0,0,,,,,,0,0,0,,,,,,0,0,0,,,,,,2014-12-23,1.0,,1.0,,
10785427,2014,51,52,5,0,150107A201,150118,0,0,3,,,,,,0,0,0,,,,,,0,0,0,,,,,,0,0,0,,,,,,0,0,0,,,,,,0,0,0,,,,,,2014-12-23,1.0,,1.0,,
10798537,2014,52,52,5,0,150107A201,150107,0,0,4,,,,,,0,0,0,,,,,,0,0,0,,,,,,0,0,0,,,,,,0,0,0,,,,,,0,0,0,,,,,,2014-12-29,1.0,,1.0,,
10798540,2014,52,52,5,0,150107A201,150118,0,0,2,,,,,,0,0,0,,,,,,0,0,0,,,,,,0,0,0,,,,,,0,0,0,,,,,,0,0,0,,,,,,2014-12-29,1.0,,1.0,,
10810234,2014,53,52,5,0,150107A201,150107,0,2,5,,,,,,0,0,0,,,,,,0,0,0,,,,,,0,0,0,,,,,,0,0,0,,,,,,0,0,0,,,,,,2015-01-05,1.0,,1.0,,
10810237,2014,53,52,5,0,150107A201,150118,0,2,1,,,,,,0,0,0,,,,,,0,0,0,,,,,,0,0,0,,,,,,0,0,0,,,,,,0,0,0,,,,,,2015-01-05,1.0,,1.0,,
9471085,2015,1,52,5,0,150107A201,150103,0,1,1,,,,,,0,0,0,,,,,,0,0,0,,,,,,0,0,0,,,,,,0,0,0,,,,,,0,0,0,,,,,,2015-01-12,1.0,,1.0,,
9471094,2015,1,52,5,0,150107A201,150107,0,0,10,,,,,,0,0,0,,,,,,0,0,0,,,,,,0,0,0,,,,,,0,0,0,,,,,,0,0,0,,,,,,2015-01-12,1.0,,1.0,,
9471097,2015,1,52,5,0,150107A201,150118,1,0,1,,,,,,0,0,0,,,,,,0,0,0,,,,,,0,0,0,,,,,,0,0,0,,,,,,0,0,0,,,,,,2015-01-12,1.0,,1.0,,
9418681,2015,2,52,5,0,150107A201,150107,1,3,7,,,,,,0,0,0,,,,,,0,0,0,,,,,,0,0,0,,,,,,0,0,0,,,,,,0,0,0,,,,,,2015-01-19,1.0,,1.0,,
9672805,2015,3,52,5,0,150107A201,150118,1,0,1,,,,,,0,0,0,,,,,,0,0,0,,,,,,0,0,0,,,,,,0,0,0,,,,,,0,0,0,,,,,,2015-01-26,1.0,,1.0,,
9672811,2015,3,52,5,0,150107A201,150107,1,1,6,,,,,,0,0,0,,,,,,0,0,0,,,,,,0,0,0,,,,,,0,0,0,,,,,,0,0,0,,,,,,2015-01-26,1.0,,1.0,,
9596449,2015,4,52,5,0,150107A201,150107,0,0,2,,,,,,0,0,0,,,,,,0,0,0,,,,,,0,0,0,,,,,,0,0,0,,,,,,0,0,0,,,,,,2015-02-03,1.0,,1.0,,
9583837,2015,5,52,5,0,150107A201,150107,2,0,3,,,,,,0,0,0,,,,,,0,0,0,,,,,,0,0,0,,,,,,0,0,0,,,,,,0,0,0,,,,,,2015-02-09,1.0,,1.0,,
9562039,2015,6,52,5,0,150107A201,150107,0,2,1,,,,,,0,0,0,,,,,,0,0,0,,,,,,0,0,0,,,,,,0,0,0,,,,,,0,0,0,,,,,,2015-02-17,,,,,
9569554,2015,7,52,5,0,150107A201,150107,0,1,6,,,,,,0,0,0,,,,,,0,0,0,,,,,,0,0,0,,,,,,0,0,0,,,,,,0,0,0,,,,,,2015-02-24,1.0,,1.0,,
9569161,2015,8,52,5,0,150107A201,150107,1,1,5,,,,,,0,0,0,,,,,,0,0,0,,,,,,0,0,0,,,,,,0,0,0,,,,,,0,0,0,,,,,,2015-03-02,1.0,,1.0,,
9569164,2015,8,52,5,0,150107A201,150118,1,0,2,,,,,,0,0,0,,,,,,0,0,0,,,,,,0,0,0,,,,,,0,0,0,,,,,,0,0,0,,,,,,2015-03-02,1.0,,1.0,,
9559144,2015,9,52,5,0,150107A201,150118,0,2,3,,,,,,0,0,0,,,,,,0,0,0,,,,,,0,0,0,,,,,,0,0,0,,,,,,0,0,0,,,,,,2015-03-08,1.0,,1.0,,
9559147,2015,9,52,5,0,150107A201,150103,0,0,2,,,,,,0,0,0,,,,,,0,0,0,,,,,,0,0,0,,,,,,0,0,0,,,,,,0,0,0,,,,,,2015-03-08,1.0,,1.0,,
9559150,2015,9,52,5,0,150107A201,150107,1,1,9,,,,,,0,0,0,,,,,,0,0,0,,,,,,0,0,0,,,,,,0,0,0,,,,,,0,0,0,,,,,,2015-03-08,1.0,,1.0,,
9466222,2015,10,52,5,0,150107A201,150107,0,1,4,,,,,,0,0,0,,,,,,0,0,0,,,,,,0,0,0,,,,,,0,0,0,,,,,,0,0,0,,,,,,2015-03-16,1.0,,1.0,,
9466225,2015,10,52,5,0,150107A201,150103,0,0,1,,,,,,0,0,0,,,,,,0,0,0,,,,,,0,0,0,,,,,,0,0,0,,,,,,0,0,0,,,,,,2015-03-16,1.0,,1.0,,
9466240,2015,10,52,5,0,150107A201,150118,0,2,1,,,,,,0,0,0,,,,,,0,0,0,,,,,,0,0,0,,,,,,0,0,0,,,,,,0,0,0,,,,,,2015-03-16,1.0,,1.0,,
9475606,2015,11,52,5,0,150107A201,150107,1,3,4,,,,,,0,0,0,,,,,,0,0,0,,,,,,0,0,0,,,,,,0,0,0,,,,,,0,0,0,,,,,,2015-03-23,1.0,,1.0,,
9484600,2015,12,52,5,0,150107A201,150107,1,3,6,,,,,,0,0,0,,,,,,0,0,0,,,,,,0,0,0,,,,,,0,0,0,,,,,,0,0,0,,,,,,2015-03-30,1.0,,1.0,,
9484606,2015,12,52,5,0,150107A201,150118,0,2,4,,,,,,0,0,0,,,,,,0,0,0,,,,,,0,0,0,,,,,,0,0,0,,,,,,0,0,0,,,,,,2015-03-30,1.0,,1.0,,
9694000,2015,13,52,5,0,150107A201,150118,0,1,0,,,,,,0,0,0,,,,,,0,0,0,,,,,,0,0,0,,,,,,0,0,0,,,,,,0,0,0,,,,,,2015-04-06,1.0,,1.0,,
9694003,2015,13,52,5,0,150107A201,150107,1,4,7,,,,,,0,0,0,,,,,,0,0,0,,,,,,0,0,0,,,,,,0,0,0,,,,,,0,0,0,,,,,,2015-04-06,1.0,,1.0,,
9475663,2015,14,52,5,0,150107A201,150107,2,0,6,,,,,,0,0,0,,,,,,0,0,0,,,,,,0,0,0,,,,,,0,0,0,,,,,,0,0,0,,,,,,2015-04-13,1.0,,1.0,,
9475666,2015,14,52,5,0,150107A201,150103,1,0,0,,,,,,0,0,0,,,,,,0,0,0,,,,,,0,0,0,,,,,,0,0,0,,,,,,0,0,0,,,,,,2015-04-13,1.0,,1.0,,
9475669,2015,14,52,5,0,150107A201,150101,0,0,1,,,,,,0,0,0,,,,,,0,0,0,,,,,,0,0,0,,,,,,0,0,0,,,,,,0,0,0,,,,,,2015-04-13,1.0,,1.0,,
9475675,2015,14,52,5,0,150107A201,150118,0,0,1,,,,,,0,0,0,,,,,,0,0,0,,,,,,0,0,0,,,,,,0,0,0,,,,,,0,0,0,,,,,,2015-04-13,1.0,,1.0,,
9705100,2015,15,52,5,0,150107A201,150118,0,1,2,,,,,,0,0,0,,,,,,0,0,0,,,,,,0,0,0,,,,,,0,0,0,,,,,,0,0,0,,,,,,2015-04-20,1.0,,1.0,,
9705106,2015,15,52,5,0,150107A201,150107,0,2,6,,,,,,0,0,0,,,,,,0,0,0,,,,,,0,0,0,,,,,,0,0,0,,,,,,0,0,0,,,,,,2015-04-20,1.0,,1.0,,
9683800,2015,16,52,5,0,150107A201,150107,1,2,3,,,,,,0,0,0,,,,,,0,0,0,,,,,,0,0,0,,,,,,0,0,0,,,,,,0,0,0,,,,,,2015-04-27,1.0,,1.0,,
9683803,2015,16,52,5,0,150107A201,150118,0,0,3,,,,,,0,0,0,,,,,,0,0,0,,,,,,0,0,0,,,,,,0,0,0,,,,,,0,0,0,,,,,,2015-04-27,1.0,,1.0,,
9597847,2015,17,52,5,0,150107A201,150118,0,0,1,,,,,,0,0,0,,,,,,0,0,0,,,,,,0,0,0,,,,,,0,0,0,,,,,,0,0,0,,,,,,2015-05-04,1.0,,1.0,,
9597850,2015,17,52,5,0,150107A201,150107,0,3,4,,,,,,0,0,0,,,,,,0,0,0,,,,,,0,0,0,,,,,,0,0,0,,,,,,0,0,0,,,,,,2015-05-04,1.0,,1.0,,
9586354,2015,18,52,5,0,150107A201,150107,1,0,4,,,,,,0,0,0,,,,,,0,0,0,,,,,,0,0,0,,,,,,0,0,0,,,,,,0,0,0,,,,,,2015-05-11,1.0,,1.0,,
9554392,2015,19,52,5,0,150107A201,150118,0,1,1,,,,,,0,0,0,,,,,,0,0,0,,,,,,0,0,0,,,,,,0,0,0,,,,,,0,0,0,,,,,,2015-05-18,1.0,,1.0,,
9554404,2015,19,52,5,0,150107A201,150107,0,0,8,,,,,,0,0,0,,,,,,0,0,0,,,,,,0,0,0,,,,,,0,0,0,,,,,,0,0,0,,,,,,2015-05-18,1.0,,1.0,,
9545353,2015,20,52,5,0,150107A201,150107,0,2,3,,,,,,0,0,0,,,,,,0,0,0,,,,,,0,0,0,,,,,,0,0,0,,,,,,0,0,0,,,,,,2015-05-26,1.0,,1.0,,
9539218,2015,21,52,5,0,150107A201,150107,0,1,3,,,,,,0,0,0,,,,,,0,0,0,,,,,,0,0,0,,,,,,0,0,0,,,,,,0,0,0,,,,,,2015-06-01,1.0,,1.0,,
9400753,2015,22,52,5,0,150107A201,150107,0,0,6,,,,,,0,0,0,,,,,,0,0,0,,,,,,0,0,0,,,,,,0,0,0,,,,,,0,0,0,,,,,,2015-06-08,1.0,,1.0,,
9400756,2015,22,52,5,0,150107A201,150118,0,0,1,,,,,,0,0,0,,,,,,0,0,0,,,,,,0,0,0,,,,,,0,0,0,,,,,,0,0,0,,,,,,2015-06-08,1.0,,1.0,,
9411613,2015,23,52,5,0,150107A201,150107,1,2,8,,,,,,0,0,0,,,,,,0,0,0,,,,,,0,0,0,,,,,,0,0,0,,,,,,0,0,0,,,,,,2015-06-15,1.0,,1.0,,
9411622,2015,23,52,5,0,150107A201,150118,0,0,2,,,,,,0,0,0,,,,,,0,0,0,,,,,,0,0,0,,,,,,0,0,0,,,,,,0,0,0,,,,,,2015-06-15,1.0,,1.0,,
9423172,2015,24,52,5,0,150107A201,150107,0,1,1,,,,,,0,0,0,,,,,,0,0,0,,,,,,0,0,0,,,,,,0,0,0,,,,,,0,0,0,,,,,,2015-06-22,1.0,,1.0,,
9480166,2015,25,52,5,0,150107A201,150107,1,4,8,,,,,,0,0,0,,,,,,0,0,0,,,,,,0,0,0,,,,,,0,0,0,,,,,,0,0,0,,,,,,2015-06-30,1.0,,1.0,,
9704317,2015,26,52,5,0,150107A201,150118,0,0,3,,,,,,0,0,0,,,,,,0,0,0,,,,,,0,0,0,,,,,,0,0,0,,,,,,0,0,0,,,,,,2015-07-06,1.0,,1.0,,
9704320,2015,26,52,5,0,150107A201,150107,0,1,10,,,,,,0,0,0,,,,,,0,0,0,,,,,,0,0,0,,,,,,0,0,0,,,,,,0,0,0,,,,,,2015-07-06,1.0,,1.0,,
9704323,2015,26,52,5,0,150107A201,150103,0,0,1,,,,,,0,0,0,,,,,,0,0,0,,,,,,0,0,0,,,,,,0,0,0,,,,,,0,0,0,,,,,,2015-07-06,1.0,,1.0,,
9703966,2015,27,52,5,0,150107A201,150118,0,0,1,,,,,,0,0,0,,,,,,0,0,0,,,,,,0,0,0,,,,,,0,0,0,,,,,,0,0,0,,,,,,2015-07-13,1.0,,1.0,,
9703978,2015,27,52,5,0,150107A201,150107,1,4,5,,,,,,0,0,0,,,,,,0,0,0,,,,,,0,0,0,,,,,,0,0,0,,,,,,0,0,0,,,,,,2015-07-13,1.0,,1.0,,
9696733,2015,28,52,5,0,150107A201,150118,0,2,2,,,,,,0,0,0,,,,,,0,0,0,,,,,,0,0,0,,,,,,0,0,0,,,,,,0,0,0,,,,,,2015-07-20,1.0,,1.0,,
9696745,2015,28,52,5,0,150107A201,150107,0,3,7,,,,,,0,0,0,,,,,,0,0,0,,,,,,0,0,0,,,,,,0,0,0,,,,,,0,0,0,,,,,,2015-07-20,1.0,,1.0,,
9696748,2015,28,52,5,0,150107A201,150103,0,0,1,,,,,,0,0,0,,,,,,0,0,0,,,,,,0,0,0,,,,,,0,0,0,,,,,,0,0,0,,,,,,2015-07-20,1.0,,1.0,,
9693286,2015,29,52,5,0,150107A201,150107,0,2,8,,,,,,0,0,0,,,,,,0,0,0,,,,,,0,0,0,,,,,,0,0,0,,,,,,0,0,0,,,,,,2015-07-27,1.0,,1.0,,
9693292,2015,29,52,5,0,150107A201,150118,0,0,4,,,,,,0,0,0,,,,,,0,0,0,,,,,,0,0,0,,,,,,0,0,0,,,,,,0,0,0,,,,,,2015-07-27,1.0,,1.0,,
9688855,2015,30,52,5,0,150107A201,150118,0,0,2,,,,,,0,0,0,,,,,,0,0,0,,,,,,0,0,0,,,,,,0,0,0,,,,,,0,0,0,,,,,,2015-08-03,1.0,,1.0,,
9688858,2015,30,52,5,0,150107A201,150107,0,3,10,,,,,,0,0,0,,,,,,0,0,0,,,,,,0,0,0,,,,,,0,0,0,,,,,,0,0,0,,,,,,2015-08-03,1.0,,1.0,,
9683452,2015,31,52,5,0,150107A201,150118,0,0,1,,,,,,0,0,0,,,,,,0,0,0,,,,,,0,0,0,,,,,,0,0,0,,,,,,0,0,0,,,,,,2015-08-10,1.0,,1.0,,
9683464,2015,31,52,5,0,150107A201,150107,0,4,9,,,,,,0,0,0,,,,,,0,0,0,,,,,,0,0,0,,,,,,0,0,0,,,,,,0,0,0,,,,,,2015-08-10,1.0,,1.0,,
9683128,2015,32,52,5,0,150107A201,150107,0,1,8,,,,,,0,0,0,,,,,,0,0,0,,,,,,0,0,0,,,,,,0,0,0,,,,,,0,0,0,,,,,,2015-08-17,1.0,,1.0,,
9677851,2015,33,52,5,0,150107A201,150107,0,1,3,,,,,,0,0,0,,,,,,0,0,0,,,,,,0,0,0,,,,,,0,0,0,,,,,,0,0,0,,,,,,2015-08-24,1.0,,1.0,,
9677854,2015,33,52,5,0,150107A201,150118,0,0,1,,,,,,0,0,0,,,,,,0,0,0,,,,,,0,0,0,,,,,,0,0,0,,,,,,0,0,0,,,,,,2015-08-24,1.0,,1.0,,
9672466,2015,34,52,5,0,150107A201,150107,0,1,6,,,,,,0,0,0,,,,,,0,0,0,,,,,,0,0,0,,,,,,0,0,0,,,,,,0,0,0,,,,,,2015-08-31,1.0,,1.0,,
9672469,2015,34,52,5,0,150107A201,150118,0,0,4,,,,,,0,0,0,,,,,,0,0,0,,,,,,0,0,0,,,,,,0,0,0,,,,,,0,0,0,,,,,,2015-08-31,1.0,,1.0,,
9647053,2015,35,52,5,0,150107A201,150107,0,0,7,,,,,,0,0,0,,,,,,0,0,0,,,,,,0,0,0,,,,,,0,0,0,,,,,,0,0,0,,,,,,2015-09-07,1.0,,1.0,,
9647074,2015,35,52,5,0,150107A201,150118,0,1,3,,,,,,0,0,0,,,,,,0,0,0,,,,,,0,0,0,,,,,,0,0,0,,,,,,0,0,0,,,,,,2015-09-07,1.0,,1.0,,
9646708,2015,36,52,5,0,150107A201,150107,0,0,9,,,,,,0,0,0,,,,,,0,0,0,,,,,,0,0,0,,,,,,0,0,0,,,,,,0,0,0,,,,,,2015-09-14,1.0,,1.0,,
9646723,2015,36,52,5,0,150107A201,150118,0,0,2,,,,,,0,0,0,,,,,,0,0,0,,,,,,0,0,0,,,,,,0,0,0,,,,,,0,0,0,,,,,,2015-09-14,1.0,,1.0,,
9638206,2015,37,52,5,0,150107A201,150118,0,0,2,,,,,,0,0,0,,,,,,0,0,0,,,,,,0,0,0,,,,,,0,0,0,,,,,,0,0,0,,,,,,2015-09-21,1.0,,1.0,,
9638209,2015,37,52,5,0,150107A201,150107,0,1,10,,,,,,0,0,0,,,,,,0,0,0,,,,,,0,0,0,,,,,,0,0,0,,,,,,0,0,0,,,,,,2015-09-21,1.0,,1.0,,
9624670,2015,38,52,5,0,150107A201,150118,0,0,3,,,,,,0,0,0,,,,,,0,0,0,,,,,,0,0,0,,,,,,0,0,0,,,,,,0,0,0,,,,,,2015-09-28,1.0,,1.0,,
9630112,2015,38,52,5,0,150107A201,150107,0,2,4,,,,,,0,0,0,,,,,,0,0,0,,,,,,0,0,0,,,,,,0,0,0,,,,,,0,0,0,,,,,,2015-09-28,1.0,,1.0,,
9622690,2015,39,52,5,0,150107A201,150107,1,3,6,,,,,,0,0,0,,,,,,0,0,0,,,,,,0,0,0,,,,,,0,0,0,,,,,,0,0,0,,,,,,2015-10-05,1.0,,1.0,,
9622696,2015,39,52,5,0,150107A201,150118,1,0,2,,,,,,0,0,0,,,,,,0,0,0,,,,,,0,0,0,,,,,,0,0,0,,,,,,0,0,0,,,,,,2015-10-05,1.0,,1.0,,
9614878,2015,40,52,5,0,150107A201,150118,0,1,1,,,,,,0,0,0,,,,,,0,0,0,,,,,,0,0,0,,,,,,0,0,0,,,,,,0,0,0,,,,,,2015-10-12,1.0,,1.0,,
9614911,2015,40,52,5,0,150107A201,150107,1,2,5,,,,,,0,0,0,,,,,,0,0,0,,,,,,0,0,0,,,,,,0,0,0,,,,,,0,0,0,,,,,,2015-10-12,1.0,,1.0,,
9614524,2015,41,52,5,0,150107A201,150118,0,2,3,,,,,,0,0,0,,,,,,0,0,0,,,,,,0,0,0,,,,,,0,0,0,,,,,,0,0,0,,,,,,2015-10-19,1.0,,1.0,,
9614530,2015,41,52,5,0,150107A201,150107,1,1,12,,,,,,0,0,0,,,,,,0,0,0,,,,,,0,0,0,,,,,,0,0,0,,,,,,0,0,0,,,,,,2015-10-19,1.0,,1.0,,
9606019,2015,42,52,5,0,150107A201,150118,0,0,5,,,,,,0,0,0,,,,,,0,0,0,,,,,,0,0,0,,,,,,0,0,0,,,,,,0,0,0,,,,,,2015-10-27,,,,,
9606022,2015,42,52,5,0,150107A201,150107,0,0,6,,,,,,0,0,0,,,,,,0,0,0,,,,,,0,0,0,,,,,,0,0,0,,,,,,0,0,0,,,,,,2015-10-27,,,,,
9606025,2015,42,52,5,0,150107A201,150103,0,0,1,,,,,,0,0,0,,,,,,0,0,0,,,,,,0,0,0,,,,,,0,0,0,,,,,,0,0,0,,,,,,2015-10-27,,,,,
9605629,2015,43,52,5,0,150107A201,150107,0,1,8,,,,,,0,0,0,,,,,,0,0,0,,,,,,0,0,0,,,,,,0,0,0,,,,,,0,0,0,,,,,,2015-11-03,1.0,,,,
9605632,2015,43,52,5,0,150107A201,150118,0,1,4,,,,,,0,0,0,,,,,,0,0,0,,,,,,0,0,0,,,,,,0,0,0,,,,,,0,0,0,,,,,,2015-11-03,1.0,,,,
9596089,2015,44,52,5,0,150107A201,150107,0,0,7,,,,,,0,0,0,,,,,,0,0,0,,,,,,0,0,0,,,,,,0,0,0,,,,,,0,0,0,,,,,,2015-11-09,1.0,,1.0,,
9596092,2015,44,52,5,0,150107A201,150118,0,1,2,,,,,,0,0,0,,,,,,0,0,0,,,,,,0,0,0,,,,,,0,0,0,,,,,,0,0,0,,,,,,2015-11-09,1.0,,1.0,,
9595690,2015,45,52,5,0,150107A201,150107,0,2,15,,,,,,0,0,0,,,,,,0,0,0,,,,,,0,0,0,,,,,,0,0,0,,,,,,0,0,0,,,,,,2015-11-16,1.0,,1.0,,
9595699,2015,45,52,5,0,150107A201,150118,0,1,6,,,,,,0,0,0,,,,,,0,0,0,,,,,,0,0,0,,,,,,0,0,0,,,,,,0,0,0,,,,,,2015-11-16,1.0,,1.0,,
9584527,2015,46,52,5,0,150107A201,150103,0,0,1,,,,,,0,0,0,,,,,,0,0,0,,,,,,0,0,0,,,,,,0,0,0,,,,,,0,0,0,,,,,,2015-11-23,1.0,,1.0,,
9584533,2015,46,52,5,0,150107A201,150107,0,2,7,,,,,,0,0,0,,,,,,0,0,0,,,,,,0,0,0,,,,,,0,0,0,,,,,,0,0,0,,,,,,2015-11-23,1.0,,1.0,,
9584536,2015,46,52,5,0,150107A201,150118,0,0,5,,,,,,0,0,0,,,,,,0,0,0,,,,,,0,0,0,,,,,,0,0,0,,,,,,0,0,0,,,,,,2015-11-23,1.0,,1.0,,
9584215,2015,47,52,5,0,150107A201,150107,0,1,10,,,,,,0,0,0,,,,,,0,0,0,,,,,,0,0,0,,,,,,0,0,0,,,,,,0,0,0,,,,,,2015-11-30,1.0,,1.0,,
9584218,2015,47,52,5,0,150107A201,150118,0,1,5,,,,,,0,0,0,,,,,,0,0,0,,,,,,0,0,0,,,,,,0,0,0,,,,,,0,0,0,,,,,,2015-11-30,1.0,,1.0,,
9550831,2015,48,52,5,0,150107A201,150107,0,1,14,,,,,,0,0,0,,,,,,0,0,0,,,,,,0,0,0,,,,,,0,0,0,,,,,,0,0,0,,,,,,2015-12-07,1.0,,1.0,,
9549454,2015,49,52,5,0,150107A201,150107,0,2,12,,,,,,0,0,0,,,,,,0,0,0,,,,,,0,0,0,,,,,,0,0,0,,,,,,0,0,0,,,,,,2015-12-15,1.0,,1.0,,
9549457,2015,49,52,5,0,150107A201,150118,0,0,2,,,,,,0,0,0,,,,,,0,0,0,,,,,,0,0,0,,,,,,0,0,0,,,,,,0,0,0,,,,,,2015-12-15,1.0,,1.0,,
9545002,2015,50,52,5,0,150107A201,150107,0,2,8,,,,,,0,0,0,,,,,,0,0,0,,,,,,0,0,0,,,,,,0,0,0,,,,,,0,0,0,,,,,,2015-12-21,1.0,0.0,1.0,0.0,
9315562,2015,51,52,5,0,150107A201,150107,0,2,4,,,,,,0,0,0,,,,,,0,0,0,,,,,,0,0,0,,,,,,0,0,0,,,,,,0,0,0,,,,,,2015-12-28,1.0,0.0,1.0,0.0,
9315577,2015,51,52,5,0,150107A201,150103,0,0,1,,,,,,0,0,0,,,,,,0,0,0,,,,,,0,0,0,,,,,,0,0,0,,,,,,0,0,0,,,,,,2015-12-28,1.0,0.0,1.0,0.0,
9538933,2015,51,52,5,0,150107A201,150118,0,0,4,,,,,,0,0,0,,,,,,0,0,0,,,,,,0,0,0,,,,,,0,0,0,,,,,,0,0,0,,,,,,2015-12-28,1.0,0.0,1.0,0.0,
9372709,2015,52,52,5,0,150107A201,150103,0,2,1,,,,,,0,0,0,,,,,,0,0,0,,,,,,0,0,0,,,,,,0,0,0,,,,,,0,0,0,,,,,,2016-01-05,,,,0.0,
9372712,2015,52,52,5,0,150107A201,150107,1,1,9,,,,,,0,0,0,,,,,,0,0,0,,,,,,0,0,0,,,,,,0,0,0,,,,,,0,0,0,,,,,,2016-01-05,,,,0.0,
11308432,2016,1,52,5,0,150107A201,150107,1,5,15,,,,,,0,0,0,,,,,,0,0,0,,,,,,0,0,0,,,,,,0,0,0,,,,,,0,0,0,,,,,,2016-01-11,1.0,0.0,1.0,0.0,
11308435,2016,1,52,5,0,150107A201,150118,0,0,2,,,,,,0,0,0,,,,,,0,0,0,,,,,,0,0,0,,,,,,0,0,0,,,,,,0,0,0,,,,,,2016-01-11,1.0,0.0,1.0,0.0,
11307007,2016,2,52,5,0,150107A201,150107,0,3,2,,,,,,0,0,0,,,,,,0,0,0,,,,,,0,0,0,,,,,,0,0,0,,,,,,0,0,0,,,,,,2016-01-18,1.0,0.0,1.0,0.0,
11296954,2016,3,52,5,0,150107A201,150118,0,0,1,,,,,,0,0,0,,,,,,0,0,0,,,,,,0,0,0,,,,,,0,0,0,,,,,,0,0,0,,,,,,2016-01-25,1.0,0.0,1.0,0.0,
11296963,2016,3,52,5,0,150107A201,150107,0,0,6,,,,,,0,0,0,,,,,,0,0,0,,,,,,0,0,0,,,,,,0,0,0,,,,,,0,0,0,,,,,,2016-01-25,1.0,0.0,1.0,0.0,
11293225,2016,4,52,5,0,150107A201,150118,0,0,2,,,,,,0,0,0,,,,,,0,0,0,,,,,,0,0,0,,,,,,0,0,0,,,,,,0,0,0,,,,,,2016-02-01,1.0,,1.0,0.0,
11293252,2016,4,52,5,0,150107A201,150107,0,2,7,,,,,,0,0,0,,,,,,0,0,0,,,,,,0,0,0,,,,,,0,0,0,,,,,,0,0,0,,,,,,2016-02-01,1.0,0.0,1.0,0.0,
11290168,2016,5,52,5,0,150107A201,150103,0,0,1,,,,,,0,0,0,,,,,,0,0,0,,,,,,0,0,0,,,,,,0,0,0,,,,,,0,0,0,,,,,,2016-02-08,1.0,0.0,1.0,0.0,
11290201,2016,5,52,5,0,150107A201,150118,0,0,4,,,,,,0,0,0,,,,,,0,0,0,,,,,,0,0,0,,,,,,0,0,0,,,,,,0,0,0,,,,,,2016-02-08,1.0,0.0,1.0,0.0,
11290219,2016,5,52,5,0,150107A201,150107,0,1,16,,,,,,0,0,0,,,,,,0,0,0,,,,,,0,0,0,,,,,,0,0,0,,,,,,0,0,0,,,,,,2016-02-08,1.0,0.0,1.0,0.0,
11288236,2016,6,52,5,0,150107A201,150118,0,1,2,,,,,,0,0,0,,,,,,0,0,0,,,,,,0,0,0,,,,,,0,0,0,,,,,,0,0,0,,,,,,2016-02-15,1.0,0.0,1.0,0.0,
11288263,2016,6,52,5,0,150107A201,150107,1,16,0,,,,,,0,0,0,,,,,,0,0,0,,,,,,0,0,0,,,,,,0,0,0,,,,,,0,0,0,,,,,,2016-02-15,1.0,0.0,1.0,0.0,
11288272,2016,6,52,5,0,150107A201,150103,0,0,1,,,,,,0,0,0,,,,,,0,0,0,,,,,,0,0,0,,,,,,0,0,0,,,,,,0,0,0,,,,,,2016-02-15,1.0,0.0,1.0,0.0,
11280445,2016,7,52,5,0,150107A201,150118,0,1,4,,,,,,0,0,0,,,,,,0,0,0,,,,,,0,0,0,,,,,,0,0,0,,,,,,0,0,0,,,,,,2016-02-22,1.0,,1.0,0.0,
11280451,2016,7,52,5,0,150107A201,150107,0,2,2,,,,,,0,0,0,,,,,,0,0,0,,,,,,0,0,0,,,,,,0,0,0,,,,,,0,0,0,,,,,,2016-02-22,1.0,,1.0,0.0,
11157184,2016,8,52,5,0,150107A201,150118,0,1,3,,,,,,0,0,0,,,,,,0,0,0,,,,,,0,0,0,,,,,,0,0,0,,,,,,0,0,0,,,,,,2016-02-29,1.0,0.0,1.0,0.0,
11157217,2016,8,52,5,0,150107A201,150107,0,0,1,,,,,,0,0,0,,,,,,0,0,0,,,,,,0,0,0,,,,,,0,0,0,,,,,,0,0,0,,,,,,2016-02-29,1.0,0.0,1.0,0.0,
11128015,2016,9,52,5,0,150107A201,150107,1,0,19,,,,,,0,0,0,,,,,,0,0,0,,,,,,0,0,0,,,,,,0,0,0,,,,,,0,0,0,,,,,,2016-03-07,1.0,0.0,1.0,0.0,
11128141,2016,9,52,5,0,150107A201,150118,1,0,2,,,,,,0,0,0,,,,,,0,0,0,,,,,,0,0,0,,,,,,0,0,0,,,,,,0,0,0,,,,,,2016-03-07,1.0,0.0,1.0,0.0,
11128621,2016,9,52,5,0,150107A201,150103,0,0,1,,,,,,0,0,0,,,,,,0,0,0,,,,,,0,0,0,,,,,,0,0,0,,,,,,0,0,0,,,,,,2016-03-07,1.0,0.0,1.0,0.0,
11113228,2016,10,52,5,0,150107A201,150118,0,1,1,,,,,,0,0,0,,,,,,0,0,0,,,,,,0,0,0,,,,,,0,0,0,,,,,,0,0,0,,,,,,2016-03-14,1.0,0.0,2.0,0.0,
11113234,2016,10,52,5,0,150107A201,150107,0,1,4,,,,,,0,0,0,,,,,,0,0,0,,,,,,0,0,0,,,,,,0,0,0,,,,,,0,0,0,,,,,,2016-03-14,1.0,0.0,1.0,0.0,
11081680,2016,11,52,5,0,150107A201,150118,0,0,2,,,,,,0,0,0,,,,,,0,0,0,,,,,,0,0,0,,,,,,0,0,0,,,,,,0,0,0,,,,,,2016-03-21,1.0,0.0,1.0,0.0,
11081683,2016,11,52,5,0,150107A201,150107,0,2,4,,,,,,0,0,0,,,,,,0,0,0,,,,,,0,0,0,,,,,,0,0,0,,,,,,0,0,0,,,,,,2016-03-21,1.0,0.0,1.0,0.0,
11061559,2016,12,52,5,0,150107A201,150103,0,0,2,,,,,,0,0,0,,,,,,0,0,0,,,,,,0,0,0,,,,,,0,0,0,,,,,,0,0,0,,,,,,2016-03-28,1.0,0.0,1.0,0.0,
11061571,2016,12,52,5,0,150107A201,150118,0,0,5,,,,,,0,0,0,,,,,,0,0,0,,,,,,0,0,0,,,,,,0,0,0,,,,,,0,0,0,,,,,,2016-03-28,1.0,0.0,1.0,0.0,
11061742,2016,12,52,5,0,150107A201,150107,0,0,7,,,,,,0,0,0,,,,,,0,0,0,,,,,,0,0,0,,,,,,0,0,0,,,,,,0,0,0,,,,,,2016-03-28,1.0,0.0,1.0,0.0,
10997101,2016,13,52,5,0,150107A201,150107,0,0,13,,,,,,0,0,0,,,,,,0,0,0,,,,,,0,0,0,,,,,,0,0,0,,,,,,0,0,0,,,,,,2016-04-04,1.0,0.0,1.0,0.0,
10997107,2016,13,52,5,0,150107A201,150118,0,0,1,,,,,,0,0,0,,,,,,0,0,0,,,,,,0,0,0,,,,,,0,0,0,,,,,,0,0,0,,,,,,2016-04-04,1.0,0.0,1.0,0.0,
10983580,2016,14,52,5,0,150107A201,150107,1,2,5,,,,,,0,0,0,,,,,,0,0,0,,,,,,0,0,0,,,,,,0,0,0,,,,,,0,0,0,,,,,,2016-04-11,1.0,0.0,1.0,0.0,
10983619,2016,14,52,5,0,150107A201,150118,0,0,1,,,,,,0,0,0,,,,,,0,0,0,,,,,,0,0,0,,,,,,0,0,0,,,,,,0,0,0,,,,,,2016-04-11,1.0,0.0,1.0,0.0,
10983985,2016,15,52,5,0,150107A201,150118,0,0,1,,,,,,0,0,0,,,,,,0,0,0,,,,,,0,0,0,,,,,,0,0,0,,,,,,0,0,0,,,,,,2016-04-18,1.0,0.0,1.0,0.0,
10984078,2016,15,52,5,0,150107A201,150107,0,2,5,,,,,,0,0,0,,,,,,0,0,0,,,,,,0,0,0,,,,,,0,0,0,,,,,,0,0,0,,,,,,2016-04-18,1.0,0.0,1.0,0.0,
11327032,2016,16,52,5,0,150107A201,150107,0,0,6,,,,,,0,0,0,,,,,,0,0,0,,,,,,0,0,0,,,,,,0,0,0,,,,,,0,0,0,,,,,,2016-04-26,1.0,0.0,1.0,0.0,
11327077,2016,16,52,5,0,150107A201,150118,0,1,1,,,,,,0,0,0,,,,,,0,0,0,,,,,,0,0,0,,,,,,0,0,0,,,,,,0,0,0,,,,,,2016-04-26,1.0,0.0,1.0,0.0,
11364235,2016,17,52,5,0,150107A201,150107,0,1,9,,,,,,0,0,0,,,,,,0,0,0,,,,,,0,0,0,,,,,,0,0,0,,,,,,0,0,0,,,,,,2016-05-02,1.0,0.0,1.0,0.0,
11364253,2016,17,52,5,0,150107A201,150118,0,0,6,,,,,,0,0,0,,,,,,0,0,0,,,,,,0,0,0,,,,,,0,0,0,,,,,,0,0,0,,,,,,2016-05-02,1.0,0.0,1.0,0.0,
11129104,2016,18,52,5,0,150107A201,150118,0,1,1,,,,,,0,0,0,,,,,,0,0,0,,,,,,0,0,0,,,,,,0,0,0,,,,,,0,0,0,,,,,,2016-05-09,1.0,0.0,1.0,0.0,
11129110,2016,18,52,5,0,150107A201,150107,0,0,3,,,,,,0,0,0,,,,,,0,0,0,,,,,,0,0,0,,,,,,0,0,0,,,,,,0,0,0,,,,,,2016-05-09,1.0,0.0,1.0,0.0,
11381605,2016,19,52,5,0,150107A201,150107,1,2,9,,,,,,0,0,0,,,,,,0,0,0,,,,,,0,0,0,,,,,,0,0,0,,,,,,0,0,0,,,,,,2016-05-16,1.0,0.0,1.0,0.0,
11381650,2016,19,52,5,0,150107A201,150118,0,1,1,,,,,,0,0,0,,,,,,0,0,0,,,,,,0,0,0,,,,,,0,0,0,,,,,,0,0,0,,,,,,2016-05-16,1.0,0.0,1.0,0.0,
11428030,2016,20,52,5,0,150107A201,150107,0,1,6,,,,,,0,0,0,,,,,,0,0,0,,,,,,0,0,0,,,,,,0,0,0,,,,,,0,0,0,,,,,,2016-05-23,1.0,0.0,1.0,0.0,
11428033,2016,20,52,5,0,150107A201,150118,0,1,2,,,,,,0,0,0,,,,,,0,0,0,,,,,,0,0,0,,,,,,0,0,0,,,,,,0,0,0,,,,,,2016-05-23,1.0,0.0,1.0,0.0,
11431297,2016,21,52,5,0,150107A201,150107,0,1,5,,,,,,0,0,0,,,,,,0,0,0,,,,,,0,0,0,,,,,,0,0,0,,,,,,0,0,0,,,,,,2016-05-30,1.0,0.0,1.0,0.0,
11431387,2016,21,52,5,0,150107A201,150118,0,1,2,,,,,,0,0,0,,,,,,0,0,0,,,,,,0,0,0,,,,,,0,0,0,,,,,,0,0,0,,,,,,2016-05-30,1.0,0.0,1.0,0.0,
11446228,2016,22,52,5,0,150107A201,150107,0,2,15,,,,,,0,0,0,,,,,,0,0,0,,,,,,0,0,0,,,,,,0,0,0,,,,,,0,0,0,,,,,,2016-06-06,1.0,0.0,1.0,0.0,
11446237,2016,22,52,5,0,150107A201,150118,0,0,2,,,,,,0,0,0,,,,,,0,0,0,,,,,,0,0,0,,,,,,0,0,0,,,,,,0,0,0,,,,,,2016-06-06,1.0,0.0,1.0,0.0,
11370703,2016,23,52,5,0,150107A201,150118,0,2,2,,,,,,0,0,0,,,,,,0,0,0,,,,,,0,0,0,,,,,,0,0,0,,,,,,0,0,0,,,,,,2016-06-13,1.0,0.0,1.0,0.0,
11370706,2016,23,52,5,0,150107A201,150107,0,0,9,,,,,,0,0,0,,,,,,0,0,0,,,,,,0,0,0,,,,,,0,0,0,,,,,,0,0,0,,,,,,2016-06-13,1.0,0.0,1.0,0.0,
11443234,2016,24,52,5,0,150107A201,150107,0,0,3,,,,,,0,0,0,,,,,,0,0,0,,,,,,0,0,0,,,,,,0,0,0,,,,,,0,0,0,,,,,,2016-06-20,1.0,0.0,1.0,0.0,
11443240,2016,24,52,5,0,150107A201,150118,0,2,5,,,,,,0,0,0,,,,,,0,0,0,,,,,,0,0,0,,,,,,0,0,0,,,,,,0,0,0,,,,,,2016-06-20,1.0,0.0,1.0,0.0,
11342806,2016,25,52,5,0,150107A201,150118,0,1,1,,,,,,0,0,0,,,,,,0,0,0,,,,,,0,0,0,,,,,,0,0,0,,,,,,0,0,0,,,,,,2016-06-27,1.0,0.0,1.0,0.0,
11342824,2016,25,52,5,0,150107A201,150107,1,1,8,,,,,,0,0,0,,,,,,0,0,0,,,,,,0,0,0,,,,,,0,0,0,,,,,,0,0,0,,,,,,2016-06-27,1.0,0.0,1.0,0.0,
11463193,2016,26,52,5,0,150107A201,150107,0,4,2,,,,,,0,0,0,,,,,,0,0,0,,,,,,0,0,0,,,,,,0,0,0,,,,,,0,0,0,,,,,,2016-07-04,1.0,0.0,1.0,0.0,
11463283,2016,26,52,5,0,150107A201,150118,0,0,1,,,,,,0,0,0,,,,,,0,0,0,,,,,,0,0,0,,,,,,0,0,0,,,,,,0,0,0,,,,,,2016-07-04,1.0,0.0,1.0,0.0,
11482237,2016,27,52,5,0,150107A201,150107,0,1,13,,,,,,0,0,0,,,,,,0,0,0,,,,,,0,0,0,,,,,,0,0,0,,,,,,0,0,0,,,,,,2016-07-11,1.0,0.0,1.0,0.0,
11482258,2016,27,52,5,0,150107A201,150118,0,1,0,,,,,,0,0,0,,,,,,0,0,0,,,,,,0,0,0,,,,,,0,0,0,,,,,,0,0,0,,,,,,2016-07-11,1.0,0.0,1.0,0.0,
11491264,2016,28,52,5,0,150107A201,150107,0,3,5,,,,,,0,0,0,,,,,,0,0,0,,,,,,0,0,0,,,,,,0,0,0,,,,,,0,0,0,,,,,,2016-07-18,1.0,0.0,1.0,0.0,
11503699,2016,29,52,5,0,150107A201,150107,0,3,4,,,,,,0,0,0,,,,,,0,0,0,,,,,,0,0,0,,,,,,0,0,0,,,,,,0,0,0,,,,,,2016-07-25,1.0,,1.0,0.0,
11503825,2016,29,52,5,0,150107A201,150118,0,2,2,,,,,,0,0,0,,,,,,0,0,0,,,,,,0,0,0,,,,,,0,0,0,,,,,,0,0,0,,,,,,2016-07-25,1.0,,1.0,0.0,
11079268,2016,30,52,5,0,150107A201,150107,0,1,3,,,,,,0,0,0,,,,,,0,0,0,,,,,,0,0,0,,,,,,0,0,0,,,,,,0,0,0,,,,,,2016-08-01,1.0,0.0,1.0,0.0,
11079292,2016,30,52,5,0,150107A201,150118,0,0,2,,,,,,0,0,0,,,,,,0,0,0,,,,,,0,0,0,,,,,,0,0,0,,,,,,0,0,0,,,,,,2016-08-01,1.0,0.0,1.0,0.0,
11520847,2016,31,52,5,0,150107A201,150107,0,3,14,,,,,,0,0,0,,,,,,0,0,0,,,,,,0,0,0,,,,,,0,0,0,,,,,,0,0,0,,,,,,2016-08-08,1.0,0.0,1.0,0.0,
11520865,2016,31,52,5,0,150107A201,150118,0,0,2,,,,,,0,0,0,,,,,,0,0,0,,,,,,0,0,0,,,,,,0,0,0,,,,,,0,0,0,,,,,,2016-08-08,1.0,0.0,1.0,0.0,
11535277,2016,32,52,5,0,150107A201,150107,1,1,11,,,,,,0,0,0,,,,,,0,0,0,,,,,,0,0,0,,,,,,0,0,0,,,,,,0,0,0,,,,,,2016-08-15,1.0,0.0,1.0,0.0,
11535301,2016,32,52,5,0,150107A201,150118,0,1,1,,,,,,0,0,0,,,,,,0,0,0,,,,,,0,0,0,,,,,,0,0,0,,,,,,0,0,0,,,,,,2016-08-15,1.0,0.0,1.0,0.0,
11003482,2016,33,52,5,0,150107A201,150118,0,2,9,,,,,,0,0,0,,,,,,0,0,0,,,,,,0,0,0,,,,,,0,0,0,,,,,,0,0,0,,,,,,2016-08-22,1.0,0.0,1.0,0.0,
11003497,2016,33,52,5,0,150107A201,150107,0,2,10,,,,,,0,0,0,,,,,,0,0,0,,,,,,0,0,0,,,,,,0,0,0,,,,,,0,0,0,,,,,,2016-08-22,1.0,0.0,1.0,0.0,
11134453,2016,34,52,5,0,150107A201,150118,0,2,10,,,,,,0,0,0,,,,,,0,0,0,,,,,,0,0,0,,,,,,0,0,0,,,,,,0,0,0,,,,,,2016-08-29,1.0,0.0,1.0,0.0,
11134456,2016,34,52,5,0,150107A201,150107,0,2,14,,,,,,0,0,0,,,,,,0,0,0,,,,,,0,0,0,,,,,,0,0,0,,,,,,0,0,0,,,,,,2016-08-29,1.0,0.0,1.0,0.0,
11561455,2016,35,52,5,0,150107A201,150118,0,0,4,,,,,,0,0,0,,,,,,0,0,0,,,,,,0,0,0,,,,,,0,0,0,,,,,,0,0,0,,,,,,2016-09-05,1.0,0.0,1.0,0.0,
11561461,2016,35,52,5,0,150107A201,150107,0,5,17,,,,,,0,0,0,,,,,,0,0,0,,,,,,0,0,0,,,,,,0,0,0,,,,,,0,0,0,,,,,,2016-09-05,1.0,0.0,1.0,0.0,
11005885,2016,36,52,5,0,150107A201,150103,0,0,1,,,,,,0,0,0,,,,,,0,0,0,,,,,,0,0,0,,,,,,0,0,0,,,,,,0,0,0,,,,,,2016-09-12,1.0,0.0,1.0,0.0,
11005888,2016,36,52,5,0,150107A201,150118,0,1,1,,,,,,0,0,0,,,,,,0,0,0,,,,,,0,0,0,,,,,,0,0,0,,,,,,0,0,0,,,,,,2016-09-12,1.0,0.0,1.0,0.0,
11005891,2016,36,52,5,0,150107A201,150107,0,1,4,,,,,,0,0,0,,,,,,0,0,0,,,,,,0,0,0,,,,,,0,0,0,,,,,,0,0,0,,,,,,2016-09-12,1.0,0.0,1.0,0.0,
11551903,2016,37,52,5,0,150107A201,150118,0,2,2,,,,,,0,0,0,,,,,,0,0,0,,,,,,0,0,0,,,,,,0,0,0,,,,,,0,0,0,,,,,,2016-09-19,1.0,0.0,1.0,0.0,
11551906,2016,37,52,5,0,150107A201,150107,0,0,6,,,,,,0,0,0,,,,,,0,0,0,,,,,,0,0,0,,,,,,0,0,0,,,,,,0,0,0,,,,,,2016-09-19,1.0,0.0,1.0,0.0,
11455081,2016,38,52,5,0,150107A201,150118,0,0,3,,,,,,0,0,0,,,,,,0,0,0,,,,,,0,0,0,,,,,,0,0,0,,,,,,0,0,0,,,,,,2016-09-26,1.0,0.0,1.0,0.0,
11455084,2016,38,52,5,0,150107A201,150107,0,3,8,,,,,,0,0,0,,,,,,0,0,0,,,,,,0,0,0,,,,,,0,0,0,,,,,,0,0,0,,,,,,2016-09-26,1.0,0.0,1.0,0.0,
11334652,2016,39,52,5,0,150107A201,150107,0,0,19,,,,,,0,0,0,,,,,,0,0,0,,,,,,0,0,0,,,,,,0,0,0,,,,,,0,0,0,,,,,,2016-10-03,1.0,0.0,1.0,0.0,
11335108,2016,39,52,5,0,150107A201,150118,0,0,6,,,,,,0,0,0,,,,,,0,0,0,,,,,,0,0,0,,,,,,0,0,0,,,,,,0,0,0,,,,,,2016-10-03,1.0,0.0,1.0,0.0,
11002318,2016,40,52,5,0,150107A201,150118,0,0,6,,,,,,0,0,0,,,,,,0,0,0,,,,,,0,0,0,,,,,,0,0,0,,,,,,0,0,0,,,,,,2016-10-10,1.0,0.0,1.0,0.0,
11002342,2016,40,52,5,0,150107A201,150107,0,0,11,,,,,,0,0,0,,,,,,0,0,0,,,,,,0,0,0,,,,,,0,0,0,,,,,,0,0,0,,,,,,2016-10-10,1.0,0.0,1.0,0.0,
11335816,2016,41,52,5,0,150107A201,150103,0,0,1,,,,,,0,0,0,,,,,,0,0,0,,,,,,0,0,0,,,,,,0,0,0,,,,,,0,0,0,,,,,,2016-10-17,1.0,0.0,1.0,0.0,
11344702,2016,41,52,5,0,150107A201,150118,0,0,4,,,,,,0,0,0,,,,,,0,0,0,,,,,,0,0,0,,,,,,0,0,0,,,,,,0,0,0,,,,,,2016-10-17,1.0,0.0,1.0,0.0,
11344705,2016,41,52,5,0,150107A201,150107,2,3,12,,,,,,0,0,0,,,,,,0,0,0,,,,,,0,0,0,,,,,,0,0,0,,,,,,0,0,0,,,,,,2016-10-17,1.0,0.0,1.0,0.0,
11540947,2016,42,52,5,0,150107A201,150118,0,0,3,,,,,,0,0,0,,,,,,0,0,0,,,,,,0,0,0,,,,,,0,0,0,,,,,,0,0,0,,,,,,2016-10-24,1.0,0.0,1.0,0.0,
11541658,2016,42,52,5,0,150107A201,150107,0,2,4,,,,,,0,0,0,,,,,,0,0,0,,,,,,0,0,0,,,,,,0,0,0,,,,,,0,0,0,,,,,,2016-10-24,1.0,0.0,1.0,0.0,
11049895,2016,43,52,5,0,150107A201,150107,1,1,3,,,,,,0,0,0,,,,,,0,0,0,,,,,,0,0,0,,,,,,0,0,0,,,,,,0,0,0,,,,,,2016-10-31,1.0,0.0,1.0,0.0,
11137237,2016,44,52,5,0,150107A201,150107,1,0,11,,,,,,0,0,0,,,,,,0,0,0,,,,,,0,0,0,,,,,,0,0,0,,,,,,0,0,0,,,,,,2016-11-07,1.0,0.0,1.0,0.0,
11137255,2016,44,52,5,0,150107A201,150118,0,1,1,,,,,,0,0,0,,,,,,0,0,0,,,,,,0,0,0,,,,,,0,0,0,,,,,,0,0,0,,,,,,2016-11-07,1.0,0.0,1.0,0.0,
10954834,2016,45,52,5,0,150107A201,150118,0,0,4,,,,,,0,0,0,,,,,,0,0,0,,,,,,0,0,0,,,,,,0,0,0,,,,,,0,0,0,,,,,,2016-11-14,1.0,0.0,1.0,0.0,
10954858,2016,45,52,5,0,150107A201,150107,0,3,9,,,,,,0,0,0,,,,,,0,0,0,,,,,,0,0,0,,,,,,0,0,0,,,,,,0,0,0,,,,,,2016-11-14,1.0,0.0,1.0,0.0,
10929169,2016,46,52,5,0,150107A201,150107,1,1,15,,,,,,0,0,0,,,,,,0,0,0,,,,,,0,0,0,,,,,,0,0,0,,,,,,0,0,0,,,,,,2016-11-21,1.0,0.0,1.0,0.0,
10916344,2016,47,52,5,0,150107A201,150118,0,0,5,,,,,,0,0,0,,,,,,0,0,0,,,,,,0,0,0,,,,,,0,0,0,,,,,,0,0,0,,,,,,2016-11-28,1.0,0.0,1.0,0.0,
10916362,2016,47,52,5,0,150107A201,150107,0,2,14,,,,,,0,0,0,,,,,,0,0,0,,,,,,0,0,0,,,,,,0,0,0,,,,,,0,0,0,,,,,,2016-11-28,1.0,0.0,1.0,0.0,
10903423,2016,48,52,5,0,150107A201,150118,0,1,3,,,,,,0,0,0,,,,,,0,0,0,,,,,,0,0,0,,,,,,0,0,0,,,,,,0,0,0,,,,,,2016-12-05,1.0,0.0,1.0,0.0,
10903429,2016,48,52,5,0,150107A201,150107,0,1,4,,,,,,0,0,0,,,,,,0,0,0,,,,,,0,0,0,,,,,,0,0,0,,,,,,0,0,0,,,,,,2016-12-05,1.0,0.0,1.0,0.0,
10889815,2016,49,52,5,0,150107A201,150118,0,0,3,,,,,,0,0,0,,,,,,0,0,0,,,,,,0,0,0,,,,,,0,0,0,,,,,,0,0,0,,,,,,2016-12-12,1.0,0.0,1.0,0.0,
10889827,2016,49,52,5,0,150107A201,150107,1,1,13,,,,,,0,0,0,,,,,,0,0,0,,,,,,0,0,0,,,,,,0,0,0,,,,,,0,0,0,,,,,,2016-12-12,1.0,0.0,1.0,0.0,
10878892,2016,50,52,5,0,150107A201,150118,0,2,5,,,,,,0,0,0,,,,,,0,0,0,,,,,,0,0,0,,,,,,0,0,0,,,,,,0,0,0,,,,,,2016-12-19,1.0,0.0,1.0,0.0,
10878922,2016,50,52,5,0,150107A201,150107,1,1,6,,,,,,0,0,0,,,,,,0,0,0,,,,,,0,0,0,,,,,,0,0,0,,,,,,0,0,0,,,,,,2016-12-19,1.0,0.0,1.0,0.0,
10866517,2016,51,52,5,0,150107A201,150118,0,0,2,,,,,,0,0,0,,,,,,0,0,0,,,,,,0,0,0,,,,,,0,0,0,,,,,,0,0,0,,,,,,2016-12-26,1.0,0.0,1.0,0.0,
10866523,2016,51,52,5,0,150107A201,150107,0,1,6,,,,,,0,0,0,,,,,,0,0,0,,,,,,0,0,0,,,,,,0,0,0,,,,,,0,0,0,,,,,,2016-12-26,1.0,0.0,1.0,0.0,
10855129,2016,52,52,5,0,150107A201,150118,0,0,5,,,,,,0,0,0,,,,,,0,0,0,,,,,,0,0,0,,,,,,0,0,0,,,,,,0,0,0,,,,,,2017-01-02,1.0,,1.0,0.0,
10855219,2016,52,52,5,0,150107A201,150103,0,0,3,,,,,,0,0,0,,,,,,0,0,0,,,,,,0,0,0,,,,,,0,0,0,,,,,,0,0,0,,,,,,2017-01-02,1.0,,1.0,0.0,
10858006,2016,52,52,5,0,150107A201,150107,0,1,10,,,,,,0,0,0,,,,,,0,0,0,,,,,,0,0,0,,,,,,0,0,0,,,,,,0,0,0,,,,,,2017-01-02,1.0,,1.0,0.0,
11750425,2017,1,52,5,0,150107A201,150107,0,1,6,,,,,,0,0,0,,,,,,0,0,0,,,,,,0,0,0,,,,,,0,0,0,,,,,,0,0,0,,,,,,2017-01-09,1.0,0.0,1.0,0.0,7666175.0
11763772,2017,2,52,5,0,150107A201,150107,0,2,17,,,,,,0,0,0,,,,,,0,0,0,,,,,,0,0,0,,,,,,0,0,0,,,,,,0,0,0,,,,,,2017-01-16,1.0,0.0,1.0,0.0,7666175.0
11802457,2017,3,52,5,0,150107A201,150103,0,0,1,,,,,,0,0,0,,,,,,0,0,0,,,,,,0,0,0,,,,,,0,0,0,,,,,,0,0,0,,,,,,2017-01-23,1.0,0.0,1.0,0.0,7666175.0
11802472,2017,3,52,5,0,150107A201,150118,0,1,5,,,,,,0,0,0,,,,,,0,0,0,,,,,,0,0,0,,,,,,0,0,0,,,,,,0,0,0,,,,,,2017-01-23,1.0,0.0,1.0,0.0,7666175.0
11802496,2017,3,52,5,0,150107A201,150107,1,3,8,,,,,,0,0,0,,,,,,0,0,0,,,,,,0,0,0,,,,,,0,0,0,,,,,,0,0,0,,,,,,2017-01-23,1.0,0.0,1.0,0.0,7666175.0
11787760,2017,4,52,5,0,150107A201,150103,0,0,3,,,,,,0,0,0,,,,,,0,0,0,,,,,,0,0,0,,,,,,0,0,0,,,,,,0,0,0,,,,,,2017-01-30,1.0,0.0,1.0,0.0,7666175.0
11787772,2017,4,52,5,0,150107A201,150118,0,0,1,,,,,,0,0,0,,,,,,0,0,0,,,,,,0,0,0,,,,,,0,0,0,,,,,,0,0,0,,,,,,2017-01-30,1.0,0.0,1.0,0.0,7666175.0
11787781,2017,4,52,5,0,150107A201,150107,1,0,2,,,,,,0,0,0,,,,,,0,0,0,,,,,,0,0,0,,,,,,0,0,0,,,,,,0,0,0,,,,,,2017-01-30,1.0,0.0,1.0,0.0,7666175.0
11775550,2017,5,52,5,0,150107A201,150118,0,0,4,,,,,,0,0,0,,,,,,0,0,0,,,,,,0,0,0,,,,,,0,0,0,,,,,,0,0,0,,,,,,2017-02-06,1.0,0.0,1.0,0.0,7666175.0
11775568,2017,5,52,5,0,150107A201,150107,0,3,9,,,,,,0,0,0,,,,,,0,0,0,,,,,,0,0,0,,,,,,0,0,0,,,,,,0,0,0,,,,,,2017-02-06,1.0,0.0,1.0,0.0,7666175.0
11978392,2017,6,52,5,0,150107A201,150107,0,0,11,,,,,,0,0,0,,,,,,0,0,0,,,,,,0,0,0,,,,,,0,0,0,,,,,,0,0,0,,,,,,2017-02-13,1.0,0.0,1.0,0.0,7666175.0
11978410,2017,6,52,5,0,150107A201,150118,0,3,3,,,,,,0,0,0,,,,,,0,0,0,,,,,,0,0,0,,,,,,0,0,0,,,,,,0,0,0,,,,,,2017-02-13,1.0,0.0,1.0,0.0,7666175.0
11958598,2017,7,52,5,0,150107A201,150118,0,1,4,,,,,,0,0,0,,,,,,0,0,0,,,,,,0,0,0,,,,,,0,0,0,,,,,,0,0,0,,,,,,2017-02-20,1.0,0.0,1.0,0.0,7666175.0
11958607,2017,7,52,5,0,150107A201,150107,0,1,4,,,,,,0,0,0,,,,,,0,0,0,,,,,,0,0,0,,,,,,0,0,0,,,,,,0,0,0,,,,,,2017-02-20,1.0,0.0,1.0,0.0,7666175.0
11941429,2017,8,52,5,0,150107A201,150118,0,0,4,,,,,,0,0,0,,,,,,0,0,0,,,,,,0,0,0,,,,,,0,0,0,,,,,,0,0,0,,,,,,2017-02-27,1.0,0.0,1.0,0.0,7666175.0
11941441,2017,8,52,5,0,150107A201,150107,0,2,14,,,,,,0,0,0,,,,,,0,0,0,,,,,,0,0,0,,,,,,0,0,0,,,,,,0,0,0,,,,,,2017-02-27,1.0,0.0,1.0,0.0,7666175.0
11933320,2017,9,52,5,0,150107A201,150118,0,0,2,,,,,,0,0,0,,,,,,0,0,0,,,,,,0,0,0,,,,,,0,0,0,,,,,,0,0,0,,,,,,2017-03-06,1.0,,1.0,0.0,7666175.0
11933344,2017,9,52,5,0,150107A201,150107,1,1,6,,,,,,0,0,0,,,,,,0,0,0,,,,,,0,0,0,,,,,,0,0,0,,,,,,0,0,0,,,,,,2017-03-06,1.0,,1.0,0.0,7666175.0
11916349,2017,10,52,5,0,150107A201,150118,0,0,2,,,,,,0,0,0,,,,,,0,0,0,,,,,,0,0,0,,,,,,0,0,0,,,,,,0,0,0,,,,,,2017-03-13,1.0,,1.0,0.0,7666175.0
11916376,2017,10,52,5,0,150107A201,150107,0,1,9,,,,,,0,0,0,,,,,,0,0,0,,,,,,0,0,0,,,,,,0,0,0,,,,,,0,0,0,,,,,,2017-03-13,1.0,,1.0,0.0,7666175.0
11902084,2017,11,52,5,0,150107A201,150118,0,0,2,,,,,,0,0,0,,,,,,0,0,0,,,,,,0,0,0,,,,,,0,0,0,,,,,,0,0,0,,,,,,2017-03-20,1.0,0.0,1.0,0.0,7666175.0
11902108,2017,11,52,5,0,150107A201,150107,1,0,5,,,,,,0,0,0,,,,,,0,0,0,,,,,,0,0,0,,,,,,0,0,0,,,,,,0,0,0,,,,,,2017-03-20,1.0,0.0,1.0,0.0,7666175.0
11884306,2017,12,52,5,0,150107A201,150103,0,0,1,,,,,,0,0,0,,,,,,0,0,0,,,,,,0,0,0,,,,,,0,0,0,,,,,,0,0,0,,,,,,2017-03-27,1.0,0.0,1.0,0.0,7666175.0
11884315,2017,12,52,5,0,150107A201,150118,0,0,8,,,,,,0,0,0,,,,,,0,0,0,,,,,,0,0,0,,,,,,0,0,0,,,,,,0,0,0,,,,,,2017-03-27,1.0,0.0,1.0,0.0,7666175.0
11884345,2017,12,52,5,0,150107A201,150107,0,1,9,,,,,,0,0,0,,,,,,0,0,0,,,,,,0,0,0,,,,,,0,0,0,,,,,,0,0,0,,,,,,2017-03-27,1.0,0.0,1.0,0.0,7666175.0
11872246,2017,13,52,5,0,150107A201,150118,0,0,1,,,,,,0,0,0,,,,,,0,0,0,,,,,,0,0,0,,,,,,0,0,0,,,,,,0,0,0,,,,,,2017-04-03,1.0,0.0,1.0,0.0,7666175.0
11872252,2017,13,52,5,0,150107A201,150107,0,2,5,,,,,,0,0,0,,,,,,0,0,0,,,,,,0,0,0,,,,,,0,0,0,,,,,,0,0,0,,,,,,2017-04-03,1.0,0.0,1.0,0.0,7666175.0
11859397,2017,14,52,5,0,150107A201,150118,0,0,1,,,,,,0,0,0,,,,,,0,0,0,,,,,,0,0,0,,,,,,0,0,0,,,,,,0,0,0,,,,,,2017-04-10,1.0,0.0,1.0,0.0,7666175.0
11859418,2017,14,52,5,0,150107A201,150107,0,2,3,,,,,,0,0,0,,,,,,0,0,0,,,,,,0,0,0,,,,,,0,0,0,,,,,,0,0,0,,,,,,2017-04-10,1.0,0.0,1.0,0.0,7666175.0
11846581,2017,15,52,5,0,150107A201,150118,0,0,5,,,,,,0,0,0,,,,,,0,0,0,,,,,,0,0,0,,,,,,0,0,0,,,,,,0,0,0,,,,,,2017-04-17,1.0,0.0,1.0,0.0,7666175.0
11846692,2017,15,52,5,0,150107A201,150107,1,4,17,,,,,,0,0,0,,,,,,0,0,0,,,,,,0,0,0,,,,,,0,0,0,,,,,,0,0,0,,,,,,2017-04-17,1.0,0.0,1.0,0.0,7666175.0
11833045,2017,16,52,5,0,150107A201,150118,0,0,5,,,,,,0,0,0,,,,,,0,0,0,,,,,,0,0,0,,,,,,0,0,0,,,,,,0,0,0,,,,,,2017-04-24,1.0,0.0,1.0,0.0,7666175.0
11833075,2017,16,52,5,0,150107A201,150107,0,5,9,,,,,,0,0,0,,,,,,0,0,0,,,,,,0,0,0,,,,,,0,0,0,,,,,,0,0,0,,,,,,2017-04-24,1.0,0.0,1.0,0.0,7666175.0
11820322,2017,17,52,5,0,150107A201,150118,0,1,0,,,,,,0,0,0,,,,,,0,0,0,,,,,,0,0,0,,,,,,0,0,0,,,,,,0,0,0,,,,,,2017-05-02,1.0,0.0,1.0,0.0,7666175.0
11820346,2017,17,52,5,0,150107A201,150107,1,3,1,,,,,,0,0,0,,,,,,0,0,0,,,,,,0,0,0,,,,,,0,0,0,,,,,,0,0,0,,,,,,2017-05-02,1.0,0.0,1.0,0.0,7666175.0
11983783,2017,18,52,5,0,150107A201,150107,0,1,15,,,,,,0,0,0,,,,,,0,0,0,,,,,,0,0,0,,,,,,0,0,0,,,,,,0,0,0,,,,,,2017-05-08,1.0,0.0,1.0,0.0,7666175.0
11985901,2017,18,52,5,0,150107A201,150118,2,0,5,,,,,,0,0,0,,,,,,0,0,0,,,,,,0,0,0,,,,,,0,0,0,,,,,,0,0,0,,,,,,2017-05-08,1.0,0.0,1.0,0.0,7666175.0
12003634,2017,19,52,5,0,150107A201,150107,0,6,9,,,,,,0,0,0,,,,,,0,0,0,,,,,,0,0,0,,,,,,0,0,0,,,,,,0,0,0,,,,,,2017-05-15,1.0,0.0,1.0,0.0,7666175.0
12003643,2017,19,52,5,0,150107A201,150118,0,0,2,,,,,,0,0,0,,,,,,0,0,0,,,,,,0,0,0,,,,,,0,0,0,,,,,,0,0,0,,,,,,2017-05-15,1.0,0.0,1.0,0.0,7666175.0
12003667,2017,19,52,5,0,150107A201,150103,0,0,1,,,,,,0,0,0,,,,,,0,0,0,,,,,,0,0,0,,,,,,0,0,0,,,,,,0,0,0,,,,,,2017-05-15,1.0,0.0,1.0,0.0,7666175.0
12023974,2017,20,52,5,0,150107A201,150107,0,3,8,,,,,,0,0,0,,,,,,0,0,0,,,,,,0,0,0,,,,,,0,0,0,,,,,,0,0,0,,,,,,2017-05-22,1.0,0.0,1.0,0.0,7666175.0
12023980,2017,20,52,5,0,150107A201,150118,0,0,1,,,,,,0,0,0,,,,,,0,0,0,,,,,,0,0,0,,,,,,0,0,0,,,,,,0,0,0,,,,,,2017-05-22,1.0,0.0,1.0,0.0,7666175.0
12044674,2017,21,52,5,0,150107A201,150107,2,0,13,,,,,,0,0,0,,,,,,0,0,0,,,,,,0,0,0,,,,,,0,0,0,,,,,,0,0,0,,,,,,2017-05-29,1.0,0.0,1.0,0.0,7666175.0
12044683,2017,21,52,5,0,150107A201,150118,0,0,3,,,,,,0,0,0,,,,,,0,0,0,,,,,,0,0,0,,,,,,0,0,0,,,,,,0,0,0,,,,,,2017-05-29,1.0,0.0,1.0,0.0,7666175.0
12059989,2017,22,52,5,0,150107A201,150107,1,5,8,,,,,,0,0,0,,,,,,0,0,0,,,,,,0,0,0,,,,,,0,0,0,,,,,,0,0,0,,,,,,2017-06-05,1.0,0.0,1.0,0.0,7666175.0
12059995,2017,22,52,5,0,150107A201,150118,0,1,2,,,,,,0,0,0,,,,,,0,0,0,,,,,,0,0,0,,,,,,0,0,0,,,,,,0,0,0,,,,,,2017-06-05,1.0,0.0,1.0,0.0,7666175.0
12074395,2017,23,52,5,0,150107A201,150107,0,2,7,,,,,,0,0,0,,,,,,0,0,0,,,,,,0,0,0,,,,,,0,0,0,,,,,,0,0,0,,,,,,2017-06-12,1.0,0.0,1.0,0.0,7666175.0
12074407,2017,23,52,5,0,150107A201,150118,0,0,2,,,,,,0,0,0,,,,,,0,0,0,,,,,,0,0,0,,,,,,0,0,0,,,,,,0,0,0,,,,,,2017-06-12,1.0,0.0,1.0,0.0,7666175.0
12087043,2017,24,52,5,0,150107A201,150107,0,2,8,,,,,,0,0,0,,,,,,0,0,0,,,,,,0,0,0,,,,,,0,0,0,,,,,,0,0,0,,,,,,2017-06-19,1.0,0.0,1.0,0.0,7666175.0
12101392,2017,25,52,5,0,150107A201,150107,0,2,8,,,,,,0,0,0,,,,,,0,0,0,,,,,,0,0,0,,,,,,0,0,0,,,,,,0,0,0,,,,,,2017-06-26,1.0,0.0,1.0,0.0,7666175.0
12113587,2017,26,52,5,0,150107A201,150107,0,3,4,,,,,,0,0,0,,,,,,0,0,0,,,,,,0,0,0,,,,,,0,0,0,,,,,,0,0,0,,,,,,2017-07-03,1.0,0.0,1.0,0.0,7666175.0
12113635,2017,26,52,5,0,150107A201,150118,0,0,6,,,,,,0,0,0,,,,,,0,0,0,,,,,,0,0,0,,,,,,0,0,0,,,,,,0,0,0,,,,,,2017-07-03,1.0,0.0,1.0,0.0,7666175.0
12113644,2017,26,52,5,0,150107A201,150103,0,0,2,,,,,,0,0,0,,,,,,0,0,0,,,,,,0,0,0,,,,,,0,0,0,,,,,,0,0,0,,,,,,2017-07-03,1.0,0.0,1.0,0.0,7666175.0
12123958,2017,27,52,5,0,150107A201,150107,1,1,5,,,,,,0,0,0,,,,,,0,0,0,,,,,,0,0,0,,,,,,0,0,0,,,,,,0,0,0,,,,,,2017-07-10,1.0,0.0,1.0,0.0,7666175.0
12123973,2017,27,52,5,0,150107A201,150118,0,1,2,,,,,,0,0,0,,,,,,0,0,0,,,,,,0,0,0,,,,,,0,0,0,,,,,,0,0,0,,,,,,2017-07-10,1.0,0.0,1.0,0.0,7666175.0
12140095,2017,28,52,5,0,150107A201,150107,0,1,9,,,,,,0,0,0,,,,,,0,0,0,,,,,,0,0,0,,,,,,0,0,0,,,,,,0,0,0,,,,,,2017-07-17,1.0,0.0,1.0,0.0,7666175.0
12140110,2017,28,52,5,0,150107A201,150118,0,0,1,,,,,,0,0,0,,,,,,0,0,0,,,,,,0,0,0,,,,,,0,0,0,,,,,,0,0,0,,,,,,2017-07-17,1.0,0.0,1.0,0.0,7666175.0
12154360,2017,29,52,5,0,150107A201,150107,0,1,5,,,,,,0,0,0,,,,,,0,0,0,,,,,,0,0,0,,,,,,0,0,0,,,,,,0,0,0,,,,,,2017-07-24,1.0,0.0,1.0,0.0,7666175.0
12154387,2017,29,52,5,0,150107A201,150118,0,0,2,,,,,,0,0,0,,,,,,0,0,0,,,,,,0,0,0,,,,,,0,0,0,,,,,,0,0,0,,,,,,2017-07-24,1.0,0.0,1.0,0.0,7666175.0
12166279,2017,30,52,5,0,150107A201,150107,0,6,3,,,,,,0,0,0,,,,,,0,0,0,,,,,,0,0,0,,,,,,0,0,0,,,,,,0,0,0,,,,,,2017-07-31,1.0,0.0,1.0,0.0,7666175.0
12178924,2017,31,52,5,0,150107A201,150107,0,1,4,,,,,,0,0,0,,,,,,0,0,0,,,,,,0,0,0,,,,,,0,0,0,,,,,,0,0,0,,,,,,2017-08-07,1.0,0.0,1.0,0.0,7666175.0
12178957,2017,31,52,5,0,150107A201,150118,0,0,2,,,,,,0,0,0,,,,,,0,0,0,,,,,,0,0,0,,,,,,0,0,0,,,,,,0,0,0,,,,,,2017-08-07,1.0,0.0,1.0,0.0,7666175.0
12192349,2017,32,52,5,0,150107A201,150107,0,0,3,,,,,,0,0,0,,,,,,0,0,0,,,,,,0,0,0,,,,,,0,0,0,,,,,,0,0,0,,,,,,2017-08-14,1.0,0.0,1.0,0.0,7666175.0
12192355,2017,32,52,5,0,150107A201,150118,1,0,0,,,,,,0,0,0,,,,,,0,0,0,,,,,,0,0,0,,,,,,0,0,0,,,,,,0,0,0,,,,,,2017-08-14,1.0,0.0,1.0,0.0,7666175.0
12205168,2017,33,52,5,0,150107A201,150107,0,1,3,,,,,,0,0,0,,,,,,0,0,0,,,,,,0,0,0,,,,,,0,0,0,,,,,,0,0,0,,,,,,2017-08-21,1.0,0.0,1.0,0.0,7666175.0
12205177,2017,33,52,5,0,150107A201,150118,0,0,1,,,,,,0,0,0,,,,,,0,0,0,,,,,,0,0,0,,,,,,0,0,0,,,,,,0,0,0,,,,,,2017-08-21,1.0,0.0,1.0,0.0,7666175.0
12218761,2017,34,52,5,0,150107A201,150107,0,2,0,,,,,,0,0,0,,,,,,0,0,0,,,,,,0,0,0,,,,,,0,0,0,,,,,,0,0,0,,,,,,2017-08-28,1.0,0.0,1.0,0.0,7666175.0
12218770,2017,34,52,5,0,150107A201,150118,0,0,2,,,,,,0,0,0,,,,,,0,0,0,,,,,,0,0,0,,,,,,0,0,0,,,,,,0,0,0,,,,,,2017-08-28,1.0,0.0,1.0,0.0,7666175.0
12233989,2017,35,52,5,0,150107A201,150107,0,3,9,,,,,,0,0,0,,,,,,0,0,0,,,,,,0,0,0,,,,,,0,0,0,,,,,,0,0,0,,,,,,2017-09-04,1.0,0.0,1.0,0.0,45508339.0
12234004,2017,35,52,5,0,150107A201,150118,0,2,3,,,,,,0,0,0,,,,,,0,0,0,,,,,,0,0,0,,,,,,0,0,0,,,,,,0,0,0,,,,,,2017-09-04,1.0,0.0,1.0,0.0,45508339.0
12245149,2017,36,52,5,0,150107A201,150107,0,1,3,,,,,,0,0,0,,,,,,0,0,0,,,,,,0,0,0,,,,,,0,0,0,,,,,,0,0,0,,,,,,2017-09-11,1.0,0.0,1.0,0.0,45508339.0
12245191,2017,36,52,5,0,150107A201,150118,0,0,2,,,,,,0,0,0,,,,,,0,0,0,,,,,,0,0,0,,,,,,0,0,0,,,,,,0,0,0,,,,,,2017-09-11,1.0,0.0,1.0,0.0,45508339.0
12258196,2017,37,52,5,0,150107A201,150107,1,2,5,,,,,,0,0,0,,,,,,0,0,0,,,,,,0,0,0,,,,,,0,0,0,,,,,,0,0,0,,,,,,2017-09-18,1.0,0.0,1.0,0.0,45508339.0
12258226,2017,37,52,5,0,150107A201,150118,0,0,2,,,,,,0,0,0,,,,,,0,0,0,,,,,,0,0,0,,,,,,0,0,0,,,,,,0,0,0,,,,,,2017-09-18,1.0,0.0,1.0,0.0,45508339.0
12270748,2017,38,52,5,0,150107A201,150107,0,2,4,,,,,,0,0,0,,,,,,0,0,0,,,,,,0,0,0,,,,,,0,0,0,,,,,,0,0,0,,,,,,2017-09-25,1.0,0.0,1.0,0.0,45508339.0
12287944,2017,39,52,5,0,150107A201,150107,0,2,2,,,,,,0,0,0,,,,,,0,0,0,,,,,,0,0,0,,,,,,0,0,0,,,,,,0,0,0,,,,,,2017-10-02,1.0,0.0,1.0,0.0,45508339.0
12287956,2017,39,52,5,0,150107A201,150118,0,1,0,,,,,,0,0,0,,,,,,0,0,0,,,,,,0,0,0,,,,,,0,0,0,,,,,,0,0,0,,,,,,2017-10-02,1.0,0.0,1.0,0.0,45508339.0
12030313,2017,40,52,5,0,150107A201,150118,0,1,4,,,,,,0,0,0,,,,,,0,0,0,,,,,,0,0,0,,,,,,0,0,0,,,,,,0,0,0,,,,,,2017-10-09,1.0,0.0,1.0,0.0,45508339.0
12030343,2017,40,52,5,0,150107A201,150107,0,2,8,,,,,,0,0,0,,,,,,0,0,0,,,,,,0,0,0,,,,,,0,0,0,,,,,,0,0,0,,,,,,2017-10-09,1.0,0.0,1.0,0.0,45508339.0
11904373,2017,41,52,5,0,150107A201,150118,0,1,2,,,,,,0,0,0,,,,,,0,0,0,,,,,,0,0,0,,,,,,0,0,0,,,,,,0,0,0,,,,,,2017-10-16,1.0,0.0,1.0,0.0,45508339.0
11904391,2017,41,52,5,0,150107A201,150107,0,1,14,,,,,,0,0,0,,,,,,0,0,0,,,,,,0,0,0,,,,,,0,0,0,,,,,,0,0,0,,,,,,2017-10-16,1.0,0.0,1.0,0.0,45508339.0
11733301,2017,42,52,5,0,150107A201,150118,0,1,5,,,,,,0,0,0,,,,,,0,0,0,,,,,,0,0,0,,,,,,0,0,0,,,,,,0,0,0,,,,,,2017-10-23,1.0,0.0,1.0,0.0,45508339.0
11733325,2017,42,52,5,0,150107A201,150107,0,2,18,,,,,,0,0,0,,,,,,0,0,0,,,,,,0,0,0,,,,,,0,0,0,,,,,,0,0,0,,,,,,2017-10-23,1.0,0.0,1.0,0.0,45508339.0
11716090,2017,43,52,5,0,150107A201,150103,0,0,1,,,,,,0,0,0,,,,,,0,0,0,,,,,,0,0,0,,,,,,0,0,0,,,,,,0,0,0,,,,,,2017-10-30,1.0,,1.0,0.0,45508339.0
11716099,2017,43,52,5,0,150107A201,150118,1,1,0,,,,,,0,0,0,,,,,,0,0,0,,,,,,0,0,0,,,,,,0,0,0,,,,,,0,0,0,,,,,,2017-10-30,1.0,,1.0,0.0,45508339.0
11716111,2017,43,52,5,0,150107A201,150107,0,0,8,,,,,,0,0,0,,,,,,0,0,0,,,,,,0,0,0,,,,,,0,0,0,,,,,,0,0,0,,,,,,2017-10-30,1.0,,1.0,0.0,45508339.0
11702797,2017,44,52,5,0,150107A201,150118,0,0,11,,,,,,0,0,0,,,,,,0,0,0,,,,,,0,0,0,,,,,,0,0,0,,,,,,0,0,0,,,,,,2017-11-06,1.0,0.0,1.0,0.0,9764543.0
11702818,2017,44,52,5,0,150107A201,150107,1,1,19,,,,,,0,0,0,,,,,,0,0,0,,,,,,0,0,0,,,,,,0,0,0,,,,,,0,0,0,,,,,,2017-11-06,1.0,0.0,1.0,0.0,9764543.0
11693746,2017,45,52,5,0,150107A201,150118,0,0,2,,,,,,0,0,0,,,,,,0,0,0,,,,,,0,0,0,,,,,,0,0,0,,,,,,0,0,0,,,,,,2017-11-20,1.0,,,0.0,9764543.0
11693812,2017,45,52,5,0,150107A201,150107,0,0,7,,,,,,0,0,0,,,,,,0,0,0,,,,,,0,0,0,,,,,,0,0,0,,,,,,0,0,0,,,,,,2017-11-20,1.0,,1.0,0.0,9764543.0
11671684,2017,46,52,5,0,150107A201,150103,0,0,2,,,,,,0,0,0,,,,,,0,0,0,,,,,,0,0,0,,,,,,0,0,0,,,,,,0,0,0,,,,,,2017-11-20,,,1.0,0.0,9764543.0
11671696,2017,46,52,5,0,150107A201,150118,0,0,4,,,,,,0,0,0,,,,,,0,0,0,,,,,,0,0,0,,,,,,0,0,0,,,,,,0,0,0,,,,,,2017-11-20,,,1.0,0.0,9764543.0
11671732,2017,46,52,5,0,150107A201,150107,0,2,9,,,,,,0,0,0,,,,,,0,0,0,,,,,,0,0,0,,,,,,0,0,0,,,,,,0,0,0,,,,,,2017-11-20,,,1.0,0.0,9764543.0
11660227,2017,47,52,5,0,150107A201,150118,0,0,2,,,,,,0,0,0,,,,,,0,0,0,,,,,,0,0,0,,,,,,0,0,0,,,,,,0,0,0,,,,,,2017-11-27,,,,0.0,9764543.0
11660233,2017,47,52,5,0,150107A201,150107,0,1,10,,,,,,0,0,0,,,,,,0,0,0,,,,,,0,0,0,,,,,,0,0,0,,,,,,0,0,0,,,,,,2017-11-27,,,1.0,0.0,9764543.0
11639899,2017,48,52,5,0,150107A201,150118,0,0,3,,,,,,0,0,0,,,,,,0,0,0,,,,,,0,0,0,,,,,,0,0,0,,,,,,0,0,0,,,,,,2017-12-04,,,,0.0,9764543.0
11640100,2017,48,52,5,0,150107A201,150107,0,1,6,,,,,,0,0,0,,,,,,0,0,0,,,,,,0,0,0,,,,,,0,0,0,,,,,,0,0,0,,,,,,2017-12-04,1.0,0.0,1.0,0.0,9764543.0
11627257,2017,49,52,5,0,150107A201,150118,0,0,2,,,,,,0,0,0,,,,,,0,0,0,,,,,,0,0,0,,,,,,0,0,0,,,,,,0,0,0,,,,,,2017-12-11,,,1.0,0.0,9764543.0
11627263,2017,49,52,5,0,150107A201,150107,0,2,13,,,,,,0,0,0,,,,,,0,0,0,,,,,,0,0,0,,,,,,0,0,0,,,,,,0,0,0,,,,,,2017-12-11,,,1.0,0.0,9764543.0
11612065,2017,50,52,5,0,150107A201,150118,0,0,1,,,,,,0,0,0,,,,,,0,0,0,,,,,,0,0,0,,,,,,0,0,0,,,,,,0,0,0,,,,,,2017-12-18,,,,0.0,9764543.0
11612161,2017,50,52,5,0,150107A201,150107,1,3,10,,,,,,0,0,0,,,,,,0,0,0,,,,,,0,0,0,,,,,,0,0,0,,,,,,0,0,0,,,,,,2017-12-18,,,1.0,0.0,9764543.0
11588353,2017,51,52,5,0,150107A201,150118,0,1,0,,,,,,0,0,0,,,,,,0,0,0,,,,,,0,0,0,,,,,,0,0,0,,,,,,0,0,0,,,,,,2017-12-26,,,1.0,0.0,9764543.0
11588395,2017,51,52,5,0,150107A201,150107,0,0,5,,,,,,0,0,0,,,,,,0,0,0,,,,,,0,0,0,,,,,,0,0,0,,,,,,0,0,0,,,,,,2017-12-26,1.0,,1.0,0.0,9764543.0
11577541,2017,52,52,5,0,150107A201,150118,0,0,3,,,,,,0,0,0,,,,,,0,0,0,,,,,,0,0,0,,,,,,0,0,0,,,,,,0,0,0,,,,,,2018-01-02,1.0,0.0,1.0,0.0,9764543.0
11577556,2017,52,52,5,0,150107A201,150107,0,3,9,,,,,,0,0,0,,,,,,0,0,0,,,,,,0,0,0,,,,,,0,0,0,,,,,,0,0,0,,,,,,2018-01-02,1.0,0.0,1.0,0.0,9764543.0
12314527,2018,1,52,5,0,150107A201,150107,4,0,8,,,,,,0,0,0,,,,,,0,0,0,,,,,,0,0,0,,,,,,0,0,0,,,,,,0,0,0,,,,,,2018-01-08,1.0,0.0,1.0,0.0,
12329425,2018,2,52,5,0,150107A201,150107,3,3,17,,,,,,0,0,0,,,,,,0,0,0,,,,,,0,0,0,,,,,,0,0,0,,,,,,0,0,0,,,,,,2018-01-15,,,,0.0,
12329470,2018,2,52,5,0,150107A201,150118,0,0,1,,,,,,0,0,0,,,,,,0,0,0,,,,,,0,0,0,,,,,,0,0,0,,,,,,0,0,0,,,,,,2018-01-15,,,,0.0,
12340276,2018,3,52,5,0,150107A201,150107,0,0,2,,,,,,0,0,0,,,,,,0,0,0,,,,,,0,0,0,,,,,,0,0,0,,,,,,0,0,0,,,,,,2018-01-22,1.0,0.0,1.0,0.0,
12353881,2018,4,52,5,0,150107A201,150107,1,2,9,,,,,,0,0,0,,,,,,0,0,0,,,,,,0,0,0,,,,,,0,0,0,,,,,,0,0,0,,,,,,2018-01-29,,,1.0,0.0,
12369832,2018,5,52,5,0,150107A201,150107,1,1,16,,,,,,0,0,0,,,,,,0,0,0,,,,,,0,0,0,,,,,,0,0,0,,,,,,0,0,0,,,,,,2018-02-05,1.0,0.0,1.0,0.0,
12369850,2018,5,52,5,0,150107A201,150118,0,1,0,,,,,,0,0,0,,,,,,0,0,0,,,,,,0,0,0,,,,,,0,0,0,,,,,,0,0,0,,,,,,2018-02-05,,,1.0,0.0,
12384502,2018,6,52,5,0,150107A201,150107,0,3,6,,,,,,0,0,0,,,,,,0,0,0,,,,,,0,0,0,,,,,,0,0,0,,,,,,0,0,0,,,,,,2018-02-12,,,1.0,0.0,
12384535,2018,6,52,5,0,150107A201,150118,0,1,5,,,,,,0,0,0,,,,,,0,0,0,,,,,,0,0,0,,,,,,0,0,0,,,,,,0,0,0,,,,,,2018-02-12,1.0,0.0,1.0,0.0,
12396139,2018,7,52,5,0,150107A201,150107,0,0,11,,,,,,0,0,0,,,,,,0,0,0,,,,,,0,0,0,,,,,,0,0,0,,,,,,0,0,0,,,,,,2018-02-19,1.0,,,0.0,
12409396,2018,8,52,5,0,150107A201,150107,0,2,11,,,,,,0,0,0,,,,,,0,0,0,,,,,,0,0,0,,,,,,0,0,0,,,,,,0,0,0,,,,,,2018-02-26,,,1.0,0.0,
12409420,2018,8,52,5,0,150107A201,150118,0,0,2,,,,,,0,0,0,,,,,,0,0,0,,,,,,0,0,0,,,,,,0,0,0,,,,,,0,0,0,,,,,,2018-02-26,,,1.0,0.0,
12424435,2018,9,52,5,0,150107A201,150107,0,1,9,,,,,,0,0,0,,,,,,0,0,0,,,,,,0,0,0,,,,,,0,0,0,,,,,,0,0,0,,,,,,2018-03-05,1.0,0.0,,0.0,
12424453,2018,9,52,5,0,150107A201,150118,0,0,1,,,,,,0,0,0,,,,,,0,0,0,,,,,,0,0,0,,,,,,0,0,0,,,,,,0,0,0,,,,,,2018-03-05,1.0,0.0,1.0,0.0,
12436213,2018,10,52,5,0,150107A201,150107,0,1,6,,,,,,0,0,0,,,,,,0,0,0,,,,,,0,0,0,,,,,,0,0,0,,,,,,0,0,0,,,,,,2018-03-12,,,,0.0,
12436240,2018,10,52,5,0,150107A201,150118,0,0,4,,,,,,0,0,0,,,,,,0,0,0,,,,,,0,0,0,,,,,,0,0,0,,,,,,0,0,0,,,,,,2018-03-12,1.0,0.0,1.0,0.0,
12451300,2018,11,52,5,0,150107A201,150107,0,0,6,,,,,,0,0,0,,,,,,0,0,0,,,,,,0,0,0,,,,,,0,0,0,,,,,,0,0,0,,,,,,2018-03-19,1.0,0.0,1.0,0.0,
12469441,2018,12,52,5,0,150107A201,150107,0,0,12,,,,,,0,0,0,,,,,,0,0,0,,,,,,0,0,0,,,,,,0,0,0,,,,,,0,0,0,,,,,,2018-03-26,,,1.0,0.0,
12479818,2018,13,52,5,0,150107A201,150107,1,1,5,,,,,,0,0,0,,,,,,0,0,0,,,,,,0,0,0,,,,,,0,0,0,,,,,,0,0,0,,,,,,2018-04-02,,,1.0,0.0,
12479827,2018,13,52,5,0,150107A201,150118,0,0,2,,,,,,0,0,0,,,,,,0,0,0,,,,,,0,0,0,,,,,,0,0,0,,,,,,0,0,0,,,,,,2018-04-02,,,,0.0,
12493390,2018,14,52,5,0,150107A201,150101,0,0,10,,,,,,0,0,0,,,,,,0,0,0,,,,,,0,0,0,,,,,,0,0,0,,,,,,0,0,0,,,,,,2018-04-09,,,1.0,0.0,
12512416,2018,15,52,5,0,150107A201,150107,0,1,2,,,,,,0,0,0,,,,,,0,0,0,,,,,,0,0,0,,,,,,0,0,0,,,,,,0,0,0,,,,,,2018-04-16,,,1.0,0.0,
12512428,2018,15,52,5,0,150107A201,150118,0,0,2,,,,,,0,0,0,,,,,,0,0,0,,,,,,0,0,0,,,,,,0,0,0,,,,,,0,0,0,,,,,,2018-04-16,1.0,0.0,1.0,0.0,
12512437,2018,15,52,5,0,150107A201,150103,0,0,1,,,,,,0,0,0,,,,,,0,0,0,,,,,,0,0,0,,,,,,0,0,0,,,,,,0,0,0,,,,,,2018-04-16,1.0,0.0,1.0,0.0,
12520942,2018,16,52,5,0,150107A201,150107,1,0,5,,,,,,0,0,0,,,,,,0,0,0,,,,,,0,0,0,,,,,,0,0,0,,,,,,0,0,0,,,,,,2018-04-23,,,1.0,0.0,
12521074,2018,16,52,5,0,150107A201,150118,0,0,2,,,,,,0,0,0,,,,,,0,0,0,,,,,,0,0,0,,,,,,0,0,0,,,,,,0,0,0,,,,,,2018-04-23,,,,0.0,
12540205,2018,17,52,5,0,150107A201,150107,0,1,3,,,,,,0,0,0,,,,,,0,0,0,,,,,,0,0,0,,,,,,0,0,0,,,,,,0,0,0,,,,,,2018-04-30,,,1.0,0.0,
12540214,2018,17,52,5,0,150107A201,150103,0,1,3,,,,,,0,0,0,,,,,,0,0,0,,,,,,0,0,0,,,,,,0,0,0,,,,,,0,0,0,,,,,,2018-04-30,,,,0.0,
12549529,2018,18,52,5,0,150107A201,150107,0,1,20,,,,,,0,0,0,,,,,,0,0,0,,,,,,0,0,0,,,,,,0,0,0,,,,,,0,0,0,,,,,,2018-05-07,1.0,0.0,1.0,0.0,
12549550,2018,18,52,5,0,150107A201,150118,0,0,4,,,,,,0,0,0,,,,,,0,0,0,,,,,,0,0,0,,,,,,0,0,0,,,,,,0,0,0,,,,,,2018-05-07,,,1.0,0.0,
12561277,2018,19,52,5,0,150107A201,150107,0,1,3,,,,,,0,0,0,,,,,,0,0,0,,,,,,0,0,0,,,,,,0,0,0,,,,,,0,0,0,,,,,,2018-05-14,1.0,0.0,1.0,0.0,
12561313,2018,19,52,5,0,150107A201,150118,0,1,1,,,,,,0,0,0,,,,,,0,0,0,,,,,,0,0,0,,,,,,0,0,0,,,,,,0,0,0,,,,,,2018-05-14,,,1.0,0.0,
12575566,2018,20,52,5,0,150107A201,150107,0,1,3,,,,,,0,0,0,,,,,,0,0,0,,,,,,0,0,0,,,,,,0,0,0,,,,,,0,0,0,,,,,,2018-05-21,,,1.0,0.0,
12575602,2018,20,52,5,0,150107A201,150118,0,0,2,,,,,,0,0,0,,,,,,0,0,0,,,,,,0,0,0,,,,,,0,0,0,,,,,,0,0,0,,,,,,2018-05-21,,,1.0,0.0,
12590572,2018,21,52,5,0,150107A201,150107,0,0,3,,,,,,0,0,0,,,,,,0,0,0,,,,,,0,0,0,,,,,,0,0,0,,,,,,0,0,0,,,,,,2018-05-28,1.0,0.0,1.0,0.0,
12602143,2018,22,52,5,0,150107A201,150107,0,0,7,,,,,,0,0,0,,,,,,0,0,0,,,,,,0,0,0,,,,,,0,0,0,,,,,,0,0,0,,,,,,2018-06-04,,,1.0,0.0,
12602149,2018,22,52,5,0,150107A201,150118,0,0,3,,,,,,0,0,0,,,,,,0,0,0,,,,,,0,0,0,,,,,,0,0,0,,,,,,0,0,0,,,,,,2018-06-04,1.0,0.0,1.0,0.0,
12619171,2018,23,52,5,0,150107A201,150107,0,1,11,,,,,,0,0,0,,,,,,0,0,0,,,,,,0,0,0,,,,,,0,0,0,,,,,,0,0,0,,,,,,2018-06-11,1.0,0.0,1.0,0.0,
12619174,2018,23,52,5,0,150107A201,150118,0,1,0,,,,,,0,0,0,,,,,,0,0,0,,,,,,0,0,0,,,,,,0,0,0,,,,,,0,0,0,,,,,,2018-06-11,,,1.0,0.0,
12631084,2018,24,52,5,0,150107A201,150107,0,2,4,,,,,,0,0,0,,,,,,0,0,0,,,,,,0,0,0,,,,,,0,0,0,,,,,,0,0,0,,,,,,2018-06-18,1.0,0.0,1.0,0.0,
12642826,2018,25,52,5,0,150107A201,150107,0,1,5,,,,,,0,0,0,,,,,,0,0,0,,,,,,0,0,0,,,,,,0,0,0,,,,,,0,0,0,,,,,,2018-06-25,1.0,,1.0,0.0,
12656953,2018,26,52,5,0,150107A201,150107,0,0,4,,,,,,0,0,0,,,,,,0,0,0,,,,,,0,0,0,,,,,,0,0,0,,,,,,0,0,0,,,,,,2018-07-02,1.0,0.0,1.0,0.0,
12668713,2018,27,52,5,0,150107A201,150107,0,1,6,,,,,,0,0,0,,,,,,0,0,0,,,,,,0,0,0,,,,,,0,0,0,,,,,,0,0,0,,,,,,2018-07-09,1.0,0.0,1.0,0.0,
12668731,2018,27,52,5,0,150107A201,150118,0,0,1,,,,,,0,0,0,,,,,,0,0,0,,,,,,0,0,0,,,,,,0,0,0,,,,,,0,0,0,,,,,,2018-07-09,,,1.0,0.0,
12681277,2018,28,52,5,0,150107A201,150107,0,1,2,,,,,,0,0,0,,,,,,0,0,0,,,,,,0,0,0,,,,,,0,0,0,,,,,,0,0,0,,,,,,2018-07-23,,,,0.0,
12681286,2018,28,52,5,0,150107A201,150118,0,0,3,,,,,,0,0,0,,,,,,0,0,0,,,,,,0,0,0,,,,,,0,0,0,,,,,,0,0,0,,,,,,2018-07-16,1.0,0.0,1.0,0.0,
12698533,2018,29,52,5,0,150107A201,150107,0,0,3,,,,,,0,0,0,,,,,,0,0,0,,,,,,0,0,0,,,,,,0,0,0,,,,,,0,0,0,,,,,,2018-07-23,,,,0.0,
12709087,2018,30,52,5,0,150107A201,150118,0,1,2,,,,,,0,0,0,,,,,,0,0,0,,,,,,0,0,0,,,,,,0,0,0,,,,,,0,0,0,,,,,,2018-07-30,,,1.0,0.0,
12709099,2018,30,52,5,0,150107A201,150107,0,1,3,,,,,,0,0,0,,,,,,0,0,0,,,,,,0,0,0,,,,,,0,0,0,,,,,,0,0,0,,,,,,2018-07-30,,,,0.0,
12720889,2018,31,52,5,0,150107A201,150107,0,3,7,,,,,,0,0,0,,,,,,0,0,0,,,,,,0,0,0,,,,,,0,0,0,,,,,,0,0,0,,,,,,2018-08-06,,,1.0,0.0,
12720898,2018,31,52,5,0,150107A201,150118,0,0,2,,,,,,0,0,0,,,,,,0,0,0,,,,,,0,0,0,,,,,,0,0,0,,,,,,0,0,0,,,,,,2018-08-06,,,,0.0,
12733276,2018,32,52,5,0,150107A201,150118,0,0,4,,,,,,0,0,0,,,,,,0,0,0,,,,,,0,0,0,,,,,,0,0,0,,,,,,0,0,0,,,,,,2018-08-13,1.0,0.0,1.0,0.0,
12746161,2018,33,52,5,0,150107A201,150107,0,1,9,,,,,,0,0,0,,,,,,0,0,0,,,,,,0,0,0,,,,,,0,0,0,,,,,,0,0,0,,,,,,2018-08-20,,,1.0,0.0,
12746170,2018,33,52,5,0,150107A201,150118,0,1,0,,,,,,0,0,0,,,,,,0,0,0,,,,,,0,0,0,,,,,,0,0,0,,,,,,0,0,0,,,,,,2018-08-20,,,1.0,0.0,
12766519,2018,34,52,5,0,150107A201,150107,0,1,5,,,,,,0,0,0,,,,,,0,0,0,,,,,,0,0,0,,,,,,0,0,0,,,,,,0,0,0,,,,,,2018-08-27,,,1.0,0.0,
12773728,2018,35,52,5,0,150107A201,150107,0,0,5,,,,,,0,0,0,,,,,,0,0,0,,,,,,0,0,0,,,,,,0,0,0,,,,,,0,0,0,,,,,,2018-09-03,,,1.0,0.0,
12773737,2018,35,52,5,0,150107A201,150118,0,0,3,,,,,,0,0,0,,,,,,0,0,0,,,,,,0,0,0,,,,,,0,0,0,,,,,,0,0,0,,,,,,2018-09-03,,,1.0,0.0,
12790114,2018,36,52,5,0,150107A201,150107,0,2,10,,,,,,0,0,0,,,,,,0,0,0,,,,,,0,0,0,,,,,,0,0,0,,,,,,0,0,0,,,,,,2018-09-10,,,1.0,0.0,
12790129,2018,36,52,5,0,150107A201,150118,0,0,1,,,,,,0,0,0,,,,,,0,0,0,,,,,,0,0,0,,,,,,0,0,0,,,,,,0,0,0,,,,,,2018-09-10,,,,0.0,
12803677,2018,37,52,5,0,150107A201,150107,0,0,5,,,,,,0,0,0,,,,,,0,0,0,,,,,,0,0,0,,,,,,0,0,0,,,,,,0,0,0,,,,,,2018-09-17,1.0,0.0,1.0,0.0,
12817771,2018,38,52,5,0,150107A201,150106,1,4,10,,,,,,0,0,0,,,,,,0,0,0,,,,,,0,0,0,,,,,,0,0,0,,,,,,0,0,0,,,,,,2018-09-24,,,1.0,0.0,
12830767,2018,39,52,5,0,150107A201,150107,0,2,5,,,,,,0,0,0,,,,,,0,0,0,,,,,,0,0,0,,,,,,0,0,0,,,,,,0,0,0,,,,,,2018-10-01,,,1.0,0.0,
12830779,2018,39,52,5,0,150107A201,150118,0,0,4,,,,,,0,0,0,,,,,,0,0,0,,,,,,0,0,0,,,,,,0,0,0,,,,,,0,0,0,,,,,,2018-10-01,,,,0.0,
12850489,2018,40,52,5,0,150107A201,150107,0,3,6,,,,,,0,0,0,,,,,,0,0,0,,,,,,0,0,0,,,,,,0,0,0,,,,,,0,0,0,,,,,,2018-10-09,1.0,0.0,1.0,0.0,
12850501,2018,40,52,5,0,150107A201,150118,0,1,2,,,,,,0,0,0,,,,,,0,0,0,,,,,,0,0,0,,,,,,0,0,0,,,,,,0,0,0,,,,,,2018-10-09,,,1.0,0.0,
12863398,2018,41,52,5,0,150107A201,150107,2,2,12,,,,,,0,0,0,,,,,,0,0,0,,,,,,0,0,0,,,,,,0,0,0,,,,,,0,0,0,,,,,,2018-10-15,1.0,0.0,1.0,0.0,
12872173,2018,42,52,5,0,150107A201,150107,0,1,5,,,,,,0,0,0,,,,,,0,0,0,,,,,,0,0,0,,,,,,0,0,0,,,,,,0,0,0,,,,,,2018-10-22,,,1.0,0.0,
12872188,2018,42,52,5,0,150107A201,150118,0,1,0,,,,,,0,0,0,,,,,,0,0,0,,,,,,0,0,0,,,,,,0,0,0,,,,,,0,0,0,,,,,,2018-10-22,,,,0.0,
12889384,2018,43,52,5,0,150107A201,150107,2,1,15,,,,,,0,0,0,,,,,,0,0,0,,,,,,0,0,0,,,,,,0,0,0,,,,,,0,0,0,,,,,,2018-10-29,1.0,0.0,1.0,0.0,
12889402,2018,43,52,5,0,150107A201,150118,0,1,2,,,,,,0,0,0,,,,,,0,0,0,,,,,,0,0,0,,,,,,0,0,0,,,,,,0,0,0,,,,,,2018-10-29,1.0,0.0,1.0,0.0,
12905158,2018,44,52,5,0,150107A201,150108,1,0,13,,,,,,0,0,0,,,,,,0,0,0,,,,,,0,0,0,,,,,,0,0,0,,,,,,0,0,0,,,,,,2018-11-05,,,,0.0,
12905173,2018,44,52,5,0,150107A201,150118,0,0,1,,,,,,0,0,0,,,,,,0,0,0,,,,,,0,0,0,,,,,,0,0,0,,,,,,0,0,0,,,,,,2018-11-05,,,1.0,0.0,
12922327,2018,45,52,5,0,150107A201,150107,0,2,0,,,,,,0,0,0,,,,,,0,0,0,,,,,,0,0,0,,,,,,0,0,0,,,,,,0,0,0,,,,,,2018-11-12,1.0,0.0,1.0,0.0,
12930646,2018,46,52,5,0,150107A201,150101,0,1,5,,,,,,0,0,0,,,,,,0,0,0,,,,,,0,0,0,,,,,,0,0,0,,,,,,0,0,0,,,,,,2018-11-19,,,1.0,0.0,
12944995,2018,47,52,5,0,150107A201,150107,0,0,1,,,,,,0,0,0,,,,,,0,0,0,,,,,,0,0,0,,,,,,0,0,0,,,,,,0,0,0,,,,,,2018-11-26,,,1.0,0.0,
12945007,2018,47,52,5,0,150107A201,150101,0,0,3,,,,,,0,0,0,,,,,,0,0,0,,,,,,0,0,0,,,,,,0,0,0,,,,,,0,0,0,,,,,,2018-11-26,,,,0.0,
12958933,2018,48,52,5,0,150107A201,150107,0,1,4,,,,,,0,0,0,,,,,,0,0,0,,,,,,0,0,0,,,,,,0,0,0,,,,,,0,0,0,,,,,,2018-12-03,1.0,0.0,1.0,0.0,
12975019,2018,49,52,5,0,150107A201,150107,5,3,0,,,,,,0,0,0,,,,,,0,0,0,,,,,,0,0,0,,,,,,0,0,0,,,,,,0,0,0,,,,,,2018-12-10,1.0,0.0,1.0,0.0,
12986638,2018,50,52,5,0,150107A201,150107,0,2,3,,,,,,0,0,0,,,,,,0,0,0,,,,,,0,0,0,,,,,,0,0,0,,,,,,0,0,0,,,,,,2018-12-17,1.0,0.0,,0.0,
13008520,2018,51,52,5,0,150107A201,150107,0,2,6,,,,,,0,0,0,,,,,,0,0,0,,,,,,0,0,0,,,,,,0,0,0,,,,,,0,0,0,,,,,,2018-12-26,1.0,0.0,1.0,0.0,
13015765,2018,52,52,5,0,150107A201,150107,3,0,11,,,,,,0,0,0,,,,,,0,0,0,,,,,,0,0,0,,,,,,0,0,0,,,,,,0,0,0,,,,,,2018-12-31,,,1.0,0.0,
13039195,2019,1,52,5,0,150107A201,150107,0,0,6,,,,,,0,0,0,,,,,,0,0,0,,,,,,0,0,0,,,,,,0,0,0,,,,,,0,0,0,,,,,,2019-01-07,1.0,0.0,1.0,0.0,9764543.0
13052218,2019,2,52,5,0,150107A201,150107,1,3,3,,,,,,0,0,0,,,,,,0,0,0,,,,,,0,0,0,,,,,,0,0,0,,,,,,0,0,0,,,,,,2019-01-14,1.0,0.0,1.0,0.0,9764543.0
13066765,2019,3,52,5,0,150107A201,150107,0,4,2,,,,,,0,0,0,,,,,,0,0,0,,,,,,0,0,0,,,,,,0,0,0,,,,,,0,0,0,,,,,,2019-01-21,1.0,0.0,1.0,0.0,9764543.0
13081045,2019,4,52,5,0,150107A201,150107,0,0,3,,,,,,0,0,0,,,,,,0,0,0,,,,,,0,0,0,,,,,,0,0,0,,,,,,0,0,0,,,,,,2019-01-28,,,1.0,0.0,9764543.0
13097335,2019,5,52,5,0,150107A201,150107,0,0,22,,,,,,0,0,0,,,,,,0,0,0,,,,,,0,0,0,,,,,,0,0,0,,,,,,0,0,0,,,,,,2019-02-04,,,,0.0,9764543.0
13112095,2019,6,52,5,0,150107A201,150107,0,0,4,,,,,,0,0,0,,,,,,0,0,0,,,,,,0,0,0,,,,,,0,0,0,,,,,,0,0,0,,,,,,2019-02-11,1.0,0.0,1.0,0.0,9764543.0
13112104,2019,6,52,5,0,150107A201,150103,0,0,1,,,,,,0,0,0,,,,,,0,0,0,,,,,,0,0,0,,,,,,0,0,0,,,,,,0,0,0,,,,,,2019-02-11,,,1.0,0.0,9764543.0
13124437,2019,7,52,5,0,150107A201,150107,1,0,8,,,,,,0,0,0,,,,,,0,0,0,,,,,,0,0,0,,,,,,0,0,0,,,,,,0,0,0,,,,,,2019-02-18,1.0,0.0,1.0,0.0,9764543.0
13141741,2019,8,52,5,0,150107A201,150107,1,0,4,,,,,,0,0,0,,,,,,0,0,0,,,,,,0,0,0,,,,,,0,0,0,,,,,,0,0,0,,,,,,2019-02-25,1.0,0.0,1.0,0.0,9764543.0
13151089,2019,9,52,5,0,150107A201,150107,0,0,16,,,,,,0,0,0,,,,,,0,0,0,,,,,,0,0,0,,,,,,0,0,0,,,,,,0,0,0,,,,,,2019-03-04,,,1.0,0.0,9764543.0
13165726,2019,10,52,5,0,150107A201,150107,1,0,8,,,,,,0,0,0,,,,,,0,0,0,,,,,,0,0,0,,,,,,0,0,0,,,,,,0,0,0,,,,,,2019-03-11,,,,0.0,9764543.0
13181743,2019,11,52,5,0,150107A201,150107,1,1,2,,,,,,0,0,0,,,,,,0,0,0,,,,,,0,0,0,,,,,,0,0,0,,,,,,0,0,0,,,,,,2019-03-18,,,,0.0,9764543.0
13181761,2019,11,52,5,0,150107A201,150103,0,0,1,,,,,,0,0,0,,,,,,0,0,0,,,,,,0,0,0,,,,,,0,0,0,,,,,,0,0,0,,,,,,2019-03-18,1.0,0.0,1.0,0.0,9764543.0
13195030,2019,12,52,5,0,150107A201,150107,0,0,2,,,,,,0,0,0,,,,,,0,0,0,,,,,,0,0,0,,,,,,0,0,0,,,,,,0,0,0,,,,,,2019-03-25,,,1.0,0.0,9764543.0
13208488,2019,13,52,5,0,150107A201,150107,0,0,8,,,,,,0,0,0,,,,,,0,0,0,,,,,,0,0,0,,,,,,0,0,0,,,,,,0,0,0,,,,,,2019-04-01,,,,0.0,9764543.0
13242937,2019,15,52,5,0,150107A201,150107,0,8,0,,,,,,0,0,0,,,,,,0,0,0,,,,,,0,0,0,,,,,,0,0,0,,,,,,0,0,0,,,,,,2019-04-15,1.0,0.0,1.0,0.0,9764543.0
13251619,2019,16,52,5,0,150107A201,150118,0,1,1,,,,,,0,0,0,,,,,,0,0,0,,,,,,0,0,0,,,,,,0,0,0,,,,,,0,0,0,,,,,,2019-04-22,1.0,0.0,1.0,0.0,9764543.0
13265125,2019,17,52,5,0,150107A201,150107,0,0,1,,,,,,0,0,0,,,,,,0,0,0,,,,,,0,0,0,,,,,,0,0,0,,,,,,0,0,0,,,,,,2019-04-29,1.0,0.0,1.0,0.0,9764543.0
13281598,2019,18,52,5,0,150107A201,150107,0,0,6,,,,,,0,0,0,,,,,,0,0,0,,,,,,0,0,0,,,,,,0,0,0,,,,,,0,0,0,,,,,,2019-05-06,,,1.0,0.0,9764543.0
13289917,2019,19,52,5,0,150107A201,150107,0,0,6,,,,,,0,0,0,,,,,,0,0,0,,,,,,0,0,0,,,,,,0,0,0,,,,,,0,0,0,,,,,,2019-05-13,1.0,0.0,1.0,0.0,9764543.0
13305070,2019,20,52,5,0,150107A201,150107,0,0,3,,,,,,0,0,0,,,,,,0,0,0,,,,,,0,0,0,,,,,,0,0,0,,,,,,0,0,0,,,,,,2019-05-20,1.0,0.0,1.0,0.0,9764543.0
13318531,2019,21,52,5,0,150107A201,150107,1,0,1,,,,,,0,0,0,,,,,,0,0,0,,,,,,0,0,0,,,,,,0,0,0,,,,,,0,0,0,,,,,,2019-05-27,,,,0.0,9764543.0
13331860,2019,22,52,5,0,150107A201,150107,0,0,4,,,,,,0,0,0,,,,,,0,0,0,,,,,,0,0,0,,,,,,0,0,0,,,,,,0,0,0,,,,,,2019-06-03,1.0,0.0,1.0,0.0,9764543.0
13343653,2019,23,52,5,0,150107A201,150107,0,1,2,,,,,,0,0,0,,,,,,0,0,0,,,,,,0,0,0,,,,,,0,0,0,,,,,,0,0,0,,,,,,2019-06-10,1.0,0.0,1.0,0.0,9764543.0
13357255,2019,24,52,5,0,150107A201,150107,0,1,0,,,,,,0,0,0,,,,,,0,0,0,,,,,,0,0,0,,,,,,0,0,0,,,,,,0,0,0,,,,,,2019-06-17,,,,0.0,9764543.0
13386358,2019,26,52,5,0,150107A201,150107,0,2,3,,,,,,0,0,0,,,,,,0,0,0,,,,,,0,0,0,,,,,,0,0,0,,,,,,0,0,0,,,,,,2019-07-01,,,1.0,0.0,9764543.0
13398400,2019,27,52,5,0,150107A201,150107,2,3,4,,,,,,0,0,0,,,,,,0,0,0,,,,,,0,0,0,,,,,,0,0,0,,,,,,0,0,0,,,,,,2019-07-08,1.0,0.0,1.0,0.0,9764543.0
13398415,2019,27,52,5,0,150107A201,150118,0,0,1,,,,,,0,0,0,,,,,,0,0,0,,,,,,0,0,0,,,,,,0,0,0,,,,,,0,0,0,,,,,,2019-07-08,,,1.0,0.0,9764543.0
13412488,2019,28,52,5,0,150107A201,150107,1,1,5,,,,,,0,0,0,,,,,,0,0,0,,,,,,0,0,0,,,,,,0,0,0,,,,,,0,0,0,,,,,,2019-07-15,1.0,0.0,1.0,0.0,9764543.0
13428910,2019,29,52,5,0,150107A201,150107,0,0,2,,,,,,0,0,0,,,,,,0,0,0,,,,,,0,0,0,,,,,,0,0,0,,,,,,0,0,0,,,,,,2019-07-22,1.0,,,0.0,9764543.0
13441699,2019,30,52,5,0,150107A201,150107,0,1,1,,,,,,0,0,0,,,,,,0,0,0,,,,,,0,0,0,,,,,,0,0,0,,,,,,0,0,0,,,,,,2019-07-30,1.0,0.0,2.0,0.0,9764543.0
13451377,2019,31,52,5,0,150107A201,150107,1,5,5,,,,,,0,0,0,,,,,,0,0,0,,,,,,0,0,0,,,,,,0,0,0,,,,,,0,0,0,,,,,,2019-08-05,1.0,0.0,1.0,0.0,9764543.0
13467520,2019,32,52,5,0,150107A201,150107,1,2,4,,,,,,0,0,0,,,,,,0,0,0,,,,,,0,0,0,,,,,,0,0,0,,,,,,0,0,0,,,,,,2019-08-12,1.0,0.0,1.0,0.0,9764543.0
13467532,2019,32,52,5,0,150107A201,150118,1,0,0,,,,,,0,0,0,,,,,,0,0,0,,,,,,0,0,0,,,,,,0,0,0,,,,,,0,0,0,,,,,,2019-08-12,1.0,0.0,1.0,0.0,9764543.0
13475710,2019,33,52,5,0,150107A201,150101,1,0,9,,,,,,0,0,0,,,,,,0,0,0,,,,,,0,0,0,,,,,,0,0,0,,,,,,0,0,0,,,,,,2019-08-19,1.0,0.0,1.0,0.0,9764543.0
13492036,2019,34,52,5,0,150107A201,150107,0,0,3,,,,,,0,0,0,,,,,,0,0,0,,,,,,0,0,0,,,,,,0,0,0,,,,,,0,0,0,,,,,,2019-08-26,,,1.0,0.0,9764543.0
13504750,2019,35,52,5,0,150107A201,150107,1,1,8,,,,,,0,0,0,,,,,,0,0,0,,,,,,0,0,0,,,,,,0,0,0,,,,,,0,0,0,,,,,,2019-09-02,1.0,0.0,1.0,0.0,9764543.0
13534600,2019,36,52,5,0,150107A201,150107,0,3,19,,,,,,0,0,0,,,,,,0,0,0,,,,,,0,0,0,,,,,,0,0,0,,,,,,0,0,0,,,,,,2019-09-17,,,1.0,0.0,40610299.0
13534585,2019,37,52,5,0,150107A201,150107,0,1,4,,,,,,0,0,0,,,,,,0,0,0,,,,,,0,0,0,,,,,,0,0,0,,,,,,0,0,0,,,,,,2019-09-16,1.0,0.0,1.0,0.0,9764543.0
13548364,2019,38,52,5,0,150107A201,150107,0,2,3,,,,,,0,0,0,,,,,,0,0,0,,,,,,0,0,0,,,,,,0,0,0,,,,,,0,0,0,,,,,,2019-09-23,,,1.0,0.0,9764543.0
13563670,2019,39,52,5,0,150107A201,150107,0,2,19,,,,,,0,0,0,,,,,,0,0,0,,,,,,0,0,0,,,,,,0,0,0,,,,,,0,0,0,,,,,,2019-09-30,,,1.0,0.0,9764543.0
13593697,2019,41,52,5,0,150107A201,150107,2,2,4,,,,,,0,0,0,,,,,,0,0,0,,,,,,0,0,0,,,,,,0,0,0,,,,,,0,0,0,,,,,,2019-10-14,1.0,0.0,1.0,0.0,9764543.0
13609144,2019,42,52,5,0,150107A201,150107,0,0,4,,,,,,0,0,0,,,,,,0,0,0,,,,,,0,0,0,,,,,,0,0,0,,,,,,0,0,0,,,,,,2019-10-21,,,1.0,0.0,9764543.0
13621912,2019,43,52,5,0,150107A201,150107,0,0,5,,,,,,0,0,0,,,,,,0,0,0,,,,,,0,0,0,,,,,,0,0,0,,,,,,0,0,0,,,,,,2019-10-28,,,1.0,0.0,9764543.0
13639720,2019,44,52,5,0,150107A201,150107,0,0,19,,,,,,0,0,0,,,,,,0,0,0,,,,,,0,0,0,,,,,,0,0,0,,,,,,0,0,0,,,,,,2019-11-04,1.0,0.0,1.0,0.0,9764543.0
13650748,2019,45,52,5,0,150107A201,150107,0,0,3,,,,,,0,0,0,,,,,,0,0,0,,,,,,0,0,0,,,,,,0,0,0,,,,,,0,0,0,,,,,,2019-11-11,1.0,0.0,1.0,0.0,9764543.0
13668430,2019,46,52,5,0,150107A201,150107,0,1,13,,,,,,0,0,0,,,,,,0,0,0,,,,,,0,0,0,,,,,,0,0,0,,,,,,0,0,0,,,,,,2019-11-18,1.0,0.0,1.0,0.0,9764543.0
13682491,2019,47,52,5,0,150107A201,150107,1,0,7,,,,,,0,0,0,,,,,,0,0,0,,,,,,0,0,0,,,,,,0,0,0,,,,,,0,0,0,,,,,,2019-11-25,1.0,0.0,1.0,0.0,9764543.0
13699732,2019,48,52,5,0,150107A201,150107,0,0,11,,,,,,0,0,0,,,,,,0,0,0,,,,,,0,0,0,,,,,,0,0,0,,,,,,0,0,0,,,,,,2019-12-02,1.0,0.0,1.0,0.0,9764543.0
13713292,2019,49,52,5,0,150107A201,150107,0,1,2,,,,,,0,0,0,,,,,,0,0,0,,,,,,0,0,0,,,,,,0,0,0,,,,,,0,0,0,,,,,,2019-12-09,,,1.0,0.0,9764543.0
13726561,2019,50,52,5,0,150107A201,150107,0,1,5,,,,,,0,0,0,,,,,,0,0,0,,,,,,0,0,0,,,,,,0,0,0,,,,,,0,0,0,,,,,,2019-12-16,1.0,0.0,1.0,0.0,9764543.0
13739749,2019,51,52,5,0,150107A201,150107,0,0,2,,,,,,0,0,0,,,,,,0,0,0,,,,,,0,0,0,,,,,,0,0,0,,,,,,0,0,0,,,,,,2019-12-23,,,1.0,0.0,9764543.0
13756486,2019,52,52,5,0,150107A201,150107,0,0,3,,,,,,0,0,0,,,,,,0,0,0,,,,,,0,0,0,,,,,,0,0,0,,,,,,0,0,0,,,,,,2019-12-30,,,1.0,0.0,9764543.0
13781491,2020,1,52,5,0,150107A201,150107,0,0,11,,,,,,0,0,0,,,,,,0,0,0,,,,,,0,0,0,,,,,,0,0,0,,,,,,0,0,0,,,,,,2020-01-06,1.0,0.0,1.0,0.0,
13793584,2020,2,52,5,0,150107A201,150107,0,0,10,,,,,,0,0,0,,,,,,0,0,0,,,,,,0,0,0,,,,,,0,0,0,,,,,,0,0,0,,,,,,2020-01-13,1.0,0.0,1.0,0.0,
13808029,2020,3,52,5,0,150107A201,150107,0,2,9,,,,,,0,0,0,,,,,,0,0,0,,,,,,0,0,0,,,,,,0,0,0,,,,,,0,0,0,,,,,,2020-01-20,1.0,0.0,1.0,0.0,
13828246,2020,4,52,5,0,150107A201,150107,1,0,5,,,,,,0,0,0,,,,,,0,0,0,,,,,,0,0,0,,,,,,0,0,0,,,,,,0,0,0,,,,,,2020-01-27,1.0,0.0,1.0,0.0,
13838188,2020,5,52,5,0,150107A201,150107,0,2,8,,,,,,0,0,0,,,,,,0,0,0,,,,,,0,0,0,,,,,,0,0,0,,,,,,0,0,0,,,,,,2020-02-03,,,1.0,0.0,
13849633,2020,6,52,5,0,150107A201,150107,0,0,7,,,,,,0,0,0,,,,,,0,0,0,,,,,,0,0,0,,,,,,0,0,0,,,,,,0,0,0,,,,,,2020-02-10,,,1.0,0.0,
13865494,2020,7,52,5,0,150107A201,150107,0,1,4,,,,,,0,0,0,,,,,,0,0,0,,,,,,0,0,0,,,,,,0,0,0,,,,,,0,0,0,,,,,,2020-02-17,,,1.0,0.0,
13880059,2020,8,52,5,0,150107A201,150107,0,0,8,,,,,,0,0,0,,,,,,0,0,0,,,,,,0,0,0,,,,,,0,0,0,,,,,,0,0,0,,,,,,2020-02-24,,,1.0,0.0,
13893535,2020,9,52,5,0,150107A201,150107,0,3,7,,,,,,0,0,0,,,,,,0,0,0,,,,,,0,0,0,,,,,,0,0,0,,,,,,0,0,0,,,,,,2020-03-02,,,1.0,0.0,
13908352,2020,10,52,5,0,150107A201,150107,1,2,11,,,,,,0,0,0,,,,,,0,0,0,,,,,,0,0,0,,,,,,0,0,0,,,,,,0,0,0,,,,,,2020-03-09,,,1.0,0.0,
13921807,2020,11,52,5,0,150107A201,150107,1,11,0,,,,,,0,0,0,,,,,,0,0,0,,,,,,0,0,0,,,,,,0,0,0,,,,,,0,0,0,,,,,,2020-03-16,,,1.0,0.0,
13945810,2020,13,52,5,0,150107A201,150107,0,1,1,,,,,,0,0,0,,,,,,0,0,0,,,,,,0,0,0,,,,,,0,0,0,,,,,,0,0,0,,,,,,2020-03-30,1.0,0.0,,0.0,
13953694,2020,14,52,5,0,150107A201,150107,0,0,1,,,,,,0,0,0,,,,,,0,0,0,,,,,,0,0,0,,,,,,0,0,0,,,,,,0,0,0,,,,,,2020-04-06,1.0,0.0,1.0,0.0,
13962247,2020,15,52,5,0,150107A201,150107,0,0,2,,,,,,0,0,0,,,,,,0,0,0,,,,,,0,0,0,,,,,,0,0,0,,,,,,0,0,0,,,,,,2020-04-14,1.0,,1.0,0.0,
13964725,2020,16,52,5,0,150107A201,150107,0,1,2,,,,,,0,0,0,,,,,,0,0,0,,,,,,0,0,0,,,,,,0,0,0,,,,,,0,0,0,,,,,,2020-04-20,1.0,0.0,1.0,0.0,
13971868,2020,17,52,5,0,150107A201,150107,0,0,3,,,,,,0,0,0,,,,,,0,0,0,,,,,,0,0,0,,,,,,0,0,0,,,,,,0,0,0,,,,,,2020-04-27,1.0,0.0,1.0,0.0,
13977091,2020,18,52,5,0,150107A201,150107,0,0,21,,,,,,0,0,0,,,,,,0,0,0,,,,,,0,0,0,,,,,,0,0,0,,,,,,0,0,0,,,,,,2020-05-04,1.0,0.0,1.0,0.0,
13982521,2020,19,52,5,0,150107A201,150107,3,0,1,,,,,,0,0,0,,,,,,0,0,0,,,,,,0,0,0,,,,,,0,0,0,,,,,,0,0,0,,,,,,2020-05-11,1.0,0.0,1.0,0.0,
13988056,2020,20,52,5,0,150107A201,150107,0,0,3,,,,,,0,0,0,,,,,,0,0,0,,,,,,0,0,0,,,,,,0,0,0,,,,,,0,0,0,,,,,,2020-05-18,1.0,0.0,2.0,0.0,
13993600,2020,21,52,5,0,150107A201,150107,0,0,3,,,,,,0,0,0,,,,,,0,0,0,,,,,,0,0,0,,,,,,0,0,0,,,,,,0,0,0,,,,,,2020-05-25,1.0,0.0,1.0,0.0,
13999360,2020,22,52,5,0,150107A201,150107,0,1,0,,,,,,0,0,0,,,,,,0,0,0,,,,,,0,0,0,,,,,,0,0,0,,,,,,0,0,0,,,,,,2020-06-01,1.0,0.0,1.0,0.0,
14005645,2020,23,52,5,0,150107A201,150107,0,0,1,,,,,,0,0,0,,,,,,0,0,0,,,,,,0,0,0,,,,,,0,0,0,,,,,,0,0,0,,,,,,2020-06-08,,,1.0,0.0,
14011678,2020,24,52,5,0,150107A201,150107,0,2,1,,,,,,0,0,0,,,,,,0,0,0,,,,,,0,0,0,,,,,,0,0,0,,,,,,0,0,0,,,,,,2020-06-15,1.0,0.0,1.0,0.0,
14042326,2020,29,52,5,0,150107A201,150107,0,0,1,,,,,,0,0,0,,,,,,0,0,0,,,,,,0,0,0,,,,,,0,0,0,,,,,,0,0,0,,,,,,2020-07-20,1.0,0.0,1.0,0.0,
14050642,2020,30,52,5,0,150107A201,150107,0,0,0,,,,,,0,0,0,,,,,,0,0,0,,,,,,0,0,5,,,,,,0,0,0,,,,,,0,0,0,,,,,,2020-07-29,1.0,0.0,1.0,0.0,
14054848,2020,31,52,5,0,150107A201,150107,0,1,2,,,,,,0,0,0,,,,,,0,0,0,,,,,,0,0,0,,,,,,0,0,0,,,,,,0,0,0,,,,,,2020-08-03,1.0,,1.0,0.0,
14061769,2020,32,52,5,0,150107A201,150107,0,0,1,,,,,,0,0,0,,,,,,0,0,0,,,,,,0,0,0,,,,,,0,0,0,,,,,,0,0,0,,,,,,2020-08-10,1.0,0.0,1.0,0.0,
14066698,2020,33,52,5,0,150107A201,150107,0,0,1,,,,,,0,0,0,,,,,,0,0,0,,,,,,0,0,0,,,,,,0,0,0,,,,,,0,0,0,,,,,,2020-08-17,1.0,0.0,1.0,0.0,
14075584,2020,34,52,5,0,150107A201,150107,0,0,1,,,,,,0,0,0,,,,,,0,0,0,,,,,,0,0,0,,,,,,0,0,0,,,,,,0,0,0,,,,,,2020-08-24,,,1.0,0.0,
14082598,2020,35,52,5,0,150107A201,150107,0,0,3,,,,,,0,0,0,,,,,,0,0,0,,,,,,0,0,0,,,,,,0,0,0,,,,,,0,0,0,,,,,,2020-08-31,,,1.0,0.0,
14115796,2020,39,52,5,0,150107A201,150107,0,1,2,,,,,,0,0,0,,,,,,0,0,0,,,,,,0,0,0,,,,,,0,0,0,,,,,,0,0,0,,,,,,2020-09-28,1.0,0.0,1.0,0.0,
14122627,2020,40,52,5,0,150107A201,150107,0,0,4,,,,,,0,0,0,,,,,,0,0,0,,,,,,0,0,0,,,,,,0,0,0,,,,,,0,0,0,,,,,,2020-10-05,1.0,0.0,1.0,0.0,
14132704,2020,41,52,5,0,150107A201,150107,8,0,1,,,,,,0,0,0,,,,,,0,0,0,,,,,,0,0,0,,,,,,0,0,0,,,,,,0,0,0,,,,,,2020-10-12,,,,0.0,
14141839,2020,42,52,5,0,150107A201,150107,0,2,2,,,,,,0,0,0,,,,,,0,0,0,,,,,,0,0,0,,,,,,0,0,0,,,,,,0,0,0,,,,,,2020-10-19,1.0,0.0,1.0,0.0,
14152756,2020,43,52,5,0,150107A201,150107,0,0,4,,,,,,0,0,0,,,,,,0,0,0,,,,,,0,0,0,,,,,,0,0,0,,,,,,0,0,0,,,,,,2020-10-26,1.0,,1.0,0.0,
14158999,2020,44,52,5,0,150107A201,150107,0,0,2,,,,,,0,0,0,,,,,,0,0,0,,,,,,0,0,0,,,,,,0,0,0,,,,,,0,0,0,,,,,,2020-11-02,1.0,0.0,1.0,0.0,
14171995,2020,45,52,5,0,150107A201,150107,0,0,2,,,,,,0,0,0,,,,,,0,0,0,,,,,,0,0,0,,,,,,0,0,0,,,,,,0,0,0,,,,,,2020-11-09,1.0,0.0,1.0,0.0,
14179456,2020,46,52,5,0,150107A201,150107,0,0,3,,,,,,0,0,0,,,,,,0,0,0,,,,,,0,0,0,,,,,,0,0,0,,,,,,0,0,0,,,,,,2020-11-16,1.0,,1.0,0.0,
14189092,2020,47,52,5,0,150107A201,150107,0,0,1,,,,,,0,0,0,,,,,,0,0,0,,,,,,0,0,0,,,,,,0,0,0,,,,,,0,0,0,,,,,,2020-11-23,1.0,0.0,1.0,0.0,
14201530,2020,48,52,5,0,150107A201,150107,0,1,3,,,,,,0,0,0,,,,,,0,0,0,,,,,,0,0,0,,,,,,0,0,0,,,,,,0,0,0,,,,,,2020-11-30,1.0,0.0,1.0,0.0,
14211559,2020,49,52,5,0,150107A201,150107,0,0,1,,,,,,0,0,0,,,,,,0,0,0,,,,,,0,0,0,,,,,,0,0,0,,,,,,0,0,0,,,,,,2020-12-07,1.0,0.0,1.0,0.0,
14222626,2020,50,52,5,0,150107A201,150107,0,1,1,,,,,,0,0,0,,,,,,0,0,0,,,,,,0,0,0,,,,,,0,0,0,,,,,,0,0,0,,,,,,2020-12-14,1.0,0.0,1.0,0.0,
14232724,2020,51,52,5,0,150107A201,150107,0,0,4,,,,,,0,0,0,,,,,,0,0,0,,,,,,0,0,0,,,,,,0,0,0,,,,,,0,0,0,,,,,,2020-12-21,1.0,0.0,1.0,0.0,
14244508,2020,52,52,5,0,150107A201,150107,0,0,7,,,,,,0,0,0,,,,,,0,0,0,,,,,,0,0,0,,,,,,0,0,0,,,,,,0,0,0,,,,,,2020-12-28,1.0,0.0,1.0,0.0,
14276722,2021,1,52,5,0,150107A201,150118,0,0,6,,,,,,0,0,0,,,,,,0,0,0,,,,,,0,0,0,,,,,,0,0,0,,,,,,0,0,0,,,,,,2021-01-11,1.0,0.0,1.0,0.0,
14289724,2021,2,52,5,0,150107A201,150107,0,3,6,,,,,,0,0,0,,,,,,0,0,0,,,,,,0,0,0,,,,,,0,0,0,,,,,,0,0,0,,,,,,2021-01-18,1.0,0.0,1.0,0.0,
14297512,2021,3,52,5,0,150107A201,150107,0,0,3,,,,,,0,0,0,,,,,,0,0,0,,,,,,0,0,0,,,,,,0,0,0,,,,,,0,0,0,,,,,,2021-01-25,1.0,0.0,1.0,0.0,
14315377,2021,4,52,5,0,150107A201,150107,1,2,1,,,,,,0,0,0,,,,,,0,0,0,,,,,,0,0,0,,,,,,0,0,0,,,,,,0,0,0,,,,,,2021-02-02,,,1.0,0.0,
14318839,2021,5,52,5,0,150107A201,150107,0,2,4,,,,,,0,0,0,,,,,,0,0,0,,,,,,0,0,0,,,,,,0,0,0,,,,,,0,0,0,,,,,,2021-02-08,1.0,0.0,,0.0,
14336806,2021,6,52,5,0,150107A201,150107,0,0,1,,,,,,0,0,0,,,,,,0,0,0,,,,,,0,0,0,,,,,,0,0,0,,,,,,0,0,0,,,,,,2021-02-16,1.0,0.0,1.0,0.0,
14340172,2021,7,52,5,0,150107A201,150107,0,1,2,,,,,,0,0,0,,,,,,0,0,0,,,,,,0,0,0,,,,,,0,0,0,,,,,,0,0,0,,,,,,2021-02-22,1.0,0.0,,0.0,
14352388,2021,8,52,5,0,150107A201,150107,0,0,3,,,,,,0,0,0,,,,,,0,0,0,,,,,,0,0,0,,,,,,0,0,0,,,,,,0,0,0,,,,,,2021-03-01,1.0,0.0,,0.0,
14369386,2021,9,52,5,0,150107A201,150107,0,0,4,,,,,,0,0,0,,,,,,0,0,0,,,,,,0,0,0,,,,,,0,0,0,,,,,,0,0,0,,,,,,2021-03-12,1.0,0.0,1.0,0.0,
14372299,2021,10,52,5,0,150107A201,150107,0,0,1,,,,,,0,0,0,,,,,,0,0,0,,,,,,0,0,0,,,,,,0,0,0,,,,,,0,0,0,,,,,,2021-03-15,1.0,0.0,1.0,0.0,
14386741,2021,11,52,5,0,150107A201,150107,1,0,3,,,,,,0,0,0,,,,,,0,0,0,,,,,,0,0,0,,,,,,0,0,0,,,,,,0,0,0,,,,,,2021-03-22,1.0,0.0,1.0,0.0,
14396491,2021,12,52,5,0,150107A201,150107,1,0,2,,,,,,0,0,0,,,,,,0,0,0,,,,,,0,0,0,,,,,,0,0,0,,,,,,0,0,0,,,,,,2021-03-29,1.0,0.0,1.0,0.0,
14413450,2021,14,52,5,0,150107A201,150107,0,0,2,,,,,,0,0,0,,,,,,0,0,0,,,,,,0,0,0,,,,,,0,0,0,,,,,,0,0,0,,,,,,2021-04-12,,,1.0,0.0,
14424043,2021,15,52,5,0,150107A201,150107,0,1,1,,,,,,0,0,0,,,,,,0,0,0,,,,,,0,0,0,,,,,,0,0,0,,,,,,0,0,0,,,,,,2021-04-19,1.0,0.0,1.0,0.0,
14436067,2021,16,52,5,0,150107A201,150107,0,0,1,,,,,,0,0,0,,,,,,0,0,0,,,,,,0,0,0,,,,,,0,0,0,,,,,,0,0,0,,,,,,2021-04-26,1.0,0.0,1.0,0.0,
14445802,2021,17,52,5,0,150107A201,150107,0,0,7,,,,,,0,0,0,,,,,,0,0,0,,,,,,0,0,0,,,,,,0,0,0,,,,,,0,0,0,,,,,,2021-05-03,1.0,0.0,1.0,0.0,
14453536,2021,18,52,5,0,150107A201,150107,0,0,3,,,,,,0,0,0,,,,,,0,0,0,,,,,,0,0,0,,,,,,0,0,0,,,,,,0,0,0,,,,,,2021-05-10,1.0,0.0,1.0,0.0,
14467432,2021,19,52,5,0,150107A201,150107,0,0,14,,,,,,0,0,0,,,,,,0,0,0,,,,,,0,0,0,,,,,,0,0,0,,,,,,0,0,0,,,,,,2021-05-17,1.0,0.0,,0.0,
14475244,2021,20,52,5,0,150107A201,150107,0,0,3,,,,,,0,0,0,,,,,,0,0,0,,,,,,0,0,0,,,,,,0,0,0,,,,,,0,0,0,,,,,,2021-05-24,6.0,,1.0,0.0,
14485147,2021,21,52,5,0,150107A201,150107,0,0,2,,,,,,0,0,0,,,,,,0,0,0,,,,,,0,0,0,,,,,,0,0,0,,,,,,0,0,0,,,,,,2021-05-31,1.0,0.0,1.0,0.0,
14493979,2021,22,52,5,0,150107A201,150107,0,0,2,,,,,,0,0,0,,,,,,0,0,0,,,,,,0,0,0,,,,,,0,0,0,,,,,,0,0,0,,,,,,2021-06-07,,,,0.0,
14511244,2021,23,52,5,0,150107A201,150107,0,4,4,,,,,,0,0,0,,,,,,0,0,0,,,,,,0,0,0,,,,,,0,0,0,,,,,,0,0,0,,,,,,2021-06-15,,,1.0,0.0,
14517139,2021,24,52,5,0,150107A201,150107,0,0,2,,,,,,0,0,0,,,,,,0,0,0,,,,,,0,0,0,,,,,,0,0,0,,,,,,0,0,0,,,,,,2021-06-21,1.0,0.0,1.0,0.0,
14528290,2021,25,52,5,0,150107A201,150107,0,1,1,,,,,,0,0,0,,,,,,0,0,0,,,,,,0,0,0,,,,,,0,0,0,,,,,,0,0,0,,,,,,2021-06-28,1.0,0.0,1.0,0.0,
14536804,2021,26,52,5,0,150107A201,150107,0,0,2,,,,,,0,0,0,,,,,,0,0,0,,,,,,0,0,0,,,,,,0,0,0,,,,,,0,0,0,,,,,,2021-07-05,1.0,0.0,1.0,0.0,
14552542,2021,27,52,5,0,150107A201,150107,2,0,9,,,,,,0,0,0,,,,,,0,0,0,,,,,,0,0,0,,,,,,0,0,0,,,,,,0,0,0,,,,,,2021-07-13,1.0,0.0,1.0,0.0,
14567563,2021,29,52,5,0,150107A201,150107,0,1,6,,,,,,0,0,0,,,,,,0,0,0,,,,,,0,0,0,,,,,,0,0,0,,,,,,0,0,0,,,,,,2021-07-26,1.0,0.0,1.0,0.0,
14593909,2021,31,52,5,0,150107A201,150107,1,0,2,,,,,,0,0,0,,,,,,0,0,0,,,,,,0,0,0,,,,,,0,0,0,,,,,,0,0,0,,,,,,2021-08-09,1.0,0.0,1.0,0.0,
14599756,2021,32,52,5,0,150107A201,150107,1,2,5,,,,,,0,0,0,,,,,,0,0,0,,,,,,0,0,0,,,,,,0,0,0,,,,,,0,0,0,,,,,,2021-08-16,1.0,0.0,1.0,0.0,
14631544,2021,34,52,5,0,150107A201,150107,0,2,7,,,,,,0,0,0,,,,,,0,0,0,,,,,,0,0,0,,,,,,0,0,0,,,,,,0,0,0,,,,,,2021-08-31,1.0,0.0,1.0,0.0,
14637163,2021,35,52,5,0,150107A201,150107,0,1,13,,,,,,0,0,0,,,,,,0,0,0,,,,,,0,0,0,,,,,,0,0,0,,,,,,0,0,0,,,,,,2021-09-06,1.0,0.0,1.0,0.0,
14649784,2021,36,52,5,0,150107A201,150107,0,3,6,,,,,,0,0,0,,,,,,0,0,0,,,,,,0,0,0,,,,,,0,0,0,,,,,,0,0,0,,,,,,2021-09-13,1.0,0.0,1.0,0.0,
14659996,2021,37,52,5,0,150107A201,150107,0,1,4,,,,,,0,0,0,,,,,,0,0,0,,,,,,0,0,0,,,,,,0,0,0,,,,,,0,0,0,,,,,,2021-09-20,1.0,0.0,1.0,0.0,
14671783,2021,38,52,5,0,150107A201,150107,0,3,10,,,,,,0,0,0,,,,,,0,0,0,,,,,,0,0,0,,,,,,0,0,0,,,,,,0,0,0,,,,,,2021-09-27,1.0,0.0,1.0,0.0,
14693635,2021,40,52,5,0,150107A201,150107,0,0,4,,,,,,0,0,0,,,,,,0,0,0,,,,,,0,0,0,,,,,,0,0,0,,,,,,0,0,0,,,,,,2021-10-11,,,,0.0,
14706784,2021,41,52,5,0,150107A201,150107,1,2,9,,,,,,0,0,0,,,,,,0,0,0,,,,,,0,0,0,,,,,,0,0,0,,,,,,0,0,0,,,,,,2021-10-18,,,,0.0,
14717740,2021,42,52,5,0,150107A201,150107,0,1,7,,,,,,0,0,0,,,,,,0,0,0,,,,,,0,0,0,,,,,,0,0,0,,,,,,0,0,0,,,,,,2021-10-25,,,,0.0,
14734393,2021,43,52,5,0,150107A201,150107,1,2,9,,,,,,0,0,0,,,,,,0,0,0,,,,,,0,0,0,,,,,,0,0,0,,,,,,0,0,0,,,,,,2021-11-02,1.0,0.0,1.0,0.0,
14744407,2021,44,52,5,0,150107A201,150107,0,1,7,,,,,,0,0,0,,,,,,0,0,0,,,,,,0,0,0,,,,,,0,0,0,,,,,,0,0,0,,,,,,2021-11-08,1.0,,1.0,0.0,
14755879,2021,45,52,5,0,150107A201,150107,0,0,3,,,,,,0,0,0,,,,,,0,0,0,,,,,,0,0,0,,,,,,0,0,0,,,,,,0,0,0,,,,,,2021-11-15,,,,0.0,
14767447,2021,46,52,5,0,150107A201,150107,0,0,7,,,,,,0,0,0,,,,,,0,0,0,,,,,,0,0,0,,,,,,0,0,0,,,,,,0,0,0,,,,,,2021-11-22,1.0,0.0,,0.0,
14782273,2021,47,52,5,0,150107A201,150107,0,1,9,,,,,,0,0,0,,,,,,0,0,0,,,,,,0,0,0,,,,,,0,0,0,,,,,,0,0,0,,,,,,2021-11-29,,,1.0,0.0,
14817919,2021,50,52,5,0,150107A201,150107,0,1,1,,,,,,0,0,0,,,,,,0,0,0,,,,,,0,0,0,,,,,,0,0,0,,,,,,0,0,0,,,,,,2021-12-20,1.0,0.0,1.0,0.0,
14842084,2021,52,52,5,0,150107A201,150107,0,0,2,,,,,,0,0,0,,,,,,0,0,0,,,,,,0,0,0,,,,,,0,0,0,,,,,,0,0,0,,,,,,2022-01-03,1.0,0.0,1.0,0.0,
14849557,2022,1,52,5,0,150107A201,150107,0,0,3,,,,,,0,0,0,,,,,,0,0,0,,,,,,0,0,0,,,,,,0,0,0,,,,,,0,0,0,,,,,,2022-01-10,6.0,0.0,1.0,,9764543.0
14864704,2022,2,52,5,0,150107A201,150107,0,1,2,,,,,,0,0,0,,,,,,0,0,0,,,,,,0,0,0,,,,,,0,0,0,,,,,,0,0,0,,,,,,2022-01-17,1.0,0.0,1.0,0.0,9764543.0
14872045,2022,3,52,5,0,150107A201,150107,0,1,5,,,,,,0,0,0,,,,,,0,0,0,,,,,,0,0,0,,,,,,0,0,0,,,,,,0,0,0,,,,,,2022-01-24,1.0,0.0,1.0,0.0,9764543.0
14890753,2022,4,52,5,0,150107A201,150107,0,0,10,,,,,,0,0,0,,,,,,0,0,0,,,,,,0,0,0,,,,,,0,0,0,,,,,,0,0,0,,,,,,2022-02-03,1.0,0.0,1.0,0.0,9764543.0
14895037,2022,5,52,5,0,150107A201,150107,0,0,10,,,,,,0,0,0,,,,,,0,0,0,,,,,,0,0,0,,,,,,0,0,0,,,,,,0,0,0,,,,,,2022-02-07,,,1.0,0.0,9764543.0
14906278,2022,6,52,5,0,150107A201,150107,0,0,15,,,,,,0,0,0,,,,,,0,0,0,,,,,,0,0,0,,,,,,0,0,0,,,,,,0,0,0,,,,,,2022-02-14,6.0,0.0,1.0,,9764543.0
14918893,2022,7,52,5,0,150107A201,150107,0,3,8,,,,,,0,0,0,,,,,,0,0,0,,,,,,0,0,0,,,,,,0,0,0,,,,,,0,0,0,,,,,,2022-02-21,1.0,0.0,1.0,0.0,9764543.0
14933077,2022,8,52,5,0,150107A201,150107,0,0,5,,,,,,0,0,0,,,,,,0,0,0,,,,,,0,0,0,,,,,,0,0,0,,,,,,0,0,0,,,,,,2022-02-28,,,1.0,0.0,9764543.0
14939923,2022,9,52,5,0,150107A201,150107,0,1,7,,,,,,0,0,0,,,,,,0,0,0,,,,,,0,0,0,,,,,,0,0,0,,,,,,0,0,0,,,,,,2022-03-07,1.0,0.0,1.0,0.0,9764543.0
14959234,2022,10,52,5,0,150107A201,150107,0,3,5,,,,,,0,0,0,,,,,,0,0,0,,,,,,0,0,0,,,,,,0,0,0,,,,,,0,0,0,,,,,,2022-03-15,1.0,0.0,1.0,0.0,9764543.0
14970415,2022,11,52,5,0,150107A201,150107,0,0,9,,,,,,0,0,0,,,,,,0,0,0,,,,,,0,0,0,,,,,,0,0,0,,,,,,0,0,0,,,,,,2022-03-22,,,1.0,0.0,9764543.0
14977936,2022,12,52,5,0,150107A201,150107,0,2,8,,,,,,0,0,0,,,,,,0,0,0,,,,,,0,0,0,,,,,,0,0,0,,,,,,0,0,0,,,,,,2022-03-28,1.0,0.0,1.0,0.0,9764543.0
14986441,2022,13,52,5,0,150107A201,150107,0,0,5,,,,,,0,0,0,,,,,,0,0,0,,,,,,0,0,0,,,,,,0,0,0,,,,,,0,0,0,,,,,,2022-04-04,6.0,0.0,1.0,,9764543.0
14999290,2022,14,52,5,0,150107A201,150107,0,1,4,,,,,,0,0,0,,,,,,0,0,0,,,,,,0,0,0,,,,,,0,0,0,,,,,,0,0,0,,,,,,2022-04-11,,,1.0,0.0,9764543.0
15011176,2022,15,52,5,0,150107A201,150107,0,2,0,,,,,,0,0,0,,,,,,0,0,0,,,,,,0,0,0,,,,,,0,0,0,,,,,,0,0,0,,,,,,2022-04-18,1.0,,1.0,0.0,9764543.0
15024703,2022,16,52,5,0,150107A201,150107,0,2,2,,,,,,0,0,0,,,,,,0,0,0,,,,,,0,0,0,,,,,,0,0,0,,,,,,0,0,0,,,,,,2022-04-25,1.0,0.0,1.0,0.0,9764543.0
15034708,2022,17,52,5,0,150107A201,150107,0,1,5,,,,,,0,0,0,,,,,,0,0,0,,,,,,0,0,0,,,,,,0,0,0,,,,,,0,0,0,,,,,,2022-05-02,1.0,0.0,1.0,0.0,9764543.0
15044518,2022,18,52,5,0,150107A201,150107,0,0,2,,,,,,0,0,0,,,,,,0,0,0,,,,,,0,0,0,,,,,,0,0,0,,,,,,0,0,0,,,,,,2022-05-09,1.0,0.0,1.0,0.0,9764543.0
15061555,2022,19,52,5,0,150107A201,150107,0,1,3,,,,,,0,0,0,,,,,,0,0,0,,,,,,0,0,0,,,,,,0,0,0,,,,,,0,0,0,,,,,,2022-05-16,1.0,0.0,1.0,0.0,9764543.0
15071380,2022,20,52,5,0,150107A201,150107,1,0,8,,,,,,0,0,0,,,,,,0,0,0,,,,,,0,0,0,,,,,,0,0,0,,,,,,0,0,0,,,,,,2022-05-24,,,1.0,0.0,9764543.0
15080860,2022,21,52,5,0,150107A201,150107,0,4,7,,,,,,0,0,0,,,,,,0,0,0,,,,,,0,0,0,,,,,,0,0,0,,,,,,0,0,0,,,,,,2022-05-30,1.0,0.0,1.0,0.0,9764543.0
15093169,2022,22,52,5,0,150107A201,150107,0,0,4,,,,,,0,0,0,,,,,,0,0,0,,,,,,0,0,0,,,,,,0,0,0,,,,,,0,0,0,,,,,,2022-06-06,1.0,0.0,1.0,0.0,9764543.0
15104338,2022,23,52,5,0,150107A201,150107,1,0,5,,,,,,0,0,0,,,,,,0,0,0,,,,,,0,0,0,,,,,,0,0,0,,,,,,0,0,0,,,,,,2022-06-13,1.0,0.0,1.0,0.0,9764543.0
15121369,2022,24,52,5,0,150107A201,150107,0,2,3,,,,,,0,0,0,,,,,,0,0,0,,,,,,0,0,0,,,,,,0,0,0,,,,,,0,0,0,,,,,,2022-06-20,1.0,0.0,1.0,0.0,9764543.0
15129961,2022,25,52,5,0,150107A201,150107,0,0,1,,,,,,0,0,0,,,,,,0,0,0,,,,,,0,0,0,,,,,,0,0,0,,,,,,0,0,0,,,,,,2022-06-27,1.0,0.0,1.0,0.0,9764543.0
15143989,2022,26,52,5,0,150107A201,150107,0,0,4,,,,,,0,0,0,,,,,,0,0,0,,,,,,0,0,0,,,,,,0,0,0,,,,,,0,0,0,,,,,,2022-07-04,1.0,0.0,1.0,0.0,9764543.0
15156418,2022,27,52,5,0,150107A201,150107,0,1,7,,,,,,0,0,0,,,,,,0,0,0,,,,,,0,0,0,,,,,,0,0,0,,,,,,0,0,0,,,,,,2022-07-11,1.0,0.0,1.0,0.0,9764543.0
15165817,2022,28,52,5,0,150107A201,150107,0,3,2,,,,,,0,0,0,,,,,,0,0,0,,,,,,0,0,0,,,,,,0,0,0,,,,,,0,0,0,,,,,,2022-07-18,,,1.0,0.0,9764543.0
15169549,2022,28,52,5,0,150107A201,150101,0,3,2,,,,,,0,0,0,,,,,,0,0,0,,,,,,0,0,0,,,,,,0,0,0,,,,,,0,0,0,,,,,,2022-07-18,1.0,0.0,1.0,0.0,9764543.0
15177112,2022,29,52,5,0,150107A201,150107,0,0,1,,,,,,0,0,0,,,,,,0,0,0,,,,,,0,0,0,,,,,,0,0,0,,,,,,0,0,0,,,,,,2022-07-25,,,1.0,0.0,9764543.0
15193603,2022,30,52,5,0,150107A201,150107,0,2,2,,,,,,0,0,0,,,,,,0,0,0,,,,,,0,0,0,,,,,,0,0,0,,,,,,0,0,0,,,,,,2022-08-01,1.0,0.0,1.0,0.0,9764543.0
15212203,2022,32,52,5,0,150107A201,150107,0,0,7,,,,,,0,0,0,,,,,,0,0,0,,,,,,0,0,0,,,,,,0,0,0,,,,,,0,0,0,,,,,,2022-08-15,1.0,0.0,1.0,0.0,9764543.0
15229738,2022,33,52,5,0,150107A201,150107,0,0,2,,,,,,0,0,0,,,,,,0,0,0,,,,,,0,0,0,,,,,,0,0,0,,,,,,0,0,0,,,,,,2022-08-22,1.0,0.0,1.0,0.0,9764543.0
15242593,2022,34,52,5,0,150107A201,150107,0,1,3,,,,,,0,0,0,,,,,,0,0,0,,,,,,0,0,0,,,,,,0,0,0,,,,,,0,0,0,,,,,,2022-08-29,1.0,0.0,1.0,0.0,9764543.0
15271420,2022,36,52,5,0,150107A201,150107,0,1,3,,,,,,0,0,0,,,,,,0,0,0,,,,,,0,0,0,,,,,,0,0,0,,,,,,0,0,0,,,,,,2022-09-13,,,1.0,0.0,9764543.0
15283351,2022,37,52,5,0,150107A201,150107,0,1,3,,,,,,0,0,0,,,,,,0,0,0,,,,,,0,0,0,,,,,,0,0,0,,,,,,0,0,0,,,,,,2022-09-19,1.0,0.0,1.0,0.0,9764543.0
15293539,2022,38,52,5,0,150107A201,150107,0,2,5,,,,,,0,0,0,,,,,,0,0,0,,,,,,0,0,0,,,,,,0,0,0,,,,,,0,0,0,,,,,,2022-09-26,1.0,0.0,,0.0,9764543.0
15301690,2022,39,52,5,0,150107A201,150107,0,2,3,,,,,,0,0,0,,,,,,0,0,0,,,,,,0,0,0,,,,,,0,0,0,,,,,,0,0,0,,,,,,2022-10-03,1.0,0.0,1.0,0.0,9764543.0
15318880,2022,40,52,5,0,150107A201,150107,0,0,3,,,,,,0,0,0,,,,,,0,0,0,,,,,,0,0,0,,,,,,0,0,0,,,,,,0,0,0,,,,,,2022-10-10,1.0,0.0,1.0,0.0,9764543.0
15330028,2022,41,52,5,0,150107A201,150107,1,1,3,,,,,,0,0,0,,,,,,0,0,0,,,,,,0,0,0,,,,,,0,0,0,,,,,,0,0,0,,,,,,2022-10-17,1.0,0.0,1.0,0.0,9764543.0
15344983,2022,42,52,5,0,150107A201,150107,0,0,6,,,,,,0,0,0,,,,,,0,0,0,,,,,,0,0,0,,,,,,0,0,0,,,,,,0,0,0,,,,,,2022-10-24,1.0,0.0,1.0,0.0,9764543.0
15356716,2022,43,52,5,0,150107A201,150107,0,2,3,,,,,,0,0,0,,,,,,0,0,0,,,,,,0,0,0,,,,,,0,0,0,,,,,,0,0,0,,,,,,2022-10-31,,,1.0,0.0,9764543.0
15373771,2022,44,52,5,0,150107A201,150107,0,0,6,,,,,,0,0,0,,,,,,0,0,0,,,,,,0,0,0,,,,,,0,0,0,,,,,,0,0,0,,,,,,2022-11-07,1.0,0.0,1.0,0.0,9764543.0
15384361,2022,45,52,5,0,150107A201,150107,0,0,2,,,,,,0,0,0,,,,,,0,0,0,,,,,,0,0,0,,,,,,0,0,0,,,,,,0,0,0,,,,,,2022-11-14,1.0,0.0,1.0,0.0,9764543.0
15397657,2022,46,52,5,0,150107A201,150107,0,1,6,,,,,,0,0,0,,,,,,0,0,0,,,,,,0,0,0,,,,,,0,0,0,,,,,,0,0,0,,,,,,2022-11-21,1.0,0.0,1.0,0.0,9764543.0
15420214,2022,47,52,5,0,150107A201,150107,0,1,6,,,,,,0,0,0,,,,,,0,0,0,,,,,,0,0,0,,,,,,0,0,0,,,,,,0,0,0,,,,,,2022-11-28,1.0,0.0,,0.0,9764543.0
15433234,2022,48,52,5,0,150107A201,150107,0,1,4,,,,,,0,0,0,,,,,,0,0,0,,,,,,0,0,0,,,,,,0,0,0,,,,,,0,0,0,,,,,,2022-12-05,1.0,0.0,1.0,0.0,9764543.0
15442945,2022,49,52,5,0,150107A201,150107,0,0,1,,,,,,0,0,0,,,,,,0,0,0,,,,,,0,0,0,,,,,,0,0,0,,,,,,0,0,0,,,,,,2022-12-12,1.0,0.0,1.0,0.0,9764543.0
15454615,2022,50,52,5,0,150107A201,150107,0,0,2,,,,,,0,0,0,,,,,,0,0,0,,,,,,0,0,0,,,,,,0,0,0,,,,,,0,0,0,,,,,,2022-12-19,2.0,,1.0,0.0,9764543.0
15467131,2022,51,52,5,0,150107A201,150107,0,1,1,,,,,,0,0,0,,,,,,0,0,0,,,,,,0,0,0,,,,,,0,0,0,,,,,,0,0,0,,,,,,2022-12-26,1.0,0.0,1.0,0.0,9764543.0
15485098,2022,52,52,5,0,150107A201,150107,1,0,3,,,,,,0,0,0,,,,,,0,0,0,,,,,,0,0,0,,,,,,0,0,0,,,,,,0,0,0,,,,,,2023-01-02,1.0,0.0,1.0,0.0,9764543.0
15518128,2023,1,52,5,0,150107A201,150107,0,0,3,,,,,,0,0,0,,,,,,0,0,0,,,,,,0,0,0,,,,,,0,0,0,,,,,,0,0,0,,,,,,2023-01-10,1.0,0.0,1.0,0.0,9764543.0
15546874,2023,2,52,5,0,150107A201,150107,0,0,3,,,,,,0,0,0,,,,,,0,0,0,,,,,,0,0,0,,,,,,0,0,0,,,,,,0,0,0,,,,,,2023-01-17,1.0,0.0,1.0,0.0,9764543.0
15604996,2023,4,52,5,0,150107A201,150107,0,0,4,,,,,,0,0,0,,,,,,0,0,0,,,,,,0,0,0,,,,,,0,0,0,,,,,,0,0,0,,,,,,2023-01-30,1.0,0.0,1.0,0.0,9764543.0
15632758,2023,5,52,5,0,150107A201,150107,0,1,5,,,,,,0,0,0,,,,,,0,0,0,,,,,,0,0,0,,,,,,0,0,0,,,,,,0,0,0,,,,,,2023-02-06,1.0,0.0,1.0,0.0,9764543.0
15662488,2023,6,52,5,0,150107A201,150107,0,1,8,,,,,,0,0,0,,,,,,0,0,0,,,,,,0,0,0,,,,,,0,0,0,,,,,,0,0,0,,,,,,2023-02-13,1.0,0.0,1.0,0.0,9764543.0
15692368,2023,7,52,5,0,150107A201,150107,0,0,7,,,,,,0,0,0,,,,,,0,0,0,,,,,,0,0,0,,,,,,0,0,0,,,,,,0,0,0,,,,,,2023-02-20,1.0,0.0,1.0,0.0,9764543.0
15723052,2023,8,52,5,0,150107A201,150107,0,0,5,,,,,,0,0,0,,,,,,0,0,0,,,,,,0,0,0,,,,,,0,0,0,,,,,,0,0,0,,,,,,2023-02-27,1.0,0.0,1.0,0.0,9764543.0
15751852,2023,9,52,5,0,150107A201,150107,0,0,5,,,,,,0,0,0,,,,,,0,0,0,,,,,,0,0,0,,,,,,0,0,0,,,,,,0,0,0,,,,,,2023-03-06,1.0,0.0,1.0,0.0,9764543.0
15781972,2023,10,52,5,0,150107A201,150107,0,1,8,,,,,,0,0,0,,,,,,0,0,0,,,,,,0,0,0,,,,,,0,0,0,,,,,,0,0,0,,,,,,2023-03-13,1.0,0.0,1.0,0.0,9764543.0
15812968,2023,11,52,5,0,150107A201,150107,0,1,2,,,,,,0,0,0,,,,,,0,0,0,,,,,,0,0,0,,,,,,0,0,0,,,,,,0,0,0,,,,,,2023-03-20,,,1.0,0.0,9764543.0
15843868,2023,12,52,5,0,150107A201,150107,1,1,4,,,,,,0,0,0,,,,,,0,0,0,,,,,,0,0,0,,,,,,0,0,0,,,,,,0,0,0,,,,,,2023-03-28,,,1.0,0.0,9764543.0
15873328,2023,13,52,5,0,150107A201,150107,0,0,4,,,,,,0,0,0,,,,,,0,0,0,,,,,,0,0,0,,,,,,0,0,0,,,,,,0,0,0,,,,,,2023-04-03,1.0,0.0,1.0,0.0,9764543.0
15902560,2023,14,52,5,0,150107A201,150107,1,0,6,,,,,,0,0,0,,,,,,0,0,0,,,,,,0,0,0,,,,,,0,0,0,,,,,,0,0,0,,,,,,2023-04-10,1.0,0.0,1.0,0.0,9764543.0
15934996,2023,15,52,5,0,150107A201,150107,0,2,13,,,,,,0,0,0,,,,,,0,0,0,,,,,,0,0,0,,,,,,0,0,0,,,,,,0,0,0,,,,,,2023-04-17,1.0,0.0,1.0,0.0,9764543.0
15966346,2023,16,52,5,0,150107A201,150107,0,0,7,,,,,,0,0,0,,,,,,0,0,0,,,,,,0,0,0,,,,,,0,0,0,,,,,,0,0,0,,,,,,2023-04-25,,,1.0,0.0,9764543.0
15995692,2023,17,52,5,0,150107A201,150107,0,2,6,,,,,,0,0,0,,,,,,0,0,0,,,,,,0,0,0,,,,,,0,0,0,,,,,,0,0,0,,,,,,2023-05-02,1.0,0.0,1.0,0.0,9764543.0
16024516,2023,18,52,5,0,150107A201,150107,0,0,1,,,,,,0,0,0,,,,,,0,0,0,,,,,,0,0,0,,,,,,0,0,0,,,,,,0,0,0,,,,,,2023-05-08,,,,0.0,9764543.0
16053376,2023,19,52,5,0,150107A201,150107,0,1,0,,,,,,0,0,0,,,,,,0,0,0,,,,,,0,0,0,,,,,,0,0,0,,,,,,0,0,0,,,,,,2023-05-15,1.0,,1.0,0.0,9764543.0
16083052,2023,20,52,5,0,150107A201,150107,0,3,0,,,,,,0,0,0,,,,,,0,0,0,,,,,,0,0,0,,,,,,0,0,0,,,,,,0,0,0,,,,,,2023-05-22,1.0,0.0,1.0,0.0,9764543.0
16112452,2023,21,52,5,0,150107A201,150107,1,0,6,,,,,,0,0,0,,,,,,0,0,0,,,,,,0,0,0,,,,,,0,0,0,,,,,,0,0,0,,,,,,2023-05-30,1.0,0.0,1.0,0.0,9764543.0
16139326,2023,22,52,5,0,150107A201,150107,0,0,2,,,,,,0,0,0,,,,,,0,0,0,,,,,,0,0,0,,,,,,0,0,0,,,,,,0,0,0,,,,,,2023-06-05,1.0,0.0,1.0,0.0,9764543.0
16168648,2023,23,52,5,0,150107A201,150107,0,1,3,,,,,,0,0,0,,,,,,0,0,0,,,,,,0,0,0,,,,,,0,0,0,,,,,,0,0,0,,,,,,2023-06-13,,,1.0,0.0,9764543.0
16197616,2023,24,52,5,0,150107A201,150107,0,0,3,,,,,,0,0,0,,,,,,0,0,0,,,,,,0,0,0,,,,,,0,0,0,,,,,,0,0,0,,,,,,2023-06-19,1.0,0.0,1.0,0.0,9764543.0
16227388,2023,25,52,5,0,150107A201,150107,0,1,1,,,,,,0,0,0,,,,,,0,0,0,,,,,,0,0,0,,,,,,0,0,0,,,,,,0,0,0,,,,,,2023-06-27,1.0,0.0,1.0,0.0,9764543.0
16255618,2023,26,52,5,0,150107A201,150107,0,0,4,,,,,,0,0,0,,,,,,0,0,0,,,,,,0,0,0,,,,,,0,0,0,,,,,,0,0,0,,,,,,2023-07-03,1.0,0.0,1.0,0.0,9764543.0
16285834,2023,27,52,5,0,150107A201,150107,0,0,7,,,,,,0,0,0,,,,,,0,0,0,,,,,,0,0,0,,,,,,0,0,0,,,,,,0,0,0,,,,,,2023-07-11,,,1.0,0.0,9764543.0
16317466,2023,28,52,5,0,150107A201,150107,0,1,4,,,,,,0,0,0,,,,,,0,0,0,,,,,,0,0,0,,,,,,0,0,0,,,,,,0,0,0,,,,,,2023-07-18,,,,0.0,9764543.0
16348840,2023,29,52,5,0,150107A201,150107,0,0,4,,,,,,0,0,0,,,,,,0,0,0,,,,,,0,0,0,,,,,,0,0,0,,,,,,0,0,0,,,,,,2023-07-24,1.0,0.0,1.0,0.0,9764543.0
16407178,2023,31,52,5,0,150107A201,150107,0,1,3,,,,,,0,0,0,,,,,,0,0,0,,,,,,0,0,0,,,,,,0,0,0,,,,,,0,0,0,,,,,,2023-08-08,,,1.0,0.0,9764543.0
16439308,2023,32,52,5,0,150107A201,150107,0,0,5,,,,,,0,0,0,,,,,,0,0,0,,,,,,0,0,0,,,,,,0,0,0,,,,,,0,0,0,,,,,,2023-08-14,,,,0.0,9764543.0
16503922,2023,34,52,5,0,150107A201,150107,0,2,0,,,,,,0,0,0,,,,,,0,0,0,,,,,,0,0,0,,,,,,0,0,0,,,,,,0,0,0,,,,,,2023-08-28,,,1.0,0.0,9764543.0
16533124,2023,35,52,5,0,150107A201,150107,0,0,2,,,,,,0,0,0,,,,,,0,0,0,,,,,,0,0,0,,,,,,0,0,0,,,,,,0,0,0,,,,,,2023-09-04,1.0,0.0,,0.0,9764543.0
16564714,2023,36,52,5,0,150107A201,150107,0,1,2,,,,,,0,0,0,,,,,,0,0,0,,,,,,0,0,0,,,,,,0,0,0,,,,,,0,0,0,,,,,,2023-09-12,1.0,0.0,1.0,0.0,9764543.0
16597210,2023,37,52,5,0,150107A201,150107,0,0,1,,,,,,0,0,0,,,,,,0,0,0,,,,,,0,0,0,,,,,,0,0,0,,,,,,0,0,0,,,,,,2023-09-18,1.0,0.0,1.0,0.0,9764543.0
16628758,2023,38,52,5,0,150107A201,150107,0,0,1,,,,,,0,0,0,,,,,,0,0,0,,,,,,0,0,0,,,,,,0,0,0,,,,,,0,0,0,,,,,,2023-09-26,,,,0.0,9764543.0
16688944,2023,40,52,5,0,150107A201,150107,0,0,7,,,,,,0,0,0,,,,,,0,0,0,,,,,,0,0,0,,,,,,0,0,0,,,,,,0,0,0,,,,,,2023-10-09,1.0,0.0,1.0,0.0,9764543.0
16720516,2023,41,52,5,0,150107A201,150107,0,0,3,,,,,,0,0,0,,,,,,0,0,0,,,,,,0,0,0,,,,,,0,0,0,,,,,,0,0,0,,,,,,2023-10-17,,,,0.0,9764543.0
16752484,2023,42,52,5,0,150107A201,150107,0,0,1,,,,,,0,0,0,,,,,,0,0,0,,,,,,0,0,0,,,,,,0,0,0,,,,,,0,0,0,,,,,,2024-01-08,1.0,0.0,1.0,0.0,43159314.0
16783792,2023,43,52,5,0,150107A201,150107,0,1,0,,,,,,0,0,0,,,,,,0,0,0,,,,,,0,0,0,,,,,,0,0,0,,,,,,0,0,0,,,,,,2024-01-08,1.0,0.0,1.0,0.0,43159314.0
16813258,2023,44,52,5,0,150107A201,150107,0,0,1,,,,,,0,0,0,,,,,,0,0,0,,,,,,0,0,0,,,,,,0,0,0,,,,,,0,0,0,,,,,,2023-11-06,1.0,0.0,1.0,0.0,9764543.0
16878922,2023,46,52,5,0,150107A201,150107,0,0,5,,,,,,0,0,0,,,,,,0,0,0,,,,,,0,0,0,,,,,,0,0,0,,,,,,0,0,0,,,,,,2024-01-08,1.0,0.0,1.0,0.0,43159314.0
16911766,2023,47,52,5,0,150107A201,150107,0,1,2,,,,,,0,0,0,,,,,,0,0,0,,,,,,0,0,0,,,,,,0,0,0,,,,,,0,0,0,,,,,,2024-01-08,1.0,0.0,1.0,0.0,43159314.0
16971202,2023,49,52,5,0,150107A201,150107,0,0,4,,,,,,0,0,0,,,,,,0,0,0,,,,,,0,0,0,,,,,,0,0,0,,,,,,0,0,0,,,,,,2024-01-08,1.0,0.0,1.0,0.0,43159314.0
17002144,2023,50,52,5,0,150107A201,150107,0,1,3,,,,,,0,0,0,,,,,,0,0,0,,,,,,0,0,0,,,,,,0,0,0,,,,,,0,0,0,,,,,,2023-12-19,1.0,0.0,1.0,0.0,43159314.0
17031730,2023,51,52,5,0,150107A201,150107,0,1,4,,,,,,0,0,0,,,,,,0,0,0,,,,,,0,0,0,,,,,,0,0,0,,,,,,0,0,0,,,,,,2023-12-28,1.0,0.0,1.0,0.0,43159314.0
17068001,2024,1,52,5,0,150107A201,150107,0,0,9,,,,,,0,0,0,,,,,,0,0,0,,,,,,0,0,0,,,,,,0,0,0,,,,,,0,0,0,,,,,,2024-01-08,1.0,0.0,1.0,0.0,43159314.0
17078689,2024,2,52,5,0,150107A201,150107,0,0,2,,,,,,0,0,0,,,,,,0,0,0,,,,,,0,0,0,,,,,,0,0,0,,,,,,0,0,0,,,,,,2024-01-16,1.0,0.0,1.0,0.0,43159314.0
17087211,2024,3,52,5,0,150107A201,150107,1,0,6,,,,,,0,0,0,,,,,,0,0,0,,,,,,0,0,0,,,,,,0,0,0,,,,,,0,0,0,,,,,,2024-01-22,1.0,0.0,1.0,0.0,43159314.0
17093043,2024,4,52,5,0,150107A201,150107,1,3,7,,,,,,0,0,0,,,,,,0,0,0,,,,,,0,0,0,,,,,,0,0,0,,,,,,0,0,0,,,,,,2024-01-29,1.0,0.0,1.0,0.0,43159314.0
17103259,2024,5,52,5,0,150107A201,150107,0,0,10,,,,,,0,0,0,,,,,,0,0,0,,,,,,0,0,0,,,,,,0,0,0,,,,,,0,0,0,,,,,,2024-02-05,1.0,0.0,1.0,0.0,43159314.0
17115259,2024,6,52,5,0,150107A201,150107,0,2,12,,,,,,0,0,0,,,,,,0,0,0,,,,,,0,0,0,,,,,,0,0,0,,,,,,0,0,0,,,,,,2024-02-12,1.0,0.0,1.0,0.0,43159314.0
17130305,2024,7,52,5,0,150107A201,150107,0,0,8,,,,,,0,0,0,,,,,,0,0,0,,,,,,0,0,0,,,,,,0,0,0,,,,,,0,0,0,,,,,,2024-02-20,1.0,0.0,1.0,0.0,43159314.0
17130309,2024,7,52,5,0,150107A201,150118,0,0,1,,,,,,0,0,0,,,,,,0,0,0,,,,,,0,0,0,,,,,,0,0,0,,,,,,0,0,0,,,,,,2024-02-20,1.0,0.0,,0.0,43159314.0
17135773,2024,8,52,5,0,150107A201,150107,0,2,9,,,,,,0,0,0,,,,,,0,0,0,,,,,,0,0,0,,,,,,0,0,0,,,,,,0,0,0,,,,,,2024-02-26,1.0,0.0,1.0,0.0,43159314.0
17145221,2024,9,52,5,0,150107A201,150107,0,0,8,,,,,,0,0,0,,,,,,0,0,0,,,,,,0,0,0,,,,,,0,0,0,,,,,,0,0,0,,,,,,2024-03-04,1.0,0.0,1.0,0.0,43159314.0
17145229,2024,9,52,5,0,150107A201,150118,0,0,3,,,,,,0,0,0,,,,,,0,0,0,,,,,,0,0,0,,,,,,0,0,0,,,,,,0,0,0,,,,,,2024-03-04,1.0,0.0,1.0,0.0,43159314.0
17158381,2024,10,52,5,0,150107A201,150107,0,0,5,,,,,,0,0,0,,,,,,0,0,0,,,,,,0,0,0,,,,,,0,0,0,,,,,,0,0,0,,,,,,2024-03-11,1.0,,1.0,0.0,43159314.0
17166871,2024,11,52,5,0,150107A201,150107,0,4,16,,,,,,0,0,0,,,,,,0,0,0,,,,,,0,0,0,,,,,,0,0,0,,,,,,0,0,0,,,,,,2024-03-18,1.0,0.0,1.0,0.0,43159314.0
17166901,2024,11,52,5,0,150107A201,150118,0,1,3,,,,,,0,0,0,,,,,,0,0,0,,,,,,0,0,0,,,,,,0,0,0,,,,,,0,0,0,,,,,,2024-03-18,1.0,0.0,1.0,0.0,43159314.0
17177653,2024,12,52,5,0,150107A201,150107,0,1,11,,,,,,0,0,0,,,,,,0,0,0,,,,,,0,0,0,,,,,,0,0,0,,,,,,0,0,0,,,,,,2024-03-25,1.0,0.0,1.0,0.0,43159314.0
17188443,2024,13,52,5,0,150107A201,150107,0,0,8,,,,,,0,0,0,,,,,,0,0,0,,,,,,0,0,0,,,,,,0,0,0,,,,,,0,0,0,,,,,,2024-04-01,1.0,0.0,1.0,0.0,43159314.0
17198731,2024,14,52,5,0,150107A201,150107,0,0,13,,,,,,0,0,0,,,,,,0,0,0,,,,,,0,0,0,,,,,,0,0,0,,,,,,0,0,0,,,,,,2024-04-08,,,1.0,0.0,43159314.0
17209457,2024,15,52,5,0,150107A201,150107,0,1,19,,,,,,0,0,0,,,,,,0,0,0,,,,,,0,0,0,,,,,,0,0,0,,,,,,0,0,0,,,,,,2024-04-15,,,1.0,0.0,43159314.0
17219651,2024,16,52,5,0,150107A201,150107,0,1,0,11.0,0.0,0.0,0.0,0.0,0,0,0,0.0,0.0,0.0,0.0,0.0,0,0,0,0.0,0.0,0.0,0.0,0.0,0,0,0,0.0,0.0,0.0,0.0,0.0,0,0,0,0.0,0.0,0.0,0.0,0.0,0,0,0,0.0,0.0,0.0,0.0,0.0,2024-04-22,1.0,,1.0,,43159314.0
17230723,2024,17,52,5,0,150107A201,150107,1,2,0,6.0,0.0,0.0,0.0,0.0,0,0,0,0.0,0.0,0.0,0.0,0.0,0,0,0,0.0,0.0,0.0,0.0,0.0,0,0,0,0.0,0.0,0.0,0.0,0.0,0,0,0,0.0,0.0,0.0,0.0,0.0,0,0,0,0.0,0.0,0.0,0.0,0.0,2024-04-29,1.0,,1.0,,43159314.0
17230725,2024,17,52,5,0,150107A201,150118,0,0,0,2.0,0.0,0.0,0.0,0.0,0,0,0,0.0,0.0,0.0,0.0,0.0,0,0,0,0.0,0.0,0.0,0.0,0.0,0,0,0,0.0,0.0,0.0,0.0,0.0,0,0,0,0.0,0.0,0.0,0.0,0.0,0,0,0,0.0,0.0,0.0,0.0,0.0,2024-04-29,1.0,,1.0,,43159314.0
17241965,2024,18,52,5,0,150107A201,150107,0,0,0,5.0,0.0,0.0,0.0,0.0,0,0,0,0.0,0.0,0.0,0.0,0.0,0,0,0,0.0,0.0,0.0,0.0,0.0,0,0,0,0.0,0.0,0.0,0.0,0.0,0,0,0,0.0,0.0,0.0,0.0,0.0,0,0,0,0.0,0.0,0.0,0.0,0.0,2024-05-06,1.0,,1.0,,43159314.0
17241985,2024,18,52,5,0,150107A201,150118,0,0,0,3.0,0.0,0.0,0.0,0.0,0,0,0,0.0,0.0,0.0,0.0,0.0,0,0,0,0.0,0.0,0.0,0.0,0.0,0,0,0,0.0,0.0,0.0,0.0,0.0,0,0,0,0.0,0.0,0.0,0.0,0.0,0,0,0,0.0,0.0,0.0,0.0,0.0,2024-05-06,1.0,,1.0,,43159314.0
17251643,2024,19,52,5,0,150107A201,150107,2,0,0,9.0,0.0,0.0,0.0,0.0,0,0,0,0.0,0.0,0.0,0.0,0.0,0,0,0,0.0,0.0,0.0,0.0,0.0,0,0,0,0.0,0.0,0.0,0.0,0.0,0,0,0,0.0,0.0,0.0,0.0,0.0,0,0,0,0.0,0.0,0.0,0.0,0.0,2024-05-13,1.0,,1.0,,43159314.0
17269605,2024,20,52,5,0,150107A201,150107,0,1,0,7.0,0.0,0.0,0.0,0.0,0,0,0,0.0,0.0,0.0,0.0,0.0,0,0,0,0.0,0.0,0.0,0.0,0.0,0,0,0,0.0,0.0,0.0,0.0,0.0,0,0,0,0.0,0.0,0.0,0.0,0.0,0,0,0,0.0,0.0,0.0,0.0,0.0,2024-05-21,1.0,,1.0,,43159314.0
17274355,2024,21,52,5,0,150107A201,150107,0,0,0,3.0,0.0,0.0,0.0,0.0,0,0,0,0.0,0.0,0.0,0.0,0.0,0,0,0,0.0,0.0,0.0,0.0,0.0,0,0,0,0.0,0.0,0.0,0.0,0.0,0,0,0,0.0,0.0,0.0,0.0,0.0,0,0,0,0.0,0.0,0.0,0.0,0.0,2024-05-27,1.0,,1.0,,43159314.0
17285225,2024,22,52,5,0,150107A201,150107,0,1,0,6.0,0.0,0.0,0.0,0.0,0,0,0,0.0,0.0,0.0,0.0,0.0,0,0,0,0.0,0.0,0.0,0.0,0.0,0,0,0,0.0,0.0,0.0,0.0,0.0,0,0,0,0.0,0.0,0.0,0.0,0.0,0,0,0,0.0,0.0,0.0,0.0,0.0,2024-06-03,1.0,,1.0,,43159314.0
17296975,2024,23,52,5,0,150107A201,150107,0,0,0,6.0,0.0,0.0,0.0,0.0,0,0,0,0.0,0.0,0.0,0.0,0.0,0,0,0,0.0,0.0,0.0,0.0,0.0,0,0,0,0.0,0.0,0.0,0.0,0.0,0,0,0,0.0,0.0,0.0,0.0,0.0,0,0,0,0.0,0.0,0.0,0.0,0.0,2024-06-10,1.0,,1.0,,43159314.0
17307059,2024,24,52,5,0,150107A201,150107,0,0,0,9.0,0.0,0.0,0.0,0.0,0,0,0,0.0,0.0,0.0,0.0,0.0,0,0,0,0.0,0.0,0.0,0.0,0.0,0,0,0,0.0,0.0,0.0,0.0,0.0,0,0,0,0.0,0.0,0.0,0.0,0.0,0,0,0,0.0,0.0,0.0,0.0,0.0,2024-06-17,1.0,,1.0,,43159314.0
17319021,2024,25,52,5,0,150107A201,150107,0,2,0,7.0,0.0,0.0,0.0,0.0,0,0,0,0.0,0.0,0.0,0.0,0.0,0,0,0,0.0,0.0,0.0,0.0,0.0,0,0,0,0.0,0.0,0.0,0.0,0.0,0,0,0,0.0,0.0,0.0,0.0,0.0,0,0,0,0.0,0.0,0.0,0.0,0.0,2024-06-24,1.0,,1.0,,43159314.0
17331747,2024,26,52,5,0,150107A201,150107,1,0,0,8.0,0.0,0.0,0.0,0.0,0,0,0,0.0,0.0,0.0,0.0,0.0,0,0,0,0.0,0.0,0.0,0.0,0.0,0,0,0,0.0,0.0,0.0,0.0,0.0,0,0,0,0.0,0.0,0.0,0.0,0.0,0,0,0,0.0,0.0,0.0,0.0,0.0,2024-07-01,1.0,,1.0,,43159314.0
17343071,2024,27,52,5,0,150107A201,150107,0,0,0,3.0,0.0,0.0,0.0,0.0,0,0,0,0.0,0.0,0.0,0.0,0.0,0,0,0,0.0,0.0,0.0,0.0,0.0,0,0,0,0.0,0.0,0.0,0.0,0.0,0,0,0,0.0,0.0,0.0,0.0,0.0,0,0,0,0.0,0.0,0.0,0.0,0.0,2024-07-08,1.0,,1.0,,43159314.0
17367159,2024,29,52,5,0,150107A201,150107,0,1,0,3.0,0.0,0.0,0.0,0.0,0,0,0,0.0,0.0,0.0,0.0,0.0,0,0,0,0.0,0.0,0.0,0.0,0.0,0,0,0,0.0,0.0,0.0,0.0,0.0,0,0,0,0.0,0.0,0.0,0.0,0.0,0,0,0,0.0,0.0,0.0,0.0,0.0,2024-07-22,1.0,,1.0,,43159314.0
17375673,2024,30,52,5,0,150107A201,150107,1,2,0,0.0,0.0,0.0,0.0,0.0,0,0,0,0.0,0.0,0.0,0.0,0.0,0,0,0,0.0,0.0,0.0,0.0,0.0,0,0,0,0.0,0.0,0.0,0.0,0.0,0,0,0,0.0,0.0,0.0,0.0,0.0,0,0,0,0.0,0.0,0.0,0.0,0.0,2024-07-30,1.0,,1.0,,43159314.0
17388729,2024,31,52,5,0,150107A201,150107,0,0,0,7.0,0.0,0.0,0.0,0.0,0,0,0,0.0,0.0,0.0,0.0,0.0,0,0,0,0.0,0.0,0.0,0.0,0.0,0,0,0,0.0,0.0,0.0,0.0,0.0,0,0,0,0.0,0.0,0.0,0.0,0.0,0,0,0,0.0,0.0,0.0,0.0,0.0,2024-08-05,1.0,,1.0,,43159314.0
17411667,2024,32,52,5,0,150107A201,150107,0,0,0,5.0,0.0,0.0,0.0,0.0,0,0,0,0.0,0.0,0.0,0.0,0.0,0,0,0,0.0,0.0,0.0,0.0,0.0,0,0,0,0.0,0.0,0.0,0.0,0.0,0,0,0,0.0,0.0,0.0,0.0,0.0,0,0,0,0.0,0.0,0.0,0.0,0.0,2024-08-21,1.0,,,,7676984.0
17431025,2024,34,52,5,0,150107A201,150107,0,2,0,2.0,0.0,0.0,0.0,0.0,0,0,0,0.0,0.0,0.0,0.0,0.0,0,0,0,0.0,0.0,0.0,0.0,0.0,0,0,0,0.0,0.0,0.0,0.0,0.0,0,0,0,0.0,0.0,0.0,0.0,0.0,0,0,0,0.0,0.0,0.0,0.0,0.0,2024-09-02,1.0,,1.0,,43159314.0
17428687,2024,35,52,5,0,150107A201,150107,0,1,0,2.0,0.0,0.0,0.0,0.0,0,0,0,0.0,0.0,0.0,0.0,0.0,0,0,0,0.0,0.0,0.0,0.0,0.0,0,0,0,0.0,0.0,0.0,0.0,0.0,0,0,0,0.0,0.0,0.0,0.0,0.0,0,0,0,0.0,0.0,0.0,0.0,0.0,2024-09-02,1.0,,1.0,,43159314.0
17464505,2024,38,52,5,0,150107A201,150107,1,1,0,4.0,0.0,0.0,0.0,0.0,0,0,0,0.0,0.0,0.0,0.0,0.0,0,0,0,0.0,0.0,0.0,0.0,0.0,0,0,0,0.0,0.0,0.0,0.0,0.0,0,0,0,0.0,0.0,0.0,0.0,0.0,0,0,0,0.0,0.0,0.0,0.0,0.0,2024-09-23,1.0,,1.0,,7676984.0
17547111,2024,45,52,5,0,150107A201,150107,0,1,0,12.0,0.0,0.0,0.0,0.0,0,0,0,0.0,0.0,0.0,0.0,0.0,0,0,0,0.0,0.0,0.0,0.0,0.0,0,0,0,0.0,0.0,0.0,0.0,0.0,0,0,0,0.0,0.0,0.0,0.0,0.0,0,0,0,0.0,0.0,0.0,0.0,0.0,2024-11-12,1.0,,1.0,,43159314.0
17573537,2024,48,52,5,0,150107A201,150107,0,0,0,8.0,0.0,0.0,0.0,0.0,0,0,0,0.0,0.0,0.0,0.0,0.0,0,0,0,0.0,0.0,0.0,0.0,0.0,0,0,0,0.0,0.0,0.0,0.0,0.0,0,0,0,0.0,0.0,0.0,0.0,0.0,0,0,0,0.0,0.0,0.0,0.0,0.0,2024-12-02,1.0,,1.0,,43159314.0
17591361,2024,49,52,5,0,150107A201,150107,0,0,0,7.0,0.0,0.0,0.0,0.0,0,0,0,0.0,0.0,0.0,0.0,0.0,0,0,0,0.0,0.0,0.0,0.0,0.0,0,0,0,0.0,0.0,0.0,0.0,0.0,0,0,0,0.0,0.0,0.0,0.0,0.0,0,0,0,0.0,0.0,0.0,0.0,0.0,2024-12-13,1.0,,1.0,,43159314.0
1824340,2025,3,52,5,0,150107A201,150107,0,0,0,4.0,0.0,0.0,0.0,0.0,0,0,0,0.0,0.0,0.0,0.0,0.0,0,0,0,0.0,0.0,0.0,0.0,0.0,0,0,0,0.0,0.0,0.0,0.0,0.0,0,0,0,0.0,0.0,0.0,0.0,0.0,0,0,0,0.0,0.0,0.0,0.0,0.0,2025-02-03,1.0,,1.0,,43159314.0
1824346,2025,4,52,5,0,150107A201,150101,0,5,0,1.0,0.0,0.0,0.0,0.0,0,0,0,0.0,0.0,0.0,0.0,0.0,0,0,0,0.0,0.0,0.0,0.0,0.0,0,0,0,0.0,0.0,0.0,0.0,0.0,0,0,0,0.0,0.0,0.0,0.0,0.0,0,0,0,0.0,0.0,0.0,0.0,0.0,2025-02-03,1.0,,1.0,,43159314.0
1824336,2025,5,52,5,0,150107A201,150107,0,0,0,4.0,0.0,0.0,0.0,0.0,0,0,0,0.0,0.0,0.0,0.0,0.0,0,0,0,0.0,0.0,0.0,0.0,0.0,0,0,0,0.0,0.0,0.0,0.0,0.0,0,0,0,0.0,0.0,0.0,0.0,0.0,0,0,0,0.0,0.0,0.0,0.0,0.0,2025-02-03,1.0,,1.0,,43159314.0
1944522,2025,6,52,5,0,150107A201,150107,0,1,0,4.0,0.0,0.0,0.0,0.0,0,0,0,0.0,0.0,0.0,0.0,0.0,0,0,0,0.0,0.0,0.0,0.0,0.0,0,0,0,0.0,0.0,0.0,0.0,0.0,0,0,0,0.0,0.0,0.0,0.0,0.0,0,0,0,0.0,0.0,0.0,0.0,0.0,2025-04-21,1.0,,1.0,,48365114.0
1944528,2025,7,52,5,0,150107A201,150107,0,1,0,5.0,0.0,0.0,0.0,0.0,0,0,0,0.0,0.0,0.0,0.0,0.0,0,0,0,0.0,0.0,0.0,0.0,0.0,0,0,0,0.0,0.0,0.0,0.0,0.0,0,0,0,0.0,0.0,0.0,0.0,0.0,0,0,0,0.0,0.0,0.0,0.0,0.0,2025-04-21,1.0,,1.0,,48365114.0
1944532,2025,8,52,5,0,150107A201,150107,0,0,0,2.0,0.0,0.0,0.0,0.0,0,0,0,0.0,0.0,0.0,0.0,0.0,0,0,0,0.0,0.0,0.0,0.0,0.0,0,0,0,0.0,0.0,0.0,0.0,0.0,0,0,0,0.0,0.0,0.0,0.0,0.0,0,0,0,0.0,0.0,0.0,0.0,0.0,2025-04-21,1.0,,1.0,,48365114.0
1944538,2025,9,52,5,0,150107A201,150107,0,0,0,3.0,0.0,0.0,0.0,0.0,0,0,0,0.0,0.0,0.0,0.0,0.0,0,0,0,0.0,0.0,0.0,0.0,0.0,0,0,0,0.0,0.0,0.0,0.0,0.0,0,0,0,0.0,0.0,0.0,0.0,0.0,0,0,0,0.0,0.0,0.0,0.0,0.0,2025-04-21,1.0,,1.0,,48365114.0
1944540,2025,10,52,5,0,150107A201,150107,0,0,0,6.0,0.0,0.0,0.0,0.0,0,0,0,0.0,0.0,0.0,0.0,0.0,0,0,0,0.0,0.0,0.0,0.0,0.0,0,0,0,0.0,0.0,0.0,0.0,0.0,0,0,0,0.0,0.0,0.0,0.0,0.0,0,0,0,0.0,0.0,0.0,0.0,0.0,2025-04-21,1.0,,1.0,,48365114.0
1944552,2025,11,52,5,0,150107A201,150107,1,2,0,9.0,0.0,0.0,0.0,0.0,0,0,0,0.0,0.0,0.0,0.0,0.0,0,0,0,0.0,0.0,0.0,0.0,0.0,0,0,0,0.0,0.0,0.0,0.0,0.0,0,0,0,0.0,0.0,0.0,0.0,0.0,0,0,0,0.0,0.0,0.0,0.0,0.0,2025-04-21,1.0,,1.0,,48365114.0
1944556,2025,12,52,5,0,150107A201,150107,0,0,0,8.0,0.0,0.0,0.0,0.0,0,0,0,0.0,0.0,0.0,0.0,0.0,0,0,0,0.0,0.0,0.0,0.0,0.0,0,0,0,0.0,0.0,0.0,0.0,0.0,0,0,0,0.0,0.0,0.0,0.0,0.0,0,0,0,0.0,0.0,0.0,0.0,0.0,2025-04-21,1.0,,1.0,,48365114.0
1944562,2025,13,52,5,0,150107A201,150107,2,0,0,6.0,0.0,0.0,0.0,0.0,0,0,0,0.0,0.0,0.0,0.0,0.0,0,0,0,0.0,0.0,0.0,0.0,0.0,0,0,0,0.0,0.0,0.0,0.0,0.0,0,0,0,0.0,0.0,0.0,0.0,0.0,0,0,0,0.0,0.0,0.0,0.0,0.0,2025-04-21,1.0,,1.0,,48365114.0
1944566,2025,14,52,5,0,150107A201,150107,0,0,0,3.0,0.0,0.0,0.0,0.0,0,0,0,0.0,0.0,0.0,0.0,0.0,0,0,0,0.0,0.0,0.0,0.0,0.0,0,0,0,0.0,0.0,0.0,0.0,0.0,0,0,0,0.0,0.0,0.0,0.0,0.0,0,0,0,0.0,0.0,0.0,0.0,0.0,2025-04-21,1.0,,1.0,,48365114.0
1944570,2025,15,52,5,0,150107A201,150107,0,0,0,2.0,0.0,0.0,0.0,0.0,0,0,0,0.0,0.0,0.0,0.0,0.0,0,0,0,0.0,0.0,0.0,0.0,0.0,0,0,0,0.0,0.0,0.0,0.0,0.0,0,0,0,0.0,0.0,0.0,0.0,0.0,0,0,0,0.0,0.0,0.0,0.0,0.0,2025-04-21,1.0,,1.0,,48365114.0
1944574,2025,16,52,5,0,150107A201,150107,0,0,0,3.0,0.0,0.0,0.0,0.0,0,0,0,0.0,0.0,0.0,0.0,0.0,0,0,0,0.0,0.0,0.0,0.0,0.0,0,0,0,0.0,0.0,0.0,0.0,0.0,0,0,0,0.0,0.0,0.0,0.0,0.0,0,0,0,0.0,0.0,0.0,0.0,0.0,2025-04-21,1.0,,1.0,,48365114.0
1954760,2025,17,52,5,0,150107A201,150107,0,1,0,8.0,0.0,0.0,0.0,0.0,0,0,0,0.0,0.0,0.0,0.0,0.0,0,0,0,0.0,0.0,0.0,0.0,0.0,0,0,0,0.0,0.0,0.0,0.0,0.0,0,0,0,0.0,0.0,0.0,0.0,0.0,0,0,0,0.0,0.0,0.0,0.0,0.0,2025-04-28,1.0,,1.0,,48365114.0
1966288,2025,18,52,5,0,150107A201,150107,0,1,0,2.0,0.0,0.0,0.0,0.0,0,0,0,0.0,0.0,0.0,0.0,0.0,0,0,0,0.0,0.0,0.0,0.0,0.0,0,0,0,0.0,0.0,0.0,0.0,0.0,0,0,0,0.0,0.0,0.0,0.0,0.0,0,0,0,0.0,0.0,0.0,0.0,0.0,2025-05-07,1.0,,1.0,,43159314.0
1974922,2025,19,52,5,0,150107A201,150107,0,0,0,2.0,0.0,0.0,0.0,0.0,0,0,0,0.0,0.0,0.0,0.0,0.0,0,0,0,0.0,0.0,0.0,0.0,0.0,0,0,0,0.0,0.0,0.0,0.0,0.0,0,0,0,0.0,0.0,0.0,0.0,0.0,0,0,0,0.0,0.0,0.0,0.0,0.0,2025-05-12,1.0,,1.0,,43159314.0
1985900,2025,20,52,5,0,150107A201,150107,2,1,0,4.0,0.0,0.0,0.0,0.0,0,0,0,0.0,0.0,0.0,0.0,0.0,0,0,0,0.0,0.0,0.0,0.0,0.0,0,0,0,0.0,0.0,0.0,0.0,0.0,0,0,0,0.0,0.0,0.0,0.0,0.0,0,0,0,0.0,0.0,0.0,0.0,0.0,2025-05-19,1.0,,1.0,,43159314.0
1995786,2025,21,52,5,0,150107A201,150107,1,2,0,6.0,0.0,0.0,0.0,0.0,0,0,0,0.0,0.0,0.0,0.0,0.0,0,0,0,0.0,0.0,0.0,0.0,0.0,0,0,0,0.0,0.0,0.0,0.0,0.0,0,0,0,0.0,0.0,0.0,0.0,0.0,0,0,0,0.0,0.0,0.0,0.0,0.0,2025-05-26,1.0,,1.0,,43159314.0
2010993,2025,22,52,5,0,150107A201,150107,0,0,0,4.0,0.0,0.0,0.0,0.0,0,0,0,0.0,0.0,0.0,0.0,0.0,0,0,0,0.0,0.0,0.0,0.0,0.0,0,0,0,0.0,0.0,0.0,0.0,0.0,0,0,0,0.0,0.0,0.0,0.0,0.0,0,0,0,0.0,0.0,0.0,0.0,0.0,2025-06-02,1.0,,1.0,,43159314.0
2029765,2025,23,52,5,0,150107A201,150107,0,1,0,8.0,0.0,0.0,0.0,0.0,0,0,0,0.0,0.0,0.0,0.0,0.0,0,0,0,0.0,0.0,0.0,0.0,0.0,0,0,0,0.0,0.0,0.0,0.0,0.0,0,0,0,0.0,0.0,0.0,0.0,0.0,0,0,0,0.0,0.0,0.0,0.0,0.0,2025-06-10,1.0,,1.0,,43159314.0
2045547,2025,24,52,5,0,150107A201,150107,1,3,0,5.0,0.0,0.0,0.0,0.0,0,0,0,0.0,0.0,0.0,0.0,0.0,0,0,0,0.0,0.0,0.0,0.0,0.0,0,0,0,0.0,0.0,0.0,0.0,0.0,0,0,0,0.0,0.0,0.0,0.0,0.0,0,0,0,0.0,0.0,0.0,0.0,0.0,2025-06-16,1.0,,1.0,,43159314.0
2062756,2025,25,52,5,0,150107A201,150107,0,1,0,5.0,0.0,0.0,0.0,0.0,0,0,0,0.0,0.0,0.0,0.0,0.0,0,0,0,0.0,0.0,0.0,0.0,0.0,0,0,0,0.0,0.0,0.0,0.0,0.0,0,0,0,0.0,0.0,0.0,0.0,0.0,0,0,0,0.0,0.0,0.0,0.0,0.0,2025-06-23,1.0,,1.0,,43159314.0
2079071,2025,26,52,5,0,150107A201,150107,0,1,0,4.0,0.0,0.0,0.0,0.0,0,0,0,0.0,0.0,0.0,0.0,0.0,0,0,0,0.0,0.0,0.0,0.0,0.0,0,0,0,0.0,0.0,0.0,0.0,0.0,0,0,0,0.0,0.0,0.0,0.0,0.0,0,0,0,0.0,0.0,0.0,0.0,0.0,2025-06-30,1.0,,1.0,,43159314.0
2096540,2025,27,52,5,0,150107A201,150107,0,0,0,6.0,0.0,0.0,0.0,0.0,0,0,0,0.0,0.0,0.0,0.0,0.0,0,0,0,0.0,0.0,0.0,0.0,0.0,0,0,0,0.0,0.0,0.0,0.0,0.0,0,0,0,0.0,0.0,0.0,0.0,0.0,0,0,0,0.0,0.0,0.0,0.0,0.0,2025-07-07,1.0,,1.0,,43159314.0
2117048,2025,28,52,5,0,150107A201,150107,0,0,0,1.0,0.0,0.0,0.0,0.0,0,0,0,0.0,0.0,0.0,0.0,0.0,0,0,0,0.0,0.0,0.0,0.0,0.0,0,0,0,0.0,0.0,0.0,0.0,0.0,0,0,0,0.0,0.0,0.0,0.0,0.0,0,0,0,0.0,0.0,0.0,0.0,0.0,2025-07-16,1.0,,1.0,,43159314.0
2171333,2025,29,52,5,0,150107A201,150107,0,2,0,2.0,0.0,0.0,0.0,0.0,0,0,0,0.0,0.0,0.0,0.0,0.0,0,0,0,0.0,0.0,0.0,0.0,0.0,0,0,0,0.0,0.0,0.0,0.0,0.0,0,0,0,0.0,0.0,0.0,0.0,0.0,0,0,0,0.0,0.0,0.0,0.0,0.0,2025-08-08,1.0,,1.0,,43159314.0
2171335,2025,30,52,5,0,150107A201,150107,0,0,0,8.0,0.0,0.0,0.0,0.0,0,0,0,0.0,0.0,0.0,0.0,0.0,0,0,0,0.0,0.0,0.0,0.0,0.0,0,0,0,0.0,0.0,0.0,0.0,0.0,0,0,0,0.0,0.0,0.0,0.0,0.0,0,0,0,0.0,0.0,0.0,0.0,0.0,2025-08-08,1.0,,1.0,,43159314.0
2171340,2025,31,52,5,0,150107A201,150107,0,2,0,2.0,0.0,0.0,0.0,0.0,0,0,0,0.0,0.0,0.0,0.0,0.0,0,0,0,0.0,0.0,0.0,0.0,0.0,0,0,0,0.0,0.0,0.0,0.0,0.0,0,0,0,0.0,0.0,0.0,0.0,0.0,0,0,0,0.0,0.0,0.0,0.0,0.0,2025-08-08,1.0,,1.0,,43159314.0
2173294,2025,32,52,5,0,150107A201,150107,0,0,0,7.0,0.0,0.0,0.0,0.0,0,0,0,0.0,0.0,0.0,0.0,0.0,0,0,0,0.0,0.0,0.0,0.0,0.0,0,0,0,0.0,0.0,0.0,0.0,0.0,0,0,0,0.0,0.0,0.0,0.0,0.0,0,0,0,0.0,0.0,0.0,0.0,0.0,2025-08-10,1.0,,1.0,,43159314.0
2265965,2025,33,52,5,0,150107A201,150107,0,0,0,2.0,0.0,0.0,0.0,0.0,0,0,0,0.0,0.0,0.0,0.0,0.0,0,0,0,0.0,0.0,0.0,0.0,0.0,0,0,0,0.0,0.0,0.0,0.0,0.0,0,0,0,0.0,0.0,0.0,0.0,0.0,0,0,0,0.0,0.0,0.0,0.0,0.0,2025-09-10,1.0,,1.0,,43159314.0
2265970,2025,34,52,5,0,150107A201,150107,0,1,0,6.0,0.0,0.0,0.0,0.0,0,0,0,0.0,0.0,0.0,0.0,0.0,0,0,0,0.0,0.0,0.0,0.0,0.0,0,0,0,0.0,0.0,0.0,0.0,0.0,0,0,0,0.0,0.0,0.0,0.0,0.0,0,0,0,0.0,0.0,0.0,0.0,0.0,2025-09-10,1.0,,1.0,,43159314.0
2265979,2025,35,52,5,0,150107A201,150107,0,3,0,7.0,0.0,0.0,0.0,0.0,0,0,0,0.0,0.0,0.0,0.0,0.0,0,0,0,0.0,0.0,0.0,0.0,0.0,0,0,0,0.0,0.0,0.0,0.0,0.0,0,0,0,0.0,0.0,0.0,0.0,0.0,0,0,0,0.0,0.0,0.0,0.0,0.0,2025-09-10,1.0,,1.0,,43159314.0
2266008,2025,36,52,5,0,150107A201,150107,0,1,0,12.0,0.0,0.0,0.0,0.0,0,0,0,0.0,0.0,0.0,0.0,0.0,0,0,0,0.0,0.0,0.0,0.0,0.0,0,0,0,0.0,0.0,0.0,0.0,0.0,0,0,0,0.0,0.0,0.0,0.0,0.0,0,0,0,0.0,0.0,0.0,0.0,0.0,2025-09-10,1.0,,1.0,,43159314.0
2293965,2025,37,52,5,0,150107A201,150107,0,1,0,2.0,0.0,0.0,0.0,0.0,0,0,0,0.0,0.0,0.0,0.0,0.0,0,0,0,0.0,0.0,0.0,0.0,0.0,0,0,0,0.0,0.0,0.0,0.0,0.0,0,0,0,0.0,0.0,0.0,0.0,0.0,0,0,0,0.0,0.0,0.0,0.0,0.0,2025-09-22,1.0,,1.0,,9764543.0
2293999,2025,37,52,5,0,150107A201,150118,0,0,0,1.0,0.0,0.0,0.0,0.0,0,0,0,0.0,0.0,0.0,0.0,0.0,0,0,0,0.0,0.0,0.0,0.0,0.0,0,0,0,0.0,0.0,0.0,0.0,0.0,0,0,0,0.0,0.0,0.0,0.0,0.0,0,0,0,0.0,0.0,0.0,0.0,0.0,2025-09-22,,,,,9764543.0
2286754,2025,38,52,5,0,150107A201,150107,0,0,0,3.0,0.0,0.0,0.0,0.0,0,0,0,0.0,0.0,0.0,0.0,0.0,0,0,0,0.0,0.0,0.0,0.0,0.0,0,0,0,0.0,0.0,0.0,0.0,0.0,0,0,0,0.0,0.0,0.0,0.0,0.0,0,0,0,0.0,0.0,0.0,0.0,0.0,2025-09-20,1.0,,1.0,,9764543.0
2312228,2025,39,52,5,0,150107A201,150107,0,0,0,0.0,1.0,1.0,0.0,1.0,0,0,0,0.0,0.0,0.0,0.0,0.0,0,0,0,0.0,0.0,0.0,0.0,0.0,0,0,0,0.0,0.0,0.0,0.0,0.0,0,0,0,0.0,0.0,0.0,0.0,0.0,0,0,0,0.0,0.0,0.0,0.0,0.0,2025-09-29,1.0,,1.0,,9764543.0
2312248,2025,39,52,5,0,150107A201,150103,0,0,0,0.0,0.0,1.0,0.0,0.0,0,0,0,0.0,0.0,0.0,0.0,0.0,0,0,0,0.0,0.0,0.0,0.0,0.0,0,0,0,0.0,0.0,0.0,0.0,0.0,0,0,0,0.0,0.0,0.0,0.0,0.0,0,0,0,0.0,0.0,0.0,0.0,0.0,2025-09-29,1.0,,1.0,,9764543.0
2312267,2025,39,52,5,0,150107A201,150118,0,0,0,1.0,0.0,0.0,0.0,0.0,0,0,0,0.0,0.0,0.0,0.0,0.0,0,0,0,0.0,0.0,0.0,0.0,0.0,0,0,0,0.0,0.0,0.0,0.0,0.0,0,0,0,0.0,0.0,0.0,0.0,0.0,0,0,0,0.0,0.0,0.0,0.0,0.0,2025-09-29,,,,,9764543.0
2330793,2025,40,52,5,0,150107A201,150107,0,0,0,0.0,0.0,0.0,0.0,1.0,0,0,0,0.0,0.0,0.0,0.0,0.0,0,0,0,0.0,0.0,0.0,0.0,0.0,0,0,0,0.0,0.0,0.0,0.0,0.0,0,0,0,0.0,0.0,0.0,0.0,0.0,0,0,0,0.0,0.0,0.0,0.0,0.0,2025-10-06,1.0,,1.0,,9764543.0
2330907,2025,40,52,5,0,150107A201,150118,0,0,0,0.0,0.0,0.0,2.0,0.0,0,0,0,0.0,0.0,0.0,0.0,0.0,0,0,0,0.0,0.0,0.0,0.0,0.0,0,0,0,0.0,0.0,0.0,0.0,0.0,0,0,0,0.0,0.0,0.0,0.0,0.0,0,0,0,0.0,0.0,0.0,0.0,0.0,2025-10-06,1.0,,1.0,,9764543.0
2359329,2025,41,52,5,0,150107A201,150107,0,0,0,0.0,0.0,0.0,2.0,0.0,0,0,0,0.0,0.0,0.0,0.0,0.0,0,0,0,0.0,0.0,0.0,0.0,0.0,0,0,0,0.0,0.0,0.0,0.0,0.0,0,0,0,0.0,0.0,0.0,0.0,0.0,0,0,0,0.0,0.0,0.0,0.0,0.0,2025-10-14,1.0,,1.0,,9764543.0
2359337,2025,41,52,5,0,150107A201,120501,0,0,0,0.0,0.0,0.0,1.0,0.0,0,0,0,0.0,0.0,0.0,0.0,0.0,0,0,0,0.0,0.0,0.0,0.0,0.0,0,0,0,0.0,0.0,0.0,0.0,0.0,0,0,0,0.0,0.0,0.0,0.0,0.0,0,0,0,0.0,0.0,0.0,0.0,0.0,2025-10-14,1.0,,1.0,,9764543.0
2367483,2025,42,52,5,0,150107A201,150107,0,0,0,0.0,0.0,0.0,2.0,0.0,0,0,0,0.0,0.0,0.0,0.0,0.0,0,0,0,0.0,0.0,0.0,0.0,0.0,0,0,0,0.0,0.0,0.0,0.0,0.0,0,0,0,0.0,0.0,0.0,0.0,0.0,0,0,0,0.0,0.0,0.0,0.0,0.0,2025-10-20,1.0,,1.0,,9764543.0
2367533,2025,42,52,5,0,150107A201,150118,0,0,0,0.0,1.0,0.0,0.0,0.0,0,0,0,0.0,0.0,0.0,0.0,0.0,0,0,0,0.0,0.0,0.0,0.0,0.0,0,0,0,0.0,0.0,0.0,0.0,0.0,0,0,0,0.0,0.0,0.0,0.0,0.0,0,0,0,0.0,0.0,0.0,0.0,0.0,2025-10-20,1.0,,1.0,,9764543.0
2391358,2025,43,52,5,0,150107A201,150107,0,2,0,2.0,0.0,1.0,0.0,2.0,0,0,0,0.0,0.0,0.0,0.0,0.0,0,0,0,0.0,0.0,0.0,0.0,0.0,0,0,0,0.0,0.0,0.0,0.0,0.0,0,0,0,0.0,0.0,0.0,0.0,0.0,0,0,0,0.0,0.0,0.0,0.0,0.0,2025-10-27,1.0,,1.0,,9764543.0
2414408,2025,44,52,5,0,150107A201,150107,0,0,0,0.0,0.0,3.0,6.0,1.0,0,0,0,0.0,0.0,0.0,0.0,0.0,0,0,0,0.0,0.0,0.0,0.0,0.0,0,0,0,0.0,0.0,0.0,0.0,0.0,0,0,0,0.0,0.0,0.0,0.0,0.0,0,0,0,0.0,0.0,0.0,0.0,0.0,2025-11-03,1.0,,1.0,,9764543.0
2422115,2025,45,52,5,0,150107A201,150107,0,0,0,0.0,0.0,1.0,1.0,2.0,0,0,0,0.0,0.0,0.0,0.0,0.0,0,0,0,0.0,0.0,0.0,0.0,0.0,0,0,0,0.0,0.0,0.0,0.0,0.0,0,0,0,0.0,0.0,0.0,0.0,0.0,0,0,0,0.0,0.0,0.0,0.0,0.0,2025-11-10,,,,,9764543.0
2451779,2025,46,52,5,0,150107A201,150107,0,0,0,2.0,1.0,5.0,2.0,2.0,0,0,0,0.0,0.0,0.0,0.0,0.0,0,0,0,0.0,0.0,0.0,0.0,0.0,0,0,0,0.0,0.0,0.0,0.0,0.0,0,0,0,0.0,0.0,0.0,0.0,0.0,0,0,0,0.0,0.0,0.0,0.0,0.0,2025-11-17,1.0,,1.0,,9764543.0
2460305,2025,47,52,5,0,150107A201,150107,0,0,0,2.0,1.0,5.0,2.0,2.0,0,0,0,0.0,0.0,0.0,0.0,0.0,0,0,0,0.0,0.0,0.0,0.0,0.0,0,0,0,0.0,0.0,0.0,0.0,0.0,0,0,0,0.0,0.0,0.0,0.0,0.0,0,0,0,0.0,0.0,0.0,0.0,0.0,2025-11-24,1.0,,1.0,,9764543.0
2478979,2025,48,52,5,0,150107A201,150107,0,2,0,1.0,1.0,0.0,2.0,1.0,0,0,0,0.0,0.0,0.0,0.0,0.0,0,0,0,0.0,0.0,0.0,0.0,0.0,0,0,0,0.0,0.0,0.0,0.0,0.0,0,0,0,0.0,0.0,0.0,0.0,0.0,0,0,0,0.0,0.0,0.0,0.0,0.0,2025-12-01,1.0,,1.0,,9764543.0
2479033,2025,48,52,5,0,150107A201,150118,0,0,0,0.0,1.0,0.0,1.0,1.0,0,0,0,0.0,0.0,0.0,0.0,0.0,0,0,0,0.0,0.0,0.0,0.0,0.0,0,0,0,0.0,0.0,0.0,0.0,0.0,0,0,0,0.0,0.0,0.0,0.0,0.0,0,0,0,0.0,0.0,0.0,0.0,0.0,2025-12-01,1.0,,1.0,,9764543.0
2505950,2025,49,52,5,0,150107A201,150107,0,0,0,0.0,0.0,1.0,0.0,1.0,0,0,0,0.0,0.0,0.0,0.0,0.0,0,0,0,0.0,0.0,0.0,0.0,0.0,0,0,0,0.0,0.0,0.0,0.0,0.0,0,0,0,0.0,0.0,0.0,0.0,0.0,0,0,0,0.0,0.0,0.0,0.0,0.0,2025-12-10,1.0,,1.0,,9764543.0
2513926,2025,50,52,5,0,150107A201,150107,0,1,0,0.0,0.0,1.0,0.0,0.0,0,0,0,0.0,0.0,0.0,0.0,0.0,0,0,0,0.0,0.0,0.0,0.0,0.0,0,0,0,0.0,0.0,0.0,0.0,0.0,0,0,0,0.0,0.0,0.0,0.0,0.0,0,0,0,0.0,0.0,0.0,0.0,0.0,2025-12-15,1.0,,1.0,,9764543.0
2513954,2025,50,52,5,0,150107A201,150118,0,1,0,0.0,0.0,0.0,0.0,0.0,0,0,0,0.0,0.0,0.0,0.0,0.0,0,0,0,0.0,0.0,0.0,0.0,0.0,0,0,0,0.0,0.0,0.0,0.0,0.0,0,0,0,0.0,0.0,0.0,0.0,0.0,0,0,0,0.0,0.0,0.0,0.0,0.0,2025-12-15,1.0,,1.0,,9764543.0
2540270,2025,51,52,5,0,150107A201,150107,0,0,0,0.0,1.0,0.0,3.0,1.0,0,0,0,0.0,0.0,0.0,0.0,0.0,0,0,0,0.0,0.0,0.0,0.0,0.0,0,0,0,0.0,0.0,0.0,0.0,0.0,0,0,0,0.0,0.0,0.0,0.0,0.0,0,0,0,0.0,0.0,0.0,0.0,0.0,2025-12-23,1.0,,1.0,,9764543.0
2555730,2025,52,52,5,0,150107A201,150107,0,0,0,0.0,0.0,1.0,1.0,0.0,0,0,0,0.0,0.0,0.0,0.0,0.0,0,0,0,0.0,0.0,0.0,0.0,0.0,0,0,0,0.0,0.0,0.0,0.0,0.0,0,0,0,0.0,0.0,0.0,0.0,0.0,0,0,0,0.0,0.0,0.0,0.0,0.0,2025-12-30,,,,,9764543.0
2559529,2025,53,52,5,0,150107A201,150107,0,0,0,1.0,2.0,1.0,0.0,1.0,0,0,0,0.0,0.0,0.0,0.0,0.0,0,0,0,0.0,0.0,0.0,0.0,0.0,0,0,0,0.0,0.0,0.0,0.0,0.0,0,0,0,0.0,0.0,0.0,0.0,0.0,0,0,0,0.0,0.0,0.0,0.0,0.0,2026-01-04,1.0,,1.0,,40043706.0
2573054,2025,53,52,5,0,150107A201,150107,0,0,0,1.0,2.0,1.0,0.0,1.0,0,0,0,0.0,0.0,0.0,0.0,0.0,0,0,0,0.0,0.0,0.0,0.0,0.0,0,0,0,0.0,0.0,0.0,0.0,0.0,0,0,0,0.0,0.0,0.0,0.0,0.0,0,0,0,0.0,0.0,0.0,0.0,0.0,2026-01-09,1.0,,1.0,,40043706.0
2574318,2026,1,52,5,0,150107A201,150107,0,0,0,0.0,0.0,2.0,1.0,0.0,0,0,0,0.0,0.0,0.0,0.0,0.0,0,0,0,0.0,0.0,0.0,0.0,0.0,0,0,0,0.0,0.0,0.0,0.0,0.0,0,0,0,0.0,0.0,0.0,0.0,0.0,0,0,0,0.0,0.0,0.0,0.0,0.0,2026-01-11,1.0,,1.0,,40043706.0
2591306,2026,2,52,5,0,150107A201,150107,0,0,0,0.0,0.0,0.0,2.0,1.0,0,0,0,0.0,0.0,0.0,0.0,0.0,0,0,0,0.0,0.0,0.0,0.0,0.0,0,0,0,0.0,0.0,0.0,0.0,0.0,0,0,0,0.0,0.0,0.0,0.0,0.0,0,0,0,0.0,0.0,0.0,0.0,0.0,2026-01-17,1.0,,1.0,,40043706.0
2591314,2026,2,52,5,0,150107A201,150118,0,0,0,0.0,0.0,0.0,1.0,0.0,0,0,0,0.0,0.0,0.0,0.0,0.0,0,0,0,0.0,0.0,0.0,0.0,0.0,0,0,0,0.0,0.0,0.0,0.0,0.0,0,0,0,0.0,0.0,0.0,0.0,0.0,0,0,0,0.0,0.0,0.0,0.0,0.0,2026-01-17,1.0,,1.0,,40043706.0
2609097,2026,3,52,5,0,150107A201,150107,0,0,0,0.0,0.0,2.0,1.0,1.0,0,0,0,0.0,0.0,0.0,0.0,0.0,0,0,0,0.0,0.0,0.0,0.0,0.0,0,0,0,0.0,0.0,2.0,1.0,1.0,0,0,0,0.0,0.0,0.0,0.0,0.0,0,0,0,0.0,0.0,0.0,0.0,0.0,2026-01-24,1.0,,1.0,,40043706.0
2626405,2026,3,52,5,0,150107A201,150118,0,0,0,0.0,0.0,0.0,1.0,0.0,0,0,0,0.0,0.0,0.0,0.0,0.0,0,0,0,0.0,0.0,0.0,0.0,0.0,0,0,0,0.0,0.0,0.0,0.0,0.0,0,0,0,0.0,0.0,0.0,0.0,0.0,0,0,0,0.0,0.0,0.0,0.0,0.0,2026-01-31,1.0,,1.0,,40043706.0
2626410,2026,3,52,5,0,150107A201,150107,0,0,0,0.0,0.0,0.0,0.0,1.0,0,0,0,0.0,0.0,0.0,0.0,0.0,0,0,0,0.0,0.0,0.0,0.0,0.0,0,0,0,0.0,0.0,0.0,0.0,0.0,0,0,0,0.0,0.0,0.0,0.0,0.0,0,0,0,0.0,0.0,0.0,0.0,0.0,2026-01-31,1.0,,1.0,,40043706.0
2626406,2026,4,52,5,0,150107A201,150107,0,0,0,0.0,0.0,0.0,0.0,1.0,0,0,0,0.0,0.0,0.0,0.0,0.0,0,0,0,0.0,0.0,0.0,0.0,0.0,0,0,0,0.0,0.0,0.0,0.0,0.0,0,0,0,0.0,0.0,0.0,0.0,0.0,0,0,0,0.0,0.0,0.0,0.0,0.0,2026-01-31,1.0,,1.0,,40043706.0
2655622,2026,5,52,5,0,150107A201,150107,0,0,0,1.0,0.0,2.0,1.0,0.0,0,0,0,0.0,0.0,0.0,0.0,0.0,0,0,0,0.0,0.0,0.0,0.0,0.0,0,0,0,0.0,0.0,0.0,0.0,0.0,0,0,0,0.0,0.0,0.0,0.0,0.0,0,0,0,0.0,0.0,0.0,0.0,0.0,2026-02-09,1.0,,1.0,,44282236.0
2676918,2026,6,52,5,0,150107A201,150107,0,0,0,0.0,0.0,0.0,2.0,0.0,0,0,0,0.0,0.0,0.0,0.0,0.0,0,0,0,0.0,0.0,0.0,0.0,0.0,0,0,0,0.0,0.0,0.0,0.0,0.0,0,0,0,0.0,0.0,0.0,0.0,0.0,0,0,0,0.0,0.0,0.0,0.0,0.0,2026-02-17,1.0,,1.0,,44282236.0
2684725,2026,7,52,5,0,150107A201,150107,0,0,0,0.0,0.0,2.0,0.0,0.0,0,0,0,0.0,0.0,0.0,0.0,0.0,0,0,0,0.0,0.0,0.0,0.0,0.0,0,0,0,0.0,0.0,0.0,0.0,0.0,0,0,0,0.0,0.0,0.0,0.0,0.0,0,0,0,0.0,0.0,0.0,0.0,0.0,2026-02-23,1.0,,1.0,,44282236.0
2701938,2026,8,52,5,0,150107A201,150107,1,0,0,0.0,0.0,0.0,0.0,0.0,0,0,0,0.0,0.0,0.0,0.0,0.0,0,0,0,0.0,0.0,0.0,0.0,0.0,0,0,0,0.0,0.0,0.0,0.0,0.0,0,0,0,0.0,0.0,0.0,0.0,0.0,0,0,0,0.0,0.0,0.0,0.0,0.0,2026-03-02,1.0,,1.0,,44282236.0
2730986,2026,9,52,5,0,150107A201,150107,1,0,0,0.0,0.0,1.0,6.0,0.0,0,0,0,0.0,0.0,0.0,0.0,0.0,0,0,0,0.0,0.0,0.0,0.0,0.0,0,0,0,0.0,0.0,0.0,0.0,0.0,0,0,0,0.0,0.0,0.0,0.0,0.0,0,0,0,0.0,0.0,0.0,0.0,0.0,2026-03-10,1.0,,1.0,,44282236.0
2739286,2026,10,52,5,0,150107A201,150107,0,0,0,0.0,0.0,0.0,1.0,2.0,0,0,0,0.0,0.0,0.0,0.0,0.0,0,0,0,0.0,0.0,0.0,0.0,0.0,0,0,0,0.0,0.0,0.0,0.0,0.0,0,0,0,0.0,0.0,0.0,0.0,0.0,0,0,0,0.0,0.0,0.0,0.0,0.0,2026-03-16,1.0,,1.0,,44282236.0
2766949,2026,11,52,5,0,150107A201,150107,0,0,0,0.0,1.0,0.0,0.0,1.0,0,0,0,0.0,0.0,0.0,0.0,0.0,0,0,0,0.0,0.0,0.0,0.0,0.0,0,0,0,0.0,0.0,0.0,0.0,0.0,0,0,0,0.0,0.0,0.0,0.0,0.0,0,0,0,0.0,0.0,0.0,0.0,0.0,2026-03-24,,,,,44282236.0
2774917,2026,12,52,5,0,150107A201,150107,0,1,0,1.0,0.0,0.0,0.0,1.0,0,0,0,0.0,0.0,0.0,0.0,0.0,0,0,0,0.0,0.0,0.0,0.0,0.0,0,0,0,0.0,0.0,0.0,0.0,0.0,0,0,0,0.0,0.0,0.0,0.0,0.0,0,0,0,0.0,0.0,0.0,0.0,0.0,2026-03-30,1.0,,1.0,,44282236.0
2799637,2026,13,52,5,0,150107A201,150107,1,1,0,0.0,0.0,0.0,0.0,1.0,0,0,0,0.0,0.0,0.0,0.0,0.0,0,0,0,0.0,0.0,0.0,0.0,0.0,0,0,0,0.0,0.0,0.0,0.0,0.0,0,0,0,0.0,0.0,0.0,0.0,0.0,0,0,0,0.0,0.0,0.0,0.0,0.0,2026-04-07,1.0,,1.0,,44282236.0
2799664,2026,13,52,5,0,150107A201,150118,0,0,0,1.0,0.0,0.0,0.0,0.0,0,0,0,0.0,0.0,0.0,0.0,0.0,0,0,0,0.0,0.0,0.0,0.0,0.0,0,0,0,0.0,0.0,0.0,0.0,0.0,0,0,0,0.0,0.0,0.0,0.0,0.0,0,0,0,0.0,0.0,0.0,0.0,0.0,2026-04-07,,,,,44282236.0
