ano,semana,subregion,red,microred,e_salud,ubigeo,feb_m1,feb_1_4,feb_5_9,feb_10_19,feb_20_59,feb_m60,fecha_ing,clave,estado,feb_tot,fecha_not,fecha_ate,tot_aten
2006,38,52,5,0,150107A201,150107,1,1,0,1,1,0,25-09-2006,0638150107A20115010701,1,4,25-09-2006,,241
2006,2,52,5,0,150107A201,150107,0,0,0,1,0,0,14-01-2006,,1,1,15-01-2006,,0
2006,2,52,5,0,150107A201,150107,0,1,0,0,0,0,14-01-2006,,1,1,15-01-2006,,0
2006,2,52,5,0,150107A201,150107,0,0,0,0,1,0,14-01-2006,,1,1,15-01-2006,,0
2006,2,52,5,0,150107A201,150107,0,1,0,0,0,0,14-01-2006,,1,1,15-01-2006,,0
2006,2,52,5,0,150107A201,150107,0,0,1,0,0,0,14-01-2006,,1,1,15-01-2006,,0
2006,3,52,5,0,150107A201,150107,0,1,0,0,0,0,19-01-2006,,1,1,20-01-2006,,0
2006,3,52,5,0,150107A201,150107,0,0,0,1,0,0,19-01-2006,,1,1,20-01-2006,,0
2006,3,52,5,0,150107A201,150107,0,0,0,1,1,0,19-01-2006,,1,2,20-01-2006,,0
2006,3,52,5,0,150107A201,150107,0,1,0,0,0,0,19-01-2006,,1,1,20-01-2006,,0
2006,4,52,5,0,150107A201,150107,0,0,1,0,0,0,28-01-2006,,1,1,29-01-2006,,0
2006,4,52,5,0,150107A201,150107,0,0,0,1,0,0,28-01-2006,,1,1,29-01-2006,,0
2006,4,52,5,0,150107A201,150107,0,0,0,1,0,0,28-01-2006,,1,1,29-01-2006,,0
2006,4,52,5,0,150107A201,150107,0,0,0,1,0,0,28-01-2006,,1,1,29-01-2006,,0
2006,4,52,5,0,150107A201,150107,0,0,1,0,0,0,28-01-2006,,1,1,29-01-2006,,0
2006,4,52,5,0,150107A201,150107,0,0,0,1,0,0,28-01-2006,,1,1,29-01-2006,,0
2006,6,52,5,0,150107A201,150107,0,1,0,0,2,0,11-02-2006,,1,3,12-02-2006,,0
2006,6,52,5,0,150107A201,150107,0,1,0,0,1,0,11-02-2006,,1,2,12-02-2006,,0
2006,6,52,5,0,150107A201,150107,0,1,0,0,0,0,11-02-2006,,1,1,12-02-2006,,0
2006,7,52,5,0,150107A201,150107,0,0,0,0,1,0,17-02-2006,,1,1,18-02-2006,,0
2006,7,52,5,0,150107A201,150107,0,0,1,0,0,0,17-02-2006,,1,1,18-02-2006,,0
2006,7,52,5,0,150107A201,150107,0,1,1,4,9,0,17-02-2006,,1,15,18-02-2006,,0
2006,7,52,5,0,150107A201,150107,0,0,0,1,0,0,17-02-2006,,1,1,18-02-2006,,0
2006,7,52,5,0,150107A201,150107,1,0,0,0,0,0,17-02-2006,,1,1,18-02-2006,,0
2006,7,52,5,0,150107A201,150107,0,1,0,0,0,0,17-02-2006,,1,1,18-02-2006,,0
2006,9,52,5,0,150107A201,150107,0,1,0,0,0,0,03-03-2006,,1,1,04-03-2006,,0
2006,9,52,5,0,150107A201,150107,0,1,0,0,0,0,03-03-2006,,1,1,04-03-2006,,0
2006,9,52,5,0,150107A201,150107,0,0,1,0,0,0,03-03-2006,,1,1,04-03-2006,,0
2006,9,52,5,0,150107A201,150107,0,0,1,0,0,0,03-03-2006,,1,1,04-03-2006,,0
2006,10,52,5,0,150107A201,150107,0,0,0,0,1,0,10-03-2006,,1,1,11-03-2006,,0
2006,10,52,5,0,150107A201,150107,0,0,0,0,1,0,10-03-2006,,1,1,11-03-2006,,0
2006,10,52,5,0,150107A201,150107,0,0,0,0,1,0,10-03-2006,,1,1,11-03-2006,,0
2006,10,52,5,0,150107A201,150107,0,0,0,0,1,0,10-03-2006,,1,1,11-03-2006,,0
2006,8,52,5,0,150107A201,150107,0,1,1,1,1,0,24-02-2006,,1,4,25-02-2006,,0
2006,8,52,5,0,150107A201,150107,0,0,0,1,4,0,24-02-2006,,1,5,25-02-2006,,0
2006,12,52,5,0,150107A201,150107,0,0,0,0,1,0,25-03-2006,,1,1,26-03-2006,,0
2006,12,52,5,0,150107A201,150107,0,1,0,0,0,0,25-03-2006,,1,1,26-03-2006,,0
2006,13,52,5,0,150107A201,150107,0,0,1,0,0,0,26-03-2006,,1,1,27-03-2006,,0
2006,13,52,5,0,150107A201,150107,0,0,0,0,1,0,26-03-2006,,1,1,27-03-2006,,0
2006,13,52,5,0,150107A201,150107,0,0,0,1,0,0,26-03-2006,,1,1,27-03-2006,,0
2006,13,52,5,0,150107A201,150107,0,0,0,0,1,0,26-03-2006,,1,1,27-03-2006,,0
2006,13,52,5,0,150107A201,150107,0,1,0,0,0,0,26-03-2006,,1,1,27-03-2006,,0
2006,13,52,5,0,150107A201,150107,0,1,0,0,0,0,26-03-2006,,1,1,27-03-2006,,0
2006,13,52,5,0,150107A201,150107,0,1,0,0,0,0,26-03-2006,,1,1,27-03-2006,,0
2006,13,52,5,0,150107A201,150107,0,0,0,0,1,0,26-03-2006,,1,1,27-03-2006,,0
2006,16,52,5,0,150107A201,150107,0,0,1,0,0,0,22-04-2006,,1,1,23-04-2006,,0
2006,16,52,5,0,150107A201,150107,0,0,0,0,1,0,22-04-2006,,1,1,23-04-2006,,0
2006,11,52,5,0,150107A201,150107,0,0,0,0,1,0,18-03-2006,,1,1,19-03-2006,,0
2006,11,52,5,0,150107A201,150107,0,0,0,0,1,0,18-03-2006,,1,1,19-03-2006,,0
2006,11,52,5,0,150107A201,150107,0,1,0,0,0,0,18-03-2006,,1,1,19-03-2006,,0
2006,14,52,5,0,150107A201,150107,1,0,0,0,0,0,08-04-2006,,1,1,09-04-2006,,0
2006,14,52,5,0,150107A201,150107,1,0,0,0,0,0,08-04-2006,,1,1,09-04-2006,,0
2006,14,52,5,0,150107A201,150107,0,1,0,0,0,0,08-04-2006,,1,1,09-04-2006,,0
2006,17,52,5,0,150107A201,150107,1,0,0,1,0,0,29-04-2006,,1,2,30-04-2006,,0
2006,17,52,5,0,150107A201,150107,0,0,1,0,0,0,29-04-2006,,1,1,30-04-2006,,0
2006,17,52,5,0,150107A201,150107,0,1,0,1,1,0,29-04-2006,,1,3,30-04-2006,,0
2006,17,52,5,0,150107A201,150107,0,0,3,1,0,0,29-04-2006,,1,4,30-04-2006,,0
2006,19,52,5,0,150107A201,150107,0,1,0,0,0,0,13-05-2006,,1,1,14-05-2006,,0
2006,19,52,5,0,150107A201,150107,0,1,0,0,0,0,13-05-2006,,1,1,14-05-2006,,0
2006,19,52,5,0,150107A201,150107,0,0,1,0,0,0,13-05-2006,,1,1,14-05-2006,,0
2006,19,52,5,0,150107A201,150107,0,0,0,1,0,0,13-05-2006,,1,1,14-05-2006,,0
2006,19,52,5,0,150107A201,150107,0,0,0,0,1,0,13-05-2006,,1,1,14-05-2006,,0
2006,19,52,5,0,150107A201,150107,0,1,0,1,0,0,13-05-2006,,1,2,14-05-2006,,0
2006,20,52,5,0,150107A201,150107,0,1,0,0,3,0,20-05-2006,,1,4,21-05-2006,,0
2006,20,52,5,0,150107A201,150107,0,0,1,0,0,0,20-05-2006,,1,1,21-05-2006,,0
2006,20,52,5,0,150107A201,150107,0,0,0,1,0,0,20-05-2006,,1,1,21-05-2006,,0
2006,20,52,5,0,150107A201,150107,0,0,0,0,1,0,20-05-2006,,1,1,21-05-2006,,0
2006,20,52,5,0,150107A201,150107,0,0,0,0,1,0,20-05-2006,,1,1,21-05-2006,,0
2006,20,52,5,0,150107A201,150107,0,1,0,0,0,0,20-05-2006,,1,1,21-05-2006,,0
2006,20,52,5,0,150107A201,150107,0,1,0,0,0,0,20-05-2006,,1,1,21-05-2006,,0
2006,20,52,5,0,150107A201,150107,0,0,0,0,1,0,20-05-2006,,1,1,21-05-2006,,0
2006,21,52,5,0,150107A201,150107,1,0,0,0,0,0,26-05-2006,,1,1,27-05-2006,,0
2006,21,52,5,0,150107A201,150107,0,0,0,1,0,0,26-05-2006,,1,1,27-05-2006,,0
2006,21,52,5,0,150107A201,150107,0,0,0,0,1,1,26-05-2006,,1,2,27-05-2006,,0
2006,22,52,5,0,150107A201,150107,0,0,0,1,0,0,02-06-2006,,1,1,03-06-2006,,0
2006,22,52,5,0,150107A201,150107,0,0,0,0,1,0,02-06-2006,,1,1,03-06-2006,,0
2006,22,52,5,0,150107A201,150107,0,1,0,0,0,0,02-06-2006,,1,1,03-06-2006,,0
2006,22,52,5,0,150107A201,150107,0,0,1,0,0,0,02-06-2006,,1,1,03-06-2006,,0
2006,22,52,5,0,150107A201,150107,0,0,0,0,1,0,02-06-2006,,1,1,03-06-2006,,0
2006,22,52,5,0,150107A201,150107,0,0,0,0,1,0,02-06-2006,,1,1,03-06-2006,,0
2006,22,52,5,0,150107A201,150107,0,0,0,0,1,0,02-06-2006,,1,1,03-06-2006,,0
2006,22,52,5,0,150107A201,150107,0,1,0,0,0,0,02-06-2006,,1,1,03-06-2006,,0
2006,25,52,5,0,150107A201,150107,0,1,0,0,0,0,23-06-2006,,1,1,24-06-2006,,0
2006,25,52,5,0,150107A201,150107,0,0,1,1,0,0,23-06-2006,,1,2,24-06-2006,,0
2006,25,52,5,0,150107A201,150107,0,1,0,0,0,0,23-06-2006,,1,1,24-06-2006,,0
2006,25,52,5,0,150107A201,150107,0,1,0,0,0,0,23-06-2006,,1,1,24-06-2006,,0
2006,25,52,5,0,150107A201,150107,0,1,0,0,0,0,23-06-2006,,1,1,24-06-2006,,0
2006,24,52,5,0,150107A201,150107,0,0,1,0,0,0,16-06-2006,,1,1,17-06-2006,,0
2006,24,52,5,0,150107A201,150107,0,0,1,0,0,0,16-06-2006,,1,1,17-06-2006,,0
2006,24,52,5,0,150107A201,150107,0,0,0,1,0,0,16-06-2006,,1,1,17-06-2006,,0
2006,24,52,5,0,150107A201,150107,0,0,0,0,1,0,16-06-2006,,1,1,17-06-2006,,0
2006,24,52,5,0,150107A201,150107,0,0,0,0,0,1,16-06-2006,,1,1,17-06-2006,,0
2006,24,52,5,0,150107A201,150107,0,2,0,0,0,0,16-06-2006,,1,2,17-06-2006,,0
2006,24,52,5,0,150107A201,150107,0,1,0,0,0,0,16-06-2006,,1,1,17-06-2006,,0
2006,27,52,5,0,150107A201,150107,0,1,0,0,0,0,07-07-2006,,1,1,08-07-2006,,0
2006,27,52,5,0,150107A201,150107,0,1,1,0,1,0,07-07-2006,,1,3,08-07-2006,,0
2006,27,52,5,0,150107A201,150107,0,1,0,0,0,0,07-07-2006,,1,1,08-07-2006,,0
2006,27,52,5,0,150107A201,150107,0,0,1,0,0,0,07-07-2006,,1,1,08-07-2006,,0
2006,27,52,5,0,150107A201,150107,0,1,0,0,0,0,07-07-2006,,1,1,08-07-2006,,0
2006,28,52,5,0,150107A201,150107,0,0,0,0,1,0,14-07-2006,,1,1,15-07-2006,,0
2006,28,52,5,0,150107A201,150107,0,0,0,0,1,0,14-07-2006,,1,1,15-07-2006,,0
2006,28,52,5,0,150107A201,150107,0,0,1,0,1,0,14-07-2006,,1,2,15-07-2006,,0
2006,28,52,5,0,150107A201,150107,1,0,0,0,0,0,14-07-2006,,1,1,15-07-2006,,0
2006,28,52,5,0,150107A201,150107,0,0,1,0,0,0,14-07-2006,,1,1,15-07-2006,,0
2006,29,52,5,0,150107A201,150107,0,1,0,0,0,0,21-07-2006,,1,1,22-07-2006,,0
2006,29,52,5,0,150107A201,150107,0,1,0,0,0,0,21-07-2006,,1,1,22-07-2006,,0
2006,29,52,5,0,150107A201,150107,1,1,0,0,0,0,21-07-2006,,1,2,22-07-2006,,0
2006,29,52,5,0,150107A201,150107,0,0,0,0,1,0,21-07-2006,,1,1,22-07-2006,,0
2006,29,52,5,0,150107A201,150107,0,1,0,0,0,0,21-07-2006,,1,1,22-07-2006,,0
2006,29,52,5,0,150107A201,150107,0,1,0,0,0,0,21-07-2006,,1,1,22-07-2006,,0
2006,31,52,5,0,150107A201,150107,1,0,0,0,0,0,04-08-2006,,1,1,05-08-2006,,0
2006,31,52,5,0,150107A201,150107,0,1,0,0,0,1,04-08-2006,,1,2,05-08-2006,,0
2006,31,52,5,0,150107A201,150107,0,0,1,0,1,0,04-08-2006,,1,2,05-08-2006,,0
2006,31,52,5,0,150107A201,150107,0,0,0,1,1,0,04-08-2006,,1,2,05-08-2006,,0
2006,31,52,5,0,150107A201,150107,0,1,0,0,0,0,04-08-2006,,1,1,05-08-2006,,0
2006,31,52,5,0,150107A201,150107,0,0,0,0,1,0,04-08-2006,,1,1,05-08-2006,,0
2006,31,52,5,0,150107A201,150107,0,2,0,0,0,0,04-08-2006,,1,2,05-08-2006,,0
2006,31,52,5,0,150107A201,150107,0,0,1,0,0,0,04-08-2006,,1,1,05-08-2006,,0
2006,31,52,5,0,150107A201,150107,0,0,0,1,0,0,04-08-2006,,1,1,05-08-2006,,0
2006,31,52,5,0,150107A201,150107,0,0,0,1,0,0,04-08-2006,,1,1,05-08-2006,,0
2006,32,52,5,0,150107A201,150107,1,0,2,2,0,0,12-08-2006,,1,5,13-08-2006,,0
2006,33,52,5,0,150107A201,150107,0,0,1,0,0,0,19-08-2006,,1,1,20-08-2006,,0
2006,33,52,5,0,150107A201,150107,0,0,0,1,0,0,19-08-2006,,1,1,20-08-2006,,0
2006,33,52,5,0,150107A201,150107,0,0,0,1,1,0,19-08-2006,,1,2,20-08-2006,,0
2006,33,52,5,0,150107A201,150107,0,1,0,0,0,0,19-08-2006,,1,1,20-08-2006,,0
2006,34,52,5,0,150107A201,150107,0,0,0,0,1,0,26-08-2006,,1,1,27-08-2006,,0
2006,35,52,5,0,150107A201,150107,0,0,1,0,0,0,01-09-2006,,1,1,02-09-2006,,0
2006,35,52,5,0,150107A201,150107,0,0,0,0,1,0,01-09-2006,,1,1,02-09-2006,,0
2006,35,52,5,0,150107A201,150107,0,0,0,0,1,0,01-09-2006,,1,1,02-09-2006,,0
2006,35,52,5,0,150107A201,150107,0,1,0,0,0,0,01-09-2006,,1,1,02-09-2006,,0
2006,36,52,5,0,150107A201,150107,0,0,1,0,0,1,08-09-2006,,1,2,09-09-2006,,0
2006,37,52,5,0,150107A201,150107,0,1,0,0,0,0,15-09-2006,,1,1,16-09-2006,,0
2006,37,52,5,0,150107A201,150107,0,0,0,1,0,0,15-09-2006,,1,1,16-09-2006,,0
2006,37,52,5,0,150107A201,150107,0,0,0,0,1,0,15-09-2006,,1,1,16-09-2006,,0
2006,37,52,5,0,150107A201,150107,0,0,1,1,0,0,15-09-2006,,1,2,16-09-2006,,0
2006,37,52,5,0,150107A201,150107,0,1,0,0,0,0,15-09-2006,,1,1,16-09-2006,,0
2006,38,52,5,0,150107A201,150107,1,0,0,0,0,0,23-09-2006,,1,1,24-09-2006,,0
2006,38,52,5,0,150107A201,150107,0,1,0,1,0,0,23-09-2006,,1,2,24-09-2006,,0
2006,38,52,5,0,150107A201,150107,0,0,0,0,1,0,23-09-2006,,1,1,24-09-2006,,0
2006,40,52,5,0,150107A201,150107,0,0,0,0,0,1,07-10-2006,,1,1,08-10-2006,,0
2006,40,52,5,0,150107A201,150107,0,0,1,1,0,0,07-10-2006,,1,2,08-10-2006,,0
2006,40,52,5,0,150107A201,150107,0,0,0,0,1,0,07-10-2006,,1,1,08-10-2006,,0
2006,40,52,5,0,150107A201,150107,0,0,0,0,0,1,07-10-2006,,1,1,08-10-2006,,0
2006,42,52,5,0,150107A201,150107,0,0,1,1,0,0,21-10-2006,,1,2,22-10-2006,,0
2006,42,52,5,0,150107A201,150107,0,0,0,0,1,0,21-10-2006,,1,1,22-10-2006,,0
2006,42,52,5,0,150107A201,150107,0,1,0,0,0,0,21-10-2006,,1,1,22-10-2006,,0
2006,42,52,5,0,150107A201,150107,0,0,1,0,0,0,21-10-2006,,1,1,22-10-2006,,0
2007,7,52,5,0,150107A201,150107,2,1,0,4,3,1,27-02-2007,0707150107A20115010701,1,11,27-02-2007,,0
2007,7,52,5,0,150107A201,150107,0,1,0,1,0,0,27-02-2007,0707150107A20115011801,1,2,27-02-2007,,0
2007,7,52,5,0,150107A201,150107,0,2,0,0,0,0,27-02-2007,0707150107A20115010301,1,2,27-02-2007,,0
2007,8,52,5,0,150107A201,150107,1,2,4,1,6,0,27-02-2007,0708150107A20115010701,1,14,27-02-2007,,0
2007,8,52,5,0,150107A201,150107,0,0,1,1,3,0,27-02-2007,0708150107A20115011801,1,5,27-02-2007,,0
2007,9,52,5,0,150107A201,150107,0,4,0,2,4,0,06-03-2007,0709150107A20115010701,1,10,06-03-2007,,0
2007,9,52,5,0,150107A201,150107,0,0,2,1,0,0,06-03-2007,0709150107A20115011801,1,3,06-03-2007,,0
2007,10,52,5,0,150107A201,150107,0,1,1,2,6,0,13-03-2007,0710150107A20115010701,1,10,13-03-2007,,0
2007,10,52,5,0,150107A201,150107,1,0,0,1,2,1,13-03-2007,0710150107A20115011801,1,5,13-03-2007,,0
2007,11,52,5,0,150107A201,150107,1,4,0,1,5,0,20-03-2007,0711150107A20115010701,1,11,20-03-2007,,0
2007,11,52,5,0,150107A201,150107,0,1,0,0,1,0,20-03-2007,0711150107A20115011801,1,2,20-03-2007,,0
2007,12,52,5,0,150107A201,150107,1,3,2,0,3,0,27-03-2007,0712150107A20115010701,1,9,27-03-2007,,0
2007,12,52,5,0,150107A201,150107,0,1,0,0,0,0,27-03-2007,0712150107A20115011801,1,1,27-03-2007,,0
2007,13,52,5,0,150107A201,150107,1,0,1,1,1,0,03-04-2007,0713150107A20115010701,1,4,03-04-2007,,0
2007,13,52,5,0,150107A201,150107,1,0,0,1,1,0,03-04-2007,0713150107A20115011801,1,3,03-04-2007,,0
2007,14,52,5,0,150107A201,150107,0,0,2,1,3,0,10-04-2007,0714150107A20115010701,1,6,10-04-2007,,0
2007,14,52,5,0,150107A201,150107,1,0,0,1,1,0,10-04-2007,0714150107A20115011801,1,3,10-04-2007,,0
2007,15,52,5,0,150107A201,150107,0,1,1,2,2,0,17-04-2007,0715150107A20115010701,1,6,17-04-2007,,0
2007,15,52,5,0,150107A201,150107,1,0,1,0,0,0,17-04-2007,0715150107A20115011801,1,2,17-04-2007,,0
2007,16,52,5,0,150107A201,150107,0,0,1,0,0,0,20-04-2007,0715150107A20115010702,1,1,20-04-2007,,49
2007,16,52,5,0,150107A201,150107,0,2,0,1,0,0,20-04-2007,0716150107A20115010701,1,3,20-04-2007,,87
2007,16,52,5,0,150107A201,150107,0,1,0,3,1,0,20-04-2007,0716150107A20115010702,1,5,20-04-2007,,119
2007,16,52,5,0,150107A201,150107,0,0,2,0,0,0,23-04-2007,0716150107A20115010703,1,2,23-04-2007,,49
2007,17,52,5,0,150107A201,150107,1,3,2,1,2,0,02-05-2007,2007150107A201150107,1,9,28-04-2007,,9
2007,17,52,5,0,150107A201,150107,0,0,1,0,1,0,02-05-2007,2007150107A201150118,1,2,28-04-2007,,2
2007,19,52,5,0,150107A201,150107,0,3,0,4,1,0,15-05-2007,2007150107A201150107,1,8,12-05-2007,,8
2007,19,52,5,0,150107A201,150107,0,1,1,0,1,0,15-05-2007,2007150107A201150118,1,3,12-05-2007,,3
2007,20,52,5,0,150107A201,150107,1,2,2,4,1,1,22-05-2007,2007150107A201150107,1,11,19-05-2007,,11
2007,20,52,5,0,150107A201,150107,0,0,1,0,2,0,22-05-2007,2007150107A201150118,1,3,19-05-2007,,3
2007,22,52,5,0,150107A201,150107,0,6,4,5,2,1,05-06-2007,2007150107A201150107,1,18,02-06-2007,,18
2007,22,52,5,0,150107A201,150107,0,1,0,2,0,0,05-06-2007,2007150107A201150118,1,3,02-06-2007,,3
2007,23,52,5,0,150107A201,150107,0,3,2,2,2,0,12-06-2007,2007150107A201150107,1,9,09-06-2007,,9
2007,23,52,5,0,150107A201,150107,0,2,0,1,0,0,12-06-2007,2007150107A201150118,1,3,09-06-2007,,3
2007,23,52,5,0,150107A201,150107,1,0,0,0,0,0,12-06-2007,2007150107A201150103,1,1,09-06-2007,,1
2007,25,52,5,0,150107A201,150107,1,1,1,1,3,0,26-06-2007,2007150107A201150107,1,7,23-06-2007,,7
2007,25,52,5,0,150107A201,150107,0,0,0,1,1,0,26-06-2007,2007150107A201150118,1,2,23-06-2007,,2
2007,26,52,5,0,150107A201,150107,1,2,1,0,0,0,03-07-2007,2007150107A201150107,1,4,30-06-2007,,4
2007,26,52,5,0,150107A201,150107,0,0,0,1,0,0,03-07-2007,2007150107A201150118,1,1,30-06-2007,,1
2007,27,52,5,0,150107A201,150107,0,2,1,1,1,0,10-07-2007,2007150107A201150107,1,5,07-07-2007,,5
2007,27,52,5,0,150107A201,150107,0,1,0,0,0,0,10-07-2007,2007150107A201150101,1,1,07-07-2007,,1
2007,28,52,5,0,150107A201,150107,2,4,0,5,2,1,17-07-2007,2007150107A201150107,1,14,14-07-2007,,14
2007,28,52,5,0,150107A201,150107,1,0,0,0,0,0,17-07-2007,2007150107A201150118,1,1,14-07-2007,,1
2007,28,52,5,0,150107A201,150107,0,0,0,1,0,0,17-07-2007,2007150107A201150115,1,1,14-07-2007,,1
2007,29,52,5,0,150107A201,150107,2,1,0,0,1,0,24-07-2007,2007150107A201150107,1,3,21-07-2007,,3
2007,31,52,5,0,150107A201,150107,0,2,0,3,0,0,07-08-2007,2007150107A201150107,1,5,04-08-2007,,5
2007,31,52,5,0,150107A201,150107,0,0,0,0,1,0,07-08-2007,2007150107A201150118,1,1,04-08-2007,,1
2007,32,52,5,0,150107A201,150107,0,0,1,0,0,0,13-08-2007,2007150107A201150103,1,1,11-08-2007,,93
2007,32,52,5,0,150107A201,150107,0,0,1,0,0,0,13-08-2007,2007150107A201150107,1,1,11-08-2007,,76
2007,32,52,5,0,150107A201,150107,0,1,0,0,0,0,13-08-2007,2007150107A201150107,1,1,11-08-2007,,62
2007,33,52,5,0,150107A201,150107,0,1,3,0,5,0,21-08-2007,2007150107A201150107,1,9,18-08-2007,,9
2007,34,52,5,0,150107A201,150107,1,2,1,0,1,1,28-08-2007,2007150107A201150107,1,6,25-08-2007,,6
2007,35,52,5,0,150107A201,150107,0,2,0,1,0,0,04-09-2007,2007150107A201150107,1,3,01-09-2007,,3
2007,35,52,5,0,150107A201,150107,0,1,0,0,0,0,04-09-2007,2007150107A201150118,1,1,01-09-2007,,1
2007,36,52,5,0,150107A201,150107,0,0,0,0,1,0,10-09-2007,2007150107A201150107,1,1,02-09-2007,,49
2007,36,52,5,0,150107A201,150107,0,0,1,0,0,0,10-09-2007,2007150107A201150107,1,1,03-09-2007,,45
2007,36,52,5,0,150107A201,150107,0,0,1,0,0,0,10-09-2007,2007150107A201150118,1,1,03-09-2007,,47
2007,36,52,5,0,150107A201,150107,0,0,1,0,0,0,10-09-2007,2007150107A201150107,1,1,04-09-2007,,92
2007,36,52,5,0,150107A201,150107,0,0,0,0,1,0,10-09-2007,2007150107A201150107,1,1,05-09-2007,,87
2007,36,52,5,0,150107A201,150107,0,1,0,2,0,0,10-09-2007,2007150107A201150107,1,3,06-09-2007,,59
2007,36,52,5,0,150107A201,150107,0,1,1,0,0,0,10-09-2007,2007150107A201150107,1,2,07-09-2007,,77
2007,37,52,5,0,150107A201,150107,0,3,0,0,0,1,18-09-2007,2007150107A201150107,1,4,15-09-2007,,4
2007,37,52,5,0,150107A201,150107,0,0,0,0,0,1,18-09-2007,2007150107A201150118,1,1,15-09-2007,,1
2007,38,52,5,0,150107A201,150107,0,0,1,1,1,0,24-09-2007,2007150107A201150107,1,3,17-09-2007,,90
2007,38,52,5,0,150107A201,150107,0,0,0,0,1,0,24-09-2007,2007150107A201150107,1,1,18-09-2007,,85
2007,38,52,5,0,150107A201,150107,0,1,0,0,0,0,24-09-2007,2007150107A201150118,1,1,18-09-2007,,1
2007,38,52,5,0,150107A201,150107,0,0,0,0,1,0,24-09-2007,2007150107A201150107,1,1,19-09-2007,,101
2007,38,52,5,0,150107A201,150107,0,0,0,1,0,0,24-09-2007,2007150107A201150107,1,1,20-09-2007,,80
2007,38,52,5,0,150107A201,150107,0,0,0,0,1,0,24-09-2007,2007150107A201150107,1,1,21-09-2007,,62
2007,39,52,5,0,150107A201,150107,0,0,0,1,1,0,01-10-2007,2007150107A201150107,1,2,23-09-2007,,34
2007,39,52,5,0,150107A201,150107,0,0,1,0,1,0,01-10-2007,2007150107A201150107,1,2,24-09-2007,,90
2007,39,52,5,0,150107A201,150107,0,0,0,0,1,0,01-10-2007,2007150107A201150107,1,1,25-09-2007,,77
2007,39,52,5,0,150107A201,150107,0,0,1,1,0,0,01-10-2007,2007150107A201150107,1,2,27-09-2007,,80
2007,39,52,5,0,150107A201,150107,0,1,0,1,0,0,01-10-2007,2007150107A201150107,1,2,29-09-2007,,78
2007,41,52,5,0,150107A201,150107,0,0,1,1,1,0,15-10-2007,2007150107A201150107,1,3,08-10-2007,,59
2007,41,52,5,0,150107A201,150107,0,0,0,0,1,0,15-10-2007,2007150107A201150107,1,1,12-10-2007,,68
2007,42,52,5,0,150107A201,150107,0,1,1,0,0,0,22-10-2007,2007150107A201150107,1,2,15-10-2007,,86
2007,42,52,5,0,150107A201,150107,0,0,0,1,0,0,22-10-2007,2007150107A201150107,1,1,16-10-2007,,84
2007,42,52,5,0,150107A201,150107,0,0,1,0,0,0,22-10-2007,2007150107A201150107,1,1,17-10-2007,,94
2007,42,52,5,0,150107A201,150107,0,3,0,1,1,0,22-10-2007,2007150107A201150107,1,5,19-10-2007,,86
2007,43,52,5,0,150107A201,150107,0,1,1,1,0,0,29-10-2007,2007150107A201150107,1,3,23-10-2007,,90
2007,43,52,5,0,150107A201,150107,1,0,0,0,0,0,29-10-2007,2007150107A201150118,1,1,23-10-2007,,6
2007,43,52,5,0,150107A201,150107,1,1,0,1,1,0,29-10-2007,2007150107A201150107,1,4,25-10-2007,,80
2007,43,52,5,0,150107A201,150107,0,0,0,0,1,0,29-10-2007,2007150107A201150118,1,1,25-10-2007,,2
2007,43,52,5,0,150107A201,150107,0,2,0,0,0,0,29-10-2007,2007150107A201150118,1,2,26-10-2007,,58
2007,44,52,5,0,150107A201,150107,0,0,0,1,0,0,05-11-2007,2007150107A201150103,1,1,28-10-2007,,68
2007,44,52,5,0,150107A201,150107,0,4,0,0,0,0,05-11-2007,2007150107A201150107,1,4,29-10-2007,,54
2007,44,52,5,0,150107A201,150107,0,1,0,0,0,0,05-11-2007,2007150107A201150107,1,1,30-10-2007,,74
2007,44,52,5,0,150107A201,150107,0,1,0,0,0,0,05-11-2007,2007150107A201150107,1,1,31-10-2007,,90
2007,44,52,5,0,150107A201,150107,0,1,0,0,0,0,05-11-2007,2007150107A201150107,1,1,01-11-2007,,44
2007,44,52,5,0,150107A201,150107,0,1,0,0,0,0,05-11-2007,2007150107A201150107,1,1,03-11-2007,,67
2007,45,52,5,0,150107A201,150107,0,1,0,0,1,0,12-11-2007,2007150107A201150107,1,2,04-11-2007,,32
2007,45,52,5,0,150107A201,150107,1,0,0,0,0,0,12-11-2007,2007150107A201150107,1,1,05-11-2007,,69
2007,45,52,5,0,150107A201,150107,1,0,0,0,0,0,12-11-2007,2007150107A201150118,1,1,05-11-2007,,8
2007,45,52,5,0,150107A201,150107,0,1,0,0,0,0,12-11-2007,2007150107A201150118,1,1,07-11-2007,,44
2007,45,52,5,0,150107A201,150107,1,1,0,0,0,0,12-11-2007,2007150107A201150107,1,2,08-11-2007,,66
2007,45,52,5,0,150107A201,150107,1,0,0,0,0,0,12-11-2007,2007150107A201150107,1,1,09-11-2007,,55
2007,46,52,5,0,150107A201,150107,0,1,0,0,0,0,19-11-2007,2007150107A201150107,1,1,11-11-2007,,46
2007,46,52,5,0,150107A201,150107,0,1,0,0,0,0,19-11-2007,2007150107A201150107,1,1,12-11-2007,,105
2007,46,52,5,0,150107A201,150107,0,2,0,0,0,0,19-11-2007,2007150107A201150107,1,2,14-11-2007,,30
2007,46,52,5,0,150107A201,150107,0,1,0,0,0,0,19-11-2007,2007150107A201150118,1,1,14-11-2007,,4
2007,47,52,5,0,150107A201,150107,0,0,0,1,0,0,26-11-2007,2007150107A201150107,1,1,20-11-2007,,65
2007,47,52,5,0,150107A201,150107,0,1,0,0,1,0,26-11-2007,2007150107A201150107,1,2,24-11-2007,,49
2007,47,52,5,0,150107A201,150107,0,0,0,0,1,0,26-11-2007,2007150107A201150118,1,1,24-11-2007,,2
2007,48,52,5,0,150107A201,150107,0,0,1,0,1,0,04-12-2007,2007150107A201150107,1,2,26-11-2007,,115
2007,48,52,5,0,150107A201,150107,0,0,0,0,1,0,04-12-2007,2007150107A201150107,1,1,30-11-2007,,60
2007,48,52,5,0,150107A201,150107,1,0,0,0,0,0,04-12-2007,2007150107A201150107,1,1,27-11-2007,,92
2007,49,52,5,0,150107A201,150107,1,0,1,0,1,0,10-12-2007,2007150107A201150107,1,3,05-12-2007,,74
2007,49,52,5,0,150107A201,150107,0,1,0,0,0,0,10-12-2007,2007150107A201150107,1,1,07-12-2007,,70
2007,49,52,5,0,150107A201,150107,0,0,0,1,0,0,10-12-2007,2007150107A201150107,1,1,08-12-2007,,66
2007,50,52,5,0,150107A201,150107,1,0,0,0,0,0,17-12-2007,2007150107A201150107,1,1,09-12-2007,,108
2007,50,52,5,0,150107A201,150107,0,0,0,0,1,0,17-12-2007,2007150107A201150118,1,1,12-12-2007,,92
2007,51,52,5,0,150107A201,150107,0,0,0,0,1,0,26-12-2007,2007150107A201150107,1,1,16-12-2007,,35
2007,51,52,5,0,150107A201,150107,0,1,0,1,0,0,26-12-2007,2007150107A201150107,1,2,17-12-2007,,93
2007,51,52,5,0,150107A201,150107,0,1,0,0,1,0,26-12-2007,2007150107A201150107,1,2,18-12-2007,,64
2007,51,52,5,0,150107A201,150107,0,0,0,0,1,0,26-12-2007,2007150107A201150135,1,1,18-12-2007,,1
2007,51,52,5,0,150107A201,150107,0,1,0,0,2,0,26-12-2007,2007150107A201150107,1,3,19-12-2007,,84
2007,51,52,5,0,150107A201,150107,0,1,0,0,0,0,26-12-2007,2007150107A201150107,1,1,20-12-2007,,77
2007,51,52,5,0,150107A201,150107,0,0,0,1,0,0,26-12-2007,2007150107A201150107,1,1,22-12-2007,,76
2007,52,52,5,0,150107A201,150107,1,2,1,2,1,0,02-01-2008,2007150107A201150107,1,7,29-12-2007,,7
2007,52,52,5,0,150107A201,150107,1,2,0,0,1,0,02-01-2008,2007150107A201150118,1,4,29-12-2007,,4
2008,1,52,5,0,150107A201,150107,0,0,0,0,1,0,07-01-2008,2008150107A201150107,1,1,31-01-2007,,59
2008,1,52,5,0,150107A201,150107,1,0,0,0,0,0,07-01-2008,2008150107A201150107,1,1,01-01-2008,,40
2008,1,52,5,0,150107A201,150107,0,0,1,0,1,0,07-01-2008,2008150107A201150107,1,2,03-01-2008,,85
2008,1,52,5,0,150107A201,150107,0,0,0,0,1,0,07-01-2008,2008150107A201150107,1,1,04-01-2008,,83
2008,2,52,5,0,150107A201,150107,0,0,0,0,1,0,14-01-2008,2008150107A201150107,1,1,07-01-2007,,94
2008,2,52,5,0,150107A201,150107,0,0,0,1,0,0,14-01-2008,2008150107A201150107,1,1,08-01-2007,,82
2008,2,52,5,0,150107A201,150107,0,1,0,0,0,0,14-01-2008,2008150107A201150107,1,1,09-01-2007,,85
2008,2,52,5,0,150107A201,150107,0,0,1,0,0,0,14-01-2008,2008150107A201150107,1,1,10-01-2007,,95
2008,2,52,5,0,150107A201,150107,1,0,0,0,0,0,14-01-2008,2008150107A201150107,1,1,11-01-2007,,74
2008,2,52,5,0,150107A201,150107,0,0,0,0,1,0,14-01-2008,2008150107A201150107,1,1,12-01-2007,,47
2008,4,52,5,0,150107A201,150107,0,0,0,0,1,0,28-01-2008,2008150107A201150107,1,1,22-01-2008,,89
2008,4,52,5,0,150107A201,150107,0,0,1,0,0,0,28-01-2008,2008150107A201150107,1,1,23-01-2008,,71
2008,4,52,5,0,150107A201,150107,0,0,0,1,0,0,28-01-2008,2008150107A201150107,1,1,25-01-2008,,76
2008,6,52,5,0,150107A201,150107,0,1,0,0,0,0,11-02-2008,2008150107A201150107,1,1,04-02-2008,,75
2008,6,52,5,0,150107A201,150107,0,0,1,0,0,0,11-02-2008,2008150107A201150107,1,1,05-02-2008,,93
2008,6,52,5,0,150107A201,150107,0,1,0,0,0,0,11-02-2008,2008150107A201150107,1,1,06-02-2008,,89
2008,6,52,5,0,150107A201,150107,0,0,0,0,1,0,11-02-2008,2008150107A201150107,1,1,07-02-2008,,98
2008,6,52,5,0,150107A201,150107,0,0,0,0,1,0,11-02-2008,2008150107A201150118,1,1,08-02-2008,,81
2008,7,52,5,0,150107A201,150107,0,0,0,0,1,0,18-02-2008,2008150107A201150118,1,1,11-02-2008,,104
2008,7,52,5,0,150107A201,150107,0,0,0,1,0,0,18-02-2008,2008150107A201150107,1,1,15-02-2008,,76
2008,8,52,5,0,150107A201,150107,0,0,0,1,0,0,25-02-2008,2008150107A201150107,1,1,17-02-2008,,51
2008,8,52,5,0,150107A201,150107,0,1,0,0,1,0,25-02-2008,2008150107A201150107,1,2,20-02-2008,,87
2008,8,52,5,0,150107A201,150107,0,0,0,0,1,0,25-02-2008,2008150107A201150107,1,1,22-02-2008,,82
2008,8,52,5,0,150107A201,150107,0,1,0,1,1,0,25-02-2008,2008150107A201150107,1,3,23-02-2008,,86
2008,9,52,5,0,150107A201,150107,0,1,1,0,0,0,03-03-2008,2008150107A201150107,1,2,27-02-2008,,105
2008,9,52,5,0,150107A201,150107,1,0,0,0,0,0,03-03-2008,2008150107A201150118,1,1,27-02-2008,,2
2008,9,52,5,0,150107A201,150107,0,0,0,1,1,0,03-03-2008,2008150107A201150107,1,2,28-02-2008,,99
2008,10,52,5,0,150107A201,150107,0,0,0,0,1,0,10-03-2008,2008150107A201150107,1,1,03-03-2008,,101
2008,10,52,5,0,150107A201,150107,0,1,0,0,0,0,10-03-2008,2008150107A201150118,1,1,04-03-2008,,89
2008,10,52,5,0,150107A201,150107,3,0,1,1,1,0,10-03-2008,2008150107A201150107,1,6,05-03-2008,,80
2008,10,52,5,0,150107A201,150107,0,0,0,0,1,0,10-03-2008,2008150107A201150118,1,1,05-03-2008,,3
2008,10,52,5,0,150107A201,150107,1,0,0,1,0,0,10-03-2008,2008150107A201150107,1,2,07-03-2008,,90
2008,10,52,5,0,150107A201,150107,0,0,1,0,0,0,10-03-2008,2008150107A201150118,1,1,07-03-2008,,2
2008,12,52,5,0,150107A201,150107,0,0,1,0,0,0,25-03-2008,2008150107A201150107,1,1,17-03-2008,,126
2008,12,52,5,0,150107A201,150107,0,0,0,0,1,0,25-03-2008,2008150107A201150107,1,1,19-03-2008,,70
2008,12,52,5,0,150107A201,150107,0,0,0,0,0,1,25-03-2008,2008150107A201150118,1,1,19-03-2008,,5
2008,12,52,5,0,150107A201,150107,0,1,0,2,1,0,25-03-2008,2008150107A201150107,1,4,20-03-2008,,46
2008,12,52,5,0,150107A201,150107,1,0,0,0,1,0,25-03-2008,2008150107A201150118,1,2,20-03-2008,,9
2008,12,52,5,0,150107A201,150107,1,1,0,1,1,0,25-03-2008,2008150107A201150107,1,4,21-03-2008,,48
2008,12,52,5,0,150107A201,150107,0,1,0,1,0,0,25-03-2008,2008150107A201150107,1,2,22-03-2008,,23
2008,13,52,5,0,150107A201,150107,0,1,0,0,0,0,31-03-2008,2008150107A201150107,1,1,24-03-2008,,105
2008,13,52,5,0,150107A201,150107,0,0,1,0,1,0,31-03-2008,2008150107A201150107,1,2,25-03-2008,,107
2008,13,52,5,0,150107A201,150107,1,0,0,1,0,0,31-03-2008,2008150107A201150107,1,2,26-03-2008,,73
2008,13,52,5,0,150107A201,150107,0,1,1,0,0,1,31-03-2008,2008150107A201150107,1,3,27-03-2008,,100
2008,13,52,5,0,150107A201,150107,0,1,0,0,1,0,31-03-2008,2008150107A201150107,1,2,28-03-2008,,76
2008,13,52,5,0,150107A201,150107,0,0,0,1,0,0,31-03-2008,2008150107A201150107,1,1,29-03-2008,,77
2008,14,52,5,0,150107A201,150107,0,0,1,0,0,0,08-04-2008,2008150107A201150107,1,1,30-03-2008,,36
2008,14,52,5,0,150107A201,150107,1,0,0,1,0,0,08-04-2008,2008150107A201150107,1,2,31-03-2008,,96
2008,14,52,5,0,150107A201,150107,0,0,1,0,0,0,08-04-2008,2008150107A201150107,1,1,01-04-2008,,103
2008,14,52,5,0,150107A201,150107,0,1,0,0,0,0,08-04-2008,2008150107A201150118,1,1,02-04-2008,,143
2008,14,52,5,0,150107A201,150107,1,0,0,0,0,1,08-04-2008,2008150107A201150107,1,2,03-04-2008,,114
2008,14,52,5,0,150107A201,150107,0,0,0,1,0,0,08-04-2008,2008150107A201150118,1,1,05-04-2008,,200
2008,15,52,5,0,150107A201,150107,1,0,0,0,1,0,14-04-2008,2008150107A201150107,1,2,06-04-2008,,70
2008,15,52,5,0,150107A201,150107,0,0,0,1,0,0,14-04-2008,2008150107A201150107,1,1,07-04-2008,,80
2008,15,52,5,0,150107A201,150107,0,1,0,0,0,0,14-04-2008,2008150107A201150107,1,1,09-04-2008,,94
2008,15,52,5,0,150107A201,150107,0,0,1,0,0,0,14-04-2008,2008150107A201150118,1,1,10-04-2008,,4
2008,15,52,5,0,150107A201,150107,0,0,0,0,0,1,14-04-2008,2008150107A201150107,1,1,10-04-2008,,90
2008,15,52,5,0,150107A201,150107,0,1,0,0,0,0,14-04-2008,2008150107A201150107,1,1,11-04-2008,,80
2008,15,52,5,0,150107A201,150107,0,0,0,1,0,0,14-04-2008,2008150107A201150118,1,1,11-04-2008,,8
2008,15,52,5,0,150107A201,150107,1,0,0,0,1,0,14-04-2008,2008150107A201150107,1,2,12-04-2008,,69
2008,16,52,5,0,150107A201,150107,0,0,0,0,1,0,21-04-2008,2008150107A201150107,1,1,13-04-2008,,81
2008,16,52,5,0,150107A201,150107,0,0,0,1,0,0,21-04-2008,2008150107A201150107,1,1,14-04-2008,,67
2008,16,52,5,0,150107A201,150107,1,0,0,0,0,0,21-04-2008,2008150107A201150107,1,1,15-04-2008,,78
2008,16,52,5,0,150107A201,150107,0,1,0,0,0,0,21-04-2008,2008150107A201150107,1,1,16-04-2008,,93
2008,16,52,5,0,150107A201,150107,0,0,1,0,0,1,21-04-2008,2008150107A201150107,1,2,17-04-2008,,98
2008,16,52,5,0,150107A201,150107,0,1,0,1,0,1,21-04-2008,2008150107A201150107,1,3,19-04-2008,,79
2008,17,52,5,0,150107A201,150107,0,0,0,0,0,1,28-04-2008,2008150107A201150107,1,1,20-04-2008,,137
2008,17,52,5,0,150107A201,150107,0,1,0,0,0,0,28-04-2008,2008150107A201150107,1,1,21-04-2008,,132
2008,17,52,5,0,150107A201,150107,0,0,0,1,0,0,28-04-2008,2008150107A201150107,1,1,22-04-2008,,74
2008,17,52,5,0,150107A201,150107,1,0,0,0,0,0,28-04-2008,2008150107A201150118,1,1,23-04-2008,,101
2008,17,52,5,0,150107A201,150107,0,0,1,0,0,1,28-04-2008,2008150107A201150107,1,2,24-04-2008,,92
2008,17,52,5,0,150107A201,150107,1,0,0,0,0,0,28-04-2008,2008150107A201150107,1,1,26-04-2008,,65
2008,17,52,5,0,150107A201,150107,0,0,0,0,0,1,28-04-2008,2008150107A201150118,1,1,26-04-2008,,4
2008,18,52,5,0,150107A201,150107,1,0,1,0,1,0,05-05-2008,2008150107A201150107,1,3,27-04-2008,,62
2008,18,52,5,0,150107A201,150107,0,0,0,0,0,1,05-05-2008,2008150107A201150107,1,1,28-04-2008,,90
2008,18,52,5,0,150107A201,150107,0,1,0,0,1,0,05-05-2008,2008150107A201150107,1,2,30-04-2008,,98
2008,18,52,5,0,150107A201,150107,0,0,0,1,0,0,05-05-2008,2008150107A201150118,1,1,02-05-2008,,89
2008,18,52,5,0,150107A201,150107,1,0,1,0,1,0,05-05-2008,2008150107A201150107,1,3,03-05-2008,,76
2008,19,52,5,0,150107A201,150107,0,0,0,1,0,0,12-05-2008,2008150107A201150107,1,1,05-05-2008,,133
2008,19,52,5,0,150107A201,150107,1,0,0,0,0,1,12-05-2008,2008150107A201150107,1,2,06-05-2008,,86
2008,19,52,5,0,150107A201,150107,0,0,1,0,0,0,12-05-2008,2008150107A201150107,1,1,08-05-2008,,77
2008,19,52,5,0,150107A201,150107,0,1,0,0,1,0,12-05-2008,2008150107A201150107,1,2,10-05-2008,,90
2008,19,52,5,0,150107A201,150107,1,0,0,0,0,0,12-05-2008,2008150107A201150118,1,1,10-05-2008,,5
2008,20,52,5,0,150107A201,150107,0,1,0,0,0,0,19-05-2008,2008150107A201150107,1,1,11-05-2008,,32
2008,20,52,5,0,150107A201,150107,0,1,1,0,0,1,19-05-2008,2008150107A201150107,1,3,12-05-2008,,132
2008,20,52,5,0,150107A201,150107,1,0,0,1,0,1,19-05-2008,2008150107A201150107,1,3,13-05-2008,,103
2008,20,52,5,0,150107A201,150107,0,1,1,0,0,0,19-05-2008,2008150107A201150107,1,2,14-05-2008,,88
2008,20,52,5,0,150107A201,150107,0,1,0,0,0,0,19-05-2008,2008150107A201150107,1,1,15-05-2008,,59
2008,20,52,5,0,150107A201,150107,0,0,0,1,0,0,19-05-2008,2008150107A201150118,1,1,16-05-2008,,65
2008,20,52,5,0,150107A201,150107,0,0,0,0,1,0,19-05-2008,2008150107A201150107,1,1,17-05-2008,,34
2008,22,52,5,0,150107A201,150107,0,0,0,0,1,0,02-06-2008,2008150107A201150107,1,1,26-05-2008,,133
2008,22,52,5,0,150107A201,150107,1,0,0,0,0,0,02-06-2008,2008150107A201150107,1,1,27-05-2008,,78
2008,22,52,5,0,150107A201,150107,0,0,0,1,0,0,02-06-2008,2008150107A201150118,1,1,28-05-2008,,89
2008,22,52,5,0,150107A201,150107,0,0,0,0,1,0,02-06-2008,2008150107A201150107,1,1,29-05-2008,,77
2008,22,52,5,0,150107A201,150107,0,1,1,0,0,0,02-06-2008,2008150107A201150107,1,2,30-05-2008,,89
2008,22,52,5,0,150107A201,150107,0,0,0,0,0,1,02-06-2008,2008150107A201150107,1,1,31-05-2008,,95
2008,23,52,5,0,150107A201,150107,1,0,1,0,0,0,09-06-2008,2008150107A201150107,1,2,02-06-2008,,98
2008,23,52,5,0,150107A201,150107,0,0,0,0,1,0,09-06-2008,2008150107A201150107,1,1,03-06-2008,,73
2008,23,52,5,0,150107A201,150107,1,0,0,1,0,0,09-06-2008,2008150107A201150107,1,2,04-06-2008,,86
2008,23,52,5,0,150107A201,150107,0,1,0,0,0,0,09-06-2008,2008150107A201150107,1,1,06-06-2008,,75
2008,23,52,5,0,150107A201,150107,0,0,0,0,1,0,09-06-2008,2008150107A201150107,1,1,07-06-2008,,80
2008,25,52,5,0,150107A201,150107,1,0,0,0,1,1,23-06-2008,2008150107A201150107,1,3,16-06-2008,,69
2008,25,52,5,0,150107A201,150107,0,0,1,0,0,0,23-06-2008,2008150107A201150107,1,1,18-06-2008,,72
2008,25,52,5,0,150107A201,150107,1,1,0,0,0,1,23-06-2008,2008150107A201150107,1,3,19-06-2008,,66
2008,25,52,5,0,150107A201,150107,0,0,0,1,0,0,23-06-2008,2008150107A201150107,1,1,20-06-2008,,50
2008,25,52,5,0,150107A201,150107,1,0,0,0,0,0,23-06-2008,2008150107A201150107,1,1,21-06-2008,,68
2008,26,52,5,0,150107A201,150107,0,0,0,0,0,1,30-06-2008,2008150107A201150107,1,1,24-06-2008,,69
2008,26,52,5,0,150107A201,150107,1,0,0,0,0,0,30-06-2008,2008150107A201150107,1,1,25-06-2008,,71
2008,26,52,5,0,150107A201,150107,0,0,0,1,1,0,30-06-2008,2008150107A201150107,1,2,26-06-2008,,54
2008,26,52,5,0,150107A201,150107,0,0,1,0,0,0,30-06-2008,2008150107A201150107,1,1,27-06-2008,,63
2008,27,52,5,0,150107A201,150107,0,1,0,0,0,1,07-07-2008,2008150107A201150107,1,2,30-06-2008,,133
2008,27,52,5,0,150107A201,150107,1,0,0,0,0,0,07-07-2008,2008150107A201150118,1,1,01-07-2008,,10
2008,27,52,5,0,150107A201,150107,0,0,0,1,0,0,07-07-2008,2008150107A201150107,1,1,01-07-2008,,125
2008,27,52,5,0,150107A201,150107,0,0,0,0,1,0,07-07-2008,2008150107A201150107,1,1,02-07-2008,,84
2008,27,52,5,0,150107A201,150107,0,1,0,0,0,0,07-07-2008,2008150107A201150107,1,1,03-07-2008,,90
2008,27,52,5,0,150107A201,150107,0,0,0,1,0,0,07-07-2008,2008150107A201150107,1,1,04-07-2008,,75
2008,27,52,5,0,150107A201,150107,0,0,1,0,0,0,07-07-2008,2008150107A201150107,1,1,05-07-2008,,97
2008,28,52,5,0,150107A201,150107,0,0,0,1,0,0,14-07-2008,2008150107A201150107,1,1,08-07-2008,,105
2008,28,52,5,0,150107A201,150107,0,0,1,0,0,0,14-07-2008,2008150107A201150107,1,1,10-07-2008,,75
2008,28,52,5,0,150107A201,150107,1,0,0,0,0,0,14-07-2008,2008150107A201150107,1,1,11-07-2008,,75
2008,29,52,5,0,150107A201,150107,0,1,0,0,1,0,21-07-2008,2008150107A201150107,1,2,18-07-2008,,36
2008,29,52,5,0,150107A201,150107,0,0,0,1,0,0,21-07-2008,2008150107A201150107,1,1,17-07-2008,,55
2008,30,52,5,0,150107A201,150107,1,0,1,1,1,0,30-07-2008,2008150107A201150107,1,4,26-07-2008,,4
2008,31,52,5,0,150107A201,150107,1,0,0,0,0,0,05-08-2008,2008150107A201150107,1,1,27-07-2008,,21
2008,31,52,5,0,150107A201,150107,0,0,0,1,0,0,05-08-2008,2008150107A201150107,1,1,28-07-2008,,24
2008,31,52,5,0,150107A201,150107,0,0,1,0,0,0,05-08-2008,2008150107A201150107,1,1,29-07-2008,,17
2008,31,52,5,0,150107A201,150107,1,0,0,0,0,1,05-08-2008,2008150107A201150107,1,2,30-07-2008,,67
2008,31,52,5,0,150107A201,150107,0,0,0,0,1,0,05-08-2008,2008150107A201150107,1,1,31-07-2008,,82
2008,31,52,5,0,150107A201,150107,0,1,0,0,0,0,05-08-2008,2008150107A201150107,1,1,01-08-2008,,90
2008,31,52,5,0,150107A201,150107,0,0,1,0,0,0,05-08-2008,2008150107A201150107,1,1,02-08-2008,,86
2008,32,52,5,0,150107A201,150107,0,1,0,0,0,0,12-08-2008,2008150107A201150107,1,1,03-08-2008,,92
2008,32,52,5,0,150107A201,150107,0,0,0,1,0,0,12-08-2008,2008150107A201150107,1,1,04-08-2008,,104
2008,32,52,5,0,150107A201,150107,0,0,0,0,1,0,12-08-2008,2008150107A201150107,1,1,05-08-2008,,82
2008,32,52,5,0,150107A201,150107,1,0,0,0,0,0,12-08-2008,2008150107A201150107,1,1,06-08-2008,,85
2008,32,52,5,0,150107A201,150107,0,0,0,0,0,1,12-08-2008,2008150107A201150107,1,1,08-08-2008,,85
2008,32,52,5,0,150107A201,150107,0,0,1,0,0,0,12-08-2008,2008150107A201150107,1,1,09-08-2008,,110
2008,33,52,5,0,150107A201,150107,0,0,0,0,0,1,18-08-2008,2008150107A201150107,1,1,10-08-2008,,92
2008,33,52,5,0,150107A201,150107,1,0,0,0,0,0,18-08-2008,2008150107A201150107,1,1,11-08-2008,,89
2008,33,52,5,0,150107A201,150107,0,1,1,0,0,0,18-08-2008,2008150107A201150107,1,2,12-08-2008,,89
2008,33,52,5,0,150107A201,150107,0,0,0,0,1,0,18-08-2008,2008150107A201150107,1,1,13-08-2008,,76
2008,33,52,5,0,150107A201,150107,1,0,1,0,0,0,18-08-2008,2008150107A201150107,1,2,15-08-2008,,91
2008,33,52,5,0,150107A201,150107,0,0,0,1,0,0,18-08-2008,2008150107A201150107,1,1,16-08-2008,,38
2008,34,52,5,0,150107A201,150107,0,0,0,1,0,0,25-08-2008,2008150107A201150107,1,1,19-08-2008,,100
2008,34,52,5,0,150107A201,150107,1,0,0,0,0,0,25-08-2008,2008150107A201150118,1,1,19-08-2008,,6
2008,34,52,5,0,150107A201,150107,0,0,1,0,0,0,25-08-2008,2008150107A201150107,1,1,20-08-2008,,62
2008,34,52,5,0,150107A201,150107,0,1,0,0,0,1,25-08-2008,2008150107A201150107,1,2,22-08-2008,,57
2008,34,52,5,0,150107A201,150107,0,1,0,0,0,0,25-08-2008,2008150107A201150107,1,1,23-08-2008,,68
2008,35,52,5,0,150107A201,150107,0,1,0,0,0,0,02-09-2008,2008150107A201150107,1,1,25-08-2008,,111
2008,35,52,5,0,150107A201,150107,0,1,0,0,1,1,02-09-2008,2008150107A201150107,1,3,26-08-2008,,81
2008,35,52,5,0,150107A201,150107,0,1,0,1,0,0,02-09-2008,2008150107A201150107,1,2,28-08-2008,,75
2008,35,52,5,0,150107A201,150107,0,0,1,0,0,0,02-09-2008,2008150107A201150107,1,1,30-08-2008,,28
2008,38,52,5,0,150107A201,150107,0,0,0,0,1,0,22-09-2008,2008150107A201150107,1,1,15-09-2008,,49
2008,38,52,5,0,150107A201,150107,0,0,1,0,0,0,22-09-2008,2008150107A201150107,1,1,17-09-2008,,84
2008,38,52,5,0,150107A201,150107,1,0,0,0,0,0,22-09-2008,2008150107A201150118,1,1,17-09-2008,,5
2008,38,52,5,0,150107A201,150107,0,0,0,1,0,0,22-09-2008,2008150107A201150103,1,1,17-09-2008,,5
2008,38,52,5,0,150107A201,150107,1,0,0,0,0,0,22-09-2008,2008150107A201150107,1,1,19-09-2008,,83
2008,39,52,5,0,150107A201,150107,0,1,0,0,0,0,29-09-2008,2008150107A201150107,1,1,21-09-2008,,129
2008,39,52,5,0,150107A201,150107,0,0,0,0,0,1,29-09-2008,2008150107A201150107,1,1,22-09-2008,,87
2008,39,52,5,0,150107A201,150107,0,0,1,0,0,0,29-09-2008,2008150107A201150107,1,1,23-09-2008,,103
2008,39,52,5,0,150107A201,150107,0,0,0,1,0,0,29-09-2008,2008150107A201150107,1,1,24-09-2008,,91
2008,39,52,5,0,150107A201,150107,1,0,0,0,0,0,29-09-2008,2008150107A201150118,1,1,24-09-2008,,10
2008,39,52,5,0,150107A201,150107,0,0,0,0,1,0,29-09-2008,2008150107A201150107,1,1,26-09-2008,,55
2008,40,52,5,0,150107A201,150107,0,0,0,1,0,1,06-10-2008,2008150107A201150107,1,2,29-09-2008,,75
2008,40,52,5,0,150107A201,150107,1,0,0,0,0,0,06-10-2008,2008150107A201150107,1,1,28-09-2008,,50
2008,40,52,5,0,150107A201,150107,1,1,0,0,0,0,06-10-2008,2008150107A201150107,1,2,30-09-2008,,96
2008,40,52,5,0,150107A201,150107,0,0,1,0,0,1,06-10-2008,2008150107A201150107,1,2,02-10-2008,,86
2008,41,52,5,0,150107A201,150107,1,0,1,0,2,0,14-10-2008,2008150107A201150107,1,4,11-10-2008,,4
2008,41,52,5,0,150107A201,150107,1,1,0,1,0,2,14-10-2008,2008150107A201150118,1,5,11-10-2008,,5
2008,42,52,5,0,150107A201,150107,1,1,0,0,0,0,20-10-2008,2008150107A201150107,1,2,13-10-2008,,102
2008,42,52,5,0,150107A201,150107,1,0,0,0,0,1,20-10-2008,2008150107A201150107,1,2,15-10-2008,,87
2008,42,52,5,0,150107A201,150107,1,0,0,0,0,0,20-10-2008,2008150107A201150107,1,1,16-10-2008,,65
2008,42,52,5,0,150107A201,150107,0,0,1,0,0,1,20-10-2008,2008150107A201150107,1,2,17-10-2008,,80
2008,42,52,5,0,150107A201,150107,0,0,0,1,0,0,20-10-2008,2008150107A201150107,1,1,18-10-2008,,32
2008,43,52,5,0,150107A201,150107,1,0,0,0,0,0,27-10-2008,2008150107A201150107,1,1,20-10-2008,,105
2008,43,52,5,0,150107A201,150107,0,0,0,0,0,1,27-10-2008,2008150107A201150107,1,1,21-10-2008,,107
2008,43,52,5,0,150107A201,150107,0,1,0,0,0,0,27-10-2008,2008150107A201150107,1,1,22-10-2008,,95
2008,43,52,5,0,150107A201,150107,1,0,0,1,0,0,27-10-2008,2008150107A201150107,1,2,23-10-2008,,83
2008,43,52,5,0,150107A201,150107,0,0,0,0,1,0,27-10-2008,2008150107A201150107,1,1,25-10-2008,,84
2008,44,52,5,0,150107A201,150107,0,0,1,0,0,0,03-11-2008,2008150107A201150107,1,1,26-10-2008,,88
2008,44,52,5,0,150107A201,150107,1,0,1,0,0,1,03-11-2008,2008150107A201150107,1,3,27-10-2008,,95
2008,44,52,5,0,150107A201,150107,0,0,0,0,1,0,03-11-2008,2008150107A201150107,1,1,29-10-2008,,96
2008,44,52,5,0,150107A201,150107,0,1,0,0,0,0,03-11-2008,2008150107A201150107,1,1,30-10-2008,,73
2008,44,52,5,0,150107A201,150107,0,0,0,1,0,0,03-11-2008,2008150107A201150107,1,1,01-11-2008,,16
2008,45,52,5,0,150107A201,150107,1,0,0,0,0,0,10-11-2008,2008150107A201150107,1,1,03-11-2008,,111
2008,45,52,5,0,150107A201,150107,0,1,0,0,1,0,10-11-2008,2008150107A201150107,1,2,04-11-2008,,95
2008,45,52,5,0,150107A201,150107,0,0,0,1,0,0,10-11-2008,2008150107A201150107,1,1,05-11-2008,,100
2008,45,52,5,0,150107A201,150107,0,0,0,0,0,1,10-11-2008,2008150107A201150107,1,1,07-11-2008,,69
2008,45,52,5,0,150107A201,150107,1,0,0,0,0,1,10-11-2008,2008150107A201150107,1,2,08-11-2008,,85
2008,46,52,5,0,150107A201,150107,0,0,1,0,0,0,17-11-2008,2008150107A201150107,1,1,10-11-2008,,77
2008,46,52,5,0,150107A201,150107,1,0,0,0,0,0,17-11-2008,2008150107A201150118,1,1,10-11-2008,,10
2008,46,52,5,0,150107A201,150107,0,0,1,0,0,1,17-11-2008,2008150107A201150107,1,2,12-11-2008,,81
2008,46,52,5,0,150107A201,150107,0,0,0,1,0,0,17-11-2008,2008150107A201150107,1,1,13-11-2008,,98
2008,46,52,5,0,150107A201,150107,1,0,0,0,0,0,17-11-2008,2008150107A201150107,1,1,14-11-2008,,80
2008,47,52,5,0,150107A201,150107,0,1,0,0,0,0,24-11-2008,2008150107A201150107,1,1,16-11-2008,,104
2008,47,52,5,0,150107A201,150107,0,0,1,0,0,0,24-11-2008,2008150107A201150107,1,1,17-11-2008,,110
2008,47,52,5,0,150107A201,150107,1,0,0,0,0,0,24-11-2008,2008150107A201150107,1,1,18-11-2008,,96
2008,47,52,5,0,150107A201,150107,0,0,0,0,1,0,24-11-2008,2008150107A201150107,1,1,19-11-2008,,82
2008,47,52,5,0,150107A201,150107,1,0,0,1,0,0,24-11-2008,2008150107A201150107,1,2,22-11-2008,,72
2008,1,52,5,0,150107A201,150107,0,0,0,0,1,0,07-01-2008,2008150107A201150107,1,1,31-01-2007,,59
2008,1,52,5,0,150107A201,150107,1,0,0,0,0,0,07-01-2008,2008150107A201150107,1,1,01-01-2008,,40
2008,1,52,5,0,150107A201,150107,0,0,1,0,1,0,07-01-2008,2008150107A201150107,1,2,03-01-2008,,85
2008,1,52,5,0,150107A201,150107,0,0,0,0,1,0,07-01-2008,2008150107A201150107,1,1,04-01-2008,,83
2008,2,52,5,0,150107A201,150107,0,0,0,0,1,0,14-01-2008,2008150107A201150107,1,1,07-01-2007,,94
2008,2,52,5,0,150107A201,150107,0,0,0,1,0,0,14-01-2008,2008150107A201150107,1,1,08-01-2007,,82
2008,2,52,5,0,150107A201,150107,0,1,0,0,0,0,14-01-2008,2008150107A201150107,1,1,09-01-2007,,85
2008,2,52,5,0,150107A201,150107,0,0,1,0,0,0,14-01-2008,2008150107A201150107,1,1,10-01-2007,,95
2008,2,52,5,0,150107A201,150107,1,0,0,0,0,0,14-01-2008,2008150107A201150107,1,1,11-01-2007,,74
2008,2,52,5,0,150107A201,150107,0,0,0,0,1,0,14-01-2008,2008150107A201150107,1,1,12-01-2007,,47
2008,4,52,5,0,150107A201,150107,0,0,0,0,1,0,28-01-2008,2008150107A201150107,1,1,22-01-2008,,89
2008,4,52,5,0,150107A201,150107,0,0,1,0,0,0,28-01-2008,2008150107A201150107,1,1,23-01-2008,,71
2008,4,52,5,0,150107A201,150107,0,0,0,1,0,0,28-01-2008,2008150107A201150107,1,1,25-01-2008,,76
2008,6,52,5,0,150107A201,150107,0,1,0,0,0,0,11-02-2008,2008150107A201150107,1,1,04-02-2008,,75
2008,6,52,5,0,150107A201,150107,0,0,1,0,0,0,11-02-2008,2008150107A201150107,1,1,05-02-2008,,93
2008,6,52,5,0,150107A201,150107,0,1,0,0,0,0,11-02-2008,2008150107A201150107,1,1,06-02-2008,,89
2008,6,52,5,0,150107A201,150107,0,0,0,0,1,0,11-02-2008,2008150107A201150107,1,1,07-02-2008,,98
2008,6,52,5,0,150107A201,150107,0,0,0,0,1,0,11-02-2008,2008150107A201150118,1,1,08-02-2008,,81
2008,7,52,5,0,150107A201,150107,0,0,0,0,1,0,18-02-2008,2008150107A201150118,1,1,11-02-2008,,104
2008,7,52,5,0,150107A201,150107,0,0,0,1,0,0,18-02-2008,2008150107A201150107,1,1,15-02-2008,,76
2008,8,52,5,0,150107A201,150107,0,0,0,1,0,0,25-02-2008,2008150107A201150107,1,1,17-02-2008,,51
2008,8,52,5,0,150107A201,150107,0,1,0,0,1,0,25-02-2008,2008150107A201150107,1,2,20-02-2008,,87
2008,8,52,5,0,150107A201,150107,0,0,0,0,1,0,25-02-2008,2008150107A201150107,1,1,22-02-2008,,82
2008,8,52,5,0,150107A201,150107,0,1,0,1,1,0,25-02-2008,2008150107A201150107,1,3,23-02-2008,,86
2008,9,52,5,0,150107A201,150107,0,1,1,0,0,0,03-03-2008,2008150107A201150107,1,2,27-02-2008,,105
2008,9,52,5,0,150107A201,150107,1,0,0,0,0,0,03-03-2008,2008150107A201150118,1,1,27-02-2008,,2
2008,9,52,5,0,150107A201,150107,0,0,0,1,1,0,03-03-2008,2008150107A201150107,1,2,28-02-2008,,99
2008,10,52,5,0,150107A201,150107,0,0,0,0,1,0,10-03-2008,2008150107A201150107,1,1,03-03-2008,,101
2008,10,52,5,0,150107A201,150107,0,1,0,0,0,0,10-03-2008,2008150107A201150118,1,1,04-03-2008,,89
2008,10,52,5,0,150107A201,150107,3,0,1,1,1,0,10-03-2008,2008150107A201150107,1,6,05-03-2008,,80
2008,10,52,5,0,150107A201,150107,0,0,0,0,1,0,10-03-2008,2008150107A201150118,1,1,05-03-2008,,3
2008,10,52,5,0,150107A201,150107,1,0,0,1,0,0,10-03-2008,2008150107A201150107,1,2,07-03-2008,,90
2008,10,52,5,0,150107A201,150107,0,0,1,0,0,0,10-03-2008,2008150107A201150118,1,1,07-03-2008,,2
2008,12,52,5,0,150107A201,150107,0,0,1,0,0,0,25-03-2008,2008150107A201150107,1,1,17-03-2008,,126
2008,12,52,5,0,150107A201,150107,0,0,0,0,1,0,25-03-2008,2008150107A201150107,1,1,19-03-2008,,70
2008,12,52,5,0,150107A201,150107,0,0,0,0,0,1,25-03-2008,2008150107A201150118,1,1,19-03-2008,,5
2008,12,52,5,0,150107A201,150107,0,1,0,2,1,0,25-03-2008,2008150107A201150107,1,4,20-03-2008,,46
2008,12,52,5,0,150107A201,150107,1,0,0,0,1,0,25-03-2008,2008150107A201150118,1,2,20-03-2008,,9
2008,12,52,5,0,150107A201,150107,1,1,0,1,1,0,25-03-2008,2008150107A201150107,1,4,21-03-2008,,48
2008,12,52,5,0,150107A201,150107,0,1,0,1,0,0,25-03-2008,2008150107A201150107,1,2,22-03-2008,,23
2008,13,52,5,0,150107A201,150107,0,1,0,0,0,0,31-03-2008,2008150107A201150107,1,1,24-03-2008,,105
2008,13,52,5,0,150107A201,150107,0,0,1,0,1,0,31-03-2008,2008150107A201150107,1,2,25-03-2008,,107
2008,13,52,5,0,150107A201,150107,1,0,0,1,0,0,31-03-2008,2008150107A201150107,1,2,26-03-2008,,73
2008,13,52,5,0,150107A201,150107,0,1,1,0,0,1,31-03-2008,2008150107A201150107,1,3,27-03-2008,,100
2008,13,52,5,0,150107A201,150107,0,1,0,0,1,0,31-03-2008,2008150107A201150107,1,2,28-03-2008,,76
2008,13,52,5,0,150107A201,150107,0,0,0,1,0,0,31-03-2008,2008150107A201150107,1,1,29-03-2008,,77
2008,14,52,5,0,150107A201,150107,0,0,1,0,0,0,08-04-2008,2008150107A201150107,1,1,30-03-2008,,36
2008,14,52,5,0,150107A201,150107,1,0,0,1,0,0,08-04-2008,2008150107A201150107,1,2,31-03-2008,,96
2008,14,52,5,0,150107A201,150107,0,0,1,0,0,0,08-04-2008,2008150107A201150107,1,1,01-04-2008,,103
2008,14,52,5,0,150107A201,150107,0,1,0,0,0,0,08-04-2008,2008150107A201150118,1,1,02-04-2008,,143
2008,14,52,5,0,150107A201,150107,1,0,0,0,0,1,08-04-2008,2008150107A201150107,1,2,03-04-2008,,114
2008,14,52,5,0,150107A201,150107,0,0,0,1,0,0,08-04-2008,2008150107A201150118,1,1,05-04-2008,,200
2008,15,52,5,0,150107A201,150107,1,0,0,0,1,0,14-04-2008,2008150107A201150107,1,2,06-04-2008,,70
2008,15,52,5,0,150107A201,150107,0,0,0,1,0,0,14-04-2008,2008150107A201150107,1,1,07-04-2008,,80
2008,15,52,5,0,150107A201,150107,0,1,0,0,0,0,14-04-2008,2008150107A201150107,1,1,09-04-2008,,94
2008,15,52,5,0,150107A201,150107,0,0,1,0,0,0,14-04-2008,2008150107A201150118,1,1,10-04-2008,,4
2008,15,52,5,0,150107A201,150107,0,0,0,0,0,1,14-04-2008,2008150107A201150107,1,1,10-04-2008,,90
2008,15,52,5,0,150107A201,150107,0,1,0,0,0,0,14-04-2008,2008150107A201150107,1,1,11-04-2008,,80
2008,15,52,5,0,150107A201,150107,0,0,0,1,0,0,14-04-2008,2008150107A201150118,1,1,11-04-2008,,8
2008,15,52,5,0,150107A201,150107,1,0,0,0,1,0,14-04-2008,2008150107A201150107,1,2,12-04-2008,,69
2008,16,52,5,0,150107A201,150107,0,0,0,0,1,0,21-04-2008,2008150107A201150107,1,1,13-04-2008,,81
2008,16,52,5,0,150107A201,150107,0,0,0,1,0,0,21-04-2008,2008150107A201150107,1,1,14-04-2008,,67
2008,16,52,5,0,150107A201,150107,1,0,0,0,0,0,21-04-2008,2008150107A201150107,1,1,15-04-2008,,78
2008,16,52,5,0,150107A201,150107,0,1,0,0,0,0,21-04-2008,2008150107A201150107,1,1,16-04-2008,,93
2008,16,52,5,0,150107A201,150107,0,0,1,0,0,1,21-04-2008,2008150107A201150107,1,2,17-04-2008,,98
2008,16,52,5,0,150107A201,150107,0,1,0,1,0,1,21-04-2008,2008150107A201150107,1,3,19-04-2008,,79
2008,17,52,5,0,150107A201,150107,0,0,0,0,0,1,28-04-2008,2008150107A201150107,1,1,20-04-2008,,137
2008,17,52,5,0,150107A201,150107,0,1,0,0,0,0,28-04-2008,2008150107A201150107,1,1,21-04-2008,,132
2008,17,52,5,0,150107A201,150107,0,0,0,1,0,0,28-04-2008,2008150107A201150107,1,1,22-04-2008,,74
2008,17,52,5,0,150107A201,150107,1,0,0,0,0,0,28-04-2008,2008150107A201150118,1,1,23-04-2008,,101
2008,17,52,5,0,150107A201,150107,0,0,1,0,0,1,28-04-2008,2008150107A201150107,1,2,24-04-2008,,92
2008,17,52,5,0,150107A201,150107,1,0,0,0,0,0,28-04-2008,2008150107A201150107,1,1,26-04-2008,,65
2008,17,52,5,0,150107A201,150107,0,0,0,0,0,1,28-04-2008,2008150107A201150118,1,1,26-04-2008,,4
2008,18,52,5,0,150107A201,150107,1,0,1,0,1,0,05-05-2008,2008150107A201150107,1,3,27-04-2008,,62
2008,18,52,5,0,150107A201,150107,0,0,0,0,0,1,05-05-2008,2008150107A201150107,1,1,28-04-2008,,90
2008,18,52,5,0,150107A201,150107,0,1,0,0,1,0,05-05-2008,2008150107A201150107,1,2,30-04-2008,,98
2008,18,52,5,0,150107A201,150107,0,0,0,1,0,0,05-05-2008,2008150107A201150118,1,1,02-05-2008,,89
2008,18,52,5,0,150107A201,150107,1,0,1,0,1,0,05-05-2008,2008150107A201150107,1,3,03-05-2008,,76
2008,19,52,5,0,150107A201,150107,0,0,0,1,0,0,12-05-2008,2008150107A201150107,1,1,05-05-2008,,133
2008,19,52,5,0,150107A201,150107,1,0,0,0,0,1,12-05-2008,2008150107A201150107,1,2,06-05-2008,,86
2008,19,52,5,0,150107A201,150107,0,0,1,0,0,0,12-05-2008,2008150107A201150107,1,1,08-05-2008,,77
2008,19,52,5,0,150107A201,150107,0,1,0,0,1,0,12-05-2008,2008150107A201150107,1,2,10-05-2008,,90
2008,19,52,5,0,150107A201,150107,1,0,0,0,0,0,12-05-2008,2008150107A201150118,1,1,10-05-2008,,5
2008,20,52,5,0,150107A201,150107,0,1,0,0,0,0,19-05-2008,2008150107A201150107,1,1,11-05-2008,,32
2008,20,52,5,0,150107A201,150107,0,1,1,0,0,1,19-05-2008,2008150107A201150107,1,3,12-05-2008,,132
2008,20,52,5,0,150107A201,150107,1,0,0,1,0,1,19-05-2008,2008150107A201150107,1,3,13-05-2008,,103
2008,20,52,5,0,150107A201,150107,0,1,1,0,0,0,19-05-2008,2008150107A201150107,1,2,14-05-2008,,88
2008,20,52,5,0,150107A201,150107,0,1,0,0,0,0,19-05-2008,2008150107A201150107,1,1,15-05-2008,,59
2008,20,52,5,0,150107A201,150107,0,0,0,1,0,0,19-05-2008,2008150107A201150118,1,1,16-05-2008,,65
2008,20,52,5,0,150107A201,150107,0,0,0,0,1,0,19-05-2008,2008150107A201150107,1,1,17-05-2008,,34
2008,22,52,5,0,150107A201,150107,0,0,0,0,1,0,02-06-2008,2008150107A201150107,1,1,26-05-2008,,133
2008,22,52,5,0,150107A201,150107,1,0,0,0,0,0,02-06-2008,2008150107A201150107,1,1,27-05-2008,,78
2008,22,52,5,0,150107A201,150107,0,0,0,1,0,0,02-06-2008,2008150107A201150118,1,1,28-05-2008,,89
2008,22,52,5,0,150107A201,150107,0,0,0,0,1,0,02-06-2008,2008150107A201150107,1,1,29-05-2008,,77
2008,22,52,5,0,150107A201,150107,0,1,1,0,0,0,02-06-2008,2008150107A201150107,1,2,30-05-2008,,89
2008,22,52,5,0,150107A201,150107,0,0,0,0,0,1,02-06-2008,2008150107A201150107,1,1,31-05-2008,,95
2008,23,52,5,0,150107A201,150107,1,0,1,0,0,0,09-06-2008,2008150107A201150107,1,2,02-06-2008,,98
2008,23,52,5,0,150107A201,150107,0,0,0,0,1,0,09-06-2008,2008150107A201150107,1,1,03-06-2008,,73
2008,23,52,5,0,150107A201,150107,1,0,0,1,0,0,09-06-2008,2008150107A201150107,1,2,04-06-2008,,86
2008,23,52,5,0,150107A201,150107,0,1,0,0,0,0,09-06-2008,2008150107A201150107,1,1,06-06-2008,,75
2008,23,52,5,0,150107A201,150107,0,0,0,0,1,0,09-06-2008,2008150107A201150107,1,1,07-06-2008,,80
2008,25,52,5,0,150107A201,150107,1,0,0,0,1,1,23-06-2008,2008150107A201150107,1,3,16-06-2008,,69
2008,25,52,5,0,150107A201,150107,0,0,1,0,0,0,23-06-2008,2008150107A201150107,1,1,18-06-2008,,72
2008,25,52,5,0,150107A201,150107,1,1,0,0,0,1,23-06-2008,2008150107A201150107,1,3,19-06-2008,,66
2008,25,52,5,0,150107A201,150107,0,0,0,1,0,0,23-06-2008,2008150107A201150107,1,1,20-06-2008,,50
2008,25,52,5,0,150107A201,150107,1,0,0,0,0,0,23-06-2008,2008150107A201150107,1,1,21-06-2008,,68
2008,26,52,5,0,150107A201,150107,0,0,0,0,0,1,30-06-2008,2008150107A201150107,1,1,24-06-2008,,69
2008,26,52,5,0,150107A201,150107,1,0,0,0,0,0,30-06-2008,2008150107A201150107,1,1,25-06-2008,,71
2008,26,52,5,0,150107A201,150107,0,0,0,1,1,0,30-06-2008,2008150107A201150107,1,2,26-06-2008,,54
2008,26,52,5,0,150107A201,150107,0,0,1,0,0,0,30-06-2008,2008150107A201150107,1,1,27-06-2008,,63
2008,27,52,5,0,150107A201,150107,0,1,0,0,0,1,07-07-2008,2008150107A201150107,1,2,30-06-2008,,133
2008,27,52,5,0,150107A201,150107,1,0,0,0,0,0,07-07-2008,2008150107A201150118,1,1,01-07-2008,,10
2008,27,52,5,0,150107A201,150107,0,0,0,1,0,0,07-07-2008,2008150107A201150107,1,1,01-07-2008,,125
2008,27,52,5,0,150107A201,150107,0,0,0,0,1,0,07-07-2008,2008150107A201150107,1,1,02-07-2008,,84
2008,27,52,5,0,150107A201,150107,0,1,0,0,0,0,07-07-2008,2008150107A201150107,1,1,03-07-2008,,90
2008,27,52,5,0,150107A201,150107,0,0,0,1,0,0,07-07-2008,2008150107A201150107,1,1,04-07-2008,,75
2008,27,52,5,0,150107A201,150107,0,0,1,0,0,0,07-07-2008,2008150107A201150107,1,1,05-07-2008,,97
2008,28,52,5,0,150107A201,150107,0,0,0,1,0,0,14-07-2008,2008150107A201150107,1,1,08-07-2008,,105
2008,28,52,5,0,150107A201,150107,0,0,1,0,0,0,14-07-2008,2008150107A201150107,1,1,10-07-2008,,75
2008,28,52,5,0,150107A201,150107,1,0,0,0,0,0,14-07-2008,2008150107A201150107,1,1,11-07-2008,,75
2008,29,52,5,0,150107A201,150107,0,1,0,0,1,0,21-07-2008,2008150107A201150107,1,2,18-07-2008,,36
2008,29,52,5,0,150107A201,150107,0,0,0,1,0,0,21-07-2008,2008150107A201150107,1,1,17-07-2008,,55
2008,30,52,5,0,150107A201,150107,1,0,1,1,1,0,30-07-2008,2008150107A201150107,1,4,26-07-2008,,4
2008,31,52,5,0,150107A201,150107,1,0,0,0,0,0,05-08-2008,2008150107A201150107,1,1,27-07-2008,,21
2008,31,52,5,0,150107A201,150107,0,0,0,1,0,0,05-08-2008,2008150107A201150107,1,1,28-07-2008,,24
2008,31,52,5,0,150107A201,150107,0,0,1,0,0,0,05-08-2008,2008150107A201150107,1,1,29-07-2008,,17
2008,31,52,5,0,150107A201,150107,1,0,0,0,0,1,05-08-2008,2008150107A201150107,1,2,30-07-2008,,67
2008,31,52,5,0,150107A201,150107,0,0,0,0,1,0,05-08-2008,2008150107A201150107,1,1,31-07-2008,,82
2008,31,52,5,0,150107A201,150107,0,1,0,0,0,0,05-08-2008,2008150107A201150107,1,1,01-08-2008,,90
2008,31,52,5,0,150107A201,150107,0,0,1,0,0,0,05-08-2008,2008150107A201150107,1,1,02-08-2008,,86
2008,32,52,5,0,150107A201,150107,0,1,0,0,0,0,12-08-2008,2008150107A201150107,1,1,03-08-2008,,92
2008,32,52,5,0,150107A201,150107,0,0,0,1,0,0,12-08-2008,2008150107A201150107,1,1,04-08-2008,,104
2008,32,52,5,0,150107A201,150107,0,0,0,0,1,0,12-08-2008,2008150107A201150107,1,1,05-08-2008,,82
2008,32,52,5,0,150107A201,150107,1,0,0,0,0,0,12-08-2008,2008150107A201150107,1,1,06-08-2008,,85
2008,32,52,5,0,150107A201,150107,0,0,0,0,0,1,12-08-2008,2008150107A201150107,1,1,08-08-2008,,85
2008,32,52,5,0,150107A201,150107,0,0,1,0,0,0,12-08-2008,2008150107A201150107,1,1,09-08-2008,,110
2008,33,52,5,0,150107A201,150107,0,0,0,0,0,1,18-08-2008,2008150107A201150107,1,1,10-08-2008,,92
2008,33,52,5,0,150107A201,150107,1,0,0,0,0,0,18-08-2008,2008150107A201150107,1,1,11-08-2008,,89
2008,33,52,5,0,150107A201,150107,0,1,1,0,0,0,18-08-2008,2008150107A201150107,1,2,12-08-2008,,89
2008,33,52,5,0,150107A201,150107,0,0,0,0,1,0,18-08-2008,2008150107A201150107,1,1,13-08-2008,,76
2008,33,52,5,0,150107A201,150107,1,0,1,0,0,0,18-08-2008,2008150107A201150107,1,2,15-08-2008,,91
2008,33,52,5,0,150107A201,150107,0,0,0,1,0,0,18-08-2008,2008150107A201150107,1,1,16-08-2008,,38
2008,34,52,5,0,150107A201,150107,0,0,0,1,0,0,25-08-2008,2008150107A201150107,1,1,19-08-2008,,100
2008,34,52,5,0,150107A201,150107,1,0,0,0,0,0,25-08-2008,2008150107A201150118,1,1,19-08-2008,,6
2008,34,52,5,0,150107A201,150107,0,0,1,0,0,0,25-08-2008,2008150107A201150107,1,1,20-08-2008,,62
2008,34,52,5,0,150107A201,150107,0,1,0,0,0,1,25-08-2008,2008150107A201150107,1,2,22-08-2008,,57
2008,34,52,5,0,150107A201,150107,0,1,0,0,0,0,25-08-2008,2008150107A201150107,1,1,23-08-2008,,68
2008,35,52,5,0,150107A201,150107,0,1,0,0,0,0,02-09-2008,2008150107A201150107,1,1,25-08-2008,,111
2008,35,52,5,0,150107A201,150107,0,1,0,0,1,1,02-09-2008,2008150107A201150107,1,3,26-08-2008,,81
2008,35,52,5,0,150107A201,150107,0,1,0,1,0,0,02-09-2008,2008150107A201150107,1,2,28-08-2008,,75
2008,35,52,5,0,150107A201,150107,0,0,1,0,0,0,02-09-2008,2008150107A201150107,1,1,30-08-2008,,28
2008,38,52,5,0,150107A201,150107,0,0,0,0,1,0,22-09-2008,2008150107A201150107,1,1,15-09-2008,,49
2008,38,52,5,0,150107A201,150107,0,0,1,0,0,0,22-09-2008,2008150107A201150107,1,1,17-09-2008,,84
2008,38,52,5,0,150107A201,150107,1,0,0,0,0,0,22-09-2008,2008150107A201150118,1,1,17-09-2008,,5
2008,38,52,5,0,150107A201,150107,0,0,0,1,0,0,22-09-2008,2008150107A201150103,1,1,17-09-2008,,5
2008,38,52,5,0,150107A201,150107,1,0,0,0,0,0,22-09-2008,2008150107A201150107,1,1,19-09-2008,,83
2008,39,52,5,0,150107A201,150107,0,1,0,0,0,0,29-09-2008,2008150107A201150107,1,1,21-09-2008,,129
2008,39,52,5,0,150107A201,150107,0,0,0,0,0,1,29-09-2008,2008150107A201150107,1,1,22-09-2008,,87
2008,39,52,5,0,150107A201,150107,0,0,1,0,0,0,29-09-2008,2008150107A201150107,1,1,23-09-2008,,103
2008,39,52,5,0,150107A201,150107,0,0,0,1,0,0,29-09-2008,2008150107A201150107,1,1,24-09-2008,,91
2008,39,52,5,0,150107A201,150107,1,0,0,0,0,0,29-09-2008,2008150107A201150118,1,1,24-09-2008,,10
2008,39,52,5,0,150107A201,150107,0,0,0,0,1,0,29-09-2008,2008150107A201150107,1,1,26-09-2008,,55
2008,40,52,5,0,150107A201,150107,0,0,0,1,0,1,06-10-2008,2008150107A201150107,1,2,29-09-2008,,75
2008,40,52,5,0,150107A201,150107,1,0,0,0,0,0,06-10-2008,2008150107A201150107,1,1,28-09-2008,,50
2008,40,52,5,0,150107A201,150107,1,1,0,0,0,0,06-10-2008,2008150107A201150107,1,2,30-09-2008,,96
2008,40,52,5,0,150107A201,150107,0,0,1,0,0,1,06-10-2008,2008150107A201150107,1,2,02-10-2008,,86
2008,41,52,5,0,150107A201,150107,1,0,1,0,2,0,14-10-2008,2008150107A201150107,1,4,11-10-2008,,4
2008,41,52,5,0,150107A201,150107,1,1,0,1,0,2,14-10-2008,2008150107A201150118,1,5,11-10-2008,,5
2008,42,52,5,0,150107A201,150107,1,1,0,0,0,0,20-10-2008,2008150107A201150107,1,2,13-10-2008,,102
2008,42,52,5,0,150107A201,150107,1,0,0,0,0,1,20-10-2008,2008150107A201150107,1,2,15-10-2008,,87
2008,42,52,5,0,150107A201,150107,1,0,0,0,0,0,20-10-2008,2008150107A201150107,1,1,16-10-2008,,65
2008,42,52,5,0,150107A201,150107,0,0,1,0,0,1,20-10-2008,2008150107A201150107,1,2,17-10-2008,,80
2008,42,52,5,0,150107A201,150107,0,0,0,1,0,0,20-10-2008,2008150107A201150107,1,1,18-10-2008,,32
2008,43,52,5,0,150107A201,150107,1,0,0,0,0,0,27-10-2008,2008150107A201150107,1,1,20-10-2008,,105
2008,43,52,5,0,150107A201,150107,0,0,0,0,0,1,27-10-2008,2008150107A201150107,1,1,21-10-2008,,107
2008,43,52,5,0,150107A201,150107,0,1,0,0,0,0,27-10-2008,2008150107A201150107,1,1,22-10-2008,,95
2008,43,52,5,0,150107A201,150107,1,0,0,1,0,0,27-10-2008,2008150107A201150107,1,2,23-10-2008,,83
2008,43,52,5,0,150107A201,150107,0,0,0,0,1,0,27-10-2008,2008150107A201150107,1,1,25-10-2008,,84
2008,44,52,5,0,150107A201,150107,0,0,1,0,0,0,03-11-2008,2008150107A201150107,1,1,26-10-2008,,88
2008,44,52,5,0,150107A201,150107,1,0,1,0,0,1,03-11-2008,2008150107A201150107,1,3,27-10-2008,,95
2008,44,52,5,0,150107A201,150107,0,0,0,0,1,0,03-11-2008,2008150107A201150107,1,1,29-10-2008,,96
2008,44,52,5,0,150107A201,150107,0,1,0,0,0,0,03-11-2008,2008150107A201150107,1,1,30-10-2008,,73
2008,44,52,5,0,150107A201,150107,0,0,0,1,0,0,03-11-2008,2008150107A201150107,1,1,01-11-2008,,16
2008,45,52,5,0,150107A201,150107,1,0,0,0,0,0,10-11-2008,2008150107A201150107,1,1,03-11-2008,,111
2008,45,52,5,0,150107A201,150107,0,1,0,0,1,0,10-11-2008,2008150107A201150107,1,2,04-11-2008,,95
2008,45,52,5,0,150107A201,150107,0,0,0,1,0,0,10-11-2008,2008150107A201150107,1,1,05-11-2008,,100
2008,45,52,5,0,150107A201,150107,0,0,0,0,0,1,10-11-2008,2008150107A201150107,1,1,07-11-2008,,69
2008,45,52,5,0,150107A201,150107,1,0,0,0,0,1,10-11-2008,2008150107A201150107,1,2,08-11-2008,,85
2008,46,52,5,0,150107A201,150107,0,0,1,0,0,0,17-11-2008,2008150107A201150107,1,1,10-11-2008,,77
2008,46,52,5,0,150107A201,150107,1,0,0,0,0,0,17-11-2008,2008150107A201150118,1,1,10-11-2008,,10
2008,46,52,5,0,150107A201,150107,0,0,1,0,0,1,17-11-2008,2008150107A201150107,1,2,12-11-2008,,81
2008,46,52,5,0,150107A201,150107,0,0,0,1,0,0,17-11-2008,2008150107A201150107,1,1,13-11-2008,,98
2008,46,52,5,0,150107A201,150107,1,0,0,0,0,0,17-11-2008,2008150107A201150107,1,1,14-11-2008,,80
2008,48,52,5,0,150107A201,150107,0,1,0,0,1,0,01-12-2008,2008150107A201150107,1,2,25-11-2008,,108
2008,48,52,5,0,150107A201,150107,1,0,0,0,0,0,01-12-2008,2008150107A201150107,1,1,26-11-2008,,25
2008,48,52,5,0,150107A201,150107,1,0,0,0,0,0,01-12-2008,2008150107A201150107,1,1,27-11-2008,,88
2008,48,52,5,0,150107A201,150107,0,0,1,0,0,0,01-12-2008,2008150107A201150107,1,1,28-11-2008,,71
2008,48,52,5,0,150107A201,150107,0,0,0,1,0,0,01-12-2008,2008150107A201150107,1,1,29-11-2008,,82
2008,49,52,5,0,150107A201,150107,0,0,0,0,1,0,09-12-2008,2008150107A201150107,1,1,30-11-2008,,17
2008,49,52,5,0,150107A201,150107,1,0,0,0,0,1,09-12-2008,2008150107A201150107,1,2,01-12-2008,,22
2008,49,52,5,0,150107A201,150107,0,0,1,0,0,0,09-12-2008,2008150107A201150107,1,1,02-12-2008,,104
2008,49,52,5,0,150107A201,150107,1,0,0,0,0,0,09-12-2008,2008150107A201150107,1,1,03-12-2008,,76
2008,49,52,5,0,150107A201,150107,0,0,0,1,0,0,09-12-2008,2008150107A201150107,1,1,05-12-2008,,112
2008,50,52,5,0,150107A201,150107,1,0,0,0,0,0,16-12-2008,2008150107A201150107,1,1,07-12-2008,,53
2008,50,52,5,0,150107A201,150107,0,0,0,1,0,0,16-12-2008,2008150107A201150107,1,1,08-12-2008,,88
2008,50,52,5,0,150107A201,150107,1,0,1,0,0,0,16-12-2008,2008150107A201150107,1,2,10-12-2008,,105
2008,50,52,5,0,150107A201,150107,0,0,0,0,1,0,16-12-2008,2008150107A201150107,1,1,11-12-2008,,89
2008,50,52,5,0,150107A201,150107,0,1,0,0,0,1,16-12-2008,2008150107A201150107,1,2,12-12-2008,,112
2008,50,52,5,0,150107A201,150107,1,0,0,0,0,0,16-12-2008,2008150107A201150107,1,1,13-12-2008,,94
2008,51,52,5,0,150107A201,150107,1,0,0,0,0,0,23-12-2008,2008150107A201150107,1,1,14-12-2008,,32
2008,51,52,5,0,150107A201,150107,0,1,0,0,0,1,23-12-2008,2008150107A201150107,1,2,15-12-2008,,116
2008,51,52,5,0,150107A201,150107,0,0,1,0,0,0,23-12-2008,2008150107A201150107,1,1,16-12-2008,,101
2008,51,52,5,0,150107A201,150107,0,0,0,1,0,0,23-12-2008,2008150107A201150107,1,1,17-12-2008,,94
2008,51,52,5,0,150107A201,150107,1,0,0,0,0,0,23-12-2008,2008150107A201150107,1,1,18-12-2008,,80
2009,1,52,5,0,150107A201,150107,0,0,1,0,0,1,10-01-2009,2009150107A201150107,1,2,04-01-2009,,143
2009,1,52,5,0,150107A201,150107,0,1,0,0,0,0,10-01-2009,2009150107A201150107,1,1,06-01-2009,,109
2009,1,52,5,0,150107A201,150107,0,0,0,0,1,0,10-01-2009,2009150107A201150107,1,1,07-01-2009,,83
2009,1,52,5,0,150107A201,150107,0,0,1,0,0,0,10-01-2009,2009150107A201150107,1,1,09-01-2009,,87
2009,1,52,5,0,150107A201,150107,0,0,1,0,0,0,10-01-2009,2009150107A201150107,1,1,10-01-2009,,76
2009,2,52,5,0,150107A201,150107,1,0,0,0,0,0,17-01-2009,2009150107A201150107,1,1,12-01-2009,,109
2009,2,52,5,0,150107A201,150107,0,0,0,0,1,0,17-01-2009,2009150107A201150107,1,1,13-01-2009,,81
2009,2,52,5,0,150107A201,150107,0,1,0,0,0,0,17-01-2009,2009150107A201150107,1,1,14-01-2009,,92
2009,2,52,5,0,150107A201,150107,0,0,1,0,0,1,17-01-2009,2009150107A201150107,1,2,15-01-2009,,71
2009,2,52,5,0,150107A201,150107,1,0,0,0,0,0,17-01-2009,2009150107A201150107,1,1,16-01-2009,,96
2009,3,52,5,0,150107A201,150107,1,0,0,1,0,0,24-01-2009,2009150107A201150107,1,2,18-01-2009,,32
2009,3,52,5,0,150107A201,150107,0,0,1,0,0,0,24-01-2009,2009150107A201150107,1,1,20-01-2009,,78
2009,3,52,5,0,150107A201,150107,0,1,0,0,0,0,24-01-2009,2009150107A201150107,1,1,21-01-2009,,89
2009,3,52,5,0,150107A201,150107,0,0,0,0,1,0,24-01-2009,2009150107A201150107,1,1,22-01-2009,,76
2009,3,52,5,0,150107A201,150107,1,0,0,0,0,0,24-01-2009,2009150107A201150107,1,1,23-01-2009,,78
2009,4,52,5,0,150107A201,150107,0,1,0,0,0,0,31-01-2009,2009150107A201150107,1,1,26-01-2009,,114
2009,4,52,5,0,150107A201,150107,0,0,0,0,1,0,31-01-2009,2009150107A201150107,1,1,27-01-2009,,106
2009,4,52,5,0,150107A201,150107,0,1,0,0,0,0,31-01-2009,2009150107A201150107,1,1,28-01-2009,,99
2009,4,52,5,0,150107A201,150107,0,0,1,1,0,1,31-01-2009,2009150107A201150107,1,3,29-01-2009,,90
2009,5,52,5,0,150107A201,150107,1,0,0,0,0,0,07-02-2009,2009150107A201150107,1,1,01-02-2009,,32
2009,5,52,5,0,150107A201,150107,0,1,0,0,0,1,07-02-2009,2009150107A201150107,1,2,03-02-2009,,121
2009,5,52,5,0,150107A201,150107,0,0,1,0,0,0,07-02-2009,2009150107A201150107,1,1,04-02-2009,,98
2009,5,52,5,0,150107A201,150107,0,0,0,1,0,0,07-02-2009,2009150107A201150107,1,1,05-02-2009,,67
2009,5,52,5,0,150107A201,150107,0,0,0,0,1,0,07-02-2009,2009150107A201150107,1,1,06-02-2009,,70
2009,5,52,5,0,150107A201,150107,1,0,0,0,0,0,07-02-2009,2009150107A201150107,1,1,07-02-2009,,79
2009,6,52,5,0,150107A201,150107,0,1,0,0,0,0,14-02-2009,2009150107A201150107,1,1,08-02-2009,,32
2009,6,52,5,0,150107A201,150107,0,0,0,0,0,1,14-02-2009,2009150107A201150107,1,1,09-02-2009,,149
2009,6,52,5,0,150107A201,150107,0,1,0,0,1,0,14-02-2009,2009150107A201150107,1,2,10-02-2009,,124
2009,6,52,5,0,150107A201,150107,1,0,0,0,0,0,14-02-2009,2009150107A201150107,1,1,12-02-2009,,89
2009,6,52,5,0,150107A201,150107,0,0,1,1,0,0,14-02-2009,2009150107A201150107,1,2,13-02-2009,,90
2009,7,52,5,0,150107A201,150107,1,0,0,0,0,0,21-02-2009,2009150107A201150107,1,1,15-02-2009,,20
2009,7,52,5,0,150107A201,150107,0,0,1,0,1,0,21-02-2009,2009150107A201150107,1,2,16-02-2009,,114
2009,7,52,5,0,150107A201,150107,0,1,0,0,0,0,21-02-2009,2009150107A201150107,1,1,17-02-2009,,104
2009,7,52,5,0,150107A201,150107,1,0,0,1,0,0,21-02-2009,2009150107A201150107,1,2,18-02-2009,,99
2009,7,52,5,0,150107A201,150107,0,0,0,0,0,1,21-02-2009,2009150107A201150107,1,1,19-02-2009,,84
2009,7,52,5,0,150107A201,150107,0,0,1,0,0,0,21-02-2009,2009150107A201150107,1,1,20-02-2009,,78
2009,7,52,5,0,150107A201,150107,0,0,0,0,1,0,21-02-2009,2009150107A201150107,1,1,21-02-2009,,85
2009,8,52,5,0,150107A201,150107,1,1,0,0,0,0,28-02-2009,2009150107A201150107,1,2,23-02-2009,,106
2009,8,52,5,0,150107A201,150107,0,0,0,0,0,1,28-02-2009,2009150107A201150107,1,1,24-02-2009,,112
2009,8,52,5,0,150107A201,150107,0,0,0,1,0,0,28-02-2009,2009150107A201150107,1,1,25-02-2009,,88
2009,8,52,5,0,150107A201,150107,1,0,1,0,0,0,28-02-2009,2009150107A201150107,1,2,27-02-2009,,78
2009,9,52,5,0,150107A201,150107,0,0,0,1,0,0,07-03-2009,2009150107A201150107,1,1,01-03-2009,,25
2009,9,52,5,0,150107A201,150107,1,0,0,0,0,1,07-03-2009,2009150107A201150107,1,2,02-03-2009,,109
2009,9,52,5,0,150107A201,150107,0,1,0,0,0,0,07-03-2009,2009150107A201150107,1,1,03-03-2009,,102
2009,9,52,5,0,150107A201,150107,0,0,1,0,0,0,07-03-2009,2009150107A201150107,1,1,04-03-2009,,112
2009,9,52,5,0,150107A201,150107,1,0,0,0,0,1,07-03-2009,2009150107A201150107,1,2,06-03-2009,,92
2009,9,52,5,0,150107A201,150107,0,0,0,0,1,0,07-03-2009,2009150107A201150107,1,1,07-03-2009,,94
2009,10,52,5,0,150107A201,150107,1,0,0,0,1,0,14-03-2009,2009150107A201150107,1,2,09-03-2009,,103
2009,10,52,5,0,150107A201,150107,0,1,0,0,0,0,14-03-2009,2009150107A201150107,1,1,10-03-2009,,103
2009,10,52,5,0,150107A201,150107,0,0,1,1,0,0,14-03-2009,2009150107A201150107,1,2,12-03-2009,,85
2009,10,52,5,0,150107A201,150107,0,0,0,0,0,1,14-03-2009,2009150107A201150107,1,1,14-03-2009,,101
2009,11,52,5,0,150107A201,150107,1,0,0,0,0,0,21-03-2009,2009150107A201150107,1,1,15-03-2009,,26
2009,11,52,5,0,150107A201,150107,0,0,1,0,0,0,21-03-2009,2009150107A201150107,1,1,16-03-2009,,113
2009,11,52,5,0,150107A201,150107,0,0,0,0,0,1,21-03-2009,2009150107A201150107,1,1,17-03-2009,,100
2009,11,52,5,0,150107A201,150107,0,1,0,0,0,0,21-03-2009,2009150107A201150107,1,1,18-03-2009,,105
2009,11,52,5,0,150107A201,150107,0,0,0,0,1,0,21-03-2009,2009150107A201150107,1,1,19-03-2009,,84
2009,11,52,5,0,150107A201,150107,0,1,0,0,0,0,21-03-2009,2009150107A201150107,1,1,20-03-2009,,90
2009,11,52,5,0,150107A201,150107,0,0,0,1,0,0,21-03-2009,2009150107A201150107,1,1,21-03-2009,,80
2009,12,52,5,0,150107A201,150107,1,0,0,0,1,0,28-03-2009,2009150107A201150107,1,2,23-03-2009,,99
2009,12,52,5,0,150107A201,150107,0,0,1,0,0,0,28-03-2009,2009150107A201150107,1,1,24-03-2009,,80
2009,12,52,5,0,150107A201,150107,0,1,0,0,0,1,28-03-2009,2009150107A201150107,1,2,25-03-2009,,86
2009,12,52,5,0,150107A201,150107,0,0,0,1,0,0,28-03-2009,2009150107A201150107,1,1,27-03-2009,,84
2009,13,52,5,0,150107A201,150107,1,1,0,1,0,0,04-04-2009,2009150107A201150107,1,3,29-03-2009,,24
2009,13,52,5,0,150107A201,150107,0,1,0,0,1,0,04-04-2009,2009150107A201150107,1,2,31-03-2009,,104
2009,13,52,5,0,150107A201,150107,0,0,1,0,0,0,04-04-2009,2009150107A201150107,1,1,02-04-2009,,75
2009,13,52,5,0,150107A201,150107,0,0,0,0,0,1,04-04-2009,2009150107A201150107,1,1,03-04-2009,,4
2009,13,52,5,0,150107A201,150107,1,0,0,0,0,0,04-04-2009,2009150107A201150107,1,1,04-04-2009,,76
2009,14,52,5,0,150107A201,150107,0,0,0,1,0,0,11-04-2009,2009150107A201150107,1,1,05-04-2009,,29
2009,14,52,5,0,150107A201,150107,1,0,0,0,0,0,11-04-2009,2009150107A201150107,1,1,06-04-2009,,106
2009,14,52,5,0,150107A201,150107,0,0,0,0,1,0,11-04-2009,2009150107A201150107,1,1,07-04-2009,,103
2009,14,52,5,0,150107A201,150107,0,1,0,0,0,0,11-04-2009,2009150107A201150107,1,1,08-04-2009,,86
2009,14,52,5,0,150107A201,150107,0,0,0,1,0,0,11-04-2009,2009150107A201150107,1,1,09-04-2009,,38
2009,14,52,5,0,150107A201,150107,0,0,0,0,0,1,11-04-2009,2009150107A201150107,1,1,10-04-2009,,32
2009,14,52,5,0,150107A201,150107,0,0,1,0,0,0,11-04-2009,2009150107A201150107,1,1,11-04-2009,,85
2009,15,52,5,0,150107A201,150107,1,0,1,0,0,1,18-04-2009,2009150107A201150107,1,3,12-04-2009,,28
2009,15,52,5,0,150107A201,150107,0,1,0,0,0,0,18-04-2009,2009150107A201150107,1,1,13-04-2009,,59
2009,15,52,5,0,150107A201,150107,0,0,1,0,0,0,18-04-2009,2009150107A201150107,1,1,14-04-2009,,73
2009,15,52,5,0,150107A201,150107,1,0,0,0,1,0,18-04-2009,2009150107A201150107,1,2,15-04-2009,,80
2009,15,52,5,0,150107A201,150107,0,0,0,0,1,1,18-04-2009,2009150107A201150107,1,2,16-04-2009,,70
2009,15,52,5,0,150107A201,150107,1,0,0,1,0,0,18-04-2009,2009150107A201150107,1,2,17-04-2009,,63
2009,15,52,5,0,150107A201,150107,0,0,0,0,1,0,18-04-2009,2009150107A201150107,1,1,18-04-2009,,82
2009,16,52,5,0,150107A201,150107,0,0,0,0,0,1,25-04-2009,2009150107A201150107,1,1,19-04-2009,,32
2009,16,52,5,0,150107A201,150107,0,1,0,1,1,0,25-04-2009,2009150107A201150107,1,3,20-04-2009,,113
2009,16,52,5,0,150107A201,150107,1,0,0,0,0,0,25-04-2009,2009150107A201150107,1,1,21-04-2009,,124
2009,16,52,5,0,150107A201,150107,0,0,0,1,0,0,25-04-2009,2009150107A201150107,1,1,23-04-2009,,106
2009,16,52,5,0,150107A201,150107,1,0,0,0,0,0,25-04-2009,2009150107A201150107,1,1,24-04-2009,,94
2009,17,52,5,0,150107A201,150107,1,0,0,1,0,0,02-05-2009,2009150107A201150107,1,2,27-04-2009,,98
2009,17,52,5,0,150107A201,150107,0,0,0,0,1,0,02-05-2009,2009150107A201150107,1,1,28-04-2009,,74
2009,17,52,5,0,150107A201,150107,0,0,1,0,0,0,02-05-2009,2009150107A201150107,1,1,29-04-2009,,60
2009,17,52,5,0,150107A201,150107,0,1,0,0,0,1,02-05-2009,2009150107A201150107,1,2,30-04-2009,,71
2009,17,52,5,0,150107A201,150107,0,0,0,0,1,0,02-05-2009,2009150107A201150107,1,1,02-05-2009,,77
2009,18,52,5,0,150107A201,150107,1,0,0,1,0,1,09-05-2009,2009150107A201150107,1,3,04-05-2009,,127
2009,18,52,5,0,150107A201,150107,0,1,0,0,0,0,09-05-2009,2009150107A201150107,1,1,05-05-2009,,101
2009,18,52,5,0,150107A201,150107,0,0,1,0,0,0,09-05-2009,2009150107A201150107,1,1,06-05-2009,,107
2009,18,52,5,0,150107A201,150107,1,0,0,0,0,0,09-05-2009,2009150107A201150107,1,1,07-05-2009,,82
2009,18,52,5,0,150107A201,150107,0,0,1,0,0,0,09-05-2009,2009150107A201150107,1,1,08-05-2009,,85
2009,18,52,5,0,150107A201,150107,0,0,0,1,0,0,09-05-2009,2009150107A201150107,1,1,09-05-2009,,82
2009,19,52,5,0,150107A201,150107,1,0,0,0,0,1,16-05-2009,2009150107A201150107,1,2,10-05-2009,,20
2009,19,52,5,0,150107A201,150107,0,1,0,0,1,0,16-05-2009,2009150107A201150107,1,2,12-05-2009,,126
2009,19,52,5,0,150107A201,150107,0,0,0,1,0,0,16-05-2009,2009150107A201150107,1,1,14-05-2009,,87
2009,19,52,5,0,150107A201,150107,0,0,1,0,0,0,16-05-2009,2009150107A201150107,1,1,16-05-2009,,101
2009,20,52,5,0,150107A201,150107,0,0,0,0,1,0,23-05-2009,2009150107A201150107,1,1,17-05-2009,,55
2009,20,52,5,0,150107A201,150107,0,0,1,0,0,0,23-05-2009,2009150107A201150107,1,1,18-05-2009,,96
2009,20,52,5,0,150107A201,150107,1,0,0,0,0,0,23-05-2009,2009150107A201150107,1,1,19-05-2009,,97
2009,20,52,5,0,150107A201,150107,0,1,0,1,0,1,23-05-2009,2009150107A201150107,1,3,21-05-2009,,90
2009,21,52,5,0,150107A201,150107,1,0,0,0,0,0,30-05-2009,2009150107A201150107,1,1,24-05-2009,,38
2009,21,52,5,0,150107A201,150107,0,0,0,0,1,0,30-05-2009,2009150107A201150107,1,1,25-05-2009,,104
2009,21,52,5,0,150107A201,150107,0,1,0,1,0,0,30-05-2009,2009150107A201150107,1,2,26-05-2009,,95
2009,21,52,5,0,150107A201,150107,0,0,1,0,0,1,30-05-2009,2009150107A201150107,1,2,28-05-2009,,74
2009,21,52,5,0,150107A201,150107,1,0,0,0,0,0,30-05-2009,2009150107A201150107,1,1,29-05-2009,,92
2009,21,52,5,0,150107A201,150107,0,0,0,1,0,0,30-05-2009,2009150107A201150107,1,1,30-05-2009,,87
2009,23,52,5,0,150107A201,150107,1,0,1,0,0,0,13-06-2009,2009150107A201150107,1,2,08-06-2009,,112
2009,23,52,5,0,150107A201,150107,0,0,0,0,1,0,13-06-2009,2009150107A201150107,1,1,09-06-2009,,108
2009,23,52,5,0,150107A201,150107,0,1,0,0,0,0,13-06-2009,2009150107A201150107,1,1,10-06-2009,,83
2009,23,52,5,0,150107A201,150107,0,0,0,1,0,1,13-06-2009,2009150107A201150107,1,2,11-06-2009,,112
2009,23,52,5,0,150107A201,150107,1,0,0,0,0,0,13-06-2009,2009150107A201150107,1,1,12-06-2009,,75
2009,24,52,5,0,150107A201,150107,1,0,0,0,0,0,20-06-2009,2009150107A201150107,1,1,14-06-2009,,32
2009,24,52,5,0,150107A201,150107,0,0,1,0,0,1,20-06-2009,2009150107A201150107,1,2,15-06-2009,,96
2009,24,52,5,0,150107A201,150107,1,0,0,0,1,0,20-06-2009,2009150107A201150107,1,2,16-06-2009,,88
2009,24,52,5,0,150107A201,150107,0,1,0,1,0,0,20-06-2009,2009150107A201150107,1,2,17-06-2009,,77
2009,24,52,5,0,150107A201,150107,1,0,0,0,0,0,20-06-2009,2009150107A201150107,1,1,18-06-2009,,74
2009,24,52,5,0,150107A201,150107,0,0,1,0,0,0,20-06-2009,2009150107A201150107,1,1,19-06-2009,,70
2009,24,52,5,0,150107A201,150107,0,0,1,0,0,1,20-06-2009,2009150107A201150107,1,2,20-06-2009,,83
2009,25,52,5,0,150107A201,150107,0,0,0,0,0,1,27-06-2009,2009150107A201150107,1,1,21-06-2009,,54
2009,25,52,5,0,150107A201,150107,1,0,0,1,0,0,27-06-2009,2009150107A201150107,1,2,22-06-2009,,114
2009,25,52,5,0,150107A201,150107,0,0,1,0,0,0,27-06-2009,2009150107A201150107,1,1,23-06-2009,,113
2009,25,52,5,0,150107A201,150107,1,0,0,0,0,0,27-06-2009,2009150107A201150107,1,1,24-06-2009,,101
2009,25,52,5,0,150107A201,150107,0,1,0,0,0,0,27-06-2009,2009150107A201150107,1,1,25-06-2009,,83
2009,25,52,5,0,150107A201,150107,0,0,0,0,1,0,27-06-2009,2009150107A201150107,1,1,26-06-2009,,83
2009,27,52,5,0,150107A201,150107,0,0,1,0,0,0,11-07-2009,2009150107A201150107,1,1,05-07-2009,,63
2009,27,52,5,0,150107A201,150107,0,0,0,0,1,0,11-07-2009,2009150107A201150107,1,1,07-07-2009,,122
2009,27,52,5,0,150107A201,150107,0,0,0,1,0,0,11-07-2009,2009150107A201150107,1,1,08-07-2009,,154
2009,27,52,5,0,150107A201,150107,0,0,1,1,1,0,11-07-2009,2009150107A201150107,1,3,09-07-2009,,112
2009,27,52,5,0,150107A201,150107,0,0,1,1,1,1,11-07-2009,2009150107A201150107,1,4,11-07-2009,,69
2009,28,52,5,0,150107A201,150107,1,2,7,3,8,1,21-07-2009,2009150107A201150107,1,22,18-07-2009,,22
2009,29,52,5,0,150107A201,150107,0,1,0,1,1,0,25-07-2009,2009150107A201150107,1,3,19-07-2009,,68
2009,29,52,5,0,150107A201,150107,0,0,0,1,0,0,25-07-2009,2009150107A201150107,1,1,20-07-2009,,123
2009,29,52,5,0,150107A201,150107,0,0,0,0,1,0,25-07-2009,2009150107A201150107,1,1,21-07-2009,,122
2009,29,52,5,0,150107A201,150107,0,0,1,0,0,0,25-07-2009,2009150107A201150107,1,1,23-07-2009,,116
2009,29,52,5,0,150107A201,150107,0,0,1,0,0,0,25-07-2009,2009150107A201150107,1,1,24-07-2009,,24
2009,30,52,5,0,150107A201,150107,0,0,0,1,0,0,01-08-2009,2009150107A201150107,1,1,26-07-2009,,43
2009,30,52,5,0,150107A201,150107,0,0,0,1,0,0,01-08-2009,2009150107A201150107,1,1,27-07-2009,,24
2009,30,52,5,0,150107A201,150107,0,1,1,0,1,0,01-08-2009,2009150107A201150107,1,3,28-07-2009,,61
2009,30,52,5,0,150107A201,150107,0,0,0,1,0,0,01-08-2009,2009150107A201150107,1,1,29-07-2009,,49
2009,30,52,5,0,150107A201,150107,0,1,0,0,0,0,01-08-2009,2009150107A201150107,1,1,30-07-2009,,101
2009,30,52,5,0,150107A201,150107,0,0,0,0,1,0,01-08-2009,2009150107A201150107,1,1,01-08-2009,,69
2009,31,52,5,0,150107A201,150107,0,0,0,0,1,0,08-08-2009,2009150107A201150107,1,1,02-08-2009,,33
2009,31,52,5,0,150107A201,150107,0,0,0,1,0,0,08-08-2009,2009150107A201150107,1,1,03-08-2009,,116
2009,31,52,5,0,150107A201,150107,0,0,0,0,1,0,08-08-2009,2009150107A201150107,1,1,04-08-2009,,89
2009,31,52,5,0,150107A201,150107,0,0,1,0,1,0,08-08-2009,2009150107A201150107,1,2,06-08-2009,,82
2009,31,52,5,0,150107A201,150107,0,1,0,0,0,0,08-08-2009,2009150107A201150107,1,1,07-08-2009,,93
2009,31,52,5,0,150107A201,150107,0,0,0,0,1,0,08-08-2009,2009150107A201150107,1,1,08-08-2009,,82
2009,32,52,5,0,150107A201,150107,1,1,0,1,1,0,15-08-2009,2009150107A201150107,1,4,09-08-2009,,50
2009,32,52,5,0,150107A201,150107,0,0,0,0,1,0,15-08-2009,2009150107A201150107,1,1,10-08-2009,,112
2009,32,52,5,0,150107A201,150107,0,0,1,0,0,0,15-08-2009,2009150107A201150107,1,1,11-08-2009,,83
2009,32,52,5,0,150107A201,150107,0,0,1,0,0,0,15-08-2009,2009150107A201150107,1,1,12-08-2009,,95
2009,32,52,5,0,150107A201,150107,0,0,0,0,1,0,15-08-2009,2009150107A201150107,1,1,13-08-2009,,69
2009,32,52,5,0,150107A201,150107,0,1,0,1,1,0,15-08-2009,2009150107A201150107,1,3,14-08-2009,,93
2009,33,52,5,0,150107A201,150107,0,0,1,0,1,0,22-08-2009,2009150107A201150107,1,2,16-08-2009,,28
2009,33,52,5,0,150107A201,150107,0,0,0,1,0,0,22-08-2009,2009150107A201150107,1,1,17-08-2009,,138
2009,33,52,5,0,150107A201,150107,0,0,0,0,1,0,22-08-2009,2009150107A201150107,1,1,19-08-2009,,116
2009,33,52,5,0,150107A201,150107,0,0,0,1,0,0,22-08-2009,2009150107A201150107,1,1,20-08-2009,,82
2009,33,52,5,0,150107A201,150107,0,1,0,1,1,0,22-08-2009,2009150107A201150107,1,3,21-08-2009,,85
2009,33,52,5,0,150107A201,150107,0,0,0,1,2,0,22-08-2009,2009150107A201150107,1,3,22-08-2009,,83
2009,34,52,5,0,150107A201,150107,0,4,3,1,2,0,01-09-2009,2009150107A201150107,1,10,29-08-2009,,10
2009,35,52,5,0,150107A201,150107,1,0,0,0,0,0,05-09-2009,2009150107A201150107,1,1,30-08-2009,,28
2009,35,52,5,0,150107A201,150107,0,0,0,0,0,1,05-09-2009,2009150107A201150107,1,1,31-08-2009,,108
2009,35,52,5,0,150107A201,150107,0,0,0,1,0,0,05-09-2009,2009150107A201150107,1,1,01-09-2009,,106
2009,35,52,5,0,150107A201,150107,0,0,1,0,0,0,05-09-2009,2009150107A201150107,1,1,02-09-2009,,93
2009,35,52,5,0,150107A201,150107,0,1,0,0,0,1,05-09-2009,2009150107A201150107,1,2,03-09-2009,,84
2009,35,52,5,0,150107A201,150107,0,0,0,0,1,0,05-09-2009,2009150107A201150107,1,1,05-09-2009,,65
2009,37,52,5,0,150107A201,150107,0,1,0,0,1,0,19-09-2009,2009150107A201150107,1,2,14-09-2009,,47
2009,37,52,5,0,150107A201,150107,0,1,0,0,0,0,19-09-2009,2009150107A201150107,1,1,15-09-2009,,30
2009,37,52,5,0,150107A201,150107,0,0,0,0,1,0,19-09-2009,2009150107A201150107,1,1,16-09-2009,,55
2009,37,52,5,0,150107A201,150107,0,0,0,0,1,0,19-09-2009,2009150107A201150107,1,1,17-09-2009,,66
2009,38,52,5,0,150107A201,150107,1,0,0,0,0,0,26-09-2009,2009150107A201150107,1,1,20-09-2009,,50
2009,38,52,5,0,150107A201,150107,0,1,0,0,0,0,26-09-2009,2009150107A201150107,1,1,21-09-2009,,124
2009,38,52,5,0,150107A201,150107,0,0,0,0,1,0,26-09-2009,2009150107A201150107,1,1,22-09-2009,,115
2009,38,52,5,0,150107A201,150107,1,0,0,0,0,0,26-09-2009,2009150107A201150107,1,1,24-09-2009,,100
2009,38,52,5,0,150107A201,150107,0,0,0,1,0,0,26-09-2009,2009150107A201150107,1,1,25-09-2009,,128
2009,38,52,5,0,150107A201,150107,1,0,1,0,0,1,26-09-2009,2009150107A201150107,1,3,26-09-2009,,46
2009,39,52,5,0,150107A201,150107,0,1,0,0,0,0,03-10-2009,2009150107A201150107,1,1,27-09-2009,,39
2009,39,52,5,0,150107A201,150107,0,2,0,0,0,0,03-10-2009,2009150107A201150107,1,2,28-09-2009,,103
2009,39,52,5,0,150107A201,150107,1,1,0,0,0,0,03-10-2009,2009150107A201150107,1,2,30-09-2009,,79
2009,42,52,5,0,150107A201,150107,1,3,0,3,1,0,27-10-2009,2009150107A201150107,1,8,24-10-2009,,8
2009,40,52,5,0,150107A201,150107,1,0,0,0,1,0,10-10-2009,2009150107A201150107,1,2,05-10-2009,,48
2009,40,52,5,0,150107A201,150107,0,1,0,1,1,0,10-10-2009,2009150107A201150107,1,3,06-10-2009,,129
2009,40,52,5,0,150107A201,150107,1,0,0,0,1,0,10-10-2009,2009150107A201150107,1,2,07-10-2009,,105
2009,40,52,5,0,150107A201,150107,0,2,0,1,1,0,10-10-2009,2009150107A201150107,1,4,08-10-2009,,95
2009,40,52,5,0,150107A201,150107,0,1,0,0,1,1,10-10-2009,2009150107A201150107,1,3,09-10-2009,,58
2009,40,52,5,0,150107A201,150107,1,0,1,0,1,0,10-10-2009,2009150107A201150107,1,3,10-10-2009,,109
2009,41,52,5,0,150107A201,150107,0,0,0,1,0,1,17-10-2009,2009150107A201150107,1,2,11-10-2009,,42
2009,41,52,5,0,150107A201,150107,1,1,0,0,0,0,17-10-2009,2009150107A201150107,1,2,12-10-2009,,111
2009,41,52,5,0,150107A201,150107,0,0,1,0,0,0,17-10-2009,2009150107A201150107,1,1,13-10-2009,,73
2009,41,52,5,0,150107A201,150107,0,0,0,0,1,0,17-10-2009,2009150107A201150107,1,1,14-10-2009,,115
2009,41,52,5,0,150107A201,150107,0,0,0,0,0,1,17-10-2009,2009150107A201150107,1,1,15-10-2009,,111
2009,41,52,5,0,150107A201,150107,0,2,1,0,0,0,17-10-2009,2009150107A201150107,1,3,16-10-2009,,100
2009,41,52,5,0,150107A201,150107,0,1,0,0,0,0,17-10-2009,2009150107A201150107,1,1,17-10-2009,,85
2009,43,52,5,0,150107A201,150107,0,1,0,1,1,0,31-10-2009,2009150107A201150107,1,3,26-10-2009,,111
2009,43,52,5,0,150107A201,150107,0,0,1,0,0,0,31-10-2009,2009150107A201150107,1,1,27-10-2009,,28
2009,43,52,5,0,150107A201,150107,0,0,1,0,0,0,31-10-2009,2009150107A201150107,1,1,28-10-2009,,106
2009,43,52,5,0,150107A201,150107,0,0,0,1,1,0,31-10-2009,2009150107A201150107,1,2,29-10-2009,,100
2009,43,52,5,0,150107A201,150107,0,0,0,0,0,1,31-10-2009,2009150107A201150107,1,1,31-10-2009,,57
2009,44,52,5,0,150107A201,150107,0,0,0,1,0,0,07-11-2009,2009150107A201150107,1,1,01-11-2009,,43
2009,44,52,5,0,150107A201,150107,1,1,0,0,0,0,07-11-2009,2009150107A201150107,1,2,03-11-2009,,76
2009,44,52,5,0,150107A201,150107,0,0,0,0,2,0,07-11-2009,2009150107A201150107,1,2,05-11-2009,,64
2009,44,52,5,0,150107A201,150107,0,0,0,0,2,0,07-11-2009,2009150107A201150107,1,2,07-11-2009,,54
2009,45,52,5,0,150107A201,150107,0,0,1,0,0,0,14-11-2009,2009150107A201150107,1,1,09-11-2009,,92
2009,45,52,5,0,150107A201,150107,0,0,0,1,0,0,14-11-2009,2009150107A201150107,1,1,10-11-2009,,122
2009,45,52,5,0,150107A201,150107,1,0,0,0,0,1,14-11-2009,2009150107A201150107,1,2,11-11-2009,,81
2009,45,52,5,0,150107A201,150107,0,1,0,0,0,0,14-11-2009,2009150107A201150107,1,1,12-11-2009,,95
2009,45,52,5,0,150107A201,150107,1,0,0,0,1,0,14-11-2009,2009150107A201150107,1,2,13-11-2009,,81
2009,45,52,5,0,150107A201,150107,1,0,0,0,0,0,14-11-2009,2009150107A201150107,1,1,14-11-2009,,106
2009,46,52,5,0,150107A201,150107,0,0,0,1,0,0,21-11-2009,2009150107A201150107,1,1,16-11-2009,,134
2009,46,52,5,0,150107A201,150107,0,0,0,0,1,1,21-11-2009,2009150107A201150107,1,2,17-11-2009,,76
2009,46,52,5,0,150107A201,150107,1,1,0,1,0,0,21-11-2009,2009150107A201150107,1,3,18-11-2009,,106
2009,46,52,5,0,150107A201,150107,1,1,1,0,1,1,21-11-2009,2009150107A201150107,1,5,19-11-2009,,81
2009,46,52,5,0,150107A201,150107,1,0,0,0,0,0,21-11-2009,2009150107A201150107,1,1,20-11-2009,,111
2009,46,52,5,0,150107A201,150107,0,0,0,0,1,0,21-11-2009,2009150107A201150107,1,1,21-11-2009,,58
2009,47,52,5,0,150107A201,150107,1,0,0,0,1,0,28-11-2009,2009150107A201150107,1,2,22-11-2009,,35
2009,47,52,5,0,150107A201,150107,0,0,0,1,1,1,28-11-2009,2009150107A201150107,1,3,23-11-2009,,89
2009,47,52,5,0,150107A201,150107,0,1,0,1,1,0,28-11-2009,2009150107A201150107,1,3,25-11-2009,,68
2009,47,52,5,0,150107A201,150107,0,0,0,0,1,0,28-11-2009,2009150107A201150107,1,1,26-11-2009,,101
2009,47,52,5,0,150107A201,150107,0,1,0,1,0,1,28-11-2009,2009150107A201150107,1,3,27-11-2009,,92
2009,47,52,5,0,150107A201,150107,0,0,1,0,1,0,28-11-2009,2009150107A201150107,1,2,28-11-2009,,82
2009,48,52,5,0,150107A201,150107,1,0,0,0,0,1,05-12-2009,2009150107A201150107,1,2,29-11-2009,,34
2009,48,52,5,0,150107A201,150107,0,1,0,0,1,0,05-12-2009,2009150107A201150107,1,2,30-11-2009,,105
2009,48,52,5,0,150107A201,150107,0,1,0,0,1,0,05-12-2009,2009150107A201150107,1,2,01-12-2009,,119
2009,48,52,5,0,150107A201,150107,0,0,0,1,1,0,05-12-2009,2009150107A201150107,1,2,02-12-2009,,105
2009,48,52,5,0,150107A201,150107,1,0,0,0,1,0,05-12-2009,2009150107A201150107,1,2,03-12-2009,,101
2009,48,52,5,0,150107A201,150107,0,0,1,0,0,0,05-12-2009,2009150107A201150107,1,1,04-12-2009,,86
2009,48,52,5,0,150107A201,150107,0,0,0,0,1,0,05-12-2009,2009150107A201150107,1,1,05-12-2009,,90
2009,50,52,5,0,150107A201,150107,1,0,0,1,0,0,19-12-2009,2009150107A201150107,1,2,13-12-2009,,44
2009,50,52,5,0,150107A201,150107,1,0,1,0,0,0,19-12-2009,2009150107A201150107,1,2,14-12-2009,,94
2009,50,52,5,0,150107A201,150107,0,0,0,1,0,0,19-12-2009,2009150107A201150107,1,1,15-12-2009,,108
2009,50,52,5,0,150107A201,150107,0,0,0,0,0,1,19-12-2009,2009150107A201150107,1,1,16-12-2009,,94
2009,50,52,5,0,150107A201,150107,0,1,0,0,0,0,19-12-2009,2009150107A201150107,1,1,17-12-2009,,97
2009,50,52,5,0,150107A201,150107,0,0,0,1,0,0,19-12-2009,2009150107A201150107,1,1,18-12-2009,,73
2009,50,52,5,0,150107A201,150107,0,0,0,0,0,1,19-12-2009,2009150107A201150107,1,1,19-12-2009,,67
2009,51,52,5,0,150107A201,150107,0,0,0,0,1,0,26-12-2009,2009150107A201150107,1,1,20-12-2009,,42
2009,51,52,5,0,150107A201,150107,0,0,1,0,0,0,26-12-2009,2009150107A201150107,1,1,21-12-2009,,100
2009,51,52,5,0,150107A201,150107,1,0,0,0,1,0,26-12-2009,2009150107A201150107,1,2,22-12-2009,,85
2009,51,52,5,0,150107A201,150107,0,1,0,1,0,0,26-12-2009,2009150107A201150107,1,2,23-12-2009,,103
2009,51,52,5,0,150107A201,150107,0,1,0,0,0,1,26-12-2009,2009150107A201150107,1,2,24-12-2009,,63
2009,51,52,5,0,150107A201,150107,1,1,1,1,0,0,26-12-2009,2009150107A201150107,1,4,25-12-2009,,36
2009,52,52,5,0,150107A201,150107,1,0,0,1,0,0,31-12-2009,2009150107A201150107,1,2,27-12-2009,,39
2009,52,52,5,0,150107A201,150107,0,0,0,0,1,0,31-12-2009,2009150107A201150107,1,1,28-12-2009,,126
2009,52,52,5,0,150107A201,150107,0,0,1,0,0,0,31-12-2009,2009150107A201150107,1,1,29-12-2009,,100
2009,52,52,5,0,150107A201,150107,0,1,0,0,1,0,31-12-2009,2009150107A201150107,1,2,30-12-2009,,115
2009,52,52,5,0,150107A201,150107,1,1,0,0,0,0,31-12-2009,2009150107A201150107,1,2,31-12-2009,,68
2010,1,52,5,0,150107A201,150107,0,1,0,0,0,1,09-01-2010,2010150107A201150107,1,2,03-01-2010,2010-01-03,53
2010,1,52,5,0,150107A201,150107,1,0,0,1,0,0,09-01-2010,2010150107A201150107,1,2,04-01-2010,2010-01-04,141
2010,1,52,5,0,150107A201,150107,0,0,1,1,0,0,09-01-2010,2010150107A201150107,1,2,05-01-2010,2010-01-05,85
2010,1,52,5,0,150107A201,150107,1,0,1,1,1,0,09-01-2010,2010150107A201150107,1,4,06-01-2010,2010-01-06,114
2010,1,52,5,0,150107A201,150107,0,1,0,0,1,0,09-01-2010,2010150107A201150107,1,2,07-01-2010,2010-01-07,88
2010,1,52,5,0,150107A201,150107,1,0,0,0,1,0,09-01-2010,2010150107A201150107,1,2,08-01-2010,2010-01-08,94
2010,2,52,5,0,150107A201,150107,0,0,0,0,1,0,16-01-2010,2010150107A201150107,1,1,10-01-2010,2010-01-10,62
2010,2,52,5,0,150107A201,150107,1,0,0,0,0,0,16-01-2010,2010150107A201150107,1,1,11-01-2010,2010-01-11,148
2010,2,52,5,0,150107A201,150107,0,1,0,0,1,0,16-01-2010,2010150107A201150107,1,2,12-01-2010,2010-01-12,105
2010,2,52,5,0,150107A201,150107,0,0,0,1,0,0,16-01-2010,2010150107A201150107,1,1,13-01-2010,2010-01-13,94
2010,2,52,5,0,150107A201,150107,1,0,1,0,0,0,16-01-2010,2010150107A201150107,1,2,14-01-2010,2010-01-14,104
2010,2,52,5,0,150107A201,150107,0,0,0,0,0,1,16-01-2010,2010150107A201150107,1,1,15-01-2010,2010-01-15,103
2010,2,52,5,0,150107A201,150107,0,1,0,0,0,0,16-01-2010,2010150107A201150107,1,1,16-01-2010,2010-01-16,92
2010,3,52,5,0,150107A201,150107,1,0,0,0,0,0,23-01-2010,2010150107A201150107,1,1,17-01-2010,2010-01-17,64
2010,3,52,5,0,150107A201,150107,0,1,1,0,0,1,23-01-2010,2010150107A201150107,1,3,18-01-2010,2010-01-18,151
2010,3,52,5,0,150107A201,150107,1,0,0,1,0,0,23-01-2010,2010150107A201150107,1,2,19-01-2010,2010-01-19,110
2010,3,52,5,0,150107A201,150107,0,0,0,0,1,0,23-01-2010,2010150107A201150107,1,1,20-01-2010,2010-01-20,101
2010,3,52,5,0,150107A201,150107,1,0,0,0,0,1,23-01-2010,2010150107A201150107,1,2,21-01-2010,2010-01-21,101
2010,3,52,5,0,150107A201,150107,0,0,1,0,0,0,23-01-2010,2010150107A201150107,1,1,22-01-2010,2010-01-22,98
2010,3,52,5,0,150107A201,150107,0,0,0,1,1,0,23-01-2010,2010150107A201150107,1,2,23-01-2010,2010-01-23,91
2010,4,52,5,0,150107A201,150107,0,0,0,0,1,0,30-01-2010,2010150107A201150107,1,1,24-01-2010,2010-01-24,8
2010,4,52,5,0,150107A201,150107,0,1,0,0,0,1,30-01-2010,2010150107A201150107,1,2,25-01-2010,2010-01-25,150
2010,4,52,5,0,150107A201,150107,1,1,0,0,0,0,30-01-2010,2010150107A201150107,1,2,26-01-2010,2010-01-26,98
2010,4,52,5,0,150107A201,150107,0,0,1,0,1,0,30-01-2010,2010150107A201150107,1,2,27-01-2010,2010-01-27,114
2010,4,52,5,0,150107A201,150107,1,0,0,0,0,0,30-01-2010,2010150107A201150107,1,1,28-01-2010,2010-01-28,101
2010,4,52,5,0,150107A201,150107,0,0,0,1,0,0,30-01-2010,2010150107A201150107,1,1,29-01-2010,2010-01-29,89
2010,5,52,5,0,150107A201,150107,1,0,0,0,0,0,06-02-2010,2010150107A201150107,1,1,31-01-2010,2010-01-31,67
2010,5,52,5,0,150107A201,150107,0,0,0,0,1,0,06-02-2010,2010150107A201150107,1,1,01-02-2010,2010-02-01,174
2010,5,52,5,0,150107A201,150107,0,0,1,0,0,0,06-02-2010,2010150107A201150107,1,1,02-02-2010,2010-02-02,155
2010,5,52,5,0,150107A201,150107,1,0,0,1,0,0,06-02-2010,2010150107A201150107,1,2,03-02-2010,2010-02-03,146
2010,5,52,5,0,150107A201,150107,0,1,0,0,0,0,06-02-2010,2010150107A201150107,1,1,04-02-2010,2010-02-04,124
2010,5,52,5,0,150107A201,150107,0,0,0,1,0,0,06-02-2010,2010150107A201150107,1,1,05-02-2010,2010-02-05,107
2010,5,52,5,0,150107A201,150107,0,0,1,0,0,0,06-02-2010,2010150107A201150107,1,1,06-02-2010,2010-02-06,94
2010,6,52,5,0,150107A201,150107,0,0,0,0,1,0,13-02-2010,2010150107A201150107,1,1,07-02-2010,2010-02-07,72
2010,6,52,5,0,150107A201,150107,1,0,1,0,0,1,13-02-2010,2010150107A201150107,1,3,08-02-2010,2010-02-08,184
2010,6,52,5,0,150107A201,150107,0,1,0,0,1,0,13-02-2010,2010150107A201150107,1,2,10-02-2010,2010-02-10,150
2010,6,52,5,0,150107A201,150107,0,1,0,1,0,0,13-02-2010,2010150107A201150107,1,2,12-02-2010,2010-02-12,115
2010,7,52,5,0,150107A201,150107,0,1,0,0,1,0,20-02-2010,2010150107A201150107,1,2,16-02-2010,2010-02-16,36
2010,7,52,5,0,150107A201,150107,0,0,0,0,2,0,20-02-2010,2010150107A201150107,1,2,17-02-2010,2010-02-17,109
2010,7,52,5,0,150107A201,150107,0,0,1,1,0,0,20-02-2010,2010150107A201150107,1,2,18-02-2010,2010-02-18,89
2010,7,52,5,0,150107A201,150107,0,0,0,1,0,0,20-02-2010,2010150107A201150107,1,1,19-02-2010,2010-02-19,52
2010,8,52,5,0,150107A201,150107,1,0,0,1,0,0,27-02-2010,2010150107A201150107,1,2,23-02-2010,2010-02-23,166
2010,8,52,5,0,150107A201,150107,0,0,1,0,0,0,27-02-2010,2010150107A201150107,1,1,24-02-2010,2010-02-24,135
2010,8,52,5,0,150107A201,150107,0,1,0,0,1,0,27-02-2010,2010150107A201150107,1,2,25-02-2010,2010-02-25,114
2010,8,52,5,0,150107A201,150107,1,0,0,0,0,0,27-02-2010,2010150107A201150107,1,1,26-02-2010,2010-02-26,100
2010,8,52,5,0,150107A201,150107,0,0,1,0,0,1,27-02-2010,2010150107A201150107,1,2,27-02-2010,2010-02-27,76
2010,10,52,5,0,150107A201,150107,0,0,1,0,0,1,13-03-2010,2010150107A201150107,1,2,07-03-2010,2010-03-07,68
2010,10,52,5,0,150107A201,150107,1,0,0,0,0,0,13-03-2010,2010150107A201150107,1,1,08-03-2010,2010-03-08,154
2010,10,52,5,0,150107A201,150107,0,0,1,0,0,0,13-03-2010,2010150107A201150107,1,1,09-03-2010,2010-03-09,137
2010,10,52,5,0,150107A201,150107,0,0,0,1,0,0,13-03-2010,2010150107A201150107,1,1,10-03-2010,2010-03-10,123
2010,10,52,5,0,150107A201,150107,0,0,0,0,1,0,13-03-2010,2010150107A201150107,1,1,11-03-2010,2010-03-11,115
2010,10,52,5,0,150107A201,150107,0,1,0,0,0,0,13-03-2010,2010150107A201150107,1,1,12-03-2010,2010-03-12,101
2010,10,52,5,0,150107A201,150107,1,0,0,0,0,0,13-03-2010,2010150107A201150107,1,1,13-03-2010,2010-03-13,91
2010,11,52,5,0,150107A201,150107,1,0,0,0,0,0,20-03-2010,2010150107A201150107,1,1,14-03-2010,2010-03-14,72
2010,11,52,5,0,150107A201,150107,0,1,0,0,1,1,20-03-2010,2010150107A201150107,1,3,15-03-2010,2010-03-15,167
2010,11,52,5,0,150107A201,150107,0,0,0,1,0,0,20-03-2010,2010150107A201150107,1,1,16-03-2010,2010-03-16,144
2010,11,52,5,0,150107A201,150107,1,0,1,0,0,0,20-03-2010,2010150107A201150107,1,2,17-03-2010,2010-03-17,130
2010,11,52,5,0,150107A201,150107,1,0,0,0,0,0,20-03-2010,2010150107A201150107,1,1,19-03-2010,2010-03-19,107
2010,11,52,5,0,150107A201,150107,0,0,0,1,0,1,20-03-2010,2010150107A201150107,1,2,20-03-2010,2010-03-20,90
2010,12,52,5,0,150107A201,150107,2,2,1,1,1,1,30-03-2010,2010150107A201150107,1,8,27-03-2010,2010-03-21,8
2010,13,52,5,0,150107A201,150107,0,0,0,0,0,1,03-04-2010,2010150107A201150107,1,1,28-03-2010,2010-03-28,62
2010,13,52,5,0,150107A201,150107,1,0,0,0,0,0,03-04-2010,2010150107A201150107,1,1,29-03-2010,2010-03-29,98
2010,13,52,5,0,150107A201,150107,0,0,1,1,0,0,03-04-2010,2010150107A201150107,1,2,30-03-2010,2010-03-30,100
2010,13,52,5,0,150107A201,150107,0,0,0,0,1,0,03-04-2010,2010150107A201150107,1,1,31-03-2010,2010-03-31,101
2010,13,52,5,0,150107A201,150107,0,1,0,0,1,0,03-04-2010,2010150107A201150107,1,2,01-04-2010,2010-04-01,47
2010,13,52,5,0,150107A201,150107,1,0,0,0,0,0,03-04-2010,2010150107A201150107,1,1,02-04-2010,2010-04-02,36
2010,13,52,5,0,150107A201,150107,0,3,0,0,0,0,03-04-2010,2010150107A201150107,1,3,03-04-2010,2010-04-03,64
2010,14,52,5,0,150107A201,150107,0,0,1,0,0,0,10-04-2010,2010150107A201150107,1,1,04-04-2010,2010-04-04,72
2010,14,52,5,0,150107A201,150107,1,0,0,0,0,0,10-04-2010,2010150107A201150107,1,1,05-04-2010,2010-04-05,172
2010,14,52,5,0,150107A201,150107,1,0,0,1,0,0,10-04-2010,2010150107A201150107,1,2,06-04-2010,2010-04-06,142
2010,14,52,5,0,150107A201,150107,0,1,0,0,0,1,10-04-2010,2010150107A201150107,1,2,07-04-2010,2010-04-07,130
2010,14,52,5,0,150107A201,150107,0,1,0,0,0,0,10-04-2010,2010150107A201150107,1,1,08-04-2010,2010-04-08,114
2010,14,52,5,0,150107A201,150107,1,0,0,0,1,0,10-04-2010,2010150107A201150107,1,2,09-04-2010,2010-04-09,100
2010,14,52,5,0,150107A201,150107,0,0,1,0,0,0,10-04-2010,2010150107A201150107,1,1,10-04-2010,2010-04-10,86
2010,15,52,5,0,150107A201,150107,1,0,0,1,0,0,17-04-2010,2010150107A201150107,1,2,11-04-2010,2010-04-11,82
2010,15,52,5,0,150107A201,150107,0,1,0,0,0,0,17-04-2010,2010150107A201150107,1,1,12-04-2010,2010-04-12,168
2010,15,52,5,0,150107A201,150107,1,0,0,0,0,1,17-04-2010,2010150107A201150107,1,2,13-04-2010,2010-04-13,157
2010,15,52,5,0,150107A201,150107,0,0,0,0,0,1,17-04-2010,2010150107A201150107,1,1,14-04-2010,2010-04-14,136
2010,15,52,5,0,150107A201,150107,1,0,1,0,0,0,17-04-2010,2010150107A201150107,1,2,15-04-2010,2010-04-15,124
2010,15,52,5,0,150107A201,150107,1,0,0,1,1,0,17-04-2010,2010150107A201150107,1,3,16-04-2010,2010-04-16,115
2010,16,52,5,0,150107A201,150107,1,1,1,0,1,0,24-04-2010,2010150107A201150107,1,4,19-04-2010,2010-04-19,177
2010,16,52,5,0,150107A201,150107,0,0,0,0,0,1,24-04-2010,2010150107A201150107,1,1,20-04-2010,2010-04-20,162
2010,16,52,5,0,150107A201,150107,0,1,0,0,0,0,24-04-2010,2010150107A201150107,1,1,21-04-2010,2010-04-21,139
2010,16,52,5,0,150107A201,150107,1,0,1,0,0,0,24-04-2010,2010150107A201150107,1,2,22-04-2010,2010-04-22,114
2010,16,52,5,0,150107A201,150107,1,0,0,1,0,0,24-04-2010,2010150107A201150107,1,2,23-04-2010,2010-04-23,106
2010,16,52,5,0,150107A201,150107,0,1,0,0,0,0,24-04-2010,2010150107A201150107,1,1,24-04-2010,2010-04-24,102
2010,18,52,5,0,150107A201,150107,0,1,1,0,1,0,08-05-2010,2010150107A201150107,1,3,06-05-2010,2010-04-06,83
2010,19,52,5,0,150107A201,150107,0,0,1,0,0,0,15-05-2010,2010150107A201150107,1,1,10-05-2010,2010-05-10,80
2010,19,52,5,0,150107A201,150107,0,1,0,0,0,0,15-05-2010,2010150107A201150107,1,1,12-05-2010,2010-05-12,77
2010,19,52,5,0,150107A201,150107,0,1,0,1,0,0,15-05-2010,2010150107A201150107,1,2,13-05-2010,2010-05-13,82
2010,19,52,5,0,150107A201,150107,0,0,0,0,1,0,15-05-2010,2010150107A201150107,1,1,15-05-2010,2010-05-15,25
2010,20,52,5,0,150107A201,150107,1,0,0,0,0,0,22-05-2010,2010150107A201150107,1,1,16-05-2010,2010-05-16,89
2010,20,52,5,0,150107A201,150107,0,1,1,0,1,0,22-05-2010,2010150107A201150107,1,3,17-05-2010,2010-05-17,202
2010,20,52,5,0,150107A201,150107,0,0,0,1,0,0,22-05-2010,2010150107A201150107,1,1,18-05-2010,2010-05-18,178
2010,20,52,5,0,150107A201,150107,1,1,0,0,0,1,22-05-2010,2010150107A201150107,1,3,19-05-2010,2010-05-19,157
2010,20,52,5,0,150107A201,150107,1,0,1,0,0,0,22-05-2010,2010150107A201150107,1,2,20-05-2010,2010-05-20,139
2010,20,52,5,0,150107A201,150107,0,0,0,0,1,0,22-05-2010,2010150107A201150107,1,1,21-05-2010,2010-05-21,110
2010,20,52,5,0,150107A201,150107,0,0,0,1,0,0,22-05-2010,2010150107A201150107,1,1,22-05-2010,2010-05-22,89
2010,21,52,5,0,150107A201,150107,1,0,0,0,0,0,29-05-2010,2010150107A201150107,1,1,23-05-2010,2010-05-23,78
2010,21,52,5,0,150107A201,150107,0,0,0,1,0,0,29-05-2010,2010150107A201150107,1,1,24-05-2010,2010-05-24,161
2010,21,52,5,0,150107A201,150107,1,0,1,0,0,0,29-05-2010,2010150107A201150107,1,2,25-05-2010,2010-05-25,143
2010,21,52,5,0,150107A201,150107,0,0,0,0,1,0,29-05-2010,2010150107A201150107,1,1,26-05-2010,2010-05-26,135
2010,21,52,5,0,150107A201,150107,0,1,0,0,0,0,29-05-2010,2010150107A201150107,1,1,27-05-2010,2010-05-27,126
2010,21,52,5,0,150107A201,150107,0,0,0,0,0,1,29-05-2010,2010150107A201150107,1,1,28-05-2010,2010-05-28,117
2010,21,52,5,0,150107A201,150107,1,0,0,0,0,0,29-05-2010,2010150107A201150107,1,1,29-05-2010,2010-05-29,91
2010,22,52,5,0,150107A201,150107,1,0,0,1,0,0,05-06-2010,2010150107A201150107,1,2,30-05-2010,2010-05-30,82
2010,22,52,5,0,150107A201,150107,1,0,1,0,0,1,05-06-2010,2010150107A201150107,1,3,01-06-2010,2010-06-01,173
2010,22,52,5,0,150107A201,150107,0,1,1,0,1,0,05-06-2010,2010150107A201150107,1,3,03-06-2010,2010-06-03,124
2010,22,52,5,0,150107A201,150107,1,0,0,0,0,1,05-06-2010,2010150107A201150107,1,2,04-06-2010,2010-06-04,86
2010,22,52,5,0,150107A201,150107,0,1,0,1,0,0,05-06-2010,2010150107A201150107,1,2,05-06-2010,2010-06-05,81
2010,23,52,5,0,150107A201,150107,0,1,0,0,0,0,12-06-2010,2010150107A201150107,1,1,06-06-2010,2010-06-06,90
2010,23,52,5,0,150107A201,150107,0,0,0,1,0,0,12-06-2010,2010150107A201150107,1,1,07-06-2010,2010-06-07,195
2010,23,52,5,0,150107A201,150107,0,0,0,0,0,1,12-06-2010,2010150107A201150107,1,1,08-06-2010,2010-06-08,176
2010,23,52,5,0,150107A201,150107,0,1,0,0,0,0,12-06-2010,2010150107A201150107,1,1,09-06-2010,2010-06-09,154
2010,23,52,5,0,150107A201,150107,0,1,0,0,1,0,12-06-2010,2010150107A201150107,1,2,10-06-2010,2010-06-10,140
2010,23,52,5,0,150107A201,150107,0,0,1,0,0,0,12-06-2010,2010150107A201150107,1,1,12-06-2010,2010-06-12,90
2010,24,52,5,0,150107A201,150107,0,1,0,1,0,1,19-06-2010,2010150107A201150107,1,3,14-06-2010,2010-06-14,121
2010,24,52,5,0,150107A201,150107,1,0,0,0,0,0,19-06-2010,2010150107A201150107,1,1,15-06-2010,2010-06-15,127
2010,24,52,5,0,150107A201,150107,0,0,1,0,0,0,19-06-2010,2010150107A201150107,1,1,16-06-2010,2010-06-16,122
2010,24,52,5,0,150107A201,150107,0,1,0,0,1,0,19-06-2010,2010150107A201150107,1,2,17-06-2010,2010-06-17,99
2010,24,52,5,0,150107A201,150107,0,0,1,0,0,0,19-06-2010,2010150107A201150107,1,1,19-06-2010,2010-06-19,84
2010,25,52,5,0,150107A201,150107,0,0,0,0,1,0,26-06-2010,2010150107A201150107,1,1,23-06-2010,2010-06-23,83
2010,25,52,5,0,150107A201,150107,0,2,0,0,0,0,26-06-2010,2010150107A201150107,1,2,25-06-2010,2010-06-25,88
2010,26,52,5,0,150107A201,150107,0,0,1,0,0,1,03-07-2010,2010150107A201150107,1,2,27-06-2010,2010-06-27,42
2010,26,52,5,0,150107A201,150107,0,1,0,1,0,0,03-07-2010,2010150107A201150107,1,2,28-06-2010,2010-06-28,115
2010,26,52,5,0,150107A201,150107,1,0,1,0,0,0,03-07-2010,2010150107A201150107,1,2,29-06-2010,2010-06-29,22
2010,26,52,5,0,150107A201,150107,0,0,0,0,1,0,03-07-2010,2010150107A201150107,1,1,30-06-2010,2010-06-30,105
2010,26,52,5,0,150107A201,150107,0,1,1,0,1,0,03-07-2010,2010150107A201150107,1,3,01-07-2010,2010-07-01,104
2010,26,52,5,0,150107A201,150107,0,0,0,1,1,0,03-07-2010,2010150107A201150107,1,2,02-07-2010,2010-07-02,100
2010,26,52,5,0,150107A201,150107,1,0,0,0,0,0,03-07-2010,2010150107A201150107,1,1,03-07-2010,2010-07-03,84
2010,27,52,5,0,150107A201,150107,1,0,1,0,0,1,10-07-2010,2010150107A201150107,1,3,04-07-2010,2010-07-04,43
2010,27,52,5,0,150107A201,150107,0,1,0,0,0,1,10-07-2010,2010150107A201150107,1,2,05-07-2010,2010-07-05,132
2010,27,52,5,0,150107A201,150107,1,0,0,1,1,0,10-07-2010,2010150107A201150107,1,3,06-07-2010,2010-07-06,84
2010,27,52,5,0,150107A201,150107,0,1,1,0,0,1,10-07-2010,2010150107A201150107,1,3,07-07-2010,2010-07-07,97
2010,27,52,5,0,150107A201,150107,1,0,0,1,1,0,10-07-2010,2010150107A201150107,1,3,08-07-2010,2010-07-08,71
2010,27,52,5,0,150107A201,150107,1,0,0,0,0,1,10-07-2010,2010150107A201150107,1,2,09-07-2010,2010-07-09,102
2010,27,52,5,0,150107A201,150107,0,1,0,1,0,0,10-07-2010,2010150107A201150107,1,2,10-07-2010,2010-07-10,108
2010,28,52,5,0,150107A201,150107,2,0,0,0,0,0,17-07-2010,2010150107A201150107,1,2,11-07-2010,2010-07-11,49
2010,28,52,5,0,150107A201,150107,0,1,0,0,1,0,17-07-2010,2010150107A201150107,1,2,12-07-2010,2010-07-12,116
2010,28,52,5,0,150107A201,150107,0,0,1,0,0,1,17-07-2010,2010150107A201150107,1,2,13-07-2010,2010-07-13,100
2010,28,52,5,0,150107A201,150107,1,0,0,1,0,0,17-07-2010,2010150107A201150107,1,2,14-07-2010,2010-07-14,71
2010,28,52,5,0,150107A201,150107,0,1,0,0,0,0,17-07-2010,2010150107A201150107,1,1,15-07-2010,2010-07-15,74
2010,28,52,5,0,150107A201,150107,0,0,0,0,1,0,17-07-2010,2010150107A201150107,1,1,16-07-2010,2010-07-16,94
2010,28,52,5,0,150107A201,150107,0,0,0,1,0,1,17-07-2010,2010150107A201150107,1,2,17-07-2010,2010-07-17,84
2010,29,52,5,0,150107A201,150107,0,0,0,0,1,1,24-07-2010,2010150107A201150107,1,2,19-07-2010,2010-07-19,106
2010,29,52,5,0,150107A201,150107,0,0,0,1,0,0,24-07-2010,2010150107A201150107,1,1,20-07-2010,2010-07-20,101
2010,29,52,5,0,150107A201,150107,0,0,1,1,1,0,24-07-2010,2010150107A201150107,1,3,22-07-2010,2010-07-22,75
2010,30,52,5,0,150107A201,150107,1,0,0,0,1,0,31-07-2010,2010150107A201150107,1,2,25-07-2010,2010-07-25,37
2010,30,52,5,0,150107A201,150107,0,0,1,0,0,1,31-07-2010,2010150107A201150107,1,2,26-07-2010,2010-07-26,129
2010,30,52,5,0,150107A201,150107,0,1,0,1,0,0,31-07-2010,2010150107A201150107,1,2,27-07-2010,2010-07-27,108
2010,30,52,5,0,150107A201,150107,1,0,0,0,1,0,31-07-2010,2010150107A201150107,1,2,28-07-2010,2010-07-28,52
2010,30,52,5,0,150107A201,150107,0,0,1,0,0,1,31-07-2010,2010150107A201150107,1,2,29-07-2010,2010-07-29,48
2010,30,52,5,0,150107A201,150107,0,1,0,1,0,0,31-07-2010,2010150107A201150107,1,2,30-07-2010,2010-07-30,74
2010,30,52,5,0,150107A201,150107,1,0,0,1,0,1,31-07-2010,2010150107A201150107,1,3,31-07-2010,2010-07-31,111
2010,31,52,5,0,150107A201,150107,1,0,0,1,0,1,07-08-2010,2010150107A201150107,1,3,02-08-2010,2010-08-02,113
2010,31,52,5,0,150107A201,150107,0,0,1,0,0,0,07-08-2010,2010150107A201150107,1,1,03-08-2010,2010-08-03,102
2010,31,52,5,0,150107A201,150107,0,0,1,0,0,1,07-08-2010,2010150107A201150107,1,2,04-08-2010,2010-08-04,105
2010,31,52,5,0,150107A201,150107,1,1,0,0,1,0,07-08-2010,2010150107A201150107,1,3,05-08-2010,2010-08-05,119
2010,31,52,5,0,150107A201,150107,1,0,0,0,1,0,07-08-2010,2010150107A201150107,1,2,07-08-2010,2010-08-07,113
2010,32,52,5,0,150107A201,150107,1,0,0,1,0,1,14-08-2010,2010150107A201150107,1,3,08-08-2010,2010-08-08,118
2010,32,52,5,0,150107A201,150107,0,0,0,0,0,1,14-08-2010,2010150107A201150107,1,1,09-08-2010,2010-08-09,129
2010,32,52,5,0,150107A201,150107,1,0,1,0,0,0,14-08-2010,2010150107A201150107,1,2,10-08-2010,2010-08-10,130
2010,32,52,5,0,150107A201,150107,0,0,0,0,1,0,14-08-2010,2010150107A201150107,1,1,11-08-2010,2010-08-11,100
2010,32,52,5,0,150107A201,150107,0,1,0,0,1,0,14-08-2010,2010150107A201150107,1,2,12-08-2010,2010-08-12,91
2010,32,52,5,0,150107A201,150107,0,0,0,1,0,0,14-08-2010,2010150107A201150107,1,1,13-08-2010,2010-08-13,74
2010,32,52,5,0,150107A201,150107,1,1,0,0,0,1,14-08-2010,2010150107A201150107,1,3,14-08-2010,2010-08-14,68
2010,33,52,5,0,150107A201,150107,1,0,0,0,1,0,21-08-2010,2010150107A201150107,1,2,15-08-2010,2010-08-15,112
2010,33,52,5,0,150107A201,150107,0,0,0,0,0,1,21-08-2010,2010150107A201150107,1,1,16-08-2010,2010-08-16,160
2010,33,52,5,0,150107A201,150107,0,0,1,1,0,0,21-08-2010,2010150107A201150107,1,2,17-08-2010,2010-08-17,152
2010,33,52,5,0,150107A201,150107,1,1,0,0,0,0,21-08-2010,2010150107A201150107,1,2,18-08-2010,2010-08-18,127
2010,33,52,5,0,150107A201,150107,0,0,0,0,1,0,21-08-2010,2010150107A201150107,1,1,19-08-2010,2010-08-19,106
2010,33,52,5,0,150107A201,150107,0,0,0,0,0,1,21-08-2010,2010150107A201150107,1,1,20-08-2010,2010-08-20,90
2010,33,52,5,0,150107A201,150107,0,0,1,0,0,0,21-08-2010,2010150107A201150107,1,1,21-08-2010,2010-08-21,70
2010,34,52,5,0,150107A201,150107,0,0,1,0,0,1,28-08-2010,2010150107A201150107,1,2,23-08-2010,2010-08-23,190
2010,34,52,5,0,150107A201,150107,0,0,0,0,1,0,28-08-2010,2010150107A201150107,1,1,24-08-2010,2010-08-24,169
2010,34,52,5,0,150107A201,150107,0,0,0,0,1,0,28-08-2010,2010150107A201150107,1,1,25-08-2010,2010-08-25,155
2010,34,52,5,0,150107A201,150107,0,1,0,1,0,0,28-08-2010,2010150107A201150107,1,2,26-08-2010,2010-08-26,130
2010,34,52,5,0,150107A201,150107,0,0,0,0,0,1,28-08-2010,2010150107A201150107,1,1,27-08-2010,2010-08-27,108
2010,34,52,5,0,150107A201,150107,0,0,1,0,0,0,28-08-2010,2010150107A201150107,1,1,28-08-2010,2010-08-28,84
2010,35,52,5,0,150107A201,150107,0,0,0,1,0,1,04-09-2010,2010150107A201150107,1,2,29-08-2010,2010-08-29,46
2010,35,52,5,0,150107A201,150107,1,0,0,0,0,0,04-09-2010,2010150107A201150107,1,1,30-08-2010,2010-08-30,32
2010,35,52,5,0,150107A201,150107,0,1,0,0,1,0,04-09-2010,2010150107A201150107,1,2,31-08-2010,2010-08-31,112
2010,35,52,5,0,150107A201,150107,0,0,1,0,0,1,04-09-2010,2010150107A201150107,1,2,01-09-2010,2010-09-01,93
2010,35,52,5,0,150107A201,150107,0,1,0,0,1,0,04-09-2010,2010150107A201150107,1,2,03-09-2010,2010-09-03,75
2010,35,52,5,0,150107A201,150107,1,0,0,0,0,1,04-09-2010,2010150107A201150107,1,2,04-09-2010,2010-09-04,64
2010,36,52,5,0,150107A201,150107,0,2,1,1,1,0,14-09-2010,2010150107A201150107,1,5,11-09-2010,2010-09-05,5
2010,37,52,5,0,150107A201,150107,3,2,2,1,2,3,21-09-2010,2010150107A201150107,1,13,18-09-2010,2010-09-12,13
2010,38,52,5,0,150107A201,150107,0,1,0,0,0,1,25-09-2010,2010150107A201150107,1,2,19-09-2010,2010-09-19,48
2010,38,52,5,0,150107A201,150107,1,0,0,0,0,0,25-09-2010,2010150107A201150107,1,1,20-09-2010,2010-09-20,135
2010,38,52,5,0,150107A201,150107,0,0,0,1,0,0,25-09-2010,2010150107A201150107,1,1,21-09-2010,2010-09-21,120
2010,38,52,5,0,150107A201,150107,0,0,1,0,0,0,25-09-2010,2010150107A201150107,1,1,22-09-2010,2010-09-22,104
2010,38,52,5,0,150107A201,150107,1,0,0,0,0,1,25-09-2010,2010150107A201150107,1,2,23-09-2010,2010-09-23,107
2010,38,52,5,0,150107A201,150107,0,0,0,0,1,0,25-09-2010,2010150107A201150107,1,1,24-09-2010,2010-09-24,78
2010,38,52,5,0,150107A201,150107,0,0,0,0,1,0,25-09-2010,2010150107A201150107,1,1,25-09-2010,2010-09-25,105
2010,39,52,5,0,150107A201,150107,0,0,0,0,0,1,02-10-2010,2010150107A201150107,1,1,27-09-2010,2010-09-27,115
2010,39,52,5,0,150107A201,150107,0,0,1,0,1,0,02-10-2010,2010150107A201150107,1,2,28-09-2010,2010-09-28,67
2010,39,52,5,0,150107A201,150107,1,2,0,0,2,0,02-10-2010,2010150107A201150107,1,5,29-09-2010,2010-09-29,100
2010,40,52,5,0,150107A201,150107,0,0,0,1,2,0,09-10-2010,2010150107A201150107,1,3,04-10-2010,2010-10-04,42
2010,40,52,5,0,150107A201,150107,0,0,0,0,1,0,09-10-2010,2010150107A201150107,1,1,05-10-2010,2010-10-05,129
2010,40,52,5,0,150107A201,150107,0,0,0,1,0,0,09-10-2010,2010150107A201150107,1,1,06-10-2010,2010-10-06,95
2010,40,52,5,0,150107A201,150107,0,1,1,0,0,0,09-10-2010,2010150107A201150107,1,2,08-10-2010,2010-10-08,95
2010,40,52,5,0,150107A201,150107,0,0,1,1,1,0,09-10-2010,2010150107A201150107,1,3,09-10-2010,2010-10-09,41
2010,41,52,5,0,150107A201,150107,0,0,0,0,0,1,16-10-2010,2010150107A201150107,1,1,10-10-2010,2010-10-10,50
2010,41,52,5,0,150107A201,150107,0,1,0,0,0,0,16-10-2010,2010150107A201150107,1,1,11-10-2010,2010-10-11,120
2010,41,52,5,0,150107A201,150107,1,0,0,0,1,0,16-10-2010,2010150107A201150107,1,2,12-10-2010,2010-10-12,94
2010,41,52,5,0,150107A201,150107,0,0,0,0,1,0,16-10-2010,2010150107A201150107,1,1,13-10-2010,2010-10-13,107
2010,41,52,5,0,150107A201,150107,0,0,0,0,0,1,16-10-2010,2010150107A201150107,1,1,14-10-2010,2010-10-14,82
2010,41,52,5,0,150107A201,150107,1,0,1,0,0,0,16-10-2010,2010150107A201150107,1,2,15-10-2010,2010-10-15,88
2010,42,52,5,0,150107A201,150107,0,1,0,0,1,0,23-10-2010,2010150107A201150107,1,2,17-10-2010,2010-10-17,151
2010,42,52,5,0,150107A201,150107,1,0,0,0,0,1,23-10-2010,2010150107A201150107,1,2,18-10-2010,2010-10-18,150
2010,42,52,5,0,150107A201,150107,0,0,1,0,0,0,23-10-2010,2010150107A201150107,1,1,19-10-2010,2010-10-19,118
2010,42,52,5,0,150107A201,150107,1,0,0,0,1,0,23-10-2010,2010150107A201150107,1,2,20-10-2010,2010-10-20,94
2010,42,52,5,0,150107A201,150107,0,1,0,1,0,0,23-10-2010,2010150107A201150107,1,2,21-10-2010,2010-10-21,92
2010,42,52,5,0,150107A201,150107,0,0,0,0,0,1,23-10-2010,2010150107A201150107,1,1,22-10-2010,2010-10-22,108
2010,42,52,5,0,150107A201,150107,1,0,0,0,0,0,23-10-2010,2010150107A201150107,1,1,23-10-2010,2010-10-23,106
2010,43,52,5,0,150107A201,150107,0,1,0,1,0,0,30-10-2010,2010150107A201150107,1,2,24-10-2010,2010-10-24,62
2010,43,52,5,0,150107A201,150107,0,1,0,0,1,0,30-10-2010,2010150107A201150107,1,2,25-10-2010,2010-10-25,122
2010,43,52,5,0,150107A201,150107,0,0,0,0,1,0,30-10-2010,2010150107A201150107,1,1,26-10-2010,2010-10-26,88
2010,43,52,5,0,150107A201,150107,0,2,0,2,2,0,30-10-2010,2010150107A201150107,1,6,27-10-2010,2010-10-27,105
2010,43,52,5,0,150107A201,150107,0,2,1,0,2,1,30-10-2010,2010150107A201150107,1,6,28-10-2010,2010-10-28,92
2010,43,52,5,0,150107A201,150107,0,0,0,1,0,0,30-10-2010,2010150107A201150107,1,1,29-10-2010,2010-10-29,82
2010,43,52,5,0,150107A201,150107,0,0,0,0,1,0,30-10-2010,2010150107A201150107,1,1,30-10-2010,2010-10-30,26
2010,44,52,5,0,150107A201,150107,0,1,0,0,2,0,06-11-2010,2010150107A201150107,1,3,31-10-2010,2010-10-31,63
2010,44,52,5,0,150107A201,150107,0,3,3,1,3,0,06-11-2010,2010150107A201150107,1,10,01-11-2010,2010-11-01,61
2010,44,52,5,0,150107A201,150107,0,0,0,0,1,0,06-11-2010,2010150107A201150107,1,1,02-11-2010,2010-11-02,104
2010,44,52,5,0,150107A201,150107,0,0,0,3,2,0,06-11-2010,2010150107A201150107,1,5,03-11-2010,2010-11-03,85
2010,45,52,5,0,150107A201,150107,0,1,0,0,0,1,13-11-2010,2010150107A201150107,1,2,07-11-2010,2010-11-07,58
2010,45,52,5,0,150107A201,150107,0,0,1,0,0,0,13-11-2010,2010150107A201150107,1,1,08-11-2010,2010-11-08,107
2010,45,52,5,0,150107A201,150107,0,0,0,1,0,0,13-11-2010,2010150107A201150107,1,1,09-11-2010,2010-11-09,98
2010,45,52,5,0,150107A201,150107,0,2,0,0,1,1,13-11-2010,2010150107A201150107,1,4,10-11-2010,2010-11-10,114
2010,45,52,5,0,150107A201,150107,0,0,1,0,0,0,13-11-2010,2010150107A201150107,1,1,11-11-2010,2010-11-11,82
2010,45,52,5,0,150107A201,150107,0,0,0,1,0,0,13-11-2010,2010150107A201150107,1,1,12-11-2010,2010-11-12,99
2010,45,52,5,0,150107A201,150107,0,1,0,0,0,1,13-11-2010,2010150107A201150107,1,2,13-11-2010,2010-11-13,84
2010,46,52,5,0,150107A201,150107,0,0,1,0,0,1,20-11-2010,2010150107A201150107,1,2,14-11-2010,2010-11-14,56
2010,46,52,5,0,150107A201,150107,0,0,1,0,0,0,20-11-2010,2010150107A201150107,1,1,15-11-2010,2010-11-15,123
2010,46,52,5,0,150107A201,150107,0,0,0,1,1,0,20-11-2010,2010150107A201150107,1,2,16-11-2010,2010-11-16,97
2010,46,52,5,0,150107A201,150107,1,0,0,0,0,1,20-11-2010,2010150107A201150107,1,2,17-11-2010,2010-11-17,136
2010,46,52,5,0,150107A201,150107,0,0,0,0,1,0,20-11-2010,2010150107A201150107,1,1,18-11-2010,2010-11-18,81
2010,46,52,5,0,150107A201,150107,0,1,0,0,0,0,20-11-2010,2010150107A201150107,1,1,19-11-2010,2010-11-19,94
2010,46,52,5,0,150107A201,150107,0,0,0,1,0,1,20-11-2010,2010150107A201150107,1,2,20-11-2010,2010-11-20,89
2010,47,52,5,0,150107A201,150107,0,1,0,0,0,0,27-11-2010,2010150107A201150107,1,1,21-11-2010,2010-11-21,70
2010,47,52,5,0,150107A201,150107,0,1,0,0,0,1,27-11-2010,2010150107A201150107,1,2,22-11-2010,2010-11-22,138
2010,47,52,5,0,150107A201,150107,0,0,0,1,0,0,27-11-2010,2010150107A201150107,1,1,23-11-2010,2010-11-23,117
2010,47,52,5,0,150107A201,150107,0,1,1,1,0,0,27-11-2010,2010150107A201150107,1,3,25-11-2010,2010-11-25,90
2010,47,52,5,0,150107A201,150107,0,0,0,0,0,1,27-11-2010,2010150107A201150107,1,1,26-11-2010,2010-11-26,98
2010,48,52,5,0,150107A201,150107,0,1,1,0,1,0,04-12-2010,2010150107A201150107,1,3,29-11-2010,2010-11-29,109
2010,48,52,5,0,150107A201,150107,0,1,0,0,0,0,04-12-2010,2010150107A201150107,1,1,01-12-2010,2010-12-01,87
2010,48,52,5,0,150107A201,150107,0,1,0,0,1,0,04-12-2010,2010150107A201150107,1,2,02-12-2010,2010-12-02,90
2010,48,52,5,0,150107A201,150107,0,1,0,0,0,0,04-12-2010,2010150107A201150107,1,1,03-12-2010,2010-12-03,81
2010,49,52,5,0,150107A201,150107,0,1,0,1,0,0,11-12-2010,2010150107A201150107,1,2,06-12-2010,2010-12-06,142
2010,49,52,5,0,150107A201,150107,1,0,0,0,2,0,11-12-2010,2010150107A201150107,1,3,07-12-2010,2010-12-07,146
2010,49,52,5,0,150107A201,150107,0,1,0,0,0,1,11-12-2010,2010150107A201150107,1,2,08-12-2010,2010-12-08,110
2010,49,52,5,0,150107A201,150107,1,0,0,0,1,0,11-12-2010,2010150107A201150107,1,2,09-12-2010,2010-12-09,99
2010,49,52,5,0,150107A201,150107,0,0,1,0,0,0,11-12-2010,2010150107A201150107,1,1,10-12-2010,2010-12-10,73
2010,50,52,5,0,150107A201,150107,0,0,0,0,1,0,18-12-2010,2010150107A201150107,1,1,12-12-2010,2010-12-12,74
2010,50,52,5,0,150107A201,150107,1,0,0,0,0,1,18-12-2010,2010150107A201150107,1,2,13-12-2010,2010-12-13,150
2010,50,52,5,0,150107A201,150107,0,0,0,0,1,0,18-12-2010,2010150107A201150107,1,1,14-12-2010,2010-12-14,127
2010,50,52,5,0,150107A201,150107,0,0,0,1,0,0,18-12-2010,2010150107A201150107,1,1,15-12-2010,2010-12-15,116
2010,50,52,5,0,150107A201,150107,0,1,0,0,0,0,18-12-2010,2010150107A201150107,1,1,16-12-2010,2010-12-16,92
2010,50,52,5,0,150107A201,150107,1,0,0,0,0,0,18-12-2010,2010150107A201150107,1,1,17-12-2010,2010-12-17,72
2010,50,52,5,0,150107A201,150107,0,0,1,0,0,1,18-12-2010,2010150107A201150107,1,2,18-12-2010,2010-12-18,52
2010,51,52,5,0,150107A201,150107,0,0,1,0,0,0,25-12-2010,2010150107A201150107,1,1,19-12-2010,2010-12-19,67
2010,51,52,5,0,150107A201,150107,1,0,0,0,0,1,25-12-2010,2010150107A201150107,1,2,20-12-2010,2010-12-20,117
2010,51,52,5,0,150107A201,150107,1,0,0,1,0,0,25-12-2010,2010150107A201150107,1,2,21-12-2010,2010-12-21,46
2010,51,52,5,0,150107A201,150107,0,0,0,0,1,0,25-12-2010,2010150107A201150107,1,1,22-12-2010,2010-12-22,89
2010,51,52,5,0,150107A201,150107,1,1,0,0,0,1,25-12-2010,2010150107A201150107,1,3,23-12-2010,2010-12-23,86
2010,51,52,5,0,150107A201,150107,0,0,1,0,0,0,25-12-2010,2010150107A201150107,1,1,24-12-2010,2010-12-24,58
2010,51,52,5,0,150107A201,150107,0,0,0,0,0,1,25-12-2010,2010150107A201150107,1,1,25-12-2010,2010-12-25,42
2010,52,52,5,0,150107A201,150107,0,0,0,0,1,0,01-01-2011,2010150107A201150107,1,1,26-12-2010,2010-12-26,58
2010,52,52,5,0,150107A201,150107,0,0,0,0,0,1,01-01-2011,2010150107A201150107,1,1,27-12-2010,2010-12-27,96
2010,52,52,5,0,150107A201,150107,1,0,1,0,0,0,01-01-2011,2010150107A201150107,1,2,28-12-2010,2010-12-28,98
2010,52,52,5,0,150107A201,150107,0,0,0,0,1,0,01-01-2011,2010150107A201150107,1,1,29-12-2010,2010-12-29,85
2010,52,52,5,0,150107A201,150107,0,0,0,0,0,1,01-01-2011,2010150107A201150107,1,1,30-12-2010,2010-12-30,99
2010,52,52,5,0,150107A201,150107,1,0,1,1,0,0,01-01-2011,2010150107A201150107,1,3,31-12-2010,2010-12-31,158
2011,1,52,5,0,150107A201,150107,0,0,0,0,0,1,08-01-2011,2011150107A201150107,1,1,02-01-2011,,82
2011,1,52,5,0,150107A201,150107,1,0,0,0,1,0,08-01-2011,2011150107A201150107,1,2,03-01-2011,,163
2011,1,52,5,0,150107A201,150107,0,0,1,1,0,0,08-01-2011,2011150107A201150107,1,2,04-01-2011,,134
2011,1,52,5,0,150107A201,150107,1,0,0,0,0,1,08-01-2011,2011150107A201150107,1,2,05-01-2011,,117
2011,1,52,5,0,150107A201,150107,0,1,0,0,0,1,08-01-2011,2011150107A201150107,1,2,07-01-2011,,86
2011,1,52,5,0,150107A201,150107,0,0,0,1,0,1,08-01-2011,2011150107A201150107,1,2,08-01-2011,,65
2011,2,52,5,0,150107A201,150107,1,0,0,0,0,1,15-01-2011,2011150107A201150107,1,2,09-01-2011,,94
2011,2,52,5,0,150107A201,150107,0,0,1,0,0,0,15-01-2011,2011150107A201150107,1,1,10-01-2011,,174
2011,2,52,5,0,150107A201,150107,1,0,0,0,0,1,15-01-2011,2011150107A201150107,1,2,11-01-2011,,156
2011,2,52,5,0,150107A201,150107,0,0,0,1,0,0,15-01-2011,2011150107A201150107,1,1,12-01-2011,,132
2011,2,52,5,0,150107A201,150107,0,0,0,0,1,0,15-01-2011,2011150107A201150107,1,1,13-01-2011,,123
2011,2,52,5,0,150107A201,150108,0,1,0,0,0,0,15-01-2011,2011150107A201150108,1,1,14-01-2011,,156
2011,3,52,5,0,150107A201,150107,0,0,0,1,0,1,22-01-2011,2011150107A201150107,1,2,16-01-2011,,76
2011,3,52,5,0,150107A201,150107,0,1,0,0,0,0,22-01-2011,2011150107A201150107,1,1,17-01-2011,,164
2011,3,52,5,0,150107A201,150107,1,0,0,0,0,1,22-01-2011,2011150107A201150107,1,2,18-01-2011,,143
2011,3,52,5,0,150107A201,150107,0,0,1,0,1,0,22-01-2011,2011150107A201150107,1,2,19-01-2011,,118
2011,3,52,5,0,150107A201,150107,1,0,0,0,0,1,22-01-2011,2011150107A201150107,1,2,21-01-2011,,78
2011,3,52,5,0,150107A201,150107,0,0,1,0,0,0,22-01-2011,2011150107A201150107,1,1,22-01-2011,,60
2011,4,52,5,0,150107A201,150107,0,2,1,1,3,0,29-01-2011,2011150107A201150107,1,7,23-01-2011,,107
2011,4,52,5,0,150107A201,150107,0,1,0,0,0,0,29-01-2011,2011150107A201150107,1,1,24-01-2011,,93
2011,4,52,5,0,150107A201,150107,0,0,0,0,1,1,29-01-2011,2011150107A201150107,1,2,25-01-2011,,77
2011,4,52,5,0,150107A201,150107,0,0,1,0,1,0,29-01-2011,2011150107A201150107,1,2,26-01-2011,,89
2011,5,52,5,0,150107A201,150107,1,0,0,0,1,0,05-02-2011,2011150107A201150107,1,2,30-01-2011,,38
2011,5,52,5,0,150107A201,150107,0,0,0,0,0,1,05-02-2011,2011150107A201150107,1,1,31-01-2011,,77
2011,5,52,5,0,150107A201,150107,0,0,1,0,0,0,05-02-2011,2011150107A201150107,1,1,01-02-2011,,70
2011,5,52,5,0,150107A201,150107,0,0,0,0,1,0,05-02-2011,2011150107A201150107,1,1,02-02-2011,,74
2011,5,52,5,0,150107A201,150107,0,1,0,0,0,1,05-02-2011,2011150107A201150107,1,2,03-02-2011,,63
2011,5,52,5,0,150107A201,150107,1,0,0,0,0,0,05-02-2011,2011150107A201150107,1,1,04-02-2011,,72
2011,5,52,5,0,150107A201,150107,0,0,0,1,0,0,05-02-2011,2011150107A201150107,1,1,05-02-2011,,73
2011,6,52,5,0,150107A201,150107,0,1,0,0,1,0,12-02-2011,2011150107A201150107,1,2,06-02-2011,,45
2011,6,52,5,0,150107A201,150107,0,0,0,1,0,1,12-02-2011,2011150107A201150107,1,2,07-02-2011,,133
2011,6,52,5,0,150107A201,150107,1,0,0,0,0,0,12-02-2011,2011150107A201150107,1,1,08-02-2011,,111
2011,6,52,5,0,150107A201,150107,0,0,0,0,0,1,12-02-2011,2011150107A201150107,1,1,09-02-2011,,95
2011,6,52,5,0,150107A201,150107,0,0,0,1,0,0,12-02-2011,2011150107A201150107,1,1,10-02-2011,,85
2011,6,52,5,0,150107A201,150107,0,0,0,0,1,0,12-02-2011,2011150107A201150107,1,1,11-02-2011,,67
2011,6,52,5,0,150107A201,150107,0,0,0,0,0,1,12-02-2011,2011150107A201150107,1,1,12-02-2011,,63
2011,7,52,5,0,150107A201,150107,0,0,0,0,1,0,19-02-2011,2011150107A201150107,1,1,14-02-2011,,108
2011,7,52,5,0,150107A201,150107,0,1,2,0,0,0,19-02-2011,2011150107A201150107,1,3,15-02-2011,,71
2011,7,52,5,0,150107A201,150107,0,0,0,1,0,0,19-02-2011,2011150107A201150107,1,1,17-02-2011,,84
2011,7,52,5,0,150107A201,150107,0,1,0,0,1,0,19-02-2011,2011150107A201150107,1,2,18-02-2011,,100
2011,7,52,5,0,150107A201,150107,0,0,1,0,0,0,19-02-2011,2011150107A201150107,1,1,19-02-2011,,70
2011,8,52,5,0,150107A201,150107,1,0,0,1,0,0,26-02-2011,2011150107A201150107,1,2,20-02-2011,,42
2011,8,52,5,0,150107A201,150107,0,1,0,0,1,0,26-02-2011,2011150107A201150107,1,2,21-02-2011,,97
2011,8,52,5,0,150107A201,150107,0,1,0,0,0,1,26-02-2011,2011150107A201150107,1,2,22-02-2011,,89
2011,8,52,5,0,150107A201,150107,0,0,1,0,0,0,26-02-2011,2011150107A201150107,1,1,23-02-2011,,90
2011,8,52,5,0,150107A201,150107,1,0,0,1,0,0,26-02-2011,2011150107A201150107,1,2,24-02-2011,,51
2011,8,52,5,0,150107A201,150107,0,0,0,0,1,1,26-02-2011,2011150107A201150107,1,2,25-02-2011,,85
2011,8,52,5,0,150107A201,150107,1,0,0,1,0,0,26-02-2011,2011150107A201150107,1,2,26-02-2011,,74
2011,9,52,5,0,150107A201,150107,0,1,1,0,0,0,05-03-2011,2011150107A201150107,1,2,28-02-2011,,120
2011,9,52,5,0,150107A201,150107,0,0,0,0,1,0,05-03-2011,2011150107A201150107,1,1,01-03-2011,,27
2011,9,52,5,0,150107A201,150107,0,1,0,0,0,0,05-03-2011,2011150107A201150107,1,1,04-03-2011,,86
2011,9,52,5,0,150107A201,150107,0,1,0,0,0,0,05-03-2011,2011150107A201150107,1,1,05-03-2011,,68
2011,10,52,5,0,150107A201,150107,1,0,0,0,0,1,12-03-2011,2011150107A201150107,1,2,06-03-2011,,51
2011,10,52,5,0,150107A201,150107,0,1,0,1,0,0,12-03-2011,2011150107A201150107,1,2,07-03-2011,,90
2011,10,52,5,0,150107A201,150107,0,0,0,0,1,0,12-03-2011,2011150107A201150107,1,1,08-03-2011,,94
2011,10,52,5,0,150107A201,150107,0,0,1,0,0,0,12-03-2011,2011150107A201150107,1,1,09-03-2011,,87
2011,10,52,5,0,150107A201,150107,0,0,0,1,0,0,12-03-2011,2011150107A201150107,1,1,10-03-2011,,75
2011,10,52,5,0,150107A201,150107,1,0,0,0,0,0,12-03-2011,2011150107A201150107,1,1,11-03-2011,,53
2011,10,52,5,0,150107A201,150107,0,0,0,0,0,1,12-03-2011,2011150107A201150107,1,1,12-03-2011,,48
2011,11,52,5,0,150107A201,150107,1,0,0,0,1,0,19-03-2011,2011150107A201150107,1,2,13-03-2011,,96
2011,11,52,5,0,150107A201,150107,0,0,0,0,0,1,19-03-2011,2011150107A201150107,1,1,14-03-2011,,145
2011,11,52,5,0,150107A201,150107,0,1,0,1,0,0,19-03-2011,2011150107A201150107,1,2,15-03-2011,,118
2011,11,52,5,0,150107A201,150107,0,0,1,0,0,0,19-03-2011,2011150107A201150107,1,1,17-03-2011,,96
2011,11,52,5,0,150107A201,150107,0,1,0,0,0,0,19-03-2011,2011150107A201150107,1,1,18-03-2011,,73
2011,11,52,5,0,150107A201,150107,1,0,0,0,1,0,19-03-2011,2011150107A201150107,1,2,19-03-2011,,69
2011,12,52,5,0,150107A201,150107,1,0,0,1,0,1,26-03-2011,2011150107A201150107,1,3,20-03-2011,,84
2011,12,52,5,0,150107A201,150107,0,0,1,0,0,0,26-03-2011,2011150107A201150107,1,1,21-03-2011,,110
2011,12,52,5,0,150107A201,150107,0,1,0,0,1,0,26-03-2011,2011150107A201150107,1,2,22-03-2011,,86
2011,12,52,5,0,150107A201,150107,1,0,0,1,0,1,26-03-2011,2011150107A201150107,1,3,23-03-2011,,72
2011,12,52,5,0,150107A201,150107,1,0,1,0,0,0,26-03-2011,2011150107A201150107,1,2,24-03-2011,,47
2011,12,52,5,0,150107A201,150107,0,0,0,1,1,0,26-03-2011,2011150107A201150107,1,2,25-03-2011,,46
2011,12,52,5,0,150107A201,150107,1,0,0,0,0,0,26-03-2011,2011150107A201150107,1,1,26-03-2011,,40
2011,13,52,5,0,150107A201,150107,1,0,0,0,0,0,02-04-2011,2011150107A201150107,1,1,27-03-2011,,42
2011,13,52,5,0,150107A201,150107,0,0,0,1,0,0,02-04-2011,2011150107A201150107,1,1,28-03-2011,,68
2011,13,52,5,0,150107A201,150107,0,0,1,0,0,0,02-04-2011,2011150107A201150107,1,1,29-03-2011,,73
2011,13,52,5,0,150107A201,150107,0,0,0,0,1,0,02-04-2011,2011150107A201150107,1,1,30-03-2011,,62
2011,13,52,5,0,150107A201,150107,0,1,0,0,0,1,02-04-2011,2011150107A201150107,1,2,31-03-2011,,50
2011,13,52,5,0,150107A201,150107,0,0,0,1,0,0,02-04-2011,2011150107A201150107,1,1,01-04-2011,,47
2011,13,52,5,0,150107A201,150107,0,0,0,1,0,0,02-04-2011,2011150107A201150107,1,1,02-04-2011,,38
2011,14,52,5,0,150107A201,150107,1,0,1,0,0,0,09-04-2011,2011150107A201150107,1,2,03-04-2011,,36
2011,14,52,5,0,150107A201,150107,0,1,0,0,1,0,09-04-2011,2011150107A201150107,1,2,04-04-2011,,119
2011,14,52,5,0,150107A201,150107,0,0,0,1,0,0,09-04-2011,2011150107A201150107,1,1,06-04-2011,,91
2011,14,52,5,0,150107A201,150107,1,0,0,0,0,0,09-04-2011,2011150107A201150107,1,1,07-04-2011,,85
2011,14,52,5,0,150107A201,150107,0,0,0,0,0,1,09-04-2011,2011150107A201150107,1,1,08-04-2011,,88
2011,14,52,5,0,150107A201,150107,0,0,1,0,0,0,09-04-2011,2011150107A201150107,1,1,09-04-2011,,83
2011,15,52,5,0,150107A201,150107,1,0,0,0,1,0,16-04-2011,2011150107A201150107,1,2,10-04-2011,,32
2011,15,52,5,0,150107A201,150107,1,0,0,0,0,0,16-04-2011,2011150107A201150107,1,1,11-04-2011,,135
2011,15,52,5,0,150107A201,150107,1,1,0,0,0,1,16-04-2011,2011150107A201150107,1,3,12-04-2011,,106
2011,15,52,5,0,150107A201,150107,0,0,0,1,0,0,16-04-2011,2011150107A201150107,1,1,13-04-2011,,91
2011,15,52,5,0,150107A201,150107,1,0,1,0,1,0,16-04-2011,2011150107A201150107,1,3,14-04-2011,,76
2011,15,52,5,0,150107A201,150107,0,1,0,0,0,1,16-04-2011,2011150107A201150107,1,2,15-04-2011,,77
2011,16,52,5,0,150107A201,150107,1,0,0,0,0,0,23-04-2011,2011150107A201150107,1,1,17-04-2011,,18
2011,16,52,5,0,150107A201,150107,0,1,0,0,1,0,23-04-2011,2011150107A201150107,1,2,18-04-2011,,93
2011,16,52,5,0,150107A201,150107,0,0,1,1,0,0,23-04-2011,2011150107A201150107,1,2,19-04-2011,,88
2011,16,52,5,0,150107A201,150107,1,0,0,0,1,0,23-04-2011,2011150107A201150107,1,2,20-04-2011,,100
2011,16,52,5,0,150107A201,150107,0,1,0,0,0,1,23-04-2011,2011150107A201150107,1,2,21-04-2011,,15
2011,16,52,5,0,150107A201,150107,0,0,0,1,0,0,23-04-2011,2011150107A201150107,1,1,22-04-2011,,19
2011,16,52,5,0,150107A201,150107,0,0,1,0,0,1,23-04-2011,2011150107A201150107,1,2,23-04-2011,,76
2011,17,52,5,0,150107A201,150107,1,0,0,0,0,1,30-04-2011,2011150107A201150107,1,2,24-04-2011,,22
2011,17,52,5,0,150107A201,150107,0,0,0,1,0,0,30-04-2011,2011150107A201150107,1,1,25-04-2011,,60
2011,17,52,5,0,150107A201,150107,0,0,1,0,0,0,30-04-2011,2011150107A201150107,1,1,26-04-2011,,111
2011,17,52,5,0,150107A201,150107,0,1,0,0,0,1,30-04-2011,2011150107A201150107,1,2,27-04-2011,,62
2011,17,52,5,0,150107A201,150107,1,0,0,0,1,0,30-04-2011,2011150107A201150107,1,2,29-04-2011,,63
2011,17,52,5,0,150107A201,150107,0,0,1,0,0,0,30-04-2011,2011150107A201150107,1,1,30-04-2011,,61
2011,18,52,5,0,150107A201,150107,0,1,0,0,0,0,07-05-2011,2011150107A201150107,1,1,02-05-2011,,91
2011,18,52,5,0,150107A201,150107,0,1,0,0,0,0,07-05-2011,2011150107A201150107,1,1,03-05-2011,,50
2011,18,52,5,0,150107A201,150107,0,0,1,0,0,0,07-05-2011,2011150107A201150107,1,1,06-05-2011,,84
2011,18,52,5,0,150107A201,150107,0,1,0,0,0,0,07-05-2011,2011150107A201150107,1,1,07-05-2011,,64
2011,19,52,5,0,150107A201,150107,0,1,0,0,1,1,14-05-2011,2011150107A201150107,1,3,09-05-2011,,83
2011,19,52,5,0,150107A201,150107,1,0,0,0,1,0,14-05-2011,2011150107A201150107,1,2,10-05-2011,,87
2011,19,52,5,0,150107A201,150107,0,0,0,1,1,0,14-05-2011,2011150107A201150107,1,2,11-05-2011,,90
2011,19,52,5,0,150107A201,150107,0,1,0,2,1,0,14-05-2011,2011150107A201150107,1,4,12-05-2011,,90
2011,20,52,5,0,150107A201,150107,1,0,0,0,0,1,21-05-2011,2011150107A201150107,1,2,15-05-2011,,113
2011,20,52,5,0,150107A201,150107,0,1,0,0,0,0,21-05-2011,2011150107A201150107,1,1,16-05-2011,,91
2011,20,52,5,0,150107A201,150107,0,0,1,0,1,0,21-05-2011,2011150107A201150107,1,2,17-05-2011,,87
2011,20,52,5,0,150107A201,150107,1,0,1,0,0,1,21-05-2011,2011150107A201150107,1,3,18-05-2011,,101
2011,20,52,5,0,150107A201,150107,0,1,0,0,0,0,21-05-2011,2011150107A201150107,1,1,19-05-2011,,78
2011,20,52,5,0,150107A201,150107,0,0,0,1,0,0,21-05-2011,2011150107A201150107,1,1,20-05-2011,,81
2011,20,52,5,0,150107A201,150107,1,0,0,0,0,1,21-05-2011,2011150107A201150107,1,2,21-05-2011,,68
2011,21,52,5,0,150107A201,150107,0,1,0,0,0,0,28-05-2011,2011150107A201150107,1,1,22-05-2011,,42
2011,21,52,5,0,150107A201,150107,0,1,2,1,0,0,28-05-2011,2011150107A201150107,1,4,23-05-2011,,114
2011,21,52,5,0,150107A201,150107,0,0,1,0,0,0,28-05-2011,2011150107A201150107,1,1,24-05-2011,,88
2011,21,52,5,0,150107A201,150107,0,0,1,2,0,0,28-05-2011,2011150107A201150107,1,3,25-05-2011,,118
2011,21,52,5,0,150107A201,150107,0,2,0,1,0,0,28-05-2011,2011150107A201150107,1,3,26-05-2011,,114
2011,22,52,5,0,150107A201,150107,0,0,0,0,1,1,04-06-2011,2011150107A201150107,1,2,29-05-2011,,38
2011,22,52,5,0,150107A201,150107,0,1,0,0,0,0,04-06-2011,2011150107A201150107,1,1,01-06-2011,,81
2011,22,52,5,0,150107A201,150107,0,0,1,0,0,0,04-06-2011,2011150107A201150107,1,1,03-06-2011,,94
2011,23,52,5,0,150107A201,150107,0,0,1,0,0,0,11-06-2011,2011150107A201150107,1,1,06-06-2011,,67
2011,23,52,5,0,150107A201,150107,0,2,1,0,0,0,11-06-2011,2011150107A201150107,1,3,07-06-2011,,50
2011,23,52,5,0,150107A201,150107,0,0,0,0,1,0,11-06-2011,2011150107A201150107,1,1,08-06-2011,,66
2011,23,52,5,0,150107A201,150107,0,2,0,0,0,0,11-06-2011,2011150107A201150107,1,2,09-06-2011,,42
2011,24,52,5,0,150107A201,150107,0,0,0,0,1,0,18-06-2011,2011150107A201150107,1,1,13-06-2011,,30
2011,24,52,5,0,150107A201,150107,0,1,0,0,0,0,18-06-2011,2011150107A201150107,1,1,18-06-2011,,62
2011,25,52,5,0,150107A201,150107,0,2,0,1,1,0,25-06-2011,2011150107A201150107,1,4,20-06-2011,,108
2011,25,52,5,0,150107A201,150107,0,0,0,0,1,1,25-06-2011,2011150107A201150107,1,2,21-06-2011,,98
2011,25,52,5,0,150107A201,150107,0,1,0,0,1,0,25-06-2011,2011150107A201150107,1,2,22-06-2011,,109
2011,25,52,5,0,150107A201,150107,0,1,0,0,0,0,25-06-2011,2011150107A201150107,1,1,24-06-2011,,83
2011,26,52,5,0,150107A201,150107,0,2,2,1,0,0,02-07-2011,2011150107A201150107,1,5,26-06-2011,,134
2011,26,52,5,0,150107A201,150107,0,1,0,0,1,0,02-07-2011,2011150107A201150107,1,2,29-06-2011,,50
2011,26,52,5,0,150107A201,150107,0,0,1,0,0,0,02-07-2011,2011150107A201150107,1,1,30-06-2011,,82
2011,26,52,5,0,150107A201,150107,0,0,0,1,0,0,02-07-2011,2011150107A201150107,1,1,01-07-2011,,97
2011,27,52,5,0,150107A201,150107,0,0,0,0,0,1,09-07-2011,2011150107A201150107,1,1,03-07-2011,,43
2011,27,52,5,0,150107A201,150107,0,1,0,0,0,0,09-07-2011,2011150107A201150107,1,1,04-07-2011,,110
2011,27,52,5,0,150107A201,150107,0,0,1,0,1,0,09-07-2011,2011150107A201150107,1,2,05-07-2011,,85
2011,27,52,5,0,150107A201,150107,0,1,0,0,0,0,09-07-2011,2011150107A201150107,1,1,06-07-2011,,85
2011,27,52,5,0,150107A201,150107,0,0,0,1,0,0,09-07-2011,2011150107A201150107,1,1,07-07-2011,,94
2011,27,52,5,0,150107A201,150107,0,1,0,0,0,0,09-07-2011,2011150107A201150107,1,1,08-07-2011,,67
2011,27,52,5,0,150107A201,150107,0,0,0,0,0,1,09-07-2011,2011150107A201150107,1,1,09-07-2011,,55
2011,28,52,5,0,150107A201,150107,1,0,1,1,0,0,16-07-2011,2011150107A201150107,1,3,10-07-2011,,36
2011,28,52,5,0,150107A201,150107,1,1,0,0,0,1,16-07-2011,2011150107A201150107,1,3,11-07-2011,,121
2011,28,52,5,0,150107A201,150107,0,1,0,0,1,0,16-07-2011,2011150107A201150107,1,2,12-07-2011,,89
2011,28,52,5,0,150107A201,150107,0,0,1,0,0,1,16-07-2011,2011150107A201150107,1,2,13-07-2011,,93
2011,28,52,5,0,150107A201,150107,1,0,0,1,0,0,16-07-2011,2011150107A201150107,1,2,14-07-2011,,66
2011,28,52,5,0,150107A201,150107,1,0,0,0,1,0,16-07-2011,2011150107A201150107,1,2,15-07-2011,,70
2011,28,52,5,0,150107A201,150107,0,1,1,0,0,1,16-07-2011,2011150107A201150107,1,3,16-07-2011,,53
2011,30,52,5,0,150107A201,150107,1,0,1,0,0,1,30-07-2011,2011150107A201150107,1,3,25-07-2011,,112
2011,30,52,5,0,150107A201,150107,0,1,0,1,0,0,30-07-2011,2011150107A201150107,1,2,26-07-2011,,90
2011,30,52,5,0,150107A201,150107,0,0,1,0,1,0,30-07-2011,2011150107A201150107,1,2,27-07-2011,,84
2011,30,52,5,0,150107A201,150107,0,0,0,1,0,1,30-07-2011,2011150107A201150107,1,2,28-07-2011,,59
2011,30,52,5,0,150107A201,150107,1,0,1,0,0,0,30-07-2011,2011150107A201150107,1,2,29-07-2011,,56
2011,31,52,5,0,150107A201,150107,0,1,0,0,1,0,06-08-2011,2011150107A201150107,1,2,31-07-2011,,56
2011,31,52,5,0,150107A201,150107,0,0,1,0,0,0,06-08-2011,2011150107A201150107,1,1,01-08-2011,,134
2011,31,52,5,0,150107A201,150107,1,0,0,1,0,1,06-08-2011,2011150107A201150107,1,3,02-08-2011,,39
2011,31,52,5,0,150107A201,150107,0,0,0,1,0,0,06-08-2011,2011150107A201150107,1,1,03-08-2011,,104
2011,31,52,5,0,150107A201,150107,0,1,0,0,0,0,06-08-2011,2011150107A201150107,1,1,04-08-2011,,100
2011,31,52,5,0,150107A201,150107,0,0,1,0,0,1,06-08-2011,2011150107A201150107,1,2,05-08-2011,,108
2011,31,52,5,0,150107A201,150107,1,0,0,1,1,0,06-08-2011,2011150107A201150107,1,3,06-08-2011,,100
2011,32,52,5,0,150107A201,150107,1,0,0,1,0,0,13-08-2011,2011150107A201150107,1,2,07-08-2011,,60
2011,32,52,5,0,150107A201,150107,0,1,0,0,0,1,13-08-2011,2011150107A201150107,1,2,08-08-2011,,140
2011,32,52,5,0,150107A201,150107,0,0,1,0,1,0,13-08-2011,2011150107A201150107,1,2,09-08-2011,,134
2011,32,52,5,0,150107A201,150107,1,0,1,0,0,0,13-08-2011,2011150107A201150107,1,2,10-08-2011,,147
2011,32,52,5,0,150107A201,150107,0,0,0,1,0,0,13-08-2011,2011150107A201150107,1,1,11-08-2011,,148
2011,32,52,5,0,150107A201,150107,1,0,0,0,1,0,13-08-2011,2011150107A201150107,1,2,12-08-2011,,84
2011,32,52,5,0,150107A201,150107,0,1,0,0,0,0,13-08-2011,2011150107A201150107,1,1,13-08-2011,,70
2011,33,52,5,0,150107A201,150107,1,0,0,0,0,1,20-08-2011,2011150107A201150107,1,2,14-08-2011,,78
2011,33,52,5,0,150107A201,150107,0,0,0,1,0,0,20-08-2011,2011150107A201150107,1,1,15-08-2011,,123
2011,33,52,5,0,150107A201,150107,0,0,0,1,0,0,20-08-2011,2011150107A201150107,1,1,18-08-2011,,90
2011,33,52,5,0,150107A201,150107,0,1,0,0,1,0,20-08-2011,2011150107A201150107,1,2,16-08-2011,,132
2011,33,52,5,0,150107A201,150107,1,0,0,0,0,0,20-08-2011,2011150107A201150107,1,1,17-08-2011,,130
2011,33,52,5,0,150107A201,150107,0,0,1,0,0,1,20-08-2011,2011150107A201150107,1,2,19-08-2011,,83
2011,33,52,5,0,150107A201,150107,0,0,1,0,0,0,20-08-2011,2011150107A201150107,1,1,20-08-2011,,69
2011,34,52,5,0,150107A201,150107,1,0,0,1,0,0,27-08-2011,2011150107A201150107,1,2,21-08-2011,,42
2011,34,52,5,0,150107A201,150107,0,1,0,0,0,1,27-08-2011,2011150107A201150107,1,2,22-08-2011,,135
2011,34,52,5,0,150107A201,150107,0,0,1,0,0,0,27-08-2011,2011150107A201150107,1,1,23-08-2011,,94
2011,34,52,5,0,150107A201,150107,0,1,0,0,1,0,27-08-2011,2011150107A201150107,1,2,24-08-2011,,97
2011,34,52,5,0,150107A201,150107,1,0,0,0,1,0,27-08-2011,2011150107A201150107,1,2,25-08-2011,,88
2011,34,52,5,0,150107A201,150107,0,0,0,1,0,0,27-08-2011,2011150107A201150107,1,1,26-08-2011,,80
2011,34,52,5,0,150107A201,150107,1,0,0,0,0,0,27-08-2011,2011150107A201150107,1,1,27-08-2011,,54
2011,35,52,5,0,150107A201,150107,1,0,0,0,0,1,03-09-2011,2011150107A201150107,1,2,28-08-2011,,62
2011,35,52,5,0,150107A201,150107,1,0,0,1,0,0,03-09-2011,2011150107A201150107,1,2,29-08-2011,,144
2011,35,52,5,0,150107A201,150107,0,1,1,0,0,1,03-09-2011,2011150107A201150107,1,3,30-08-2011,,118
2011,35,52,5,0,150107A201,150107,0,0,1,0,0,0,03-09-2011,2011150107A201150107,1,1,31-08-2011,,90
2011,35,52,5,0,150107A201,150107,0,1,0,0,1,0,03-09-2011,2011150107A201150107,1,2,01-09-2011,,78
2011,35,52,5,0,150107A201,150107,1,0,0,1,0,0,03-09-2011,2011150107A201150107,1,2,02-09-2011,,70
2011,35,52,5,0,150107A201,150107,0,0,0,0,0,1,03-09-2011,2011150107A201150107,1,1,03-09-2011,,50
2011,36,52,5,0,150107A201,150107,0,0,0,1,0,0,10-09-2011,2011150107A201150107,1,1,04-09-2011,,59
2011,36,52,5,0,150107A201,150107,1,0,0,0,1,0,10-09-2011,2011150107A201150107,1,2,05-09-2011,,91
2011,36,52,5,0,150107A201,150107,0,1,0,0,0,1,10-09-2011,2011150107A201150107,1,2,06-09-2011,,101
2011,36,52,5,0,150107A201,150107,0,0,1,0,0,0,10-09-2011,2011150107A201150107,1,1,07-09-2011,,91
2011,36,52,5,0,150107A201,150107,0,0,0,0,1,0,10-09-2011,2011150107A201150107,1,1,08-09-2011,,88
2011,36,52,5,0,150107A201,150107,1,0,1,0,0,0,10-09-2011,2011150107A201150107,1,2,09-09-2011,,65
2011,36,52,5,0,150107A201,150107,0,0,0,1,0,0,10-09-2011,2011150107A201150107,1,1,10-09-2011,,48
2011,37,52,5,0,150107A201,150107,0,1,0,0,0,1,17-09-2011,2011150107A201150107,1,2,11-09-2011,,62
2011,37,52,5,0,150107A201,150107,1,0,1,0,1,0,17-09-2011,2011150107A201150107,1,3,12-09-2011,,149
2011,37,52,5,0,150107A201,150107,0,0,0,1,0,0,17-09-2011,2011150107A201150107,1,1,13-09-2011,,132
2011,37,52,5,0,150107A201,150107,0,0,1,0,0,1,17-09-2011,2011150107A201150107,1,2,14-09-2011,,115
2011,37,52,5,0,150107A201,150107,1,0,0,0,1,0,17-09-2011,2011150107A201150107,1,2,15-09-2011,,94
2011,37,52,5,0,150107A201,150107,0,1,0,0,0,0,17-09-2011,2011150107A201150107,1,1,16-09-2011,,84
2011,37,52,5,0,150107A201,150107,0,0,0,0,0,1,17-09-2011,2011150107A201150107,1,1,17-09-2011,,54
2011,38,52,5,0,150107A201,150107,0,1,0,0,0,1,24-09-2011,2011150107A201150107,1,2,18-09-2011,,71
2011,38,52,5,0,150107A201,150107,0,0,0,1,0,0,24-09-2011,2011150107A201150107,1,1,19-09-2011,,86
2011,38,52,5,0,150107A201,150107,0,1,0,0,1,0,24-09-2011,2011150107A201150107,1,2,20-09-2011,,87
2011,38,52,5,0,150107A201,150107,1,0,1,0,0,0,24-09-2011,2011150107A201150107,1,2,21-09-2011,,117
2011,38,52,5,0,150107A201,150107,0,0,0,1,0,1,24-09-2011,2011150107A201150107,1,2,22-09-2011,,85
2011,38,52,5,0,150107A201,150107,0,0,0,1,0,1,24-09-2011,2011150107A201150107,1,2,23-09-2011,,85
2011,38,52,5,0,150107A201,150107,1,0,0,1,0,0,24-09-2011,2011150107A201150107,1,2,24-09-2011,,96
2011,39,52,5,0,150107A201,150107,1,0,0,0,1,0,01-10-2011,2011150107A201150107,1,2,25-09-2011,,110
2011,39,52,5,0,150107A201,150107,1,0,1,0,0,0,01-10-2011,2011150107A201150107,1,2,26-09-2011,,157
2011,39,52,5,0,150107A201,150107,0,0,0,1,0,0,01-10-2011,2011150107A201150107,1,1,27-09-2011,,153
2011,39,52,5,0,150107A201,150107,0,1,0,0,1,0,01-10-2011,2011150107A201150107,1,2,28-09-2011,,114
2011,39,52,5,0,150107A201,150107,1,0,1,0,0,1,01-10-2011,2011150107A201150107,1,3,29-09-2011,,99
2011,39,52,5,0,150107A201,150107,0,0,0,1,0,0,01-10-2011,2011150107A201150107,1,1,30-09-2011,,91
2011,39,52,5,0,150107A201,150107,0,1,0,0,1,0,01-10-2011,2011150107A201150107,1,2,01-10-2011,,64
2011,40,52,5,0,150107A201,150107,1,1,0,0,1,0,08-10-2011,2011150107A201150107,1,3,02-10-2011,,21
2011,40,52,5,0,150107A201,150107,0,0,1,0,0,0,08-10-2011,2011150107A201150107,1,1,03-10-2011,,111
2011,40,52,5,0,150107A201,150107,0,0,0,1,0,1,08-10-2011,2011150107A201150107,1,2,04-10-2011,,108
2011,40,52,5,0,150107A201,150107,1,0,0,0,0,0,08-10-2011,2011150107A201150107,1,1,05-10-2011,,114
2011,40,52,5,0,150107A201,150107,0,0,0,0,1,0,08-10-2011,2011150107A201150107,1,1,06-10-2011,,69
2011,40,52,5,0,150107A201,150107,0,1,0,0,0,0,08-10-2011,2011150107A201150107,1,1,07-10-2011,,66
2011,40,52,5,0,150107A201,150107,0,0,0,0,0,1,08-10-2011,2011150107A201150107,1,1,08-10-2011,,21
2011,41,52,5,0,150107A201,150107,0,0,1,1,0,0,15-10-2011,2011150107A201150107,1,2,09-10-2011,,78
2011,41,52,5,0,150107A201,150107,1,0,0,0,0,1,15-10-2011,2011150107A201150107,1,2,10-10-2011,,107
2011,41,52,5,0,150107A201,150107,0,1,0,0,0,1,15-10-2011,2011150107A201150107,1,2,11-10-2011,,112
2011,41,52,5,0,150107A201,150107,0,0,1,0,0,0,15-10-2011,2011150107A201150107,1,1,12-10-2011,,90
2011,41,52,5,0,150107A201,150107,1,0,0,0,0,0,15-10-2011,2011150107A201150107,1,1,13-10-2011,,106
2011,41,52,5,0,150107A201,150107,0,0,0,1,0,1,15-10-2011,2011150107A201150107,1,2,14-10-2011,,88
2011,41,52,5,0,150107A201,150107,1,0,0,0,0,0,15-10-2011,2011150107A201150107,1,1,15-10-2011,,79
2011,42,52,5,0,150107A201,150107,0,0,0,1,1,1,22-10-2011,2011150107A201150107,1,3,16-10-2011,,45
2011,42,52,5,0,150107A201,150107,1,1,0,0,0,0,22-10-2011,2011150107A201150107,1,2,17-10-2011,,112
2011,42,52,5,0,150107A201,150107,0,0,1,0,1,0,22-10-2011,2011150107A201150107,1,2,18-10-2011,,96
2011,42,52,5,0,150107A201,150107,1,0,0,0,0,0,22-10-2011,2011150107A201150107,1,1,19-10-2011,,101
2011,42,52,5,0,150107A201,150107,0,1,0,0,1,0,22-10-2011,2011150107A201150107,1,2,20-10-2011,,113
2011,42,52,5,0,150107A201,150107,1,0,0,0,0,1,22-10-2011,2011150107A201150107,1,2,21-10-2011,,82
2011,42,52,5,0,150107A201,150107,0,0,0,1,0,1,22-10-2011,2011150107A201150107,1,2,22-10-2011,,55
2011,42,52,5,0,150107A201,150118,0,1,0,0,1,0,22-10-2011,2011150107A201150118,1,2,19-10-2011,,15
2011,43,52,5,0,150107A201,150107,1,0,0,0,0,0,29-10-2011,2011150107A201150107,1,1,23-10-2011,,52
2011,43,52,5,0,150107A201,150107,0,0,1,1,0,1,29-10-2011,2011150107A201150107,1,3,24-10-2011,,117
2011,43,52,5,0,150107A201,150107,1,0,1,0,0,0,29-10-2011,2011150107A201150107,1,2,25-10-2011,,104
2011,43,52,5,0,150107A201,150107,0,0,0,0,1,0,29-10-2011,2011150107A201150107,1,1,26-10-2011,,93
2011,43,52,5,0,150107A201,150107,1,1,0,0,0,0,29-10-2011,2011150107A201150107,1,2,27-10-2011,,121
2011,43,52,5,0,150107A201,150107,0,0,0,1,0,0,29-10-2011,2011150107A201150107,1,1,28-10-2011,,89
2011,43,52,5,0,150107A201,150107,0,1,0,0,0,1,29-10-2011,2011150107A201150107,1,2,29-10-2011,,62
2011,44,52,5,0,150107A201,150107,0,0,0,1,0,0,05-11-2011,2011150107A201150107,1,1,31-10-2011,,78
2011,44,52,5,0,150107A201,150107,1,0,1,0,0,1,05-11-2011,2011150107A201150107,1,3,31-10-2011,,140
2011,44,52,5,0,150107A201,150107,0,0,1,0,0,0,05-11-2011,2011150107A201150107,1,1,01-11-2011,,112
2011,44,52,5,0,150107A201,150107,0,1,0,0,1,0,05-11-2011,2011150107A201150107,1,2,02-11-2011,,98
2011,44,52,5,0,150107A201,150107,0,1,0,0,0,1,05-11-2011,2011150107A201150107,1,2,03-11-2011,,74
2011,44,52,5,0,150107A201,150107,1,0,0,0,1,0,05-11-2011,2011150107A201150107,1,2,04-11-2011,,44
2011,44,52,5,0,150107A201,150107,0,0,1,0,0,0,05-11-2011,2011150107A201150107,1,1,05-11-2011,,88
2011,45,52,5,0,150107A201,150107,0,0,0,1,0,0,12-11-2011,2011150107A201150107,1,1,06-11-2011,2011-11-06,43
2011,45,52,5,0,150107A201,150107,1,0,0,0,0,0,12-11-2011,2011150107A201150107,1,1,07-11-2011,2011-11-07,107
2011,45,52,5,0,150107A201,150107,0,0,1,0,0,0,12-11-2011,2011150107A201150107,1,1,08-11-2011,2011-11-08,103
2011,45,52,5,0,150107A201,150107,0,1,0,0,1,0,12-11-2011,2011150107A201150107,1,2,09-11-2011,2011-11-09,94
2011,45,52,5,0,150107A201,150107,0,1,0,0,0,0,12-11-2011,2011150107A201150107,1,1,10-11-2011,2011-11-10,86
2011,45,52,5,0,150107A201,150107,0,0,1,0,0,1,12-11-2011,2011150107A201150107,1,2,11-11-2011,2011-11-11,79
2011,45,52,5,0,150107A201,150107,1,0,0,0,0,0,12-11-2011,2011150107A201150107,1,1,12-11-2011,2011-11-12,29
2011,46,52,5,0,150107A201,150107,1,0,0,1,0,1,19-11-2011,2011150107A201150107,1,3,13-11-2011,2011-11-13,33
2011,46,52,5,0,150107A201,150107,0,1,0,0,0,0,19-11-2011,2011150107A201150107,1,1,14-11-2011,2011-11-14,60
2011,46,52,5,0,150107A201,150107,0,0,1,0,0,0,19-11-2011,2011150107A201150107,1,1,15-11-2011,2011-11-15,50
2011,46,52,5,0,150107A201,150107,0,0,1,0,1,0,19-11-2011,2011150107A201150107,1,2,16-11-2011,2011-11-16,46
2011,46,52,5,0,150107A201,150107,0,1,0,1,0,0,19-11-2011,2011150107A201150107,1,2,18-11-2011,2011-11-18,68
2011,46,52,5,0,150107A201,150107,1,0,0,0,0,0,19-11-2011,2011150107A201150107,1,1,19-11-2011,2011-11-19,54
2011,47,52,5,0,150107A201,150107,1,0,1,0,0,1,26-11-2011,2011150107A201150107,1,3,20-11-2011,2011-11-20,38
2011,47,52,5,0,150107A201,150107,0,1,1,0,1,0,26-11-2011,2011150107A201150107,1,3,21-11-2011,2011-11-21,68
2011,47,52,5,0,150107A201,150107,0,0,0,1,0,0,26-11-2011,2011150107A201150107,1,1,22-11-2011,2011-11-22,51
2011,47,52,5,0,150107A201,150107,0,1,0,0,0,1,26-11-2011,2011150107A201150107,1,2,23-11-2011,2011-11-23,45
2011,47,52,5,0,150107A201,150107,1,0,0,1,0,0,26-11-2011,2011150107A201150107,1,2,24-11-2011,2011-11-24,68
2011,47,52,5,0,150107A201,150107,0,1,0,0,1,0,26-11-2011,2011150107A201150107,1,2,25-11-2011,2011-11-25,54
2011,47,52,5,0,150107A201,150107,0,0,0,1,0,0,26-11-2011,2011150107A201150107,1,1,26-11-2011,2011-11-26,52
2011,48,52,5,0,150107A201,150107,1,0,1,0,1,0,03-12-2011,2011150107A201150107,1,3,27-11-2011,2011-11-27,46
2011,48,52,5,0,150107A201,150107,0,0,1,0,0,1,03-12-2011,2011150107A201150107,1,2,29-11-2011,2011-11-29,64
2011,48,52,5,0,150107A201,150107,1,0,0,1,0,0,03-12-2011,2011150107A201150107,1,2,30-11-2011,2011-11-30,56
2011,48,52,5,0,150107A201,150107,0,0,0,1,0,0,03-12-2011,2011150107A201150107,1,1,01-12-2011,2011-12-01,46
2011,48,52,5,0,150107A201,150107,0,1,0,0,0,0,03-12-2011,2011150107A201150107,1,1,02-12-2011,2011-12-02,58
2011,48,52,5,0,150107A201,150107,1,0,0,0,1,0,03-12-2011,2011150107A201150107,1,2,03-12-2011,2011-12-03,74
2011,49,52,5,0,150107A201,150107,1,0,0,1,0,0,10-12-2011,2011150107A201150107,1,2,04-12-2011,2011-12-04,51
2011,49,52,5,0,150107A201,150107,0,0,1,0,1,0,10-12-2011,2011150107A201150107,1,2,05-12-2011,2011-12-05,88
2011,49,52,5,0,150107A201,150107,0,0,1,0,0,1,10-12-2011,2011150107A201150107,1,2,06-12-2011,2011-12-06,83
2011,49,52,5,0,150107A201,150107,1,0,1,0,0,0,10-12-2011,2011150107A201150107,1,2,07-12-2011,2011-12-07,64
2011,49,52,5,0,150107A201,150107,0,0,0,1,0,0,10-12-2011,2011150107A201150107,1,1,08-12-2011,2011-12-08,91
2011,49,52,5,0,150107A201,150107,0,1,0,0,0,1,10-12-2011,2011150107A201150107,1,2,09-12-2011,2011-12-09,38
2011,49,52,5,0,150107A201,150107,0,0,0,0,1,0,10-12-2011,2011150107A201150107,1,1,10-12-2011,2011-12-10,31
2011,50,52,5,0,150107A201,150107,1,0,1,0,0,1,17-12-2011,2011150107A201150107,1,3,11-12-2011,2011-12-11,55
2011,29,52,5,0,150107A201,150107,1,0,0,0,0,0,23-07-2011,2011150107A201150107,1,1,17-07-2011,2011-07-17,54
2011,29,52,5,0,150107A201,150107,0,1,0,0,1,0,23-07-2011,2011150107A201150107,1,2,18-07-2011,2011-07-18,114
2011,29,52,5,0,150107A201,150107,0,1,0,1,0,1,23-07-2011,2011150107A201150107,1,3,19-07-2011,2011-07-19,49
2011,29,52,5,0,150107A201,150107,1,0,0,1,0,0,23-07-2011,2011150107A201150107,1,2,20-07-2011,2011-07-20,42
2011,29,52,5,0,150107A201,150107,0,0,1,0,0,1,23-07-2011,2011150107A201150107,1,2,21-07-2011,2011-07-21,50
2011,29,52,5,0,150107A201,150107,0,0,0,0,1,0,23-07-2011,2011150107A201150107,1,1,22-07-2011,2011-07-22,45
2011,29,52,5,0,150107A201,150107,1,0,1,0,0,0,23-07-2011,2011150107A201150107,1,2,23-07-2011,2011-07-23,52
2011,51,52,5,0,150107A201,150107,0,0,0,0,1,0,24-12-2011,2011150107A201150107,1,1,18-12-2011,2011-12-18,72
2011,51,52,5,0,150107A201,150107,1,0,0,1,0,1,24-12-2011,2011150107A201150107,1,3,20-12-2011,2011-12-20,64
2011,51,52,5,0,150107A201,150107,0,0,1,0,0,0,24-12-2011,2011150107A201150107,1,1,21-12-2011,2011-12-21,94
2011,51,52,5,0,150107A201,150107,0,0,0,0,1,0,24-12-2011,2011150107A201150107,1,1,22-12-2011,2011-12-22,84
2011,51,52,5,0,150107A201,150107,0,1,0,0,0,0,24-12-2011,2011150107A201150107,1,1,23-12-2011,2011-12-23,79
2011,51,52,5,0,150107A201,150107,1,0,1,0,0,0,24-12-2011,2011150107A201150107,1,2,24-12-2011,2011-12-24,85
2011,52,52,5,0,150107A201,150107,1,0,0,1,0,0,31-12-2011,2011150107A201150107,1,2,25-12-2011,2011-12-25,96
2011,52,52,5,0,150107A201,150107,0,0,1,0,0,1,31-12-2011,2011150107A201150107,1,2,26-12-2011,2011-12-26,127
2011,52,52,5,0,150107A201,150107,0,1,0,0,1,0,31-12-2011,2011150107A201150107,1,2,27-12-2011,2011-12-27,114
2012,1,52,5,0,150107A201,150107,0,1,0,0,0,0,09-01-2012,2012150107A201150107,1,1,01-01-2012,2012-01-01,53
2012,1,52,5,0,150107A201,150107,1,0,0,1,0,1,09-01-2012,2012150107A201150107,1,3,02-01-2012,2012-01-02,105
2012,1,52,5,0,150107A201,150107,0,0,1,0,0,0,09-01-2012,2012150107A201150107,1,1,03-01-2012,2012-01-03,77
2012,1,52,5,0,150107A201,150107,0,0,1,0,0,0,09-01-2012,2012150107A201150107,1,1,04-01-2012,2012-01-04,57
2012,1,52,5,0,150107A201,150107,0,0,0,1,0,0,09-01-2012,2012150107A201150107,1,1,05-01-2012,2012-01-05,42
2012,1,52,5,0,150107A201,150107,0,1,0,0,1,0,09-01-2012,2012150107A201150107,1,2,06-01-2012,2012-01-06,45
2012,1,52,5,0,150107A201,150107,1,0,0,0,0,0,09-01-2012,2012150107A201150107,1,1,07-01-2012,2012-01-07,68
2012,2,52,5,0,150107A201,150107,1,0,0,0,0,1,14-01-2012,2012150107A201150107,1,2,08-01-2012,2012-01-08,48
2012,2,52,5,0,150107A201,150107,1,1,0,0,1,0,14-01-2012,2012150107A201150107,1,3,09-01-2012,2012-01-09,108
2012,2,52,5,0,150107A201,150107,0,0,1,0,0,0,14-01-2012,2012150107A201150107,1,1,10-01-2012,2012-01-10,112
2012,2,52,5,0,150107A201,150107,0,0,0,1,0,0,14-01-2012,2012150107A201150107,1,1,11-01-2012,2012-01-11,93
2012,2,52,5,0,150107A201,150107,1,0,0,1,0,0,14-01-2012,2012150107A201150107,1,2,13-01-2012,2012-01-13,55
2012,2,52,5,0,150107A201,150107,0,0,1,0,1,0,14-01-2012,2012150107A201150107,1,2,14-01-2012,2012-01-14,78
2012,3,52,5,0,150107A201,150107,0,1,0,0,0,1,21-01-2012,2012150107A201150107,1,2,15-01-2012,2012-01-15,78
2012,3,52,5,0,150107A201,150107,0,0,0,1,1,0,21-01-2012,2012150107A201150107,1,2,16-01-2012,2012-01-16,143
2012,3,52,5,0,150107A201,150107,0,0,1,0,0,0,21-01-2012,2012150107A201150107,1,1,17-01-2012,2012-01-17,94
2012,3,52,5,0,150107A201,150107,1,0,0,0,0,0,21-01-2012,2012150107A201150107,1,1,18-01-2012,2012-01-18,64
2012,3,52,5,0,150107A201,150107,0,0,0,0,1,0,21-01-2012,2012150107A201150107,1,1,19-01-2012,2012-01-19,83
2012,3,52,5,0,150107A201,150107,0,0,1,0,0,0,21-01-2012,2012150107A201150107,1,1,20-01-2012,2012-01-20,57
2012,3,52,5,0,150107A201,150107,1,0,0,0,0,1,21-01-2012,2012150107A201150107,1,2,21-01-2012,2012-01-21,69
2012,4,52,5,0,150107A201,150107,0,1,0,0,0,0,28-01-2012,2012150107A201150107,1,1,22-01-2012,2012-01-22,26
2012,4,52,5,0,150107A201,150107,1,0,0,0,0,1,28-01-2012,2012150107A201150107,1,2,23-01-2012,2012-01-23,118
2012,4,52,5,0,150107A201,150107,0,0,1,1,0,0,28-01-2012,2012150107A201150107,1,2,24-01-2012,2012-01-24,114
2012,4,52,5,0,150107A201,150107,1,0,0,0,0,1,28-01-2012,2012150107A201150107,1,2,25-01-2012,2012-01-25,103
2012,4,52,5,0,150107A201,150107,0,1,0,0,0,0,28-01-2012,2012150107A201150107,1,1,26-01-2012,2012-01-26,71
2012,4,52,5,0,150107A201,150107,0,0,0,1,0,0,28-01-2012,2012150107A201150107,1,1,27-01-2012,2012-01-27,58
2012,4,52,5,0,150107A201,150107,0,0,0,0,1,0,28-01-2012,2012150107A201150107,1,1,28-01-2012,2012-01-28,75
2012,5,52,5,0,150107A201,150107,0,1,0,0,1,0,04-02-2012,2012150107A201150107,1,2,29-01-2012,2012-01-29,42
2012,5,52,5,0,150107A201,150107,0,0,0,1,0,0,04-02-2012,2012150107A201150107,1,1,30-01-2012,2012-01-30,126
2012,5,52,5,0,150107A201,150107,0,1,0,0,0,1,04-02-2012,2012150107A201150107,1,2,31-01-2012,2012-01-31,90
2012,5,52,5,0,150107A201,150107,1,0,1,0,0,0,04-02-2012,2012150107A201150107,1,2,01-02-2012,2012-02-01,86
2012,5,52,5,0,150107A201,150107,0,0,0,1,0,0,04-02-2012,2012150107A201150107,1,1,02-02-2012,2012-02-02,80
2012,5,52,5,0,150107A201,150107,1,0,0,0,1,0,04-02-2012,2012150107A201150107,1,2,03-02-2012,2012-02-03,64
2012,5,52,5,0,150107A201,150107,0,0,0,0,0,1,04-02-2012,2012150107A201150107,1,1,04-02-2012,2012-02-04,51
2012,6,52,5,0,150107A201,150107,1,0,0,1,0,0,11-02-2012,2012150107A201150107,1,2,05-02-2012,2012-02-05,56
2012,6,52,5,0,150107A201,150107,0,1,0,0,0,0,11-02-2012,2012150107A201150107,1,1,06-02-2012,2012-02-06,110
2012,6,52,5,0,150107A201,150107,0,0,1,0,0,0,11-02-2012,2012150107A201150107,1,1,07-02-2012,2012-02-07,88
2012,6,52,5,0,150107A201,150107,0,0,0,1,0,1,11-02-2012,2012150107A201150107,1,2,08-02-2012,2012-02-08,80
2012,6,52,5,0,150107A201,150107,0,0,0,0,1,0,11-02-2012,2012150107A201150107,1,1,09-02-2012,2012-02-09,79
2012,6,52,5,0,150107A201,150107,0,0,1,0,0,0,11-02-2012,2012150107A201150107,1,1,10-02-2012,2012-02-10,62
2012,6,52,5,0,150107A201,150107,1,1,0,0,0,0,11-02-2012,2012150107A201150107,1,2,11-02-2012,2012-02-11,47
2012,7,52,5,0,150107A201,150107,0,0,2,3,2,0,18-02-2012,2012150107A201150107,1,7,14-02-2012,2012-02-14,65
2012,7,52,5,0,150107A201,150107,0,0,0,1,0,0,18-02-2012,2012150107A201150107,1,1,15-02-2012,2012-02-15,86
2012,8,52,5,0,150107A201,150107,1,0,0,1,0,1,25-02-2012,2012150107A201150107,1,3,19-02-2012,2012-02-19,56
2012,8,52,5,0,150107A201,150107,0,0,0,0,1,0,25-02-2012,2012150107A201150107,1,1,20-02-2012,2012-02-20,108
2012,8,52,5,0,150107A201,150107,0,0,1,0,0,0,25-02-2012,2012150107A201150107,1,1,21-02-2012,2012-02-21,84
2012,8,52,5,0,150107A201,150107,1,1,0,0,0,0,25-02-2012,2012150107A201150107,1,2,22-02-2012,2012-02-22,74
2012,8,52,5,0,150107A201,150107,0,0,0,0,1,0,25-02-2012,2012150107A201150107,1,1,23-02-2012,2012-02-23,49
2012,8,52,5,0,150107A201,150107,0,0,0,1,0,0,25-02-2012,2012150107A201150107,1,1,24-02-2012,2012-02-24,64
2012,8,52,5,0,150107A201,150107,1,0,0,0,0,1,25-02-2012,2012150107A201150107,1,2,25-02-2012,2012-02-25,40
2012,9,52,5,0,150107A201,150107,0,0,0,5,1,0,03-03-2012,2012150107A201150107,1,6,27-02-2012,2012-02-27,124
2012,9,52,5,0,150107A201,150107,1,0,1,1,3,1,03-03-2012,2012150107A201150107,1,7,28-02-2012,2012-02-28,95
2012,9,52,5,0,150107A201,150107,2,0,0,1,1,1,03-03-2012,2012150107A201150107,1,5,29-02-2012,2012-02-29,101
2012,9,52,5,0,150107A201,150107,1,0,1,1,7,1,03-03-2012,2012150107A201150107,1,11,01-03-2012,2012-03-01,88
2012,9,52,5,0,150107A201,150107,1,0,0,1,1,0,03-03-2012,2012150107A201150107,1,3,02-03-2012,2012-03-02,85
2012,9,52,5,0,150107A201,150107,1,2,3,0,2,0,03-03-2012,2012150107A201150107,1,8,03-03-2012,2012-03-03,75
2012,10,52,5,0,150107A201,150107,2,0,1,0,1,0,10-03-2012,2012150107A201150107,1,4,04-03-2012,2012-03-04,35
2012,10,52,5,0,150107A201,150107,3,3,2,1,1,0,10-03-2012,2012150107A201150107,1,10,05-03-2012,2012-03-05,140
2012,10,52,5,0,150107A201,150107,0,0,0,0,1,0,10-03-2012,2012150107A201150107,1,1,06-03-2012,2012-03-06,119
2012,10,52,5,0,150107A201,150107,0,3,0,4,0,0,10-03-2012,2012150107A201150107,1,7,07-03-2012,2012-03-07,91
2012,10,52,5,0,150107A201,150107,0,1,0,0,0,0,10-03-2012,2012150107A201150107,1,1,08-03-2012,2012-03-08,117
2012,10,52,5,0,150107A201,150107,3,2,0,1,0,0,10-03-2012,2012150107A201150107,1,6,09-03-2012,2012-03-09,69
2012,10,52,5,0,150107A201,150107,2,1,0,0,3,0,10-03-2012,2012150107A201150107,1,6,10-03-2012,2012-03-10,112
2012,11,52,5,0,150107A201,150107,0,2,1,0,1,0,17-03-2012,2012150107A201150107,1,4,11-03-2012,2012-03-11,51
2012,11,52,5,0,150107A201,150107,0,0,1,0,1,0,17-03-2012,2012150107A201150107,1,2,12-03-2012,2012-03-12,113
2012,11,52,5,0,150107A201,150107,1,0,0,0,0,0,17-03-2012,2012150107A201150107,1,1,13-03-2012,2012-03-13,103
2012,11,52,5,0,150107A201,150107,0,2,1,0,0,0,17-03-2012,2012150107A201150107,1,3,14-03-2012,2012-03-14,106
2012,11,52,5,0,150107A201,150107,1,0,0,1,0,0,17-03-2012,2012150107A201150107,1,2,15-03-2012,2012-03-15,97
2012,11,52,5,0,150107A201,150107,0,0,1,0,0,0,17-03-2012,2012150107A201150107,1,1,16-03-2012,2012-03-16,77
2012,11,52,5,0,150107A201,150107,0,2,0,0,0,0,17-03-2012,2012150107A201150107,1,2,17-03-2012,2012-03-17,68
2012,12,52,5,0,150107A201,150107,1,0,0,0,0,1,24-03-2012,2012150107A201150107,1,2,18-03-2012,2012-03-18,78
2012,12,52,5,0,150107A201,150107,0,1,0,1,0,0,24-03-2012,2012150107A201150107,1,2,19-03-2012,2012-03-19,108
2012,12,52,5,0,150107A201,150107,0,0,1,0,0,0,24-03-2012,2012150107A201150107,1,1,20-03-2012,2012-03-20,84
2012,12,52,5,0,150107A201,150107,1,0,0,0,1,0,24-03-2012,2012150107A201150107,1,2,21-03-2012,2012-03-21,54
2012,12,52,5,0,150107A201,150107,0,0,1,0,0,0,24-03-2012,2012150107A201150107,1,1,22-03-2012,2012-03-22,62
2012,12,52,5,0,150107A201,150107,0,1,0,0,1,0,24-03-2012,2012150107A201150107,1,2,23-03-2012,2012-03-23,35
2012,12,52,5,0,150107A201,150107,1,0,0,0,0,1,24-03-2012,2012150107A201150107,1,2,24-03-2012,2012-03-24,53
2012,13,52,5,0,150107A201,150107,1,0,0,0,0,0,31-03-2012,2012150107A201150107,1,1,25-03-2012,2012-03-25,64
2012,13,52,5,0,150107A201,150107,0,0,0,0,1,0,31-03-2012,2012150107A201150107,1,1,26-03-2012,2012-03-26,100
2012,13,52,5,0,150107A201,150107,0,1,0,1,0,0,31-03-2012,2012150107A201150107,1,2,27-03-2012,2012-03-27,74
2012,13,52,5,0,150107A201,150107,1,0,1,0,0,1,31-03-2012,2012150107A201150107,1,3,29-03-2012,2012-03-29,55
2012,13,52,5,0,150107A201,150107,0,0,0,0,1,0,31-03-2012,2012150107A201150107,1,1,30-03-2012,2012-03-30,41
2012,13,52,5,0,150107A201,150107,0,0,1,0,0,0,31-03-2012,2012150107A201150107,1,1,31-03-2012,2012-03-31,60
2012,14,52,5,0,150107A201,150107,0,0,0,0,0,1,07-04-2012,2012150107A201150107,1,1,01-04-2012,2012-04-01,76
2012,14,52,5,0,150107A201,150107,1,0,0,0,0,0,07-04-2012,2012150107A201150107,1,1,02-04-2012,2012-04-02,96
2012,14,52,5,0,150107A201,150107,0,0,1,0,1,0,07-04-2012,2012150107A201150107,1,2,03-04-2012,2012-04-03,72
2012,14,52,5,0,150107A201,150107,0,1,0,0,0,0,07-04-2012,2012150107A201150107,1,1,04-04-2012,2012-04-04,89
2012,14,52,5,0,150107A201,150107,0,0,1,0,0,0,07-04-2012,2012150107A201150107,1,1,06-04-2012,2012-04-06,54
2012,14,52,5,0,150107A201,150107,0,0,0,0,0,1,07-04-2012,2012150107A201150107,1,1,07-04-2012,2012-04-07,37
2012,15,52,5,0,150107A201,150107,1,0,0,0,0,0,14-04-2012,2012150107A201150107,1,1,08-04-2012,2012-04-08,80
2012,15,52,5,0,150107A201,150107,0,0,0,0,0,1,14-04-2012,2012150107A201150107,1,1,09-04-2012,2012-04-09,106
2012,15,52,5,0,150107A201,150107,0,1,0,0,1,0,14-04-2012,2012150107A201150107,1,2,10-04-2012,2012-04-10,87
2012,15,52,5,0,150107A201,150107,0,0,1,0,0,1,14-04-2012,2012150107A201150107,1,2,11-04-2012,2012-04-11,96
2012,15,52,5,0,150107A201,150107,0,0,0,0,1,0,14-04-2012,2012150107A201150107,1,1,12-04-2012,2012-04-12,60
2012,15,52,5,0,150107A201,150107,0,0,0,1,0,0,14-04-2012,2012150107A201150107,1,1,13-04-2012,2012-04-13,63
2012,15,52,5,0,150107A201,150107,1,0,0,0,0,0,14-04-2012,2012150107A201150107,1,1,14-04-2012,2012-04-14,66
2012,16,52,5,0,150107A201,150107,1,0,0,1,0,0,21-04-2012,2012150107A201150107,1,2,15-04-2012,2012-04-15,75
2012,16,52,5,0,150107A201,150107,0,0,0,0,1,0,21-04-2012,2012150107A201150107,1,1,16-04-2012,2012-04-16,112
2012,16,52,5,0,150107A201,150107,1,0,1,0,0,1,21-04-2012,2012150107A201150107,1,3,17-04-2012,2012-04-17,90
2012,16,52,5,0,150107A201,150107,0,1,0,0,1,0,21-04-2012,2012150107A201150107,1,2,19-04-2012,2012-04-19,74
2012,16,52,5,0,150107A201,150107,1,0,0,0,0,1,21-04-2012,2012150107A201150107,1,2,21-04-2012,2012-04-21,64
2012,17,52,5,0,150107A201,150107,1,1,2,0,1,0,28-04-2012,2012150107A201150107,1,5,22-04-2012,2012-04-22,50
2012,17,52,5,0,150107A201,150107,1,1,0,0,0,0,28-04-2012,2012150107A201150107,1,2,25-04-2012,2012-04-25,90
2012,17,52,5,0,150107A201,150107,0,1,0,0,1,0,28-04-2012,2012150107A201150107,1,2,26-04-2012,2012-04-26,91
2012,17,52,5,0,150107A201,150107,1,0,2,0,0,0,28-04-2012,2012150107A201150107,1,3,28-04-2012,2012-04-28,88
2012,18,52,5,0,150107A201,150107,1,0,0,0,0,0,05-05-2012,2012150107A201150107,1,1,29-04-2012,2012-04-29,62
2012,18,52,5,0,150107A201,150107,0,0,0,1,0,1,05-05-2012,2012150107A201150107,1,2,30-04-2012,2012-04-30,131
2012,18,52,5,0,150107A201,150107,0,0,1,0,0,0,05-05-2012,2012150107A201150107,1,1,01-05-2012,2012-05-01,94
2012,18,52,5,0,150107A201,150107,0,1,0,0,1,0,05-05-2012,2012150107A201150107,1,2,02-05-2012,2012-05-02,80
2012,18,52,5,0,150107A201,150107,0,0,0,0,0,1,05-05-2012,2012150107A201150107,1,1,03-05-2012,2012-05-03,108
2012,18,52,5,0,150107A201,150107,0,0,0,0,0,1,05-05-2012,2012150107A201150107,1,1,04-05-2012,2012-05-04,88
2012,18,52,5,0,150107A201,150107,1,0,0,1,0,0,05-05-2012,2012150107A201150107,1,2,05-05-2012,2012-05-05,74
2012,19,52,5,0,150107A201,150107,1,0,0,0,0,1,12-05-2012,2012150107A201150107,1,2,06-05-2012,2012-05-06,92
2012,19,52,5,0,150107A201,150107,0,0,0,1,0,0,12-05-2012,2012150107A201150107,1,1,07-05-2012,2012-05-07,146
2012,19,52,5,0,150107A201,150107,0,0,1,0,1,0,12-05-2012,2012150107A201150107,1,2,08-05-2012,2012-05-08,110
2012,19,52,5,0,150107A201,150107,1,0,0,0,0,1,12-05-2012,2012150107A201150107,1,2,09-05-2012,2012-05-09,101
2012,19,52,5,0,150107A201,150107,0,1,0,1,0,0,12-05-2012,2012150107A201150107,1,2,10-05-2012,2012-05-10,116
2012,19,52,5,0,150107A201,150107,0,0,0,0,1,0,12-05-2012,2012150107A201150107,1,1,11-05-2012,2012-05-11,64
2012,19,52,5,0,150107A201,150107,1,0,0,0,0,1,12-05-2012,2012150107A201150107,1,2,12-05-2012,2012-05-12,56
2012,20,52,5,0,150107A201,150107,1,0,0,0,1,0,19-05-2012,2012150107A201150107,1,2,13-05-2012,2012-05-13,98
2012,20,52,5,0,150107A201,150107,0,0,1,0,0,0,19-05-2012,2012150107A201150107,1,1,14-05-2012,2012-05-14,146
2012,20,52,5,0,150107A201,150107,1,0,0,0,0,1,19-05-2012,2012150107A201150107,1,2,15-05-2012,2012-05-15,122
2012,20,52,5,0,150107A201,150107,1,0,0,1,0,0,19-05-2012,2012150107A201150107,1,2,16-05-2012,2012-05-16,100
2012,20,52,5,0,150107A201,150107,0,0,1,0,0,0,19-05-2012,2012150107A201150107,1,1,17-05-2012,2012-05-17,101
2012,20,52,5,0,150107A201,150107,0,1,0,0,1,0,19-05-2012,2012150107A201150107,1,2,18-05-2012,2012-05-18,98
2012,20,52,5,0,150107A201,150107,1,0,0,0,0,1,19-05-2012,2012150107A201150107,1,2,19-05-2012,2012-05-19,62
2012,21,52,5,0,150107A201,150107,0,1,0,0,0,1,26-05-2012,2012150107A201150107,1,2,21-05-2012,2012-05-21,86
2012,21,52,5,0,150107A201,150107,0,0,0,0,1,0,26-05-2012,2012150107A201150107,1,1,22-05-2012,2012-05-22,12
2012,21,52,5,0,150107A201,150107,0,0,1,0,0,0,26-05-2012,2012150107A201150107,1,1,23-05-2012,2012-05-23,120
2012,21,52,5,0,150107A201,150107,0,0,0,1,0,0,26-05-2012,2012150107A201150107,1,1,24-05-2012,2012-05-24,100
2012,21,52,5,0,150107A201,150107,0,1,0,0,0,0,26-05-2012,2012150107A201150107,1,1,25-05-2012,2012-05-25,78
2012,21,52,5,0,150107A201,150107,1,0,0,0,0,1,26-05-2012,2012150107A201150107,1,2,26-05-2012,2012-05-26,88
2012,22,52,5,0,150107A201,150107,0,1,0,0,0,0,02-06-2012,2012150107A201150107,1,1,27-05-2012,2012-05-27,42
2012,22,52,5,0,150107A201,150107,0,0,0,0,2,0,02-06-2012,2012150107A201150107,1,2,28-05-2012,2012-05-28,91
2012,22,52,5,0,150107A201,150107,0,2,1,0,0,0,02-06-2012,2012150107A201150107,1,3,29-05-2012,2012-05-29,104
2012,22,52,5,0,150107A201,150107,0,2,0,0,2,1,02-06-2012,2012150107A201150107,1,5,31-05-2012,2012-05-31,74
2012,22,52,5,0,150107A201,150107,0,0,0,0,1,0,02-06-2012,2012150107A201150107,1,1,01-06-2012,2012-06-01,91
2012,22,52,5,0,150107A201,150107,0,1,0,0,0,0,02-06-2012,2012150107A201150107,1,1,02-06-2012,2012-06-02,80
2012,23,52,5,0,150107A201,150107,1,0,0,0,0,0,09-06-2012,2012150107A201150107,1,1,03-06-2012,2012-06-03,55
2012,23,52,5,0,150107A201,150107,0,1,0,0,0,0,09-06-2012,2012150107A201150107,1,1,04-06-2012,2012-06-04,124
2012,23,52,5,0,150107A201,150107,1,0,1,0,0,0,09-06-2012,2012150107A201150107,1,2,05-06-2012,2012-06-05,93
2012,23,52,5,0,150107A201,150107,0,0,0,0,1,0,09-06-2012,2012150107A201150107,1,1,06-06-2012,2012-06-06,103
2012,23,52,5,0,150107A201,150107,0,0,0,1,1,0,09-06-2012,2012150107A201150107,1,2,07-06-2012,2012-06-07,92
2012,23,52,5,0,150107A201,150107,0,0,0,0,0,1,09-06-2012,2012150107A201150107,1,1,08-06-2012,2012-06-08,95
2012,23,52,5,0,150107A201,150107,0,0,0,0,0,1,09-06-2012,2012150107A201150107,1,1,09-06-2012,2012-06-09,90
2012,24,52,5,0,150107A201,150107,1,0,0,0,1,0,16-06-2012,2012150107A201150107,1,2,10-06-2012,2012-06-10,67
2012,24,52,5,0,150107A201,150107,1,0,0,0,0,1,16-06-2012,2012150107A201150107,1,2,11-06-2012,2012-06-11,100
2012,24,52,5,0,150107A201,150107,0,1,0,1,0,0,16-06-2012,2012150107A201150107,1,2,12-06-2012,2012-06-12,116
2012,24,52,5,0,150107A201,150107,1,0,0,0,0,1,16-06-2012,2012150107A201150107,1,2,13-06-2012,2012-06-13,78
2012,24,52,5,0,150107A201,150107,0,0,1,0,1,0,16-06-2012,2012150107A201150107,1,2,14-06-2012,2012-06-14,74
2012,24,52,5,0,150107A201,150107,1,0,0,0,0,1,16-06-2012,2012150107A201150107,1,2,15-06-2012,2012-06-15,58
2012,24,52,5,0,150107A201,150107,1,0,0,1,0,0,16-06-2012,2012150107A201150107,1,2,16-06-2012,2012-06-16,94
2012,25,52,5,0,150107A201,150107,1,0,0,0,0,0,23-06-2012,2012150107A201150107,1,1,17-06-2012,2012-06-17,65
2012,25,52,5,0,150107A201,150107,0,1,0,0,0,1,23-06-2012,2012150107A201150107,1,2,18-06-2012,2012-06-18,93
2012,25,52,5,0,150107A201,150107,0,0,1,0,0,0,23-06-2012,2012150107A201150107,1,1,19-06-2012,2012-06-19,106
2012,25,52,5,0,150107A201,150107,0,0,0,0,1,0,23-06-2012,2012150107A201150107,1,1,20-06-2012,2012-06-20,91
2012,25,52,5,0,150107A201,150107,1,0,0,1,0,0,23-06-2012,2012150107A201150107,1,2,21-06-2012,2012-06-21,78
2012,25,52,5,0,150107A201,150107,0,1,0,0,0,0,23-06-2012,2012150107A201150107,1,1,22-06-2012,2012-06-22,55
2012,25,52,5,0,150107A201,150107,0,0,0,0,0,1,23-06-2012,2012150107A201150107,1,1,23-06-2012,2012-06-23,62
2012,26,52,5,0,150107A201,150107,1,0,0,1,0,1,30-06-2012,2012150107A201150107,1,3,24-06-2012,2012-06-24,62
2012,26,52,5,0,150107A201,150107,0,1,0,0,0,0,30-06-2012,2012150107A201150107,1,1,25-06-2012,2012-06-25,83
2012,26,52,5,0,150107A201,150107,1,0,1,0,1,0,30-06-2012,2012150107A201150107,1,3,26-06-2012,2012-06-26,110
2012,26,52,5,0,150107A201,150107,0,0,0,1,0,1,30-06-2012,2012150107A201150107,1,2,27-06-2012,2012-06-27,94
2012,26,52,5,0,150107A201,150107,0,1,0,0,1,0,30-06-2012,2012150107A201150107,1,2,28-06-2012,2012-06-28,81
2012,26,52,5,0,150107A201,150107,1,0,0,1,0,0,30-06-2012,2012150107A201150107,1,2,29-06-2012,2012-06-29,55
2012,26,52,5,0,150107A201,150107,0,1,0,1,1,0,30-06-2012,2012150107A201150107,1,3,30-06-2012,2012-06-30,60
2012,27,52,5,0,150107A201,150107,1,0,0,0,0,0,07-07-2012,2012150107A201150107,1,1,01-07-2012,2012-07-01,78
2012,27,52,5,0,150107A201,150107,0,0,0,0,0,1,07-07-2012,2012150107A201150107,1,1,02-07-2012,2012-07-02,88
2012,27,52,5,0,150107A201,150107,0,1,0,1,0,0,07-07-2012,2012150107A201150107,1,2,03-07-2012,2012-07-03,82
2012,27,52,5,0,150107A201,150107,0,0,0,0,0,1,07-07-2012,2012150107A201150107,1,1,04-07-2012,2012-07-04,93
2012,27,52,5,0,150107A201,150107,1,0,1,0,0,0,07-07-2012,2012150107A201150107,1,2,05-07-2012,2012-07-05,106
2012,27,52,5,0,150107A201,150107,0,0,0,0,1,1,07-07-2012,2012150107A201150107,1,2,06-07-2012,2012-07-06,108
2012,27,52,5,0,150107A201,150107,0,0,0,1,0,0,07-07-2012,2012150107A201150107,1,1,07-07-2012,2012-07-07,96
2012,28,52,5,0,150107A201,150107,1,0,0,1,0,1,14-07-2012,2012150107A201150107,1,3,08-07-2012,2012-07-08,67
2012,28,52,5,0,150107A201,150107,0,1,0,0,0,0,14-07-2012,2012150107A201150107,1,1,09-07-2012,2012-07-09,98
2012,28,52,5,0,150107A201,150107,0,0,0,0,1,0,14-07-2012,2012150107A201150107,1,1,10-07-2012,2012-07-10,69
2012,28,52,5,0,150107A201,150107,0,0,1,0,0,0,14-07-2012,2012150107A201150107,1,1,11-07-2012,2012-07-11,94
2012,28,52,5,0,150107A201,150107,0,1,0,1,0,0,14-07-2012,2012150107A201150107,1,2,12-07-2012,2012-07-12,109
2012,28,52,5,0,150107A201,150107,0,0,0,0,0,1,14-07-2012,2012150107A201150107,1,1,13-07-2012,2012-07-13,70
2012,28,52,5,0,150107A201,150107,1,0,0,1,0,0,14-07-2012,2012150107A201150107,1,2,14-07-2012,2012-07-14,68
2012,29,52,5,0,150107A201,150107,0,0,1,0,0,1,21-07-2012,2012150107A201150107,1,2,15-07-2012,2012-07-15,92
2012,29,52,5,0,150107A201,150107,1,0,0,1,0,0,21-07-2012,2012150107A201150107,1,2,16-07-2012,2012-07-16,101
2012,29,52,5,0,150107A201,150107,0,1,0,0,0,1,21-07-2012,2012150107A201150107,1,2,17-07-2012,2012-07-17,64
2012,29,52,5,0,150107A201,150107,0,0,0,0,1,0,21-07-2012,2012150107A201150107,1,1,18-07-2012,2012-07-18,76
2012,29,52,5,0,150107A201,150107,1,0,1,0,0,0,21-07-2012,2012150107A201150107,1,2,19-07-2012,2012-07-19,80
2012,29,52,5,0,150107A201,150107,0,0,0,0,0,1,21-07-2012,2012150107A201150107,1,1,20-07-2012,2012-07-20,67
2012,29,52,5,0,150107A201,150107,0,0,1,0,0,0,21-07-2012,2012150107A201150107,1,1,21-07-2012,2012-07-21,68
2012,30,52,5,0,150107A201,150107,1,0,1,0,0,0,28-07-2012,2012150107A201150107,1,2,22-07-2012,2012-07-22,58
2012,30,52,5,0,150107A201,150107,1,0,0,0,1,0,28-07-2012,2012150107A201150107,1,2,23-07-2012,2012-07-23,94
2012,30,52,5,0,150107A201,150107,0,1,0,0,0,1,28-07-2012,2012150107A201150107,1,2,24-07-2012,2012-07-24,72
2012,30,52,5,0,150107A201,150107,0,0,1,1,0,0,28-07-2012,2012150107A201150107,1,2,25-07-2012,2012-07-25,64
2012,30,52,5,0,150107A201,150107,0,1,0,0,0,0,28-07-2012,2012150107A201150107,1,1,26-07-2012,2012-07-26,106
2012,30,52,5,0,150107A201,150107,0,0,0,1,0,1,28-07-2012,2012150107A201150107,1,2,27-07-2012,2012-07-27,60
2012,30,52,5,0,150107A201,150107,0,1,0,0,0,0,28-07-2012,2012150107A201150107,1,1,28-07-2012,2012-07-28,72
2012,31,52,5,0,150107A201,150107,1,0,0,1,0,1,04-08-2012,2012150107A201150107,1,3,29-07-2012,2012-07-29,78
2012,31,52,5,0,150107A201,150107,0,1,0,0,0,0,04-08-2012,2012150107A201150107,1,1,30-07-2012,2012-07-30,106
2012,31,52,5,0,150107A201,150107,0,0,0,1,0,0,04-08-2012,2012150107A201150107,1,1,01-08-2012,2012-08-01,90
2012,31,52,5,0,150107A201,150107,0,0,0,0,1,0,04-08-2012,2012150107A201150107,1,1,31-07-2012,2012-07-31,48
2012,31,52,5,0,150107A201,150107,0,0,0,0,0,1,04-08-2012,2012150107A201150107,1,1,02-08-2012,2012-08-02,89
2012,31,52,5,0,150107A201,150107,0,0,1,0,0,0,04-08-2012,2012150107A201150107,1,1,03-08-2012,2012-08-03,90
2012,31,52,5,0,150107A201,150107,0,1,0,1,0,0,04-08-2012,2012150107A201150107,1,2,04-08-2012,2012-08-04,84
2012,32,52,5,0,150107A201,150107,1,0,0,0,0,0,11-08-2012,2012150107A201150107,1,1,05-08-2012,2012-08-05,82
2012,32,52,5,0,150107A201,150107,0,1,0,0,0,1,11-08-2012,2012150107A201150107,1,2,06-08-2012,2012-08-06,109
2012,32,52,5,0,150107A201,150107,0,0,0,1,0,0,11-08-2012,2012150107A201150107,1,1,07-08-2012,2012-08-07,110
2012,32,52,5,0,150107A201,150107,1,0,0,0,0,0,11-08-2012,2012150107A201150107,1,1,08-08-2012,2012-08-08,110
2012,32,52,5,0,150107A201,150107,0,0,0,1,0,1,11-08-2012,2012150107A201150107,1,2,09-08-2012,2012-08-09,100
2012,32,52,5,0,150107A201,150107,0,1,0,0,0,0,11-08-2012,2012150107A201150107,1,1,10-08-2012,2012-08-10,86
2012,32,52,5,0,150107A201,150107,1,0,0,0,0,0,11-08-2012,2012150107A201150107,1,1,11-08-2012,2012-08-11,45
2012,33,52,5,0,150107A201,150107,1,0,0,0,0,1,18-08-2012,2012150107A201150107,1,2,12-08-2012,2012-08-12,112
2012,33,52,5,0,150107A201,150107,0,0,0,0,1,0,18-08-2012,2012150107A201150107,1,1,13-08-2012,2012-08-13,142
2012,33,52,5,0,150107A201,150107,0,0,1,0,0,0,18-08-2012,2012150107A201150107,1,1,14-08-2012,2012-08-14,122
2012,33,52,5,0,150107A201,150107,1,0,0,0,0,0,18-08-2012,2012150107A201150107,1,1,15-08-2012,2012-08-15,74
2012,33,52,5,0,150107A201,150107,0,0,0,1,0,1,18-08-2012,2012150107A201150107,1,2,16-08-2012,2012-08-16,89
2012,33,52,5,0,150107A201,150107,0,1,0,0,0,0,18-08-2012,2012150107A201150107,1,1,17-08-2012,2012-08-17,100
2012,33,52,5,0,150107A201,150107,1,0,0,0,0,0,18-08-2012,2012150107A201150107,1,1,18-08-2012,2012-08-18,58
2012,34,52,5,0,150107A201,150107,1,0,0,0,0,0,25-08-2012,2012150107A201150107,1,1,19-08-2012,2012-08-19,104
2012,34,52,5,0,150107A201,150107,0,0,0,1,0,0,25-08-2012,2012150107A201150107,1,1,20-08-2012,2012-08-20,151
2012,34,52,5,0,150107A201,150107,0,1,0,0,0,0,25-08-2012,2012150107A201150107,1,1,21-08-2012,2012-08-21,123
2012,34,52,5,0,150107A201,150107,0,0,0,0,1,0,25-08-2012,2012150107A201150107,1,1,22-08-2012,2012-08-22,86
2012,34,52,5,0,150107A201,150107,0,0,0,1,0,0,25-08-2012,2012150107A201150107,1,1,23-08-2012,2012-08-23,94
2012,34,52,5,0,150107A201,150107,0,0,1,0,0,0,25-08-2012,2012150107A201150107,1,1,24-08-2012,2012-08-24,61
2012,34,52,5,0,150107A201,150107,0,0,0,0,0,1,25-08-2012,2012150107A201150107,1,1,25-08-2012,2012-08-25,56
2012,35,52,5,0,150107A201,150107,0,0,0,0,0,1,01-09-2012,2012150107A201150107,1,1,26-08-2012,2012-08-26,115
2012,35,52,5,0,150107A201,150107,0,0,0,0,1,0,01-09-2012,2012150107A201150107,1,1,27-08-2012,2012-08-27,110
2012,35,52,5,0,150107A201,150107,0,0,0,1,0,0,01-09-2012,2012150107A201150107,1,1,28-08-2012,2012-08-28,128
2012,35,52,5,0,150107A201,150107,1,0,0,0,0,0,01-09-2012,2012150107A201150107,1,1,29-08-2012,2012-08-29,126
2012,35,52,5,0,150107A201,150107,0,0,1,0,0,0,01-09-2012,2012150107A201150107,1,1,30-08-2012,2012-08-30,98
2012,35,52,5,0,150107A201,150107,1,0,0,0,0,0,01-09-2012,2012150107A201150107,1,1,31-08-2012,2012-08-31,73
2012,35,52,5,0,150107A201,150107,0,1,0,0,0,0,01-09-2012,2012150107A201150107,1,1,01-09-2012,2012-09-01,61
2012,36,52,5,0,150107A201,150107,0,0,0,0,0,1,08-09-2012,2012150107A201150107,1,1,02-09-2012,2012-09-02,98
2012,36,52,5,0,150107A201,150107,1,0,0,0,1,0,08-09-2012,2012150107A201150107,1,2,03-09-2012,2012-09-03,111
2012,36,52,5,0,150107A201,150107,0,1,0,0,0,1,08-09-2012,2012150107A201150107,1,2,04-09-2012,2012-09-04,93
2012,36,52,5,0,150107A201,150107,1,0,1,0,0,0,08-09-2012,2012150107A201150107,1,2,05-09-2012,2012-09-05,68
2012,36,52,5,0,150107A201,150107,0,0,0,0,1,0,08-09-2012,2012150107A201150107,1,1,06-09-2012,2012-09-06,90
2012,36,52,5,0,150107A201,150107,0,1,0,0,0,1,08-09-2012,2012150107A201150107,1,2,07-09-2012,2012-09-07,74
2012,36,52,5,0,150107A201,150107,1,0,0,1,0,0,08-09-2012,2012150107A201150107,1,2,08-09-2012,2012-09-08,50
2012,37,52,5,0,150107A201,150107,1,0,0,0,0,1,15-09-2012,2012150107A201150107,1,2,09-09-2012,2012-09-09,72
2012,37,52,5,0,150107A201,150107,0,0,0,1,0,0,15-09-2012,2012150107A201150107,1,1,10-09-2012,2012-09-10,111
2012,37,52,5,0,150107A201,150107,0,1,0,0,0,0,15-09-2012,2012150107A201150107,1,1,11-09-2012,2012-09-11,98
2012,37,52,5,0,150107A201,150107,0,0,1,0,0,0,15-09-2012,2012150107A201150107,1,1,12-09-2012,2012-09-12,78
2012,37,52,5,0,150107A201,150107,0,0,0,0,1,0,15-09-2012,2012150107A201150107,1,1,13-09-2012,2012-09-13,76
2012,37,52,5,0,150107A201,150107,1,0,0,0,0,0,15-09-2012,2012150107A201150107,1,1,14-09-2012,2012-09-14,51
2012,37,52,5,0,150107A201,150107,0,0,0,0,0,1,15-09-2012,2012150107A201150107,1,1,15-09-2012,2012-09-15,60
2012,38,52,5,0,150107A201,150107,1,0,0,1,0,1,22-09-2012,2012150107A201150107,1,3,16-09-2012,2012-09-16,54
2012,38,52,5,0,150107A201,150107,0,1,0,0,1,0,22-09-2012,2012150107A201150107,1,2,17-09-2012,2012-09-17,19
2012,38,52,5,0,150107A201,150107,0,0,0,0,0,1,22-09-2012,2012150107A201150107,1,1,18-09-2012,2012-09-18,27
2012,38,52,5,0,150107A201,150107,1,1,0,0,0,0,22-09-2012,2012150107A201150107,1,2,19-09-2012,2012-09-19,14
2012,38,52,5,0,150107A201,150107,0,0,1,0,0,0,22-09-2012,2012150107A201150107,1,1,20-09-2012,2012-09-20,20
2012,38,52,5,0,150107A201,150107,1,0,0,0,0,1,22-09-2012,2012150107A201150107,1,2,21-09-2012,2012-09-21,16
2012,38,52,5,0,150107A201,150107,0,0,0,0,1,0,22-09-2012,2012150107A201150107,1,1,22-09-2012,2012-09-22,16
2012,39,52,5,0,150107A201,150107,1,0,0,0,0,0,29-09-2012,2012150107A201150107,1,1,23-09-2012,2012-09-23,66
2012,39,52,5,0,150107A201,150107,0,0,0,0,0,1,29-09-2012,2012150107A201150107,1,1,24-09-2012,2012-09-24,42
2012,39,52,5,0,150107A201,150107,0,1,0,0,0,0,29-09-2012,2012150107A201150107,1,1,25-09-2012,2012-09-25,36
2012,39,52,5,0,150107A201,150107,0,0,0,1,0,0,29-09-2012,2012150107A201150107,1,1,26-09-2012,2012-09-26,18
2012,39,52,5,0,150107A201,150107,0,0,0,0,0,1,29-09-2012,2012150107A201150107,1,1,27-09-2012,2012-09-27,38
2012,39,52,5,0,150107A201,150107,0,0,1,0,0,0,29-09-2012,2012150107A201150107,1,1,28-09-2012,2012-09-28,48
2012,39,52,5,0,150107A201,150107,0,0,0,0,1,0,29-09-2012,2012150107A201150107,1,1,29-09-2012,2012-09-29,22
2012,40,52,5,0,150107A201,150107,1,0,0,0,0,0,06-10-2012,2012150107A201150107,1,1,30-09-2012,2012-09-30,17
2012,40,52,5,0,150107A201,150107,0,0,0,0,0,1,06-10-2012,2012150107A201150107,1,1,01-10-2012,2012-10-01,19
2012,40,52,5,0,150107A201,150107,0,0,1,0,0,0,06-10-2012,2012150107A201150107,1,1,02-10-2012,2012-10-02,10
2012,40,52,5,0,150107A201,150107,0,1,0,0,0,0,06-10-2012,2012150107A201150107,1,1,03-10-2012,2012-10-03,6
2012,40,52,5,0,150107A201,150107,0,0,0,0,1,0,06-10-2012,2012150107A201150107,1,1,04-10-2012,2012-10-04,12
2012,40,52,5,0,150107A201,150107,0,0,0,0,1,0,06-10-2012,2012150107A201150107,1,1,05-10-2012,2012-10-05,14
2012,40,52,5,0,150107A201,150107,0,0,0,0,1,0,06-10-2012,2012150107A201150107,1,1,06-10-2012,2012-10-06,7
2012,41,52,5,0,150107A201,150107,0,0,0,0,1,0,13-10-2012,2012150107A201150107,1,1,07-10-2012,2012-10-07,24
2012,41,52,5,0,150107A201,150107,1,0,0,0,0,0,13-10-2012,2012150107A201150107,1,1,08-10-2012,2012-10-08,18
2012,41,52,5,0,150107A201,150107,0,0,0,1,0,0,13-10-2012,2012150107A201150107,1,1,09-10-2012,2012-10-09,12
2012,41,52,5,0,150107A201,150107,0,0,0,1,0,0,13-10-2012,2012150107A201150107,1,1,10-10-2012,2012-10-10,9
2012,41,52,5,0,150107A201,150107,1,0,0,0,0,0,13-10-2012,2012150107A201150107,1,1,11-10-2012,2012-10-11,15
2012,41,52,5,0,150107A201,150107,0,0,0,0,0,1,13-10-2012,2012150107A201150107,1,1,12-10-2012,2012-10-12,13
2012,41,52,5,0,150107A201,150107,0,0,0,0,0,1,13-10-2012,2012150107A201150107,1,1,13-10-2012,2012-10-13,11
2012,42,52,5,0,150107A201,150107,0,0,0,1,0,0,20-10-2012,2012150107A201150107,1,1,14-10-2012,2012-10-14,6
2012,42,52,5,0,150107A201,150107,0,0,1,1,0,0,20-10-2012,2012150107A201150107,1,2,15-10-2012,2012-10-15,12
2012,42,52,5,0,150107A201,150107,0,0,0,0,0,1,20-10-2012,2012150107A201150107,1,1,16-10-2012,2012-10-16,6
2012,42,52,5,0,150107A201,150107,0,0,0,0,1,0,20-10-2012,2012150107A201150107,1,1,17-10-2012,2012-10-17,5
2012,42,52,5,0,150107A201,150107,1,0,0,0,0,0,20-10-2012,2012150107A201150107,1,1,18-10-2012,2012-10-18,7
2012,42,52,5,0,150107A201,150107,0,1,1,0,0,0,20-10-2012,2012150107A201150107,1,2,20-10-2012,2012-10-20,11
2012,43,52,5,0,150107A201,150107,1,2,1,2,3,2,30-10-2012,2012150107A201150107,1,11,27-10-2012,2012-10-21,507
2012,44,52,5,0,150107A201,150107,1,0,0,0,0,1,03-11-2012,2012150107A201150107,1,2,28-10-2012,2012-10-28,12
2012,44,52,5,0,150107A201,150107,0,0,1,0,0,1,03-11-2012,2012150107A201150107,1,2,29-10-2012,2012-10-29,107
2012,44,52,5,0,150107A201,150107,0,1,0,0,1,0,03-11-2012,2012150107A201150107,1,2,30-10-2012,2012-10-30,68
2012,44,52,5,0,150107A201,150107,1,0,0,1,0,0,03-11-2012,2012150107A201150107,1,2,31-10-2012,2012-10-31,87
2012,44,52,5,0,150107A201,150107,0,0,1,0,0,1,03-11-2012,2012150107A201150107,1,2,01-11-2012,2012-11-01,34
2012,44,52,5,0,150107A201,150107,0,1,0,0,0,1,03-11-2012,2012150107A201150107,1,2,02-11-2012,2012-11-02,63
2012,44,52,5,0,150107A201,150107,1,0,0,0,0,0,03-11-2012,2012150107A201150107,1,1,03-11-2012,2012-11-03,77
2012,45,52,5,0,150107A201,150107,0,0,0,0,1,0,10-11-2012,2012150107A201150107,1,1,04-11-2012,2012-11-04,64
2012,45,52,5,0,150107A201,150107,1,0,0,0,0,0,10-11-2012,2012150107A201150107,1,1,05-11-2012,2012-11-05,76
2012,45,52,5,0,150107A201,150107,0,0,0,1,0,0,10-11-2012,2012150107A201150107,1,1,06-11-2012,2012-11-06,57
2012,45,52,5,0,150107A201,150107,0,0,1,0,0,0,10-11-2012,2012150107A201150107,1,1,07-11-2012,2012-11-07,69
2012,45,52,5,0,150107A201,150107,0,0,1,0,1,0,10-11-2012,2012150107A201150107,1,2,08-11-2012,2012-11-08,82
2012,45,52,5,0,150107A201,150107,1,0,0,0,0,0,10-11-2012,2012150107A201150107,1,1,09-11-2012,2012-11-09,49
2012,45,52,5,0,150107A201,150107,0,1,0,0,0,1,10-11-2012,2012150107A201150107,1,2,10-11-2012,2012-11-10,49
2012,46,52,5,0,150107A201,150107,1,0,0,0,0,1,17-11-2012,2012150107A201150107,1,2,11-11-2012,2012-11-11,73
2012,46,52,5,0,150107A201,150107,0,1,0,0,1,0,17-11-2012,2012150107A201150107,1,2,12-11-2012,2012-11-12,52
2012,46,52,5,0,150107A201,150107,0,0,0,1,0,0,17-11-2012,2012150107A201150107,1,1,13-11-2012,2012-11-13,52
2012,46,52,5,0,150107A201,150107,1,1,1,0,0,1,17-11-2012,2012150107A201150107,1,4,14-11-2012,2012-11-14,59
2012,46,52,5,0,150107A201,150107,0,0,0,1,0,0,17-11-2012,2012150107A201150107,1,1,15-11-2012,2012-11-15,78
2012,46,52,5,0,150107A201,150107,0,1,0,0,1,0,17-11-2012,2012150107A201150107,1,2,16-11-2012,2012-11-16,59
2012,46,52,5,0,150107A201,150107,1,0,0,0,0,1,17-11-2012,2012150107A201150107,1,2,17-11-2012,2012-11-17,50
2012,47,52,5,0,150107A201,150107,1,0,1,0,0,0,24-11-2012,2012150107A201150107,1,2,18-11-2012,2012-11-18,60
2012,47,52,5,0,150107A201,150107,0,0,0,0,1,0,24-11-2012,2012150107A201150107,1,1,19-11-2012,2012-11-19,54
2012,47,52,5,0,150107A201,150107,0,0,0,1,0,0,24-11-2012,2012150107A201150107,1,1,20-11-2012,2012-11-20,69
2012,47,52,5,0,150107A201,150107,0,0,1,0,0,0,24-11-2012,2012150107A201150107,1,1,21-11-2012,2012-11-21,65
2012,47,52,5,0,150107A201,150107,0,0,0,0,0,1,24-11-2012,2012150107A201150107,1,1,22-11-2012,2012-11-22,69
2012,47,52,5,0,150107A201,150107,0,1,0,0,1,0,24-11-2012,2012150107A201150107,1,2,24-11-2012,2012-11-24,40
2012,48,52,5,0,150107A201,150107,1,2,2,1,2,2,04-12-2012,2012150107A201150107,1,10,01-12-2012,2012-11-25,411
2012,49,52,5,0,150107A201,150107,0,1,0,0,0,1,08-12-2012,2012150107A201150107,1,2,02-12-2012,2012-12-02,66
2012,49,52,5,0,150107A201,150107,0,0,1,0,0,0,08-12-2012,2012150107A201150107,1,1,03-12-2012,2012-12-03,108
2012,49,52,5,0,150107A201,150107,0,0,1,1,1,0,08-12-2012,2012150107A201150107,1,3,04-12-2012,2012-12-04,93
2012,49,52,5,0,150107A201,150107,1,0,0,0,0,1,08-12-2012,2012150107A201150107,1,2,05-12-2012,2012-12-05,70
2012,49,52,5,0,150107A201,150107,0,1,1,1,0,0,08-12-2012,2012150107A201150107,1,3,06-12-2012,2012-12-06,86
2012,49,52,5,0,150107A201,150107,0,0,0,0,1,0,08-12-2012,2012150107A201150107,1,1,07-12-2012,2012-12-07,71
2012,49,52,5,0,150107A201,150107,1,0,0,0,1,0,08-12-2012,2012150107A201150107,1,2,08-12-2012,2012-12-08,72
2012,50,52,5,0,150107A201,150107,0,0,1,0,1,0,15-12-2012,2012150107A201150107,1,2,09-12-2012,2012-12-09,52
2012,50,52,5,0,150107A201,150107,1,0,0,0,0,0,15-12-2012,2012150107A201150107,1,1,10-12-2012,2012-12-10,64
2012,50,52,5,0,150107A201,150107,0,0,0,0,0,1,15-12-2012,2012150107A201150107,1,1,11-12-2012,2012-12-11,50
2012,50,52,5,0,150107A201,150107,0,1,0,0,0,0,15-12-2012,2012150107A201150107,1,1,12-12-2012,2012-12-12,55
2012,50,52,5,0,150107A201,150107,0,0,0,1,0,0,15-12-2012,2012150107A201150107,1,1,13-12-2012,2012-12-13,62
2012,50,52,5,0,150107A201,150107,0,0,0,0,0,1,15-12-2012,2012150107A201150107,1,1,14-12-2012,2012-12-14,53
2012,50,52,5,0,150107A201,150107,0,0,1,0,0,0,15-12-2012,2012150107A201150107,1,1,15-12-2012,2012-12-15,35
2012,51,52,5,0,150107A201,150107,1,0,0,0,0,0,22-12-2012,2012150107A201150107,1,1,16-12-2012,2012-12-16,48
2012,51,52,5,0,150107A201,150107,0,0,0,0,0,1,22-12-2012,2012150107A201150107,1,1,17-12-2012,2012-12-17,68
2012,51,52,5,0,150107A201,150107,0,0,1,0,0,0,22-12-2012,2012150107A201150107,1,1,18-12-2012,2012-12-18,38
2012,51,52,5,0,150107A201,150107,0,1,0,0,1,0,22-12-2012,2012150107A201150107,1,2,19-12-2012,2012-12-19,69
2012,51,52,5,0,150107A201,150107,0,0,0,1,0,0,22-12-2012,2012150107A201150107,1,1,20-12-2012,2012-12-20,42
2012,51,52,5,0,150107A201,150107,1,0,0,0,0,0,22-12-2012,2012150107A201150107,1,1,21-12-2012,2012-12-21,57
2012,51,52,5,0,150107A201,150107,0,0,0,1,0,0,22-12-2012,2012150107A201150107,1,1,22-12-2012,2012-12-22,58
2012,52,52,5,0,150107A201,150107,1,0,0,0,0,0,29-12-2012,2012150107A201150107,1,1,23-12-2012,2012-12-23,56
2012,52,52,5,0,150107A201,150107,0,1,0,1,1,0,29-12-2012,2012150107A201150107,1,3,24-12-2012,2012-12-24,70
2012,52,52,5,0,150107A201,150107,0,0,1,0,0,0,29-12-2012,2012150107A201150107,1,1,25-12-2012,2012-12-25,48
2012,52,52,5,0,150107A201,150107,1,0,0,0,0,1,29-12-2012,2012150107A201150107,1,2,26-12-2012,2012-12-26,46
2012,52,52,5,0,150107A201,150107,0,0,0,0,1,0,29-12-2012,2012150107A201150107,1,1,27-12-2012,2012-12-27,58
2012,52,52,5,0,150107A201,150107,0,0,1,0,0,0,29-12-2012,2012150107A201150107,1,1,28-12-2012,2012-12-28,38
2012,52,52,5,0,150107A201,150107,1,1,0,0,0,0,29-12-2012,2012150107A201150107,1,2,29-12-2012,2012-12-29,50
2013,1,52,5,0,150107A201,150107,0,1,0,0,0,1,05-01-2013,2013150107A201150107,1,2,30-12-2012,2012-12-30,14
2013,1,52,5,0,150107A201,150107,0,1,0,0,0,0,05-01-2013,2013150107A201150107,1,1,31-12-2012,2012-12-31,50
2013,1,52,5,0,150107A201,150107,0,0,1,0,0,0,05-01-2013,2013150107A201150107,1,1,03-01-2013,2013-01-03,86
2013,1,52,5,0,150107A201,150107,0,1,0,0,0,0,05-01-2013,2013150107A201150107,1,1,04-01-2013,2013-01-04,88
2013,2,52,5,0,150107A201,150107,1,0,0,0,1,0,13-01-2013,2013150107A201150107,1,2,06-01-2013,2013-01-06,40
2013,2,52,5,0,150107A201,150107,1,1,1,0,1,1,13-01-2013,2013150107A201150107,1,5,07-01-2013,2013-01-07,101
2013,2,52,5,0,150107A201,150107,0,0,0,0,1,0,13-01-2013,2013150107A201150107,1,1,08-01-2013,2013-01-08,99
2013,2,52,5,0,150107A201,150107,0,0,0,0,1,0,13-01-2013,2013150107A201150107,1,1,09-01-2013,2013-01-09,79
2013,2,52,5,0,150107A201,150107,0,1,0,0,1,0,13-01-2013,2013150107A201150107,1,2,10-01-2013,2013-01-10,93
2013,2,52,5,0,150107A201,150107,1,1,1,0,0,0,13-01-2013,2013150107A201150107,1,3,12-01-2013,2013-01-12,86
2013,3,52,5,0,150107A201,150107,0,0,0,1,1,1,19-01-2013,2013150107A201150107,1,3,13-01-2013,2013-01-13,35
2013,3,52,5,0,150107A201,150107,0,1,1,0,0,1,19-01-2013,2013150107A201150107,1,3,14-01-2013,2013-01-14,78
2013,3,52,5,0,150107A201,150107,0,0,0,0,1,0,19-01-2013,2013150107A201150107,1,1,15-01-2013,2013-01-15,89
2013,3,52,5,0,150107A201,150107,0,1,0,0,1,0,19-01-2013,2013150107A201150107,1,2,16-01-2013,2013-01-16,82
2013,3,52,5,0,150107A201,150107,0,0,0,1,0,0,19-01-2013,2013150107A201150107,1,1,17-01-2013,2013-01-17,98
2013,3,52,5,0,150107A201,150107,0,0,0,0,1,0,19-01-2013,2013150107A201150107,1,1,18-01-2013,2013-01-18,94
2013,3,52,5,0,150107A201,150107,0,1,0,0,0,0,19-01-2013,2013150107A201150107,1,1,19-01-2013,2013-01-19,89
2013,4,52,5,0,150107A201,150107,0,1,1,1,0,0,26-01-2013,2013150107A201150107,1,3,20-01-2013,2013-01-20,41
2013,4,52,5,0,150107A201,150107,0,0,0,0,0,1,26-01-2013,2013150107A201150107,1,1,22-01-2013,2013-01-22,96
2013,4,52,5,0,150107A201,150107,0,1,0,0,0,1,26-01-2013,2013150107A201150107,1,2,23-01-2013,2013-01-23,106
2013,4,52,5,0,150107A201,150107,0,0,0,0,0,1,26-01-2013,2013150107A201150107,1,1,24-01-2013,2013-01-24,85
2013,5,52,5,0,150107A201,150107,0,0,0,0,0,1,02-02-2013,2013150107A201150107,1,1,27-01-2013,2013-01-27,17
2013,5,52,5,0,150107A201,150107,1,0,0,0,0,0,02-02-2013,2013150107A201150107,1,1,28-01-2013,2013-01-28,52
2013,5,52,5,0,150107A201,150107,0,0,0,1,1,1,02-02-2013,2013150107A201150107,1,3,29-01-2013,2013-01-29,68
2013,5,52,5,0,150107A201,150107,0,1,0,0,0,0,02-02-2013,2013150107A201150107,1,1,30-01-2013,2013-01-30,61
2013,5,52,5,0,150107A201,150107,0,0,0,1,0,0,02-02-2013,2013150107A201150107,1,1,01-02-2013,2013-02-01,55
2013,5,52,5,0,150107A201,150107,0,0,1,0,0,0,02-02-2013,2013150107A201150107,1,1,02-02-2013,2013-02-02,74
2013,6,52,5,0,150107A201,150107,0,3,1,0,0,0,09-02-2013,2013150107A201150107,1,4,03-02-2013,2013-02-03,44
2013,6,52,5,0,150107A201,150107,0,1,0,0,1,0,09-02-2013,2013150107A201150107,1,2,04-02-2013,2013-02-04,104
2013,6,52,5,0,150107A201,150107,0,1,0,0,0,0,09-02-2013,2013150107A201150107,1,1,06-02-2013,2013-02-06,74
2013,6,52,5,0,150107A201,150107,1,0,0,0,0,0,09-02-2013,2013150107A201150107,1,1,07-02-2013,2013-02-07,95
2013,6,52,5,0,150107A201,150107,0,0,1,0,0,0,09-02-2013,2013150107A201150107,1,1,09-02-2013,2013-02-09,75
2013,7,52,5,0,150107A201,150107,1,0,0,0,0,1,16-02-2013,2013150107A201150107,1,2,10-02-2013,2013-02-10,58
2013,7,52,5,0,150107A201,150107,0,1,0,0,0,0,16-02-2013,2013150107A201150107,1,1,11-02-2013,2013-02-11,72
2013,7,52,5,0,150107A201,150107,0,0,1,1,0,0,16-02-2013,2013150107A201150107,1,2,12-02-2013,2013-02-12,48
2013,7,52,5,0,150107A201,150107,1,0,0,0,1,0,16-02-2013,2013150107A201150107,1,2,13-02-2013,2013-02-13,46
2013,7,52,5,0,150107A201,150107,0,0,0,1,0,0,16-02-2013,2013150107A201150107,1,1,14-02-2013,2013-02-14,51
2013,7,52,5,0,150107A201,150107,1,0,0,0,0,1,16-02-2013,2013150107A201150107,1,2,15-02-2013,2013-02-15,39
2013,7,52,5,0,150107A201,150107,0,0,1,0,1,0,16-02-2013,2013150107A201150107,1,2,16-02-2013,2013-02-16,45
2013,8,52,5,0,150107A201,150107,0,0,1,0,0,0,23-02-2013,2013150107A201150107,1,1,17-02-2013,2013-02-17,51
2013,8,52,5,0,150107A201,150107,0,0,0,0,1,0,23-02-2013,2013150107A201150107,1,1,18-02-2013,2013-02-18,109
2013,8,52,5,0,150107A201,150107,0,0,0,0,1,0,23-02-2013,2013150107A201150107,1,1,19-02-2013,2013-02-19,91
2013,8,52,5,0,150107A201,150107,0,1,0,0,1,0,23-02-2013,2013150107A201150107,1,2,20-02-2013,2013-02-20,102
2013,8,52,5,0,150107A201,150107,0,0,0,1,0,0,23-02-2013,2013150107A201150107,1,1,21-02-2013,2013-02-21,84
2013,8,52,5,0,150107A201,150107,1,1,0,0,1,0,23-02-2013,2013150107A201150107,1,3,23-02-2013,2013-02-23,62
2013,9,52,5,0,150107A201,150107,1,0,0,0,1,0,02-03-2013,2013150107A201150107,1,2,24-02-2013,2013-02-24,24
2013,9,52,5,0,150107A201,150107,0,1,0,1,0,1,02-03-2013,2013150107A201150107,1,3,25-02-2013,2013-02-25,111
2013,9,52,5,0,150107A201,150107,0,0,1,0,1,0,02-03-2013,2013150107A201150107,1,2,26-02-2013,2013-02-26,95
2013,9,52,5,0,150107A201,150107,1,0,0,0,0,0,02-03-2013,2013150107A201150107,1,1,27-02-2013,2013-02-27,105
2013,9,52,5,0,150107A201,150107,0,0,0,0,0,1,02-03-2013,2013150107A201150107,1,1,28-02-2013,2013-02-28,105
2013,9,52,5,0,150107A201,150107,0,0,1,0,0,0,02-03-2013,2013150107A201150107,1,1,01-03-2013,2013-03-01,65
2013,9,52,5,0,150107A201,150107,0,1,0,0,0,1,02-03-2013,2013150107A201150107,1,2,02-03-2013,2013-03-02,68
2013,10,52,5,0,150107A201,150107,1,1,2,2,1,1,12-03-2013,2013150107A201150107,1,8,09-03-2013,2013-03-03,348
2013,11,52,5,0,150107A201,150107,1,1,1,1,1,1,19-03-2013,2013150107A201150107,1,6,16-03-2013,2013-03-10,286
2013,12,52,5,0,150107A201,150107,1,0,0,0,0,1,23-03-2013,2013150107A201150107,1,2,18-03-2013,2013-03-18,64
2013,12,52,5,0,150107A201,150107,0,1,0,0,0,0,23-03-2013,2013150107A201150107,1,1,19-03-2013,2013-03-19,69
2013,12,52,5,0,150107A201,150107,0,0,0,0,1,0,23-03-2013,2013150107A201150107,1,1,20-03-2013,2013-03-20,85
2013,12,52,5,0,150107A201,150107,1,0,0,1,0,0,23-03-2013,2013150107A201150107,1,2,21-03-2013,2013-03-21,60
2013,12,52,5,0,150107A201,150107,0,1,0,0,0,0,23-03-2013,2013150107A201150107,1,1,22-03-2013,2013-03-22,53
2013,12,52,5,0,150107A201,150107,0,0,0,0,1,0,23-03-2013,2013150107A201150107,1,1,23-03-2013,2013-03-23,59
2013,13,52,5,0,150107A201,150107,0,0,0,0,0,1,30-03-2013,2013150107A201150107,1,1,26-03-2013,2013-03-26,91
2013,13,52,5,0,150107A201,150107,0,0,1,0,0,1,30-03-2013,2013150107A201150107,1,2,28-03-2013,2013-03-28,94
2013,13,52,5,0,150107A201,150107,0,0,1,0,0,1,30-03-2013,2013150107A201150107,1,2,29-03-2013,2013-03-29,54
2013,13,52,5,0,150107A201,150107,0,0,0,0,1,0,30-03-2013,2013150107A201150107,1,1,30-03-2013,2013-03-30,46
2013,14,52,5,0,150107A201,150107,0,0,2,1,1,1,06-04-2013,2013150107A201150107,1,5,31-03-2013,2013-03-31,57
2013,14,52,5,0,150107A201,150107,0,1,0,1,1,1,06-04-2013,2013150107A201150107,1,4,01-04-2013,2013-04-01,100
2013,14,52,5,0,150107A201,150107,0,1,0,0,0,0,06-04-2013,2013150107A201150107,1,1,02-04-2013,2013-04-02,89
2013,14,52,5,0,150107A201,150107,0,0,1,0,0,1,06-04-2013,2013150107A201150107,1,2,03-04-2013,2013-04-03,82
2013,14,52,5,0,150107A201,150107,0,0,1,0,0,0,06-04-2013,2013150107A201150107,1,1,04-04-2013,2013-04-04,84
2013,14,52,5,0,150107A201,150107,0,0,0,0,0,1,06-04-2013,2013150107A201150107,1,1,05-04-2013,2013-04-05,91
2013,14,52,5,0,150107A201,150107,0,1,0,0,1,0,06-04-2013,2013150107A201150107,1,2,06-04-2013,2013-04-06,73
2013,15,52,5,0,150107A201,150107,0,1,0,0,0,0,13-04-2013,2013150107A201150107,1,1,08-04-2013,2013-04-08,90
2013,15,52,5,0,150107A201,150107,1,0,1,0,0,0,13-04-2013,2013150107A201150107,1,2,09-04-2013,2013-04-09,83
2013,15,52,5,0,150107A201,150107,0,2,0,0,0,0,13-04-2013,2013150107A201150107,1,2,11-04-2013,2013-04-11,75
2013,15,52,5,0,150107A201,150107,0,0,0,1,0,0,13-04-2013,2013150107A201150107,1,1,13-04-2013,2013-04-13,81
2013,16,52,5,0,150107A201,150107,0,1,0,0,0,0,20-04-2013,2013150107A201150107,1,1,14-04-2013,2013-04-14,43
2013,16,52,5,0,150107A201,150107,0,0,1,1,0,0,20-04-2013,2013150107A201150107,1,2,15-04-2013,2013-04-15,96
2013,16,52,5,0,150107A201,150107,1,0,0,0,0,0,20-04-2013,2013150107A201150107,1,1,16-04-2013,2013-04-16,81
2013,16,52,5,0,150107A201,150107,0,3,0,0,0,0,20-04-2013,2013150107A201150107,1,3,18-04-2013,2013-04-18,79
2013,17,52,5,0,150107A201,150107,0,1,1,0,1,0,27-04-2013,2013150107A201150107,1,3,21-04-2013,2013-04-21,52
2013,17,52,5,0,150107A201,150107,0,0,0,0,1,0,27-04-2013,2013150107A201150107,1,1,22-04-2013,2013-04-22,82
2013,17,52,5,0,150107A201,150107,0,1,0,0,0,0,27-04-2013,2013150107A201150107,1,1,23-04-2013,2013-04-23,100
2013,17,52,5,0,150107A201,150107,0,0,0,2,1,0,27-04-2013,2013150107A201150107,1,3,25-04-2013,2013-04-25,37
2013,17,52,5,0,150107A201,150107,0,0,0,0,1,0,27-04-2013,2013150107A201150107,1,1,26-04-2013,2013-04-26,58
2013,17,52,5,0,150107A201,150107,0,0,1,0,1,0,27-04-2013,2013150107A201150107,1,2,27-04-2013,2013-04-27,75
2013,18,52,5,0,150107A201,150107,0,2,0,0,0,0,04-05-2013,2013150107A201150107,1,2,28-04-2013,2013-04-28,32
2013,18,52,5,0,150107A201,150107,0,1,0,1,0,0,04-05-2013,2013150107A201150107,1,2,29-04-2013,2013-04-29,78
2013,18,52,5,0,150107A201,150107,0,0,0,0,2,0,04-05-2013,2013150107A201150107,1,2,01-05-2013,2013-05-01,36
2013,18,52,5,0,150107A201,150107,0,1,0,0,1,1,04-05-2013,2013150107A201150107,1,3,02-05-2013,2013-05-02,83
2013,18,52,5,0,150107A201,150107,0,0,0,0,1,0,04-05-2013,2013150107A201150107,1,1,03-05-2013,2013-05-03,70
2013,18,52,5,0,150107A201,150107,0,1,0,0,0,0,04-05-2013,2013150107A201150107,1,1,04-05-2013,2013-05-04,63
2013,19,52,5,0,150107A201,150107,0,1,2,0,0,0,11-05-2013,2013150107A201150107,1,3,05-05-2013,2013-05-05,36
2013,19,52,5,0,150107A201,150107,0,1,0,1,0,0,11-05-2013,2013150107A201150107,1,2,06-05-2013,2013-05-06,61
2013,19,52,5,0,150107A201,150107,0,0,0,0,1,0,11-05-2013,2013150107A201150107,1,1,07-05-2013,2013-05-07,70
2013,19,52,5,0,150107A201,150107,0,1,0,0,0,0,11-05-2013,2013150107A201150107,1,1,09-05-2013,2013-05-09,88
2013,19,52,5,0,150107A201,150107,0,1,0,0,0,0,11-05-2013,2013150107A201150107,1,1,11-05-2013,2013-05-11,55
2013,20,52,5,0,150107A201,150107,0,0,0,1,1,0,18-05-2013,2013150107A201150107,1,2,12-05-2013,2013-05-12,43
2013,20,52,5,0,150107A201,150107,0,1,1,1,1,0,18-05-2013,2013150107A201150107,1,4,13-05-2013,2013-05-13,70
2013,20,52,5,0,150107A201,150107,1,0,1,0,0,0,18-05-2013,2013150107A201150107,1,2,16-05-2013,2013-05-16,87
2013,20,52,5,0,150107A201,150107,0,0,0,0,1,0,18-05-2013,2013150107A201150107,1,1,17-05-2013,2013-05-17,59
2013,20,52,5,0,150107A201,150107,0,0,0,0,2,1,18-05-2013,2013150107A201150107,1,3,18-05-2013,2013-05-18,52
2013,21,52,5,0,150107A201,150107,0,0,0,1,0,1,25-05-2013,2013150107A201150107,1,2,19-05-2013,2013-05-19,46
2013,21,52,5,0,150107A201,150107,0,1,0,2,0,0,25-05-2013,2013150107A201150107,1,3,20-05-2013,2013-05-20,123
2013,22,52,5,0,150107A201,150107,0,0,0,1,0,0,01-06-2013,2013150107A201150107,1,1,26-05-2013,2013-05-26,45
2013,22,52,5,0,150107A201,150107,0,2,1,0,0,0,01-06-2013,2013150107A201150107,1,3,28-05-2013,2013-05-28,73
2013,22,52,5,0,150107A201,150107,0,1,0,1,0,0,01-06-2013,2013150107A201150107,1,2,29-05-2013,2013-05-29,65
2013,22,52,5,0,150107A201,150107,0,0,0,2,1,0,01-06-2013,2013150107A201150107,1,3,30-05-2013,2013-05-30,76
2013,22,52,5,0,150107A201,150107,0,0,0,2,1,0,01-06-2013,2013150107A201150107,1,3,31-05-2013,2013-05-31,76
2013,22,52,5,0,150107A201,150107,0,0,1,0,1,0,01-06-2013,2013150107A201150107,1,2,01-06-2013,2013-06-01,61
2013,23,52,5,0,150107A201,150107,1,0,0,1,0,0,08-06-2013,2013150107A201150107,1,2,05-06-2013,2013-06-05,30
2013,23,52,5,0,150107A201,150107,0,0,0,0,0,1,08-06-2013,2013150107A201150107,1,1,06-06-2013,2013-06-06,95
2013,23,52,5,0,150107A201,150107,0,0,0,1,0,0,08-06-2013,2013150107A201150107,1,1,07-06-2013,2013-06-07,71
2013,24,52,5,0,150107A201,150107,1,0,0,0,0,0,15-06-2013,2013150107A201150107,1,1,09-06-2013,2013-06-09,35
2013,24,52,5,0,150107A201,150107,0,0,0,0,1,0,15-06-2013,2013150107A201150107,1,1,12-06-2013,2013-06-12,69
2013,24,52,5,0,150107A201,150107,0,0,0,0,1,1,15-06-2013,2013150107A201150107,1,2,13-06-2013,2013-06-13,84
2013,24,52,5,0,150107A201,150107,0,0,1,1,0,0,15-06-2013,2013150107A201150107,1,2,15-06-2013,2013-06-15,67
2013,25,52,5,0,150107A201,150107,0,1,1,0,1,0,22-06-2013,2013150107A201150107,1,3,19-06-2013,2013-06-19,84
2013,25,52,5,0,150107A201,150107,0,0,1,0,0,0,22-06-2013,2013150107A201150107,1,1,20-06-2013,2013-06-20,85
2013,25,52,5,0,150107A201,150107,0,0,1,0,0,0,22-06-2013,2013150107A201150107,1,1,22-06-2013,2013-06-22,51
2013,26,52,5,0,150107A201,150107,0,0,1,0,0,0,29-06-2013,2013150107A201150107,1,1,25-06-2013,2013-06-25,35
2013,26,52,5,0,150107A201,150107,0,1,0,0,1,0,29-06-2013,2013150107A201150107,1,2,26-06-2013,2013-06-26,30
2013,27,52,5,0,150107A201,150107,1,0,1,0,0,0,06-07-2013,2013150107A201150107,1,2,30-06-2013,2013-06-30,34
2013,27,52,5,0,150107A201,150107,0,1,0,1,1,0,06-07-2013,2013150107A201150107,1,3,02-07-2013,2013-07-02,81
2013,27,52,5,0,150107A201,150107,0,1,0,0,0,0,06-07-2013,2013150107A201150107,1,1,04-07-2013,2013-07-04,58
2013,27,52,5,0,150107A201,150107,0,0,1,0,0,0,06-07-2013,2013150107A201150107,1,1,05-07-2013,2013-07-05,69
2013,27,52,5,0,150107A201,150107,0,1,0,0,0,0,06-07-2013,2013150107A201150107,1,1,06-07-2013,2013-07-06,77
2013,28,52,5,0,150107A201,150107,0,0,3,3,2,0,13-07-2013,2013150107A201150107,1,8,07-07-2013,2013-07-07,52
2013,28,52,5,0,150107A201,150107,0,2,1,1,0,1,13-07-2013,2013150107A201150107,1,5,08-07-2013,2013-07-08,120
2013,28,52,5,0,150107A201,150107,0,2,0,1,2,0,13-07-2013,2013150107A201150107,1,5,09-07-2013,2013-07-09,81
2013,28,52,5,0,150107A201,150107,0,2,0,2,2,0,13-07-2013,2013150107A201150107,1,6,11-07-2013,2013-07-11,86
2013,28,52,5,0,150107A201,150107,0,1,0,1,1,0,13-07-2013,2013150107A201150107,1,3,12-07-2013,2013-07-12,97
2013,28,52,5,0,150107A201,150107,0,1,1,0,1,0,13-07-2013,2013150107A201150107,1,3,13-07-2013,2013-07-13,68
2013,29,52,5,0,150107A201,150107,0,0,2,0,0,0,20-07-2013,2013150107A201150107,1,2,14-07-2013,2013-07-14,56
2013,29,52,5,0,150107A201,150107,0,0,0,2,1,0,20-07-2013,2013150107A201150107,1,3,15-07-2013,2013-07-15,18
2013,29,52,5,0,150107A201,150107,0,1,0,1,1,1,20-07-2013,2013150107A201150107,1,4,16-07-2013,2013-07-16,24
2013,29,52,5,0,150107A201,150107,0,2,0,3,0,0,20-07-2013,2013150107A201150107,1,5,17-07-2013,2013-07-17,35
2013,29,52,5,0,150107A201,150107,0,0,1,0,1,0,20-07-2013,2013150107A201150107,1,2,18-07-2013,2013-07-18,13
2013,30,52,5,0,150107A201,150107,0,1,0,2,0,0,27-07-2013,2013150107A201150107,1,3,21-07-2013,2013-07-21,19
2013,30,52,5,0,150107A201,150107,0,0,0,1,2,0,27-07-2013,2013150107A201150107,1,3,22-07-2013,2013-07-22,27
2013,30,52,5,0,150107A201,150107,0,0,0,0,1,0,27-07-2013,2013150107A201150107,1,1,23-07-2013,2013-07-23,34
2013,30,52,5,0,150107A201,150107,0,1,1,1,1,0,27-07-2013,2013150107A201150107,1,4,26-07-2013,2013-07-26,23
2013,30,52,5,0,150107A201,150107,0,1,0,0,0,0,27-07-2013,2013150107A201150107,1,1,27-07-2013,2013-07-27,17
2013,31,52,5,0,150107A201,150107,0,0,1,0,0,0,03-08-2013,2013150107A201150107,1,1,29-07-2013,2013-07-29,13
2013,31,52,5,0,150107A201,150107,0,1,0,0,0,0,03-08-2013,2013150107A201150107,1,1,01-08-2013,2013-08-01,5
2013,31,52,5,0,150107A201,150107,0,0,0,0,1,0,03-08-2013,2013150107A201150107,1,1,02-08-2013,2013-08-02,4
2013,31,52,5,0,150107A201,150107,0,1,0,0,0,0,03-08-2013,2013150107A201150107,1,1,03-08-2013,2013-08-03,5
2013,32,52,5,0,150107A201,150107,0,1,0,0,0,0,10-08-2013,2013150107A201150107,1,1,07-08-2013,2013-08-07,7
2013,34,52,5,0,150107A201,150107,0,0,1,0,0,0,24-08-2013,2013150107A201150107,1,1,18-08-2013,2013-08-18,27
2013,34,52,5,0,150107A201,150107,0,1,0,0,1,0,24-08-2013,2013150107A201150107,1,2,23-08-2013,2013-08-23,79
2013,35,52,5,0,150107A201,150107,0,0,0,0,2,0,31-08-2013,2013150107A201150107,1,2,25-08-2013,2013-08-25,30
2013,35,52,5,0,150107A201,150107,1,1,1,2,0,0,31-08-2013,2013150107A201150107,1,5,26-08-2013,2013-08-26,76
2013,35,52,5,0,150107A201,150107,0,0,0,1,0,0,31-08-2013,2013150107A201150107,1,1,27-08-2013,2013-08-27,84
2013,35,52,5,0,150107A201,150107,0,0,0,0,1,0,31-08-2013,2013150107A201150107,1,1,29-08-2013,2013-08-29,75
2013,35,52,5,0,150107A201,150107,0,1,0,0,0,0,31-08-2013,2013150107A201150107,1,1,30-08-2013,2013-08-30,37
2013,36,52,5,0,150107A201,150107,0,0,1,0,1,0,07-09-2013,2013150107A201150107,1,2,01-09-2013,2013-09-01,34
2013,36,52,5,0,150107A201,150107,0,2,0,0,0,0,07-09-2013,2013150107A201150107,1,2,02-09-2013,2013-09-02,100
2013,36,52,5,0,150107A201,150107,0,3,0,0,1,0,07-09-2013,2013150107A201150107,1,4,05-09-2013,2013-09-05,71
2013,36,52,5,0,150107A201,150107,0,0,0,1,0,0,07-09-2013,2013150107A201150107,1,1,06-09-2013,2013-09-06,63
2013,36,52,5,0,150107A201,150107,0,0,0,2,0,0,07-09-2013,2013150107A201150107,1,2,07-09-2013,2013-09-07,82
2013,37,52,5,0,150107A201,150107,0,1,1,0,0,0,14-09-2013,2013150107A201150107,1,2,08-09-2013,2013-09-08,50
2013,37,52,5,0,150107A201,150107,1,1,0,0,2,0,14-09-2013,2013150107A201150107,1,4,09-09-2013,2013-09-09,90
2013,37,52,5,0,150107A201,150107,0,1,0,1,0,0,14-09-2013,2013150107A201150107,1,2,10-09-2013,2013-09-10,90
2013,37,52,5,0,150107A201,150107,0,2,0,0,0,0,14-09-2013,2013150107A201150107,1,2,14-09-2013,2013-09-14,90
2013,38,52,5,0,150107A201,150107,0,1,0,0,0,0,21-09-2013,2013150107A201150107,1,1,21-09-2013,2013-09-21,77
2013,39,52,5,0,150107A201,150107,0,1,1,0,0,0,28-09-2013,2013150107A201150107,1,2,22-09-2013,2013-09-22,35
2013,39,52,5,0,150107A201,150107,0,1,1,0,0,0,28-09-2013,2013150107A201150107,1,2,25-09-2013,2013-09-25,94
2013,39,52,5,0,150107A201,150107,0,0,1,0,1,0,28-09-2013,2013150107A201150107,1,2,26-09-2013,2013-09-26,72
2013,40,52,5,0,150107A201,150107,0,1,1,0,0,0,05-10-2013,2013150107A201150107,1,2,29-09-2013,2013-09-29,31
2013,40,52,5,0,150107A201,150107,1,1,1,0,0,0,05-10-2013,2013150107A201150107,1,3,02-10-2013,2013-10-02,84
2013,40,52,5,0,150107A201,150107,0,0,0,0,1,0,05-10-2013,2013150107A201150107,1,1,03-10-2013,2013-10-03,76
2013,40,52,5,0,150107A201,150107,0,0,0,1,0,0,05-10-2013,2013150107A201150107,1,1,05-10-2013,2013-10-05,68
2013,41,52,5,0,150107A201,150107,0,0,0,0,1,1,12-10-2013,2013150107A201150107,1,2,06-10-2013,2013-10-06,35
2013,41,52,5,0,150107A201,150107,0,0,0,1,0,1,12-10-2013,2013150107A201150107,1,2,08-10-2013,2013-10-08,31
2013,41,52,5,0,150107A201,150107,0,0,1,0,1,0,12-10-2013,2013150107A201150107,1,2,09-10-2013,2013-10-09,64
2013,42,52,5,0,150107A201,150107,0,0,1,0,0,0,19-10-2013,2013150107A201150107,1,1,13-10-2013,2013-10-13,25
2013,42,52,5,0,150107A201,150107,0,1,0,1,0,0,19-10-2013,2013150107A201150107,1,2,18-10-2013,2013-10-18,71
2013,43,52,5,0,150107A201,150107,0,2,0,0,2,0,26-10-2013,2013150107A201150107,1,4,21-10-2013,2013-10-21,54
2013,43,52,5,0,150107A201,150107,1,2,0,0,0,0,26-10-2013,2013150107A201150107,1,3,23-10-2013,2013-10-23,68
2013,44,52,5,0,150107A201,150107,0,0,1,0,0,0,02-11-2013,2013150107A201150107,1,1,28-10-2013,2013-10-28,91
2013,44,52,5,0,150107A201,150107,0,0,3,0,0,0,02-11-2013,2013150107A201150107,1,3,29-10-2013,2013-10-29,82
2013,44,52,5,0,150107A201,150107,0,1,1,0,0,0,02-11-2013,2013150107A201150107,1,2,30-10-2013,2013-10-30,75
2013,44,52,5,0,150107A201,150107,0,1,0,0,1,0,02-11-2013,2013150107A201150107,1,2,31-10-2013,2013-10-31,81
2013,45,52,5,0,150107A201,150107,0,1,0,0,0,0,09-11-2013,2013150107A201150107,1,1,06-11-2013,2013-11-06,83
2013,45,52,5,0,150107A201,150107,0,0,0,0,1,0,09-11-2013,2013150107A201150107,1,1,09-11-2013,2013-11-09,75
2013,46,52,5,0,150107A201,150107,0,0,0,0,1,0,16-11-2013,2013150107A201150107,1,1,10-11-2013,2013-11-10,36
2013,46,52,5,0,150107A201,150107,1,0,0,0,0,0,16-11-2013,2013150107A201150107,1,1,11-11-2013,2013-11-11,95
2013,46,52,5,0,150107A201,150107,0,0,0,0,1,0,16-11-2013,2013150107A201150107,1,1,12-11-2013,2013-11-12,74
2013,46,52,5,0,150107A201,150107,0,0,0,1,0,0,16-11-2013,2013150107A201150107,1,1,13-11-2013,2013-11-13,84
2013,46,52,5,0,150107A201,150107,0,0,1,0,0,0,16-11-2013,2013150107A201150107,1,1,14-11-2013,2013-11-14,83
2013,47,52,5,0,150107A201,150107,0,0,0,0,1,0,23-11-2013,2013150107A201150107,1,1,19-11-2013,2013-11-19,38
2013,47,52,5,0,150107A201,150107,0,1,0,0,0,2,23-11-2013,2013150107A201150107,1,3,21-11-2013,2013-11-21,73
2013,47,52,5,0,150107A201,150107,0,0,3,0,0,0,23-11-2013,2013150107A201150107,1,3,23-11-2013,2013-11-23,74
2013,48,52,5,0,150107A201,150107,0,1,0,0,0,0,30-11-2013,2013150107A201150107,1,1,24-11-2013,2013-11-24,39
2013,48,52,5,0,150107A201,150107,0,1,0,0,0,0,30-11-2013,2013150107A201150107,1,1,25-11-2013,2013-11-25,39
2013,48,52,5,0,150107A201,150107,0,1,0,0,0,0,30-11-2013,2013150107A201150107,1,1,27-11-2013,2013-11-27,82
2013,48,52,5,0,150107A201,150107,0,1,0,0,0,0,30-11-2013,2013150107A201150107,1,1,28-11-2013,2013-11-28,95
2013,48,52,5,0,150107A201,150107,0,1,0,0,0,0,30-11-2013,2013150107A201150107,1,1,30-11-2013,2013-11-30,64
2013,49,52,5,0,150107A201,150107,0,0,0,1,0,0,07-12-2013,2013150107A201150107,1,1,02-12-2013,2013-12-02,103
2013,49,52,5,0,150107A201,150107,1,1,1,1,0,0,07-12-2013,2013150107A201150107,1,4,04-12-2013,2013-12-04,105
2013,49,52,5,0,150107A201,150107,0,0,0,0,1,0,07-12-2013,2013150107A201150107,1,1,05-12-2013,2013-12-05,81
2013,49,52,5,0,150107A201,150107,0,1,0,0,0,0,07-12-2013,2013150107A201150107,1,1,06-12-2013,2013-12-06,83
2013,49,52,5,0,150107A201,150107,1,0,0,0,0,0,07-12-2013,2013150107A201150107,1,1,07-12-2013,2013-12-07,51
2013,50,52,5,0,150107A201,150107,0,1,0,0,1,0,14-12-2013,2013150107A201150107,1,2,12-12-2013,2013-12-12,104
2013,51,52,5,0,150107A201,150107,0,0,0,0,1,0,21-12-2013,2013150107A201150107,1,1,16-12-2013,2013-12-16,79
2013,51,52,5,0,150107A201,150107,0,1,0,0,0,0,21-12-2013,2013150107A201150107,1,1,20-12-2013,2013-12-20,72
2013,51,52,5,0,150107A201,150107,0,1,0,1,1,0,21-12-2013,2013150107A201150107,1,3,21-12-2013,2013-12-21,67
2013,52,52,5,0,150107A201,150107,1,0,0,0,2,0,28-12-2013,2013150107A201150107,1,3,22-12-2013,2013-12-22,54
2013,52,52,5,0,150107A201,150107,0,0,0,0,1,0,28-12-2013,2013150107A201150107,1,1,23-12-2013,2013-12-23,76
2013,52,52,5,0,150107A201,150107,0,1,0,1,0,0,28-12-2013,2013150107A201150107,1,2,26-12-2013,2013-12-26,87
2013,52,52,5,0,150107A201,150107,0,1,0,0,1,0,28-12-2013,2013150107A201150107,1,2,28-12-2013,2013-12-28,70
2014,1,52,5,0,150107A201,150107,0,0,0,0,1,0,04-01-2014,2014150107A201150107,1,1,01-01-2014,2014-01-01,27
2014,1,52,5,0,150107A201,150107,0,1,0,0,0,0,04-01-2014,2014150107A201150107,1,1,02-01-2014,2014-01-02,85
2014,1,52,5,0,150107A201,150107,0,0,0,1,3,0,04-01-2014,2014150107A201150107,1,4,04-01-2014,2014-01-04,90
2014,2,52,5,0,150107A201,150107,0,1,0,0,1,0,11-01-2014,2014150107A201150107,1,2,05-01-2014,2014-01-05,44
2014,2,52,5,0,150107A201,150107,0,0,0,1,0,0,11-01-2014,2014150107A201150107,1,1,06-01-2014,2014-01-06,68
2014,2,52,5,0,150107A201,150107,0,0,0,0,1,0,11-01-2014,2014150107A201150107,1,1,07-01-2014,2014-01-07,75
2014,2,52,5,0,150107A201,150107,0,1,0,0,0,0,11-01-2014,2014150107A201150107,1,1,09-01-2014,2014-01-09,87
2014,2,52,5,0,150107A201,150107,0,0,0,0,1,0,11-01-2014,2014150107A201150107,1,1,11-01-2014,2014-01-11,75
2014,3,52,5,0,150107A201,150107,0,1,0,0,0,0,18-01-2014,2014150107A201150107,1,1,12-01-2014,2014-01-12,33
2014,3,52,5,0,150107A201,150107,0,1,0,0,0,0,18-01-2014,2014150107A201150107,1,1,13-01-2014,2014-01-13,80
2014,3,52,5,0,150107A201,150107,0,1,0,0,0,0,18-01-2014,2014150107A201150107,1,1,17-01-2014,2014-01-17,83
2014,3,52,5,0,150107A201,150107,0,0,0,0,1,0,18-01-2014,2014150107A201150107,1,1,18-01-2014,2014-01-18,56
2014,4,52,5,0,150107A201,150107,0,0,0,0,1,0,25-01-2014,2014150107A201150107,1,1,23-01-2014,2014-01-23,76
2014,4,52,5,0,150107A201,150107,0,0,1,0,0,0,25-01-2014,2014150107A201150107,1,1,25-01-2014,2014-01-25,64
2014,5,52,5,0,150107A201,150107,0,0,0,0,1,0,01-02-2014,2014150107A201150107,1,1,26-01-2014,2014-01-26,42
2014,5,52,5,0,150107A201,150107,0,1,0,0,0,0,01-02-2014,2014150107A201150107,1,1,29-01-2014,2014-01-29,49
2014,5,52,5,0,150107A201,150107,0,0,0,1,0,0,01-02-2014,2014150107A201150107,1,1,30-01-2014,2014-01-30,48
2014,6,52,5,0,150107A201,150107,0,0,0,1,0,0,08-02-2014,2014150107A201150107,1,1,02-02-2014,2014-02-02,91
2014,6,52,5,0,150107A201,150107,0,0,0,0,1,0,08-02-2014,2014150107A201150107,1,1,05-02-2014,2014-02-05,78
2014,6,52,5,0,150107A201,150107,2,1,0,0,0,0,08-02-2014,2014150107A201150107,1,3,06-02-2014,2014-02-06,56
2014,6,52,5,0,150107A201,150107,0,0,0,0,1,0,08-02-2014,2014150107A201150107,1,1,08-02-2014,2014-02-08,51
2014,7,52,5,0,150107A201,150107,0,0,1,0,1,0,15-02-2014,2014150107A201150107,1,2,10-02-2014,2014-02-10,39
2014,7,52,5,0,150107A201,150107,0,1,0,0,0,0,15-02-2014,2014150107A201150107,1,1,14-02-2014,2014-02-14,74
2014,7,52,5,0,150107A201,150107,1,0,0,1,0,0,15-02-2014,2014150107A201150107,1,2,15-02-2014,2014-02-15,69
2014,8,52,5,0,150107A201,150107,0,0,0,0,1,0,22-02-2014,2014150107A201150107,1,1,18-02-2014,2014-02-18,97
2014,8,52,5,0,150107A201,150107,0,0,0,0,1,0,22-02-2014,2014150107A201150107,1,1,19-02-2014,2014-02-19,87
2014,8,52,5,0,150107A201,150107,0,0,0,0,1,0,22-02-2014,2014150107A201150107,1,1,21-02-2014,2014-02-21,44
2014,8,52,5,0,150107A201,150107,0,2,0,1,0,0,22-02-2014,2014150107A201150107,1,3,22-02-2014,2014-02-22,71
2014,9,52,5,0,150107A201,150107,0,1,0,0,0,0,01-03-2014,2014150107A201150107,1,1,23-02-2014,2014-02-23,38
2014,9,52,5,0,150107A201,150107,0,0,0,1,0,0,01-03-2014,2014150107A201150107,1,1,24-02-2014,2014-02-24,89
2014,9,52,5,0,150107A201,150107,0,1,2,0,0,0,01-03-2014,2014150107A201150107,1,3,01-03-2014,2014-03-01,65
2014,10,52,5,0,150107A201,150107,0,0,1,0,1,0,08-03-2014,2014150107A201150107,1,2,02-03-2014,2014-03-02,39
2014,10,52,5,0,150107A201,150107,0,0,0,0,1,0,08-03-2014,2014150107A201150107,1,1,06-03-2014,2014-03-06,77
2014,10,52,5,0,150107A201,150107,0,0,0,0,0,1,08-03-2014,2014150107A201150107,1,1,07-03-2014,2014-03-07,87
2014,11,52,5,0,150107A201,150107,0,0,1,0,1,0,15-03-2014,2014150107A201150107,1,2,10-03-2014,2014-03-10,84
2014,11,52,5,0,150107A201,150107,0,1,0,0,0,0,15-03-2014,2014150107A201150107,1,1,13-03-2014,2014-03-13,82
2014,12,52,5,0,150107A201,150107,0,1,0,0,0,0,22-03-2014,2014150107A201150107,1,1,16-03-2014,2014-03-16,38
2014,12,52,5,0,150107A201,150107,0,0,0,1,0,0,22-03-2014,2014150107A201150107,1,1,20-03-2014,2014-03-20,39
2014,12,52,5,0,150107A201,150107,0,0,0,0,1,0,22-03-2014,2014150107A201150107,1,1,21-03-2014,2014-03-21,39
2014,12,52,5,0,150107A201,150107,1,0,0,0,1,0,22-03-2014,2014150107A201150107,1,2,22-03-2014,2014-03-22,60
2014,13,52,5,0,150107A201,150107,1,1,0,0,0,0,29-03-2014,2014150107A201150107,1,2,23-03-2014,2014-03-23,43
2014,13,52,5,0,150107A201,150107,0,1,0,0,0,0,29-03-2014,2014150107A201150107,1,1,24-03-2014,2014-03-24,77
2014,13,52,5,0,150107A201,150107,0,0,0,1,0,0,29-03-2014,2014150107A201150107,1,1,25-03-2014,2014-03-25,71
2014,13,52,5,0,150107A201,150107,0,0,0,0,1,0,29-03-2014,2014150107A201150107,1,1,26-03-2014,2014-03-26,87
2014,13,52,5,0,150107A201,150107,0,1,0,0,0,1,29-03-2014,2014150107A201150107,1,2,27-03-2014,2014-03-27,92
2014,13,52,5,0,150107A201,150107,0,1,0,0,1,0,29-03-2014,2014150107A201150107,1,2,29-03-2014,2014-03-29,64
2014,14,52,5,0,150107A201,150107,0,1,0,0,0,0,05-04-2014,2014150107A201150107,1,1,01-04-2014,2014-04-01,65
2014,14,52,5,0,150107A201,150107,0,1,0,0,0,0,05-04-2014,2014150107A201150107,1,1,03-04-2014,2014-04-03,58
2014,15,52,5,0,150107A201,150107,0,0,0,1,0,0,12-04-2014,2014150107A201150107,1,1,08-04-2014,2014-04-08,82
2014,15,52,5,0,150107A201,150107,1,0,1,0,0,0,12-04-2014,2014150107A201150107,1,2,10-04-2014,2014-04-10,20
2014,16,52,5,0,150107A201,150107,0,0,0,2,0,0,19-04-2014,2014150107A201150107,1,2,13-04-2014,2014-04-13,50
2014,16,52,5,0,150107A201,150107,0,0,0,0,1,0,19-04-2014,2014150107A201150107,1,1,14-04-2014,2014-04-14,92
2014,16,52,5,0,150107A201,150107,1,0,0,0,0,0,19-04-2014,2014150107A201150107,1,1,15-04-2014,2014-04-15,85
2014,16,52,5,0,150107A201,150107,0,0,0,1,0,0,19-04-2014,2014150107A201150107,1,1,16-04-2014,2014-04-16,92
2014,16,52,5,0,150107A201,150107,0,1,0,0,0,0,19-04-2014,2014150107A201150107,1,1,17-04-2014,2014-04-17,41
2014,16,52,5,0,150107A201,150107,0,1,1,0,0,0,19-04-2014,2014150107A201150107,1,2,18-04-2014,2014-04-18,38
2014,17,52,5,0,150107A201,150107,0,0,0,1,0,0,26-04-2014,2014150107A201150107,1,1,20-04-2014,2014-04-20,24
2014,17,52,5,0,150107A201,150107,0,1,0,0,0,0,26-04-2014,2014150107A201150107,1,1,22-04-2014,2014-04-22,59
2014,17,52,5,0,150107A201,150107,0,0,0,1,0,0,26-04-2014,2014150107A201150107,1,1,23-04-2014,2014-04-23,55
2014,17,52,5,0,150107A201,150107,0,1,0,0,0,0,26-04-2014,2014150107A201150107,1,1,25-04-2014,2014-04-25,54
2014,17,52,5,0,150107A201,150107,0,1,0,1,0,0,26-04-2014,2014150107A201150107,1,2,26-04-2014,2014-04-26,55
2014,18,52,5,0,150107A201,150107,0,0,0,0,0,1,03-05-2014,2014150107A201150107,1,1,28-04-2014,2014-04-28,89
2014,18,52,5,0,150107A201,150107,1,1,0,0,0,0,03-05-2014,2014150107A201150107,1,2,30-04-2014,2014-04-30,173
2014,18,52,5,0,150107A201,150107,0,1,1,1,0,0,03-05-2014,2014150107A201150107,1,3,01-05-2014,2014-05-01,70
2014,18,52,5,0,150107A201,150107,0,1,1,0,0,0,03-05-2014,2014150107A201150107,1,2,02-05-2014,2014-05-02,143
2014,18,52,5,0,150107A201,150107,0,1,0,0,0,0,03-05-2014,2014150107A201150107,1,1,03-05-2014,2014-05-03,119
2014,19,52,5,0,150107A201,150107,1,0,0,0,0,0,10-05-2014,2014150107A201150107,1,1,04-05-2014,2014-05-04,50
2014,19,52,5,0,150107A201,150107,0,0,0,0,1,0,10-05-2014,2014150107A201150107,1,1,05-05-2014,2014-05-05,78
2014,19,52,5,0,150107A201,150107,1,0,0,0,0,0,10-05-2014,2014150107A201150107,1,1,07-05-2014,2014-05-07,80
2014,19,52,5,0,150107A201,150107,0,1,0,0,0,0,10-05-2014,2014150107A201150107,1,1,08-05-2014,2014-05-08,88
2014,19,52,5,0,150107A201,150107,0,1,0,0,1,0,10-05-2014,2014150107A201150107,1,2,09-05-2014,2014-05-09,59
2014,19,52,5,0,150107A201,150107,0,1,0,0,1,0,10-05-2014,2014150107A201150107,1,2,10-05-2014,2014-05-10,74
2014,20,52,5,0,150107A201,150107,0,2,0,0,0,0,17-05-2014,2014150107A201150107,1,2,11-05-2014,2014-05-11,39
2014,20,52,5,0,150107A201,150107,0,2,1,0,0,0,17-05-2014,2014150107A201150107,1,3,13-05-2014,2014-05-13,77
2014,20,52,5,0,150107A201,150107,1,0,0,0,0,0,17-05-2014,2014150107A201150107,1,1,14-05-2014,2014-05-14,45
2014,20,52,5,0,150107A201,150107,0,0,1,1,1,0,17-05-2014,2014150107A201150107,1,3,15-05-2014,2014-05-15,66
2014,20,52,5,0,150107A201,150107,0,1,0,0,0,1,17-05-2014,2014150107A201150107,1,2,16-05-2014,2014-05-16,61
2014,20,52,5,0,150107A201,150107,0,1,0,0,0,0,17-05-2014,2014150107A201150107,1,1,17-05-2014,2014-05-17,25
2014,21,52,5,0,150107A201,150107,0,2,1,0,3,0,24-05-2014,2014150107A201150107,1,6,18-05-2014,2014-05-18,44
2014,21,52,5,0,150107A201,150107,0,2,0,1,0,0,24-05-2014,2014150107A201150107,1,3,19-05-2014,2014-05-19,67
2014,21,52,5,0,150107A201,150107,0,3,0,1,1,0,24-05-2014,2014150107A201150107,1,5,20-05-2014,2014-05-20,55
2014,21,52,5,0,150107A201,150107,0,2,0,1,1,0,24-05-2014,2014150107A201150107,1,4,21-05-2014,2014-05-21,55
2014,21,52,5,0,150107A201,150107,0,1,0,2,0,0,24-05-2014,2014150107A201150107,1,3,23-05-2014,2014-05-23,54
2014,22,52,5,0,150107A201,150107,0,1,0,0,0,0,31-05-2014,2014150107A201150107,1,1,27-05-2014,2014-05-27,56
2014,22,52,5,0,150107A201,150107,0,0,0,0,1,0,31-05-2014,2014150107A201150107,1,1,28-05-2014,2014-05-28,77
2014,22,52,5,0,150107A201,150107,0,1,0,0,0,0,31-05-2014,2014150107A201150107,1,1,30-05-2014,2014-05-30,62
2014,22,52,5,0,150107A201,150107,1,2,0,0,0,0,31-05-2014,2014150107A201150107,1,3,31-05-2014,2014-05-31,51
2014,23,52,5,0,150107A201,150107,0,0,0,1,0,0,07-06-2014,2014150107A201150107,1,1,02-06-2014,2014-06-02,76
2014,23,52,5,0,150107A201,150107,0,1,0,1,0,0,07-06-2014,2014150107A201150107,1,2,03-06-2014,2014-06-03,49
2014,23,52,5,0,150107A201,150107,0,0,1,0,0,0,07-06-2014,2014150107A201150107,1,1,04-06-2014,2014-06-04,75
2014,24,52,5,0,150107A201,150107,0,0,1,0,0,0,14-06-2014,2014150107A201150107,1,1,08-06-2014,2014-06-08,20
2014,24,52,5,0,150107A201,150107,0,1,1,2,0,0,14-06-2014,2014150107A201150107,1,4,10-06-2014,2014-06-10,62
2014,24,52,5,0,150107A201,150107,1,1,0,0,0,0,14-06-2014,2014150107A201150107,1,2,12-06-2014,2014-06-12,49
2014,25,52,5,0,150107A201,150107,0,1,0,0,1,1,21-06-2014,2014150107A201150107,1,3,15-06-2014,2014-06-15,32
2014,25,52,5,0,150107A201,150107,0,0,1,0,1,0,21-06-2014,2014150107A201150107,1,2,16-06-2014,2014-06-16,49
2014,25,52,5,0,150107A201,150107,0,1,0,0,0,0,21-06-2014,2014150107A201150107,1,1,17-06-2014,2014-06-17,31
2014,25,52,5,0,150107A201,150107,0,1,0,1,1,0,21-06-2014,2014150107A201150107,1,3,18-06-2014,2014-06-18,73
2014,25,52,5,0,150107A201,150107,0,1,0,1,0,0,21-06-2014,2014150107A201150107,1,2,20-06-2014,2014-06-20,82
2014,25,52,5,0,150107A201,150107,0,0,1,0,0,0,21-06-2014,2014150107A201150107,1,1,21-06-2014,2014-06-21,37
2014,26,52,5,0,150107A201,150107,0,1,0,1,0,0,28-06-2014,2014150107A201150107,1,2,24-06-2014,2014-06-24,31
2014,26,52,5,0,150107A201,150107,0,0,1,0,0,0,28-06-2014,2014150107A201150107,1,1,27-06-2014,2014-06-27,25
2014,27,52,5,0,150107A201,150107,0,1,4,0,4,0,05-07-2014,2014150107A201150107,1,9,29-06-2014,2014-06-29,29
2014,27,52,5,0,150107A201,150107,0,0,1,0,1,0,05-07-2014,2014150107A201150107,1,2,01-07-2014,2014-07-01,76
2014,28,52,5,0,150107A201,150107,0,2,1,1,2,0,12-07-2014,2014150107A201150107,1,6,06-07-2014,2014-07-06,29
2014,28,52,5,0,150107A201,150107,0,0,1,1,1,1,12-07-2014,2014150107A201150107,1,4,08-07-2014,2014-07-08,69
2014,28,52,5,0,150107A201,150107,0,0,0,1,0,0,12-07-2014,2014150107A201150107,1,1,09-07-2014,2014-07-09,26
2014,28,52,5,0,150107A201,150107,0,1,0,0,0,0,12-07-2014,2014150107A201150107,1,1,10-07-2014,2014-07-10,48
2014,28,52,5,0,150107A201,150107,0,0,0,1,0,0,12-07-2014,2014150107A201150107,1,1,11-07-2014,2014-07-11,52
2014,29,52,5,0,150107A201,150107,0,0,0,0,1,0,19-07-2014,2014150107A201150107,1,1,13-07-2014,2014-07-13,16
2014,29,52,5,0,150107A201,150107,0,1,0,0,0,0,19-07-2014,2014150107A201150107,1,1,14-07-2014,2014-07-14,66
2014,29,52,5,0,150107A201,150107,0,1,0,0,0,0,19-07-2014,2014150107A201150107,1,1,15-07-2014,2014-07-15,42
2014,29,52,5,0,150107A201,150107,1,0,0,3,1,0,19-07-2014,2014150107A201150107,1,5,18-07-2014,2014-07-18,77
2014,29,52,5,0,150107A201,150107,0,0,1,0,0,0,19-07-2014,2014150107A201150107,1,1,19-07-2014,2014-07-19,64
2014,30,52,5,0,150107A201,150107,0,0,2,1,3,0,26-07-2014,2014150107A201150107,1,6,20-07-2014,2014-07-20,19
2014,30,52,5,0,150107A201,150107,0,0,2,2,1,0,26-07-2014,2014150107A201150107,1,5,23-07-2014,2014-07-23,40
2014,30,52,5,0,150107A201,150107,0,0,0,1,1,0,26-07-2014,2014150107A201150107,1,2,25-07-2014,2014-07-25,39
2014,30,52,5,0,150107A201,150107,0,0,1,0,0,0,26-07-2014,2014150107A201150107,1,1,26-07-2014,2014-07-26,12
2014,31,52,5,0,150107A201,150107,0,2,0,0,0,0,02-08-2014,2014150107A201150107,1,2,27-07-2014,2014-07-27,30
2014,31,52,5,0,150107A201,150107,0,1,1,0,0,0,02-08-2014,2014150107A201150107,1,2,28-07-2014,2014-07-28,20
2014,31,52,5,0,150107A201,150107,0,0,4,0,1,0,02-08-2014,2014150107A201150107,1,5,31-07-2014,2014-07-31,15
2014,32,52,5,0,150107A201,150107,0,1,0,1,0,1,09-08-2014,2014150107A201150107,1,3,03-08-2014,2014-08-03,27
2014,32,52,5,0,150107A201,150107,0,0,0,0,1,1,09-08-2014,2014150107A201150107,1,2,05-08-2014,2014-08-05,29
2014,33,52,5,0,150107A201,150107,0,0,0,0,3,0,16-08-2014,2014150107A201150107,1,3,10-08-2014,2014-08-10,40
2014,33,52,5,0,150107A201,150107,0,0,0,1,1,0,16-08-2014,2014150107A201150107,1,2,12-08-2014,2014-08-12,51
2014,33,52,5,0,150107A201,150107,0,0,0,0,1,0,16-08-2014,2014150107A201150107,1,1,16-08-2014,2014-08-16,27
2014,34,52,5,0,150107A201,150107,0,1,0,0,2,0,23-08-2014,2014150107A201150107,1,3,20-08-2014,2014-08-20,35
2014,34,52,5,0,150107A201,150107,0,1,0,0,0,0,23-08-2014,2014150107A201150107,1,1,21-08-2014,2014-08-21,67
2014,34,52,5,0,150107A201,150107,0,0,0,0,3,1,23-08-2014,2014150107A201150107,1,4,22-08-2014,2014-08-22,32
2014,35,52,5,0,150107A201,150107,0,0,0,1,0,0,30-08-2014,2014150107A201150107,1,1,25-08-2014,2014-08-25,65
2014,35,52,5,0,150107A201,150107,0,1,1,0,0,0,30-08-2014,2014150107A201150107,1,2,28-08-2014,2014-08-28,29
2014,35,52,5,0,150107A201,150107,0,1,0,0,1,0,30-08-2014,2014150107A201150107,1,2,29-08-2014,2014-08-29,12
2014,36,52,5,0,150107A201,150107,0,0,0,1,0,0,06-09-2014,2014150107A201150107,1,1,31-08-2014,2014-08-31,21
2014,36,52,5,0,150107A201,150107,0,0,1,0,0,0,06-09-2014,2014150107A201150107,1,1,01-09-2014,2014-09-01,35
2014,36,52,5,0,150107A201,150107,0,1,0,0,0,0,06-09-2014,2014150107A201150107,1,1,06-09-2014,2014-09-06,45
2014,37,52,5,0,150107A201,150107,0,1,0,0,0,0,13-09-2014,2014150107A201150107,1,1,08-09-2014,2014-09-08,103
2014,37,52,5,0,150107A201,150107,0,0,0,0,1,0,13-09-2014,2014150107A201150107,1,1,09-09-2014,2014-09-09,50
2014,37,52,5,0,150107A201,150107,0,0,0,0,1,0,13-09-2014,2014150107A201150107,1,1,10-09-2014,2014-09-10,62
2014,37,52,5,0,150107A201,150107,0,0,1,0,0,0,13-09-2014,2014150107A201150107,1,1,11-09-2014,2014-09-11,70
2014,37,52,5,0,150107A201,150107,0,1,1,1,0,0,13-09-2014,2014150107A201150107,1,3,12-09-2014,2014-09-12,41
2014,39,52,5,0,150107A201,150107,0,2,1,0,1,1,27-09-2014,2014150107A201150107,1,5,21-09-2014,2014-09-21,13
2014,39,52,5,0,150107A201,150107,0,0,0,0,1,0,27-09-2014,2014150107A201150107,1,1,22-09-2014,2014-09-22,96
2014,40,52,5,0,150107A201,150107,0,0,0,0,1,0,04-10-2014,2014150107A201150107,1,1,29-09-2014,2014-09-29,97
2014,40,52,5,0,150107A201,150107,1,0,0,0,1,0,04-10-2014,2014150107A201150107,1,2,30-09-2014,2014-09-30,84
2014,41,52,5,0,150107A201,150107,0,1,0,0,0,0,13-10-2014,2014150107A201150107,1,1,05-10-2014,2014-10-05,31
2014,41,52,5,0,150107A201,150107,1,0,1,0,0,1,13-10-2014,2014150107A201150107,1,3,08-10-2014,2014-10-08,39
2014,41,52,5,0,150107A201,150107,0,1,0,0,1,0,13-10-2014,2014150107A201150107,1,2,11-10-2014,2014-10-11,75
2014,42,52,5,0,150107A201,150107,0,0,0,1,0,0,21-10-2014,2014150107A201150107,1,1,18-10-2014,2014-10-12,14
2014,43,52,5,0,150107A201,150107,0,0,1,0,0,0,25-10-2014,2014150107A201150107,1,1,23-10-2014,2014-10-23,39
2014,43,52,5,0,150107A201,150107,0,0,0,1,0,0,25-10-2014,2014150107A201150107,1,1,24-10-2014,2014-10-24,74
2014,44,52,5,0,150107A201,150107,1,3,2,3,0,0,04-11-2014,2014150107A201150107,1,9,01-11-2014,2014-10-26,306
2014,45,52,5,0,150107A201,150107,0,0,0,1,0,0,08-11-2014,2014150107A201150107,1,1,02-11-2014,2014-11-02,37
2014,45,52,5,0,150107A201,150107,0,1,0,1,1,0,08-11-2014,2014150107A201150107,1,3,03-11-2014,2014-11-03,85
2014,45,52,5,0,150107A201,150107,0,0,0,1,0,0,08-11-2014,2014150107A201150107,1,1,04-11-2014,2014-11-04,89
2014,46,52,5,0,150107A201,150107,0,0,0,0,1,0,15-11-2014,2014150107A201150107,1,1,09-11-2014,2014-11-09,43
2014,46,52,5,0,150107A201,150107,0,1,0,0,0,0,15-11-2014,2014150107A201150107,1,1,10-11-2014,2014-11-10,68
2014,46,52,5,0,150107A201,150107,0,2,0,1,0,0,15-11-2014,2014150107A201150107,1,3,11-11-2014,2014-11-11,84
2014,46,52,5,0,150107A201,150107,0,0,1,0,0,0,15-11-2014,2014150107A201150107,1,1,12-11-2014,2014-11-12,92
2014,46,52,5,0,150107A201,150107,0,1,0,0,0,0,15-11-2014,2014150107A201150107,1,1,13-11-2014,2014-11-13,85
2014,46,52,5,0,150107A201,150107,0,0,0,0,1,0,15-11-2014,2014150107A201150107,1,1,14-11-2014,2014-11-14,91
2014,46,52,5,0,150107A201,150107,0,0,1,0,0,0,15-11-2014,2014150107A201150107,1,1,15-11-2014,2014-11-15,56
2014,47,52,5,0,150107A201,150107,0,0,0,1,0,0,22-11-2014,2014150107A201150107,1,1,16-11-2014,2014-11-16,34
2014,47,52,5,0,150107A201,150107,0,1,0,0,0,0,22-11-2014,2014150107A201150107,1,1,17-11-2014,2014-11-17,57
2014,48,52,5,0,150107A201,150107,0,0,0,1,2,0,29-11-2014,2014150107A201150107,1,3,25-11-2014,2014-11-25,85
2014,48,52,5,0,150107A201,150107,0,1,0,0,0,0,29-11-2014,2014150107A201150107,1,1,26-11-2014,2014-11-26,26
2014,48,52,5,0,150107A201,150107,0,1,0,0,0,0,29-11-2014,2014150107A201150107,1,1,28-11-2014,2014-11-28,81
2014,49,52,5,0,150107A201,150107,1,2,0,0,1,1,09-12-2014,2014150107A201150107,1,5,06-12-2014,2014-11-30,322
2014,50,52,5,0,150107A201,150107,0,1,2,0,0,0,13-12-2014,2014150107A201150107,1,3,07-12-2014,2014-12-07,35
2014,50,52,5,0,150107A201,150107,0,1,1,0,0,0,13-12-2014,2014150107A201150107,1,2,10-12-2014,2014-12-10,38
2014,50,52,5,0,150107A201,150107,1,0,0,0,0,0,13-12-2014,2014150107A201150107,1,1,11-12-2014,2014-12-11,53
2014,50,52,5,0,150107A201,150107,0,0,0,1,2,0,13-12-2014,2014150107A201150107,1,3,13-12-2014,2014-12-13,57
2014,51,52,5,0,150107A201,150107,0,1,0,0,0,0,20-12-2014,2014150107A201150107,1,1,17-12-2014,2014-12-17,35
2014,52,52,5,0,150107A201,150107,0,1,0,0,1,0,27-12-2014,2014150107A201150107,1,2,21-12-2014,2014-12-21,38
2014,52,52,5,0,150107A201,150107,1,0,1,0,0,0,27-12-2014,2014150107A201150107,1,2,23-12-2014,2014-12-23,55
2014,52,52,5,0,150107A201,150107,0,0,0,0,1,0,27-12-2014,2014150107A201150107,1,1,24-12-2014,2014-12-24,59
2014,52,52,5,0,150107A201,150107,1,0,0,0,0,0,27-12-2014,2014150107A201150107,1,1,25-12-2014,2014-12-25,24
2014,52,52,5,0,150107A201,150107,0,0,0,1,1,0,27-12-2014,2014150107A201150107,1,2,27-12-2014,2014-12-27,53
2015,1,52,5,0,150107A201,150107,0,0,0,1,1,0,10-01-2015,2015150107A201150107,1,2,05-01-2015,2015-01-05,20
2015,1,52,5,0,150107A201,150107,0,1,0,1,0,0,10-01-2015,2015150107A201150107,1,2,06-01-2015,2015-01-06,48
2015,1,52,5,0,150107A201,150107,0,1,1,0,1,0,10-01-2015,2015150107A201150107,1,3,07-01-2015,2015-01-07,51
2015,1,52,5,0,150107A201,150107,0,0,0,1,0,0,10-01-2015,2015150107A201150107,1,1,08-01-2015,2015-01-08,40
2015,1,52,5,0,150107A201,150107,0,0,0,1,0,0,10-01-2015,2015150107A201150107,1,1,09-01-2015,2015-01-09,52
2015,1,52,5,0,150107A201,150107,0,0,0,0,1,0,10-01-2015,2015150107A201150107,1,1,10-01-2015,2015-01-10,49
2015,2,52,5,0,150107A201,150107,1,2,1,0,1,0,17-01-2015,2015150107A201150107,1,5,11-01-2015,2015-01-11,5
2015,2,52,5,0,150107A201,150107,0,0,1,1,1,1,17-01-2015,2015150107A201150107,1,4,12-01-2015,2015-01-12,36
2015,2,52,5,0,150107A201,150107,0,0,0,0,1,0,17-01-2015,2015150107A201150107,1,1,16-01-2015,2015-01-16,31
2015,2,52,5,0,150107A201,150107,0,0,0,1,0,0,17-01-2015,2015150107A201150107,1,1,17-01-2015,2015-01-17,33
2015,3,52,5,0,150107A201,150107,0,1,0,0,0,0,24-01-2015,2015150107A201150107,1,1,21-01-2015,2015-01-21,64
2015,4,52,5,0,150107A201,150107,0,0,1,0,1,0,31-01-2015,2015150107A201150107,1,2,27-01-2015,2015-01-27,80
2015,4,52,5,0,150107A201,150107,0,1,0,0,4,0,31-01-2015,2015150107A201150107,1,5,28-01-2015,2015-01-28,97
2015,4,52,5,0,150107A201,150107,0,0,0,1,0,0,31-01-2015,2015150107A201150107,1,1,29-01-2015,2015-01-29,96
2015,4,52,5,0,150107A201,150107,0,0,0,1,0,0,31-01-2015,2015150107A201150107,1,1,30-01-2015,2015-01-30,77
2015,5,52,5,0,150107A201,150107,0,0,1,0,0,0,07-02-2015,2015150107A201150107,1,1,01-02-2015,2015-02-01,39
2015,5,52,5,0,150107A201,150107,0,0,1,0,0,0,07-02-2015,2015150107A201150107,1,1,02-02-2015,2015-02-02,34
2015,5,52,5,0,150107A201,150107,0,1,0,0,2,0,07-02-2015,2015150107A201150107,1,3,03-02-2015,2015-02-03,50
2015,6,52,5,0,150107A201,150107,0,2,1,2,3,0,17-02-2015,2015150107A201150107,1,8,14-02-2015,2015-02-08,237
2015,7,52,5,0,150107A201,150107,0,0,1,0,0,0,21-02-2015,2015150107A201150107,1,1,15-02-2015,2015-02-15,25
2015,7,52,5,0,150107A201,150107,1,0,0,0,0,0,21-02-2015,2015150107A201150107,1,1,19-02-2015,2015-02-19,100
2015,7,52,5,0,150107A201,150107,0,1,0,0,1,0,21-02-2015,2015150107A201150107,1,2,20-02-2015,2015-02-20,99
2015,8,52,5,0,150107A201,150107,1,1,0,0,0,0,28-02-2015,2015150107A201150107,1,2,25-02-2015,2015-02-25,90
2015,8,52,5,0,150107A201,150107,0,1,0,0,0,0,28-02-2015,2015150107A201150107,1,1,26-02-2015,2015-02-26,80
2015,8,52,5,0,150107A201,150107,0,0,0,0,2,0,28-02-2015,2015150107A201150107,1,2,28-02-2015,2015-02-28,63
2015,9,52,5,0,150107A201,150107,1,0,0,0,0,0,07-03-2015,2015150107A201150107,1,1,01-03-2015,2015-03-01,41
2015,10,52,5,0,150107A201,150107,0,0,1,0,0,0,14-03-2015,2015150107A201150107,1,1,08-03-2015,2015-03-08,29
2015,10,52,5,0,150107A201,150107,0,0,0,1,1,0,14-03-2015,2015150107A201150107,1,2,09-03-2015,2015-03-09,90
2015,10,52,5,0,150107A201,150107,0,0,1,0,0,0,14-03-2015,2015150107A201150107,1,1,10-03-2015,2015-03-10,84
2015,10,52,5,0,150107A201,150107,0,0,1,0,0,0,14-03-2015,2015150107A201150107,1,1,13-03-2015,2015-03-13,80
2015,11,52,5,0,150107A201,150107,0,1,0,0,0,0,21-03-2015,2015150107A201150107,1,1,17-03-2015,2015-03-17,69
2015,11,52,5,0,150107A201,150107,0,0,1,0,0,0,21-03-2015,2015150107A201150107,1,1,18-03-2015,2015-03-18,81
2015,11,52,5,0,150107A201,150107,0,0,0,1,0,0,21-03-2015,2015150107A201150107,1,1,20-03-2015,2015-03-20,42
2015,12,52,5,0,150107A201,150107,0,2,0,1,1,0,28-03-2015,2015150107A201150107,1,4,22-03-2015,2015-03-22,21
2015,12,52,5,0,150107A201,150107,0,1,0,1,2,1,28-03-2015,2015150107A201150107,1,5,25-03-2015,2015-03-25,73
2015,12,52,5,0,150107A201,150107,0,1,0,0,0,0,28-03-2015,2015150107A201150107,1,1,28-03-2015,2015-03-28,64
2015,13,52,5,0,150107A201,150107,0,2,2,3,0,0,04-04-2015,2015150107A201150107,1,7,29-03-2015,2015-03-29,66
2015,13,52,5,0,150107A201,150107,0,2,0,0,0,0,04-04-2015,2015150107A201150107,1,2,30-03-2015,2015-03-30,80
2015,13,52,5,0,150107A201,150107,0,0,1,0,0,0,04-04-2015,2015150107A201150107,1,1,01-04-2015,2015-04-01,79
2015,13,52,5,0,150107A201,150107,0,1,0,0,1,0,04-04-2015,2015150107A201150107,1,2,02-04-2015,2015-04-02,43
2015,13,52,5,0,150107A201,150107,0,1,0,0,1,0,04-04-2015,2015150107A201150107,1,2,03-04-2015,2015-04-03,33
2015,14,52,5,0,150107A201,150107,0,0,1,1,1,1,11-04-2015,2015150107A201150107,1,4,05-04-2015,2015-04-05,38
2015,14,52,5,0,150107A201,150107,0,1,0,1,2,0,11-04-2015,2015150107A201150107,1,4,06-04-2015,2015-04-06,94
2015,14,52,5,0,150107A201,150107,0,1,0,1,0,0,11-04-2015,2015150107A201150107,1,2,08-04-2015,2015-04-08,71
2015,14,52,5,0,150107A201,150107,0,0,0,1,0,1,11-04-2015,2015150107A201150107,1,2,10-04-2015,2015-04-10,85
2015,14,52,5,0,150107A201,150107,0,0,0,0,2,0,11-04-2015,2015150107A201150107,1,2,11-04-2015,2015-04-11,60
2015,15,52,5,0,150107A201,150107,0,0,3,0,2,1,18-04-2015,2015150107A201150107,1,6,12-04-2015,2015-04-12,49
2015,15,52,5,0,150107A201,150107,0,0,0,1,0,0,18-04-2015,2015150107A201150107,1,1,13-04-2015,2015-04-13,65
2015,15,52,5,0,150107A201,150107,0,0,1,0,0,0,18-04-2015,2015150107A201150107,1,1,14-04-2015,2015-04-14,76
2015,15,52,5,0,150107A201,150107,0,2,1,0,1,0,18-04-2015,2015150107A201150107,1,4,15-04-2015,2015-04-15,78
2015,15,52,5,0,150107A201,150107,0,1,0,0,0,0,18-04-2015,2015150107A201150107,1,1,18-04-2015,2015-04-18,70
2015,16,52,5,0,150107A201,150107,0,1,0,0,0,0,25-04-2015,2015150107A201150107,1,1,20-04-2015,2015-04-20,100
2015,16,52,5,0,150107A201,150107,0,0,0,0,1,0,25-04-2015,2015150107A201150107,1,1,21-04-2015,2015-04-21,69
2015,16,52,5,0,150107A201,150107,1,0,0,0,1,0,25-04-2015,2015150107A201150107,1,2,22-04-2015,2015-04-22,98
2015,16,52,5,0,150107A201,150107,0,0,0,0,1,0,25-04-2015,2015150107A201150107,1,1,24-04-2015,2015-04-24,78
2015,16,52,5,0,150107A201,150107,0,2,0,0,1,0,25-04-2015,2015150107A201150107,1,3,25-04-2015,2015-04-25,82
2015,17,52,5,0,150107A201,150107,0,1,2,1,0,0,02-05-2015,2015150107A201150107,1,4,30-04-2015,2015-04-30,81
2015,17,52,5,0,150107A201,150107,0,0,0,0,1,1,02-05-2015,2015150107A201150107,1,2,01-05-2015,2015-05-01,32
2015,17,52,5,0,150107A201,150107,0,1,0,0,0,0,02-05-2015,2015150107A201150107,1,1,02-05-2015,2015-05-02,48
2015,18,52,5,0,150107A201,150107,0,1,0,0,1,0,09-05-2015,2015150107A201150107,1,2,03-05-2015,2015-05-03,40
2015,18,52,5,0,150107A201,150107,1,0,0,0,1,1,09-05-2015,2015150107A201150107,1,3,05-05-2015,2015-05-05,94
2015,18,52,5,0,150107A201,150107,0,0,0,0,0,1,09-05-2015,2015150107A201150107,1,1,06-05-2015,2015-05-06,75
2015,18,52,5,0,150107A201,150107,0,0,0,0,1,0,09-05-2015,2015150107A201150107,1,1,08-05-2015,2015-05-08,78
2015,19,52,5,0,150107A201,150107,0,3,0,0,0,1,16-05-2015,2015150107A201150107,1,4,10-05-2015,2015-05-10,38
2015,19,52,5,0,150107A201,150107,0,1,0,0,0,0,16-05-2015,2015150107A201150107,1,1,11-05-2015,2015-05-11,85
2015,19,52,5,0,150107A201,150107,1,2,1,1,2,0,16-05-2015,2015150107A201150107,1,7,13-05-2015,2015-05-13,97
2015,19,52,5,0,150107A201,150107,0,1,0,0,0,0,16-05-2015,2015150107A201150107,1,1,15-05-2015,2015-05-15,102
2015,19,52,5,0,150107A201,150107,1,0,1,0,0,0,16-05-2015,2015150107A201150107,1,2,16-05-2015,2015-05-16,73
2015,20,52,5,0,150107A201,150107,0,0,0,1,0,0,23-05-2015,2015150107A201150107,1,1,17-05-2015,2015-05-17,35
2015,20,52,5,0,150107A201,150107,0,0,1,0,0,0,23-05-2015,2015150107A201150107,1,1,18-05-2015,2015-05-18,93
2015,20,52,5,0,150107A201,150107,0,0,0,2,0,0,23-05-2015,2015150107A201150107,1,2,19-05-2015,2015-05-19,92
2015,20,52,5,0,150107A201,150107,0,0,3,0,0,0,23-05-2015,2015150107A201150107,1,3,20-05-2015,2015-05-20,82
2015,20,52,5,0,150107A201,150107,0,0,0,0,1,0,23-05-2015,2015150107A201150107,1,1,21-05-2015,2015-05-21,89
2015,21,52,5,0,150107A201,150107,0,2,1,1,1,0,30-05-2015,2015150107A201150107,1,5,24-05-2015,2015-05-24,50
2015,21,52,5,0,150107A201,150107,0,1,0,0,1,0,30-05-2015,2015150107A201150107,1,2,25-05-2015,2015-05-25,93
2015,21,52,5,0,150107A201,150107,0,1,0,2,0,0,30-05-2015,2015150107A201150107,1,3,26-05-2015,2015-05-26,88
2015,21,52,5,0,150107A201,150107,0,1,2,0,0,0,30-05-2015,2015150107A201150107,1,3,28-05-2015,2015-05-28,79
2015,21,52,5,0,150107A201,150107,0,1,0,0,0,0,30-05-2015,2015150107A201150107,1,1,29-05-2015,2015-05-29,67
2015,21,52,5,0,150107A201,150107,0,2,0,0,0,0,30-05-2015,2015150107A201150107,1,2,30-05-2015,2015-05-30,54
2015,22,52,5,0,150107A201,150107,0,0,1,0,0,0,06-06-2015,2015150107A201150107,1,1,31-05-2015,2015-05-31,42
2015,22,52,5,0,150107A201,150107,0,0,1,0,0,0,06-06-2015,2015150107A201150107,1,1,01-06-2015,2015-06-01,77
2015,22,52,5,0,150107A201,150107,0,0,0,0,1,0,06-06-2015,2015150107A201150107,1,1,02-06-2015,2015-06-02,88
2015,22,52,5,0,150107A201,150107,0,0,1,0,0,0,06-06-2015,2015150107A201150107,1,1,03-06-2015,2015-06-03,79
2015,22,52,5,0,150107A201,150107,0,1,0,0,0,0,06-06-2015,2015150107A201150107,1,1,04-06-2015,2015-06-04,88
2015,23,52,5,0,150107A201,150107,0,3,1,0,0,0,13-06-2015,2015150107A201150107,1,4,08-06-2015,2015-06-08,72
2015,23,52,5,0,150107A201,150107,0,1,0,0,0,0,13-06-2015,2015150107A201150107,1,1,09-06-2015,2015-06-09,70
2015,23,52,5,0,150107A201,150107,1,0,0,0,0,0,13-06-2015,2015150107A201150107,1,1,10-06-2015,2015-06-10,83
2015,23,52,5,0,150107A201,150107,0,1,1,2,1,0,13-06-2015,2015150107A201150107,1,5,11-06-2015,2015-06-11,76
2015,23,52,5,0,150107A201,150107,0,0,0,1,0,0,13-06-2015,2015150107A201150107,1,1,13-06-2015,2015-06-13,65
2015,24,52,5,0,150107A201,150107,0,1,0,1,0,0,20-06-2015,2015150107A201150107,1,2,14-06-2015,2015-06-14,43
2015,24,52,5,0,150107A201,150107,0,1,0,0,0,0,20-06-2015,2015150107A201150107,1,1,15-06-2015,2015-06-15,92
2015,24,52,5,0,150107A201,150107,0,1,0,0,0,0,20-06-2015,2015150107A201150107,1,1,16-06-2015,2015-06-16,82
2015,24,52,5,0,150107A201,150107,0,1,2,1,4,0,20-06-2015,2015150107A201150107,1,8,19-06-2015,2015-06-19,98
2015,24,52,5,0,150107A201,150107,0,0,0,0,1,0,20-06-2015,2015150107A201150107,1,1,20-06-2015,2015-06-20,53
2015,25,52,5,0,150107A201,150107,0,2,1,0,0,0,27-06-2015,2015150107A201150107,1,3,21-06-2015,2015-06-21,41
2015,25,52,5,0,150107A201,150107,0,0,0,0,1,0,27-06-2015,2015150107A201150107,1,1,22-06-2015,2015-06-22,91
2015,25,52,5,0,150107A201,150107,0,1,2,1,0,0,27-06-2015,2015150107A201150107,1,4,24-06-2015,2015-06-24,99
2015,25,52,5,0,150107A201,150107,0,1,0,1,0,0,27-06-2015,2015150107A201150107,1,2,25-06-2015,2015-06-25,97
2015,26,52,5,0,150107A201,150107,0,1,0,0,0,0,11-07-2015,2015150107A201150107,1,1,28-06-2015,2015-06-28,36
2015,26,52,5,0,150107A201,150107,0,0,0,2,0,0,11-07-2015,2015150107A201150107,1,2,29-06-2015,2015-06-29,49
2015,26,52,5,0,150107A201,150107,0,1,0,0,1,0,11-07-2015,2015150107A201150107,1,2,01-07-2015,2015-07-01,77
2015,26,52,5,0,150107A201,150107,0,0,0,1,2,1,11-07-2015,2015150107A201150107,1,4,02-07-2015,2015-07-02,74
2015,26,52,5,0,150107A201,150107,0,0,1,0,0,0,11-07-2015,2015150107A201150107,1,1,03-07-2015,2015-07-03,92
2015,26,52,5,0,150107A201,150107,0,0,0,0,1,0,11-07-2015,2015150107A201150107,1,1,04-07-2015,2015-07-04,41
2015,27,52,5,0,150107A201,150107,0,2,2,0,0,0,11-07-2015,2015150107A201150107,1,4,05-07-2015,2015-07-05,48
2015,27,52,5,0,150107A201,150107,0,1,0,0,0,0,11-07-2015,2015150107A201150107,1,1,06-07-2015,2015-07-06,90
2015,28,52,5,0,150107A201,150107,1,1,2,0,1,0,18-07-2015,2015150107A201150107,1,5,12-07-2015,2015-07-12,49
2015,28,52,5,0,150107A201,150107,0,1,1,0,0,0,18-07-2015,2015150107A201150107,1,2,14-07-2015,2015-07-14,90
2015,28,52,5,0,150107A201,150107,0,0,1,2,0,0,18-07-2015,2015150107A201150107,1,3,15-07-2015,2015-07-15,96
2015,28,52,5,0,150107A201,150107,0,2,0,1,0,0,18-07-2015,2015150107A201150107,1,3,18-07-2015,2015-07-18,63
2015,29,52,5,0,150107A201,150107,0,0,0,0,0,1,25-07-2015,2015150107A201150107,1,1,19-07-2015,2015-07-19,37
2015,29,52,5,0,150107A201,150107,0,0,1,0,0,0,25-07-2015,2015150107A201150107,1,1,21-07-2015,2015-07-21,78
2015,29,52,5,0,150107A201,150107,0,0,3,1,2,0,25-07-2015,2015150107A201150107,1,6,22-07-2015,2015-07-22,62
2015,30,52,5,0,150107A201,150107,1,1,0,0,0,0,01-08-2015,2015150107A201150107,1,2,26-07-2015,2015-07-26,68
2015,30,52,5,0,150107A201,150107,0,0,0,0,1,0,01-08-2015,2015150107A201150107,1,1,29-07-2015,2015-07-29,43
2015,32,52,5,0,150107A201,150107,0,0,0,0,1,0,15-08-2015,2015150107A201150107,1,1,11-08-2015,2015-08-11,29
2015,32,52,5,0,150107A201,150107,0,0,1,0,0,0,15-08-2015,2015150107A201150107,1,1,12-08-2015,2015-08-12,76
2015,32,52,5,0,150107A201,150107,0,0,0,1,0,0,15-08-2015,2015150107A201150107,1,1,13-08-2015,2015-08-13,56
2015,32,52,5,0,150107A201,150107,0,0,0,0,1,0,15-08-2015,2015150107A201150107,1,1,14-08-2015,2015-08-14,68
2015,32,52,5,0,150107A201,150107,0,0,0,0,1,0,15-08-2015,2015150107A201150107,1,1,15-08-2015,2015-08-15,61
2015,33,52,5,0,150107A201,150107,0,1,0,1,0,0,22-08-2015,2015150107A201150107,1,2,16-08-2015,2015-08-16,39
2015,33,52,5,0,150107A201,150107,0,1,0,0,0,0,22-08-2015,2015150107A201150107,1,1,18-08-2015,2015-08-18,78
2015,34,52,5,0,150107A201,150107,0,1,0,0,0,0,29-08-2015,2015150107A201150107,1,1,23-08-2015,2015-08-23,32
2015,34,52,5,0,150107A201,150107,0,1,0,1,0,0,29-08-2015,2015150107A201150107,1,2,24-08-2015,2015-08-24,77
2015,34,52,5,0,150107A201,150107,1,0,0,0,1,0,29-08-2015,2015150107A201150107,1,2,25-08-2015,2015-08-25,69
2015,34,52,5,0,150107A201,150107,0,0,0,0,1,0,29-08-2015,2015150107A201150107,1,1,27-08-2015,2015-08-27,64
2015,34,52,5,0,150107A201,150107,0,0,0,0,2,0,29-08-2015,2015150107A201150107,1,2,28-08-2015,2015-08-28,7
2015,35,52,5,0,150107A201,150107,0,0,0,0,1,0,05-09-2015,2015150107A201150107,1,1,31-08-2015,2015-08-31,79
2015,35,52,5,0,150107A201,150107,0,1,0,0,2,0,05-09-2015,2015150107A201150107,1,3,01-09-2015,2015-09-01,80
2015,35,52,5,0,150107A201,150107,0,1,0,1,1,0,05-09-2015,2015150107A201150107,1,3,02-09-2015,2015-09-02,81
2015,36,52,5,0,150107A201,150107,0,1,0,0,0,0,12-09-2015,2015150107A201150107,1,1,06-09-2015,2015-09-06,29
2015,36,52,5,0,150107A201,150107,0,0,0,0,2,0,12-09-2015,2015150107A201150107,1,2,08-09-2015,2015-09-08,60
2015,36,52,5,0,150107A201,150107,0,0,1,0,1,0,12-09-2015,2015150107A201150107,1,2,09-09-2015,2015-09-09,89
2015,37,52,5,0,150107A201,150107,0,0,1,0,0,0,19-09-2015,2015150107A201150107,1,1,13-09-2015,2015-09-13,43
2015,37,52,5,0,150107A201,150107,0,0,1,0,1,0,19-09-2015,2015150107A201150107,1,2,15-09-2015,2015-09-15,86
2015,37,52,5,0,150107A201,150107,0,0,1,0,0,0,19-09-2015,2015150107A201150107,1,1,17-09-2015,2015-09-17,96
2015,38,52,5,0,150107A201,150107,0,2,1,1,0,0,26-09-2015,2015150107A201150107,1,4,20-09-2015,2015-09-20,43
2015,38,52,5,0,150107A201,150107,0,0,0,0,2,0,26-09-2015,2015150107A201150107,1,2,23-09-2015,2015-09-23,82
2015,38,52,5,0,150107A201,150107,0,0,0,0,1,0,26-09-2015,2015150107A201150107,1,1,25-09-2015,2015-09-25,96
2015,38,52,5,0,150107A201,150107,0,0,1,0,0,0,26-09-2015,2015150107A201150107,1,1,26-09-2015,2015-09-26,55
2015,39,52,5,0,150107A201,150107,0,1,3,1,0,0,03-10-2015,2015150107A201150107,1,5,29-09-2015,2015-09-29,79
2015,39,52,5,0,150107A201,150107,0,0,0,0,1,0,03-10-2015,2015150107A201150107,1,1,30-09-2015,2015-09-30,84
2015,39,52,5,0,150107A201,150107,0,0,1,0,0,0,03-10-2015,2015150107A201150107,1,1,02-10-2015,2015-10-02,55
2015,40,52,5,0,150107A201,150107,0,2,1,0,3,0,10-10-2015,2015150107A201150107,1,6,04-10-2015,2015-10-04,31
2015,40,52,5,0,150107A201,150107,0,0,1,0,0,0,10-10-2015,2015150107A201150107,1,1,05-10-2015,2015-10-05,83
2015,40,52,5,0,150107A201,150107,1,1,0,0,2,0,10-10-2015,2015150107A201150107,1,4,08-10-2015,2015-10-08,45
2015,41,52,5,0,150107A201,150107,0,1,0,0,0,0,17-10-2015,2015150107A201150107,1,1,11-10-2015,2015-10-11,38
2015,41,52,5,0,150107A201,150107,0,0,0,0,1,0,17-10-2015,2015150107A201150107,1,1,12-10-2015,2015-10-12,101
2015,41,52,5,0,150107A201,150107,0,0,0,1,0,0,17-10-2015,2015150107A201150107,1,1,14-10-2015,2015-10-14,99
2015,41,52,5,0,150107A201,150107,0,0,0,1,0,0,17-10-2015,2015150107A201150107,1,1,15-10-2015,2015-10-15,81
2015,42,52,5,0,150107A201,150107,0,3,3,1,4,0,27-10-2015,2015150107A201150107,1,11,24-10-2015,2015-10-18,320
2015,43,52,5,0,150107A201,150107,0,1,0,0,0,0,03-11-2015,2015150107A201150107,1,1,31-10-2015,2015-10-25,33
2015,43,52,5,0,150107A201,150107,0,1,0,0,2,0,03-11-2015,2015150107A201150107,1,3,31-10-2015,2015-10-26,82
2015,43,52,5,0,150107A201,150107,0,0,1,0,1,0,03-11-2015,2015150107A201150107,1,2,31-10-2015,2015-10-29,69
2015,43,52,5,0,150107A201,150107,0,0,2,0,0,0,03-11-2015,2015150107A201150107,1,2,31-10-2015,2015-10-30,65
2015,44,52,5,0,150107A201,150107,0,0,0,0,1,0,07-11-2015,2015150107A201150107,1,1,01-11-2015,2015-11-01,29
2015,44,52,5,0,150107A201,150107,0,0,1,2,0,0,07-11-2015,2015150107A201150107,1,3,04-11-2015,2015-11-04,70
2015,44,52,5,0,150107A201,150107,0,0,0,0,1,0,07-11-2015,2015150107A201150107,1,1,05-11-2015,2015-11-05,54
2015,44,52,5,0,150107A201,150107,0,0,0,0,1,0,07-11-2015,2015150107A201150107,1,1,06-11-2015,2015-11-06,78
2015,44,52,5,0,150107A201,150107,1,0,0,1,0,0,07-11-2015,2015150107A201150107,1,2,07-11-2015,2015-11-07,66
2015,45,52,5,0,150107A201,150107,0,2,1,1,1,1,14-11-2015,2015150107A201150107,1,6,08-11-2015,2015-11-08,55
2015,45,52,5,0,150107A201,150107,0,0,0,0,1,0,14-11-2015,2015150107A201150107,1,1,09-11-2015,2015-11-09,74
2015,46,52,5,0,150107A201,150107,0,0,0,1,1,0,21-11-2015,2015150107A201150107,1,2,15-11-2015,2015-11-15,38
2015,46,52,5,0,150107A201,150107,0,1,0,0,1,0,21-11-2015,2015150107A201150107,1,2,16-11-2015,2015-11-16,81
2015,46,52,5,0,150107A201,150107,0,0,1,1,0,0,21-11-2015,2015150107A201150107,1,2,17-11-2015,2015-11-17,53
2015,46,52,5,0,150107A201,150107,0,0,1,0,0,0,21-11-2015,2015150107A201150107,1,1,18-11-2015,2015-11-18,91
2015,46,52,5,0,150107A201,150107,0,0,0,0,1,0,21-11-2015,2015150107A201150107,1,1,20-11-2015,2015-11-20,72
2015,46,52,5,0,150107A201,150107,0,0,2,0,0,0,21-11-2015,2015150107A201150107,1,2,21-11-2015,2015-11-21,77
2015,47,52,5,0,150107A201,150107,0,1,0,0,1,0,28-11-2015,2015150107A201150107,1,2,22-11-2015,2015-11-22,37
2015,47,52,5,0,150107A201,150107,0,0,2,0,0,0,28-11-2015,2015150107A201150107,1,2,23-11-2015,2015-11-23,100
2015,47,52,5,0,150107A201,150107,0,1,0,1,2,0,28-11-2015,2015150107A201150107,1,4,24-11-2015,2015-11-24,69
2015,47,52,5,0,150107A201,150107,0,0,2,0,2,0,28-11-2015,2015150107A201150107,1,4,26-11-2015,2015-11-26,68
2015,48,52,5,0,150107A201,150107,0,1,1,0,0,0,05-12-2015,2015150107A201150107,1,2,29-11-2015,2015-11-29,50
2015,48,52,5,0,150107A201,150107,0,1,0,0,1,0,05-12-2015,2015150107A201150107,1,2,01-12-2015,2015-12-01,70
2015,48,52,5,0,150107A201,150107,0,0,0,0,0,1,05-12-2015,2015150107A201150107,1,1,02-12-2015,2015-12-02,79
2015,48,52,5,0,150107A201,150107,0,0,0,0,1,0,05-12-2015,2015150107A201150107,1,1,04-12-2015,2015-12-04,5
2015,48,52,5,0,150107A201,150107,0,1,0,0,2,0,05-12-2015,2015150107A201150107,1,3,05-12-2015,2015-12-05,60
2015,49,52,5,0,150107A201,150107,0,3,2,2,6,1,12-12-2015,2015150107A201150107,1,14,06-12-2015,2015-12-06,56
2015,49,52,5,0,150107A201,150107,0,1,0,1,2,0,12-12-2015,2015150107A201150107,1,4,08-12-2015,2015-12-08,32
2015,49,52,5,0,150107A201,150107,0,0,1,0,0,0,12-12-2015,2015150107A201150107,1,1,09-12-2015,2015-12-09,65
2015,49,52,5,0,150107A201,150107,0,0,1,1,1,0,12-12-2015,2015150107A201150107,1,3,10-12-2015,2015-12-10,103
2015,49,52,5,0,150107A201,150107,0,1,0,0,0,0,12-12-2015,2015150107A201150107,1,1,11-12-2015,2015-12-11,73
2015,49,52,5,0,150107A201,150107,0,0,1,0,0,0,12-12-2015,2015150107A201150107,1,1,12-12-2015,2015-12-12,65
2015,50,52,5,0,150107A201,150107,1,0,0,0,0,0,21-12-2015,201550150107A201150107,1,1,19-12-2015,2015-12-19,58
2015,50,52,5,0,150107A201,150107,0,2,0,0,2,0,21-12-2015,201550150107A201150107,1,4,18-12-2015,2015-12-18,73
2015,50,52,5,0,150107A201,150107,0,1,0,2,1,0,21-12-2015,201550150107A201150107,1,4,16-12-2015,2015-12-16,83
2015,50,52,5,0,150107A201,150107,0,0,0,1,0,0,21-12-2015,201550150107A201150107,1,1,14-12-2015,2015-12-14,89
2015,50,52,5,0,150107A201,150107,0,2,2,1,0,0,21-12-2015,201550150107A201150107,1,5,13-12-2015,2015-12-13,35
2015,51,52,5,0,150107A201,150107,1,0,0,0,1,0,28-12-2015,201551150107A201150107,1,2,26-12-2015,2015-12-26,49
2015,51,52,5,0,150107A201,150107,0,2,0,0,1,0,28-12-2015,201551150107A201150107,1,3,21-12-2015,2015-12-21,28
2015,51,52,5,0,150107A201,150107,0,1,1,0,0,0,28-12-2015,201551150107A201150107,1,2,20-12-2015,2015-12-20,33
2015,52,52,5,0,150107A201,150107,0,5,3,1,3,1,05-01-2016,201552150107A201150107,1,12,02-01-2016,2015-12-27,429
2016,50,52,5,0,150107A201,150107,0,0,1,1,0,0,19-12-2016,201650150107A201150107,1,2,17-12-2016,2016-12-15,74
2016,50,52,5,0,150107A201,150107,0,1,0,0,0,0,19-12-2016,201650150107A201150107,1,1,17-12-2016,2016-12-14,72
2016,50,52,5,0,150107A201,150107,1,0,0,0,0,1,19-12-2016,201650150107A201150107,1,2,17-12-2016,2016-12-13,82
2016,50,52,5,0,150107A201,150107,3,0,3,0,0,0,19-12-2016,201650150107A201150107,1,6,17-12-2016,2016-12-12,90
2016,50,52,5,0,150107A201,150107,1,0,0,0,0,0,19-12-2016,201650150107A201150107,1,1,17-12-2016,2016-12-11,24
2016,21,52,5,0,150107A201,150107,0,1,0,1,0,0,30-05-2016,201621150107A201150107,1,2,22-05-2016,2016-05-22,77
2016,21,52,5,0,150107A201,150107,0,0,3,0,2,1,30-05-2016,201621150107A201150107,1,6,25-05-2016,2016-05-25,85
2016,21,52,5,0,150107A201,150107,0,1,0,0,1,0,30-05-2016,201621150107A201150107,1,2,26-05-2016,2016-05-26,115
2016,21,52,5,0,150107A201,150107,0,0,1,0,1,0,30-05-2016,201621150107A201150107,1,2,28-05-2016,2016-05-28,70
2016,28,52,5,0,150107A201,150107,0,1,1,0,0,1,18-07-2016,201628150107A201150107,1,3,16-07-2016,2016-07-10,27
2016,39,52,5,0,150107A201,150107,0,0,0,0,1,0,03-10-2016,201639150107A201150107,1,1,01-10-2016,2016-09-25,21
2016,28,52,5,0,150107A201,150107,0,0,0,1,0,0,18-07-2016,201628150107A201150107,1,1,16-07-2016,2016-07-13,80
2016,28,52,5,0,150107A201,150107,0,0,0,0,1,0,18-07-2016,201628150107A201150107,1,1,16-07-2016,2016-07-14,53
2016,28,52,5,0,150107A201,150107,0,1,1,0,0,0,18-07-2016,201628150107A201150107,1,2,16-07-2016,2016-07-15,91
2016,39,52,5,0,150107A201,150107,0,0,1,0,2,0,03-10-2016,201639150107A201150107,1,3,01-10-2016,2016-09-26,91
2016,28,52,5,0,150107A201,150107,0,1,1,0,0,0,18-07-2016,201628150107A201150107,1,2,16-07-2016,2016-07-16,63
2016,39,52,5,0,150107A201,150107,0,0,1,0,3,0,03-10-2016,201639150107A201150107,1,4,01-10-2016,2016-09-27,98
2016,39,52,5,0,150107A201,150107,0,0,0,0,0,1,03-10-2016,201639150107A201150107,1,1,01-10-2016,2016-09-29,85
2016,39,52,5,0,150107A201,150107,0,0,0,0,0,1,03-10-2016,201639150107A201150107,1,1,01-10-2016,2016-09-28,79
2016,39,52,5,0,150107A201,150107,0,0,0,2,0,0,03-10-2016,201639150107A201150107,1,2,01-10-2016,2016-09-30,95
2016,19,52,5,0,150107A201,150107,0,0,0,0,1,0,16-05-2016,201619150107A201150107,1,1,08-05-2016,2016-05-08,36
2016,19,52,5,0,150107A201,150107,0,0,0,1,0,0,16-05-2016,201619150107A201150107,1,1,09-05-2016,2016-05-09,84
2016,19,52,5,0,150107A201,150107,0,1,0,0,1,0,16-05-2016,201619150107A201150107,1,1,10-05-2016,2016-05-10,63
2016,19,52,5,0,150107A201,150107,0,2,0,0,0,0,16-05-2016,201619150107A201150107,1,2,11-05-2016,2016-05-11,88
2016,19,52,5,0,150107A201,150107,0,0,0,0,1,0,16-05-2016,201619150107A201150107,1,1,12-05-2016,2016-05-12,49
2016,19,52,5,0,150107A201,150107,0,0,1,0,0,1,16-05-2016,201619150107A201150107,1,2,13-05-2016,2016-05-13,101
2016,19,52,5,0,150107A201,150107,0,0,1,0,0,0,16-05-2016,201619150107A201150107,1,1,14-05-2016,2016-05-14,59
2016,39,52,5,0,150107A201,150107,0,0,1,0,0,0,03-10-2016,201639150107A201150107,1,1,01-10-2016,2016-10-01,52
2016,25,52,5,0,150107A201,150118,0,1,0,0,0,0,27-06-2016,201625150107A201150118,1,1,19-06-2016,2016-06-19,19
2016,25,52,5,0,150107A201,150107,0,0,0,0,1,0,27-06-2016,201625150107A201150107,1,1,20-06-2016,2016-06-20,94
2016,25,52,5,0,150107A201,150107,0,0,0,0,1,0,27-06-2016,201625150107A201150107,1,1,22-06-2016,2016-06-22,85
2016,25,52,5,0,150107A201,150107,0,2,0,0,0,0,27-06-2016,201625150107A201150107,1,2,21-06-2016,2016-06-21,80
2016,25,52,5,0,150107A201,150107,0,0,0,0,0,1,27-06-2016,201625150107A201150107,1,1,23-06-2016,2016-06-23,76
2016,25,52,5,0,150107A201,150107,0,1,1,0,2,0,27-06-2016,201625150107A201150107,1,4,24-06-2016,2016-06-24,70
2016,33,52,5,0,150107A201,150107,0,1,2,0,1,1,22-08-2016,201633150107A201150107,1,5,20-08-2016,2016-08-14,41
2016,33,52,5,0,150107A201,150107,0,0,1,0,2,0,22-08-2016,201633150107A201150107,1,3,20-08-2016,2016-08-16,82
2016,33,52,5,0,150107A201,150107,0,1,0,0,0,0,22-08-2016,201633150107A201150107,1,1,20-08-2016,2016-08-15,93
2016,18,52,5,0,150107A201,150107,0,0,0,0,1,0,09-05-2016,201618150107A201150107,1,1,01-05-2016,2016-05-01,25
2016,18,52,5,0,150107A201,150107,0,0,0,0,1,0,09-05-2016,201618150107A201150107,1,1,02-05-2016,2016-05-02,96
2016,18,52,5,0,150107A201,150107,0,0,1,0,0,1,09-05-2016,201618150107A201150107,1,2,03-05-2016,2016-05-03,68
2016,18,52,5,0,150107A201,150107,0,0,1,0,1,0,09-05-2016,201618150107A201150107,1,2,06-05-2016,2016-05-06,65
2016,18,52,5,0,150107A201,150107,0,1,0,0,0,0,09-05-2016,201618150107A201150107,1,1,07-05-2016,2016-05-07,35
2016,30,52,5,0,150107A201,150107,1,0,0,0,0,1,01-08-2016,201630150107A201150107,1,2,30-07-2016,2016-07-30,30
2016,17,52,5,0,150107A201,150107,0,0,1,0,0,0,02-05-2016,201617150107A201150107,1,1,24-04-2016,2016-04-24,29
2016,17,52,5,0,150107A201,150107,1,0,0,0,0,0,02-05-2016,201617150107A201150107,1,1,26-04-2016,2016-04-26,90
2016,17,52,5,0,150107A201,150107,0,0,0,2,1,0,02-05-2016,201617150107A201150107,1,3,28-04-2016,2016-04-28,58
2016,33,52,5,0,150107A201,150107,0,1,0,0,1,0,22-08-2016,201633150107A201150107,1,2,20-08-2016,2016-08-17,72
2016,32,52,5,0,150107A201,150107,0,0,0,0,1,0,15-08-2016,201632150107A201150107,1,1,13-08-2016,2016-08-07,34
2016,32,52,5,0,150107A201,150107,0,0,0,0,1,0,15-08-2016,201632150107A201150107,1,1,13-08-2016,2016-08-09,76
2016,32,52,5,0,150107A201,150107,0,0,1,0,1,1,15-08-2016,201632150107A201150107,1,3,13-08-2016,2016-08-11,98
2016,26,52,5,0,150107A201,150107,0,2,0,0,1,0,04-07-2016,201626150107A201150107,1,3,26-06-2016,2016-06-26,20
2016,26,52,5,0,150107A201,150107,0,0,0,0,1,0,04-07-2016,201626150107A201150107,1,1,27-06-2016,2016-06-27,103
2016,26,52,5,0,150107A201,150107,0,0,0,0,1,0,04-07-2016,201626150107A201150107,1,1,28-06-2016,2016-06-28,85
2016,26,52,5,0,150107A201,150107,0,0,0,0,1,0,04-07-2016,201626150107A201150107,1,1,29-06-2016,2016-06-29,32
2016,26,52,5,0,150107A201,150107,0,0,1,0,0,0,04-07-2016,201626150107A201150107,1,1,30-06-2016,2016-06-30,54
2016,26,52,5,0,150107A201,150107,0,0,1,0,0,0,04-07-2016,201626150107A201150107,1,1,02-07-2016,2016-07-02,29
2016,36,52,5,0,150107A201,150107,0,1,2,0,2,0,12-09-2016,201636150107A201150107,1,5,10-09-2016,2016-09-04,36
2016,36,52,5,0,150107A201,150107,0,0,0,0,1,0,12-09-2016,201636150107A201150107,1,1,10-09-2016,2016-09-06,78
2016,36,52,5,0,150107A201,150107,0,1,2,0,1,1,12-09-2016,201636150107A201150107,1,5,10-09-2016,2016-09-08,67
2016,36,52,5,0,150107A201,150107,0,0,0,1,0,0,12-09-2016,201636150107A201150107,1,1,10-09-2016,2016-09-09,99
2016,33,52,5,0,150107A201,150107,0,0,0,1,0,0,22-08-2016,201633150107A201150107,1,1,20-08-2016,2016-08-18,106
2016,43,52,5,0,150107A201,150107,0,1,0,1,0,0,31-10-2016,201643150107A201150107,1,2,29-10-2016,2016-10-29,69
2016,43,52,5,0,150107A201,150107,0,1,0,0,1,0,31-10-2016,201643150107A201150107,1,2,29-10-2016,2016-10-28,99
2016,43,52,5,0,150107A201,150107,0,0,0,1,0,0,31-10-2016,201643150107A201150107,1,1,29-10-2016,2016-10-27,82
2016,43,52,5,0,150107A201,150107,1,0,1,0,0,1,31-10-2016,201643150107A201150107,1,3,29-10-2016,2016-10-26,78
2016,43,52,5,0,150107A201,150107,1,0,0,0,0,0,31-10-2016,201643150107A201150107,1,1,29-10-2016,2016-10-25,95
2016,43,52,5,0,150107A201,150107,1,0,0,1,1,0,31-10-2016,201643150107A201150107,1,3,29-10-2016,2016-10-24,103
2016,43,52,5,0,150107A201,150107,0,0,0,2,0,1,31-10-2016,201643150107A201150107,1,3,29-10-2016,2016-10-23,49
2016,45,52,5,0,150107A201,150107,0,0,1,0,0,0,14-11-2016,201645150107A201150107,1,1,12-11-2016,2016-11-11,67
2016,45,52,5,0,150107A201,150107,0,0,1,0,1,0,14-11-2016,201645150107A201150107,1,2,12-11-2016,2016-11-10,73
2016,45,52,5,0,150107A201,150107,0,1,0,0,0,0,14-11-2016,201645150107A201150107,1,1,12-11-2016,2016-11-09,35
2016,45,52,5,0,150107A201,150107,0,1,1,0,1,0,14-11-2016,201645150107A201150107,1,3,12-11-2016,2016-11-08,68
2016,45,52,5,0,150107A201,150107,0,0,0,0,1,0,14-11-2016,201645150107A201150107,1,1,12-11-2016,2016-11-07,124
2016,45,52,5,0,150107A201,150107,0,0,0,0,0,1,14-11-2016,201645150107A201150107,1,1,12-11-2016,2016-11-06,34
2016,33,52,5,0,150107A201,150107,0,0,0,0,1,0,22-08-2016,201633150107A201150107,1,1,20-08-2016,2016-08-19,92
2016,27,52,5,0,150107A201,150107,0,1,0,0,0,1,11-07-2016,201627150107A201150107,1,2,03-07-2016,2016-07-03,4
2016,27,52,5,0,150107A201,150107,0,0,0,0,1,0,11-07-2016,201627150107A201150107,1,1,05-07-2016,2016-07-05,86
2016,27,52,5,0,150107A201,150107,0,0,1,1,0,0,11-07-2016,201627150107A201150107,1,2,06-07-2016,2016-07-06,102
2016,31,52,5,0,150107A201,150107,0,0,0,0,1,1,08-08-2016,201631150107A201150107,1,2,06-08-2016,2016-07-31,47
2016,31,52,5,0,150107A201,150107,0,0,0,0,1,0,08-08-2016,201631150107A201150107,1,1,06-08-2016,2016-08-01,102
2016,31,52,5,0,150107A201,150107,2,1,1,0,2,0,08-08-2016,201631150107A201150107,1,6,06-08-2016,2016-08-02,93
2016,31,52,5,0,150107A201,150107,0,0,1,0,1,0,08-08-2016,201631150107A201150107,1,2,06-08-2016,2016-08-03,107
2016,31,52,5,0,150107A201,150107,0,0,0,0,1,0,08-08-2016,201631150107A201150107,1,1,06-08-2016,2016-08-04,67
2016,22,52,5,0,150107A201,150107,0,0,0,0,3,0,06-06-2016,201622150107A201150107,1,3,29-05-2016,2016-05-29,22
2016,22,52,5,0,150107A201,150107,0,0,0,0,0,1,06-06-2016,201622150107A201150107,1,1,30-05-2016,2016-05-30,12
2016,22,52,5,0,150107A201,150107,0,0,0,1,1,0,06-06-2016,201622150107A201150107,1,2,01-06-2016,2016-06-01,88
2016,22,52,5,0,150107A201,150107,0,0,1,0,1,1,06-06-2016,201622150107A201150107,1,3,04-06-2016,2016-06-04,70
2016,34,52,5,0,150107A201,150107,0,0,0,1,2,1,29-08-2016,201634150107A201150107,1,4,27-08-2016,2016-08-21,44
2016,34,52,5,0,150107A201,150107,0,0,1,0,1,0,29-08-2016,201634150107A201150107,1,2,27-08-2016,2016-08-22,97
2016,34,52,5,0,150107A201,150107,0,0,1,1,0,0,29-08-2016,201634150107A201150107,1,2,27-08-2016,2016-08-23,77
2016,34,52,5,0,150107A201,150107,0,1,0,0,0,0,29-08-2016,201634150107A201150107,1,1,27-08-2016,2016-08-24,44
2016,34,52,5,0,150107A201,150107,0,1,1,3,3,0,29-08-2016,201634150107A201150107,1,8,27-08-2016,2016-08-25,125
2016,34,52,5,0,150107A201,150107,0,1,0,0,0,0,29-08-2016,201634150107A201150107,1,1,27-08-2016,2016-08-26,89
2016,20,52,5,0,150107A201,150107,0,0,1,0,0,1,23-05-2016,201620150107A201150107,1,2,15-05-2016,2016-05-15,32
2016,20,52,5,0,150107A201,150107,1,0,1,0,0,0,23-05-2016,201620150107A201150107,1,2,17-05-2016,2016-05-17,81
2016,20,52,5,0,150107A201,150107,1,0,1,0,0,0,23-05-2016,201620150107A201150107,1,2,19-05-2016,2016-05-19,107
2016,20,52,5,0,150107A201,150107,0,0,0,0,1,0,23-05-2016,201620150107A201150107,1,1,20-05-2016,2016-05-20,64
2016,20,52,5,0,150107A201,150107,0,0,1,0,1,0,23-05-2016,201620150107A201150107,1,2,21-05-2016,2016-05-21,75
2016,29,52,5,0,150107A201,150107,0,1,1,1,0,0,25-07-2016,201629150107A201150107,1,3,23-07-2016,2016-07-20,101
2016,29,52,5,0,150107A201,150107,0,0,1,0,0,0,25-07-2016,201629150107A201150107,1,1,23-07-2016,2016-07-22,87
2016,35,52,5,0,150107A201,150107,0,1,1,1,1,0,05-09-2016,201635150107A201150107,1,4,03-09-2016,2016-08-28,41
2016,35,52,5,0,150107A201,150107,0,0,0,0,2,0,05-09-2016,201635150107A201150107,1,2,03-09-2016,2016-08-29,88
2016,35,52,5,0,150107A201,150107,0,0,0,0,1,1,05-09-2016,201635150107A201150107,1,2,03-09-2016,2016-08-31,97
2016,35,52,5,0,150107A201,150107,0,0,0,0,1,0,05-09-2016,201635150107A201150107,1,1,03-09-2016,2016-09-01,70
2016,35,52,5,0,150107A201,150107,0,1,0,0,1,0,05-09-2016,201635150107A201150107,1,2,03-09-2016,2016-09-02,89
2016,35,52,5,0,150107A201,150107,0,0,1,0,1,0,05-09-2016,201635150107A201150107,1,2,03-09-2016,2016-09-03,44
2016,44,52,5,0,150107A201,150107,0,0,1,0,0,0,07-11-2016,201644150107A201150107,1,1,05-11-2016,2016-11-05,77
2016,44,52,5,0,150107A201,150107,0,2,0,0,4,0,07-11-2016,201644150107A201150107,1,6,05-11-2016,2016-11-04,110
2016,44,52,5,0,150107A201,150107,0,2,0,0,0,1,07-11-2016,201644150107A201150107,1,3,05-11-2016,2016-11-03,84
2016,44,52,5,0,150107A201,150107,0,0,0,1,1,0,07-11-2016,201644150107A201150107,1,2,05-11-2016,2016-11-02,81
2016,44,52,5,0,150107A201,150107,0,1,1,2,1,0,07-11-2016,201644150107A201150107,1,5,05-11-2016,2016-11-01,41
2016,44,52,5,0,150107A201,150107,0,2,0,1,2,0,07-11-2016,201644150107A201150107,1,5,05-11-2016,2016-10-31,85
2016,44,52,5,0,150107A201,150107,0,3,1,0,3,0,07-11-2016,201644150107A201150107,1,7,05-11-2016,2016-10-30,41
2016,38,52,5,0,150107A201,150107,0,2,1,0,0,0,26-09-2016,201638150107A201150107,1,3,24-09-2016,2016-09-18,34
2016,38,52,5,0,150107A201,150107,0,0,0,0,1,0,26-09-2016,201638150107A201150107,1,1,24-09-2016,2016-09-19,77
2016,38,52,5,0,150107A201,150107,1,0,0,0,0,0,26-09-2016,201638150107A201150107,1,1,24-09-2016,2016-09-24,55
2016,24,52,5,0,150107A201,150107,0,0,0,1,0,0,20-06-2016,201624150107A201150107,1,1,17-06-2016,2016-06-17,47
2016,24,52,5,0,150107A201,150107,0,1,0,0,0,0,20-06-2016,201624150107A201150107,1,1,16-06-2016,2016-06-16,80
2016,24,52,5,0,150107A201,150107,0,1,0,0,1,0,20-06-2016,201624150107A201150107,1,2,15-06-2016,2016-06-15,76
2016,24,52,5,0,150107A201,150107,0,0,0,1,1,0,20-06-2016,201624150107A201150107,1,2,14-06-2016,2016-06-14,85
2016,24,52,5,0,150107A201,150107,0,1,0,0,0,0,20-06-2016,201624150107A201150107,1,1,13-06-2016,2016-06-13,77
2016,24,52,5,0,150107A201,150118,0,0,0,1,0,0,20-06-2016,201624150107A201150118,1,1,12-06-2016,2016-06-12,29
2016,37,52,5,0,150107A201,150107,1,0,2,1,0,2,19-09-2016,201637150107A201150107,1,6,17-09-2016,2016-09-11,42
2016,37,52,5,0,150107A201,150107,0,0,0,2,1,1,19-09-2016,201637150107A201150107,1,4,17-09-2016,2016-09-13,98
2016,37,52,5,0,150107A201,150107,0,1,1,0,1,0,19-09-2016,201637150107A201150107,1,3,17-09-2016,2016-09-14,86
2016,37,52,5,0,150107A201,150107,0,1,0,0,1,0,19-09-2016,201637150107A201150107,1,2,17-09-2016,2016-09-15,103
2016,49,52,5,0,150107A201,150107,1,1,0,0,1,0,12-12-2016,201649150107A201150107,1,3,10-12-2016,2016-12-10,89
2016,49,52,5,0,150107A201,150107,0,1,0,0,0,0,12-12-2016,201649150107A201150107,1,1,10-12-2016,2016-12-09,82
2016,49,52,5,0,150107A201,150107,0,0,0,0,0,1,12-12-2016,201649150107A201150107,1,1,10-12-2016,2016-12-08,43
2016,49,52,5,0,150107A201,150107,0,0,0,0,1,0,12-12-2016,201649150107A201150107,1,1,10-12-2016,2016-12-07,97
2016,49,52,5,0,150107A201,150107,1,1,0,0,0,0,12-12-2016,201649150107A201150107,1,2,10-12-2016,2016-12-06,72
2016,49,52,5,0,150107A201,150107,0,1,0,0,0,0,12-12-2016,201649150107A201150107,1,1,10-12-2016,2016-12-05,70
2016,49,52,5,0,150107A201,150107,0,1,4,3,1,0,12-12-2016,201649150107A201150107,1,9,10-12-2016,2016-12-04,32
2016,48,52,5,0,150107A201,150107,0,0,1,0,2,0,05-12-2016,201648150107A201150107,1,3,03-12-2016,2016-12-02,77
2016,48,52,5,0,150107A201,150107,0,0,1,1,0,0,05-12-2016,201648150107A201150107,1,2,03-12-2016,2016-12-01,58
2016,48,52,5,0,150107A201,150107,0,0,1,0,0,0,05-12-2016,201648150107A201150107,1,1,03-12-2016,2016-11-30,74
2016,48,52,5,0,150107A201,150107,0,0,0,0,0,1,05-12-2016,201648150107A201150107,1,1,03-12-2016,2016-11-29,71
2016,48,52,5,0,150107A201,150107,0,0,0,0,1,0,05-12-2016,201648150107A201150107,1,1,03-12-2016,2016-11-28,102
2016,48,52,5,0,150107A201,150107,0,0,0,0,2,1,05-12-2016,201648150107A201150107,1,3,03-12-2016,2016-11-27,34
2016,47,52,5,0,150107A201,150107,0,0,0,0,3,0,28-11-2016,201647150107A201150107,1,3,26-11-2016,2016-11-23,76
2016,47,52,5,0,150107A201,150107,0,0,0,0,2,0,28-11-2016,201647150107A201150107,1,2,26-11-2016,2016-11-22,81
2016,47,52,5,0,150107A201,150107,0,0,0,0,2,0,28-11-2016,201647150107A201150107,1,2,26-11-2016,2016-11-21,108
2016,47,52,5,0,150107A201,150118,0,3,0,3,6,2,28-11-2016,201647150107A201150118,1,14,26-11-2016,2016-11-20,47
2016,46,52,5,0,150107A201,150107,1,0,0,0,1,0,21-11-2016,201646150107A201150107,1,2,19-11-2016,2016-11-18,85
2016,46,52,5,0,150107A201,150107,1,1,0,2,2,1,21-11-2016,201646150107A201150107,1,7,19-11-2016,2016-11-15,83
2016,46,52,5,0,150107A201,150107,0,1,0,0,0,1,21-11-2016,201646150107A201150107,1,2,19-11-2016,2016-11-14,111
2016,46,52,5,0,150107A201,150107,0,3,1,1,3,0,21-11-2016,201646150107A201150107,1,8,19-11-2016,2016-11-13,35
2016,40,52,5,0,150107A201,150107,0,0,0,1,0,1,10-10-2016,201640150107A201150107,1,2,08-10-2016,2016-10-08,48
2016,40,52,5,0,150107A201,150107,0,0,1,0,3,0,10-10-2016,201640150107A201150107,1,4,08-10-2016,2016-10-06,83
2016,40,52,5,0,150107A201,150107,0,0,0,0,1,0,10-10-2016,201640150107A201150107,1,1,08-10-2016,2016-10-07,95
2016,40,52,5,0,150107A201,150107,0,1,0,0,0,0,10-10-2016,201640150107A201150107,1,1,08-10-2016,2016-10-04,102
2016,40,52,5,0,150107A201,150107,1,0,0,2,0,0,10-10-2016,201640150107A201150107,1,3,08-10-2016,2016-10-05,99
2016,40,52,5,0,150107A201,150107,0,0,0,0,1,0,10-10-2016,201640150107A201150107,1,1,08-10-2016,2016-10-03,102
2016,40,52,5,0,150107A201,150107,0,0,0,1,0,0,10-10-2016,201640150107A201150107,1,1,08-10-2016,2016-10-02,40
2016,41,52,5,0,150107A201,150107,0,0,0,0,1,0,17-10-2016,201641150107A201150107,1,1,15-10-2016,2016-10-09,43
2016,41,52,5,0,150107A201,150107,0,1,0,0,1,0,17-10-2016,201641150107A201150107,1,2,15-10-2016,2016-10-12,95
2016,41,52,5,0,150107A201,150107,0,1,0,1,0,0,17-10-2016,201641150107A201150107,1,2,15-10-2016,2016-10-10,138
2016,41,52,5,0,150107A201,150107,0,0,1,0,0,0,17-10-2016,201641150107A201150107,1,1,15-10-2016,2016-10-11,91
2016,41,52,5,0,150107A201,150107,0,0,0,1,0,0,17-10-2016,201641150107A201150107,1,1,15-10-2016,2016-10-14,98
2016,41,52,5,0,150107A201,150107,0,2,0,0,2,0,17-10-2016,201641150107A201150107,1,4,15-10-2016,2016-10-15,75
2016,42,52,5,0,150107A201,150107,0,2,1,1,0,0,24-10-2016,201642150107A201150107,1,4,22-10-2016,2016-10-16,42
2016,42,52,5,0,150107A201,150107,0,1,2,0,0,0,24-10-2016,201642150107A201150107,1,3,22-10-2016,2016-10-18,102
2016,42,52,5,0,150107A201,150107,0,0,0,0,1,0,24-10-2016,201642150107A201150107,1,1,22-10-2016,2016-10-19,106
2016,42,52,5,0,150107A201,150107,0,1,1,0,1,0,24-10-2016,201642150107A201150107,1,3,22-10-2016,2016-10-20,108
2016,42,52,5,0,150107A201,150107,0,1,0,3,2,0,24-10-2016,201642150107A201150107,1,6,22-10-2016,2016-10-21,103
2016,42,52,5,0,150107A201,150107,0,1,0,0,0,0,24-10-2016,201642150107A201150107,1,1,22-10-2016,2016-10-22,49
2016,16,52,5,0,150107A201,150107,0,0,1,0,0,0,26-04-2016,201616150107A201150107,1,1,23-04-2016,2016-04-23,49
2016,16,52,5,0,150107A201,150107,0,1,0,0,0,0,26-04-2016,201616150107A201150107,1,1,23-04-2016,2016-04-21,41
2016,16,52,5,0,150107A201,150107,0,1,0,0,0,0,26-04-2016,201616150107A201150107,1,1,23-04-2016,2016-04-20,49
2016,16,52,5,0,150107A201,150107,0,0,1,0,0,0,26-04-2016,201616150107A201150107,1,1,23-04-2016,2016-04-17,25
2016,3,52,5,0,150107A201,150107,0,0,0,0,3,0,25-01-2016,20163150107A201150107,1,3,19-01-2016,2016-01-19,100
2016,3,52,5,0,150107A201,150107,0,1,0,1,1,0,25-01-2016,20163150107A201150107,1,3,21-01-2016,2016-01-21,72
2016,3,52,5,0,150107A201,150107,0,1,0,1,0,0,25-01-2016,20163150107A201150107,1,2,22-01-2016,2016-01-22,90
2016,3,52,5,0,150107A201,150107,0,1,1,0,0,0,25-01-2016,20163150107A201150107,1,2,23-01-2016,2016-01-23,53
2016,1,52,5,0,150107A201,150107,0,0,1,0,0,0,11-01-2016,20161150107A201150107,1,1,06-01-2016,2016-01-06,91
2016,1,52,5,0,150107A201,150107,0,0,0,0,1,0,11-01-2016,20161150107A201150107,1,1,09-01-2016,2016-01-09,77
2016,1,52,5,0,150107A201,150107,0,1,0,1,0,0,11-01-2016,20161150107A201150107,1,2,07-01-2016,2016-01-07,95
2016,1,52,5,0,150107A201,150107,1,1,0,0,0,0,11-01-2016,20161150107A201150107,1,2,05-01-2016,2016-01-05,94
2016,1,52,5,0,150107A201,150107,1,0,0,0,0,0,11-01-2016,20161150107A201150107,1,1,04-01-2016,2016-01-04,70
2016,2,52,5,0,150107A201,150107,0,0,0,1,0,0,18-01-2016,20162150107A201150107,1,1,15-01-2016,2016-01-15,85
2016,2,52,5,0,150107A201,150107,1,0,0,2,0,0,18-01-2016,20162150107A201150107,1,3,12-01-2016,2016-01-12,64
2016,4,52,5,0,150107A201,150107,0,0,0,2,0,0,01-02-2016,20164150107A201150107,1,2,30-01-2016,2016-01-30,50
2016,4,52,5,0,150107A201,150107,0,1,0,1,1,0,01-02-2016,20164150107A201150107,1,3,26-01-2016,2016-01-26,95
2016,4,52,5,0,150107A201,150107,0,0,0,1,0,0,01-02-2016,20164150107A201150107,1,1,25-01-2016,2016-01-25,95
2016,4,52,5,0,150107A201,150107,0,0,0,0,1,1,01-02-2016,20164150107A201150107,1,2,24-01-2016,2016-01-24,28
2016,5,52,5,0,150107A201,150107,0,0,0,2,0,0,08-02-2016,20165150107A201150107,1,2,01-02-2016,2016-02-01,98
2016,5,52,5,0,150107A201,150107,1,1,0,0,2,0,08-02-2016,20165150107A201150107,1,4,05-02-2016,2016-02-05,52
2016,5,52,5,0,150107A201,150107,0,1,0,0,2,0,08-02-2016,20165150107A201150107,1,3,02-02-2016,2016-02-02,79
2016,5,52,5,0,150107A201,150107,0,0,1,0,1,3,08-02-2016,20165150107A201150107,1,5,31-01-2016,2016-01-31,28
2016,6,52,5,0,150107A201,150118,2,1,0,1,1,0,15-02-2016,20166150107A201150118,1,5,08-02-2016,2016-02-08,15
2016,6,52,5,0,150107A201,150107,0,0,0,0,1,1,15-02-2016,20166150107A201150107,1,2,13-02-2016,2016-02-13,70
2016,6,52,5,0,150107A201,150107,0,0,0,0,1,0,15-02-2016,20166150107A201150107,1,0,12-02-2016,2016-02-12,79
2016,6,52,5,0,150107A201,150107,0,0,0,0,1,0,15-02-2016,20166150107A201150107,1,1,11-02-2016,2016-02-11,66
2016,6,52,5,0,150107A201,150107,0,0,0,0,1,0,15-02-2016,20166150107A201150107,1,1,10-02-2016,2016-02-10,86
2016,6,52,5,0,150107A201,150107,0,0,0,0,2,1,15-02-2016,20166150107A201150107,1,2,09-02-2016,2016-02-09,72
2016,6,52,5,0,150107A201,150107,0,0,2,0,2,0,15-02-2016,20166150107A201150107,1,4,07-02-2016,2016-02-07,46
2016,52,52,5,0,150107A201,150107,0,0,2,0,2,0,02-01-2017,201652150107A201150107,1,4,31-12-2016,2016-12-25,27
2016,52,52,5,0,150107A201,150107,1,1,1,0,3,1,02-01-2017,201652150107A201150107,1,7,31-12-2016,2016-12-27,83
2016,52,52,5,0,150107A201,150107,0,0,0,0,1,0,02-01-2017,201652150107A201150107,1,1,31-12-2016,2016-12-28,58
2016,52,52,5,0,150107A201,150107,0,0,0,1,1,0,02-01-2017,201652150107A201150107,1,2,31-12-2016,2016-12-29,56
2016,7,52,5,0,150107A201,150107,0,2,0,0,1,0,22-02-2016,20167150107A201150107,1,3,18-02-2016,2016-02-18,81
2016,7,52,5,0,150107A201,150107,0,1,0,0,0,0,22-02-2016,20167150107A201150107,1,1,16-02-2016,2016-02-16,53
2016,7,52,5,0,150107A201,150107,0,1,0,0,0,1,22-02-2016,20167150107A201150107,1,2,14-02-2016,2016-02-14,27
2016,8,52,5,0,150107A201,150107,0,0,1,0,2,0,29-02-2016,20168150107A201150107,1,3,26-02-2016,2016-02-26,40
2016,8,52,5,0,150107A201,150107,0,0,0,0,1,0,29-02-2016,20168150107A201150107,1,1,23-02-2016,2016-02-23,45
2016,8,52,5,0,150107A201,150107,0,0,1,0,4,0,29-02-2016,20168150107A201150107,1,5,27-02-2016,2016-02-27,63
2016,8,52,5,0,150107A201,150107,0,1,0,2,0,0,29-02-2016,20168150107A201150107,1,3,24-02-2016,2016-02-24,56
2016,8,52,5,0,150107A201,150107,0,0,0,0,2,0,29-02-2016,20168150107A201150107,1,2,22-02-2016,2016-02-22,30
2016,8,52,5,0,150107A201,150107,0,1,0,1,0,1,29-02-2016,20168150107A201150107,1,3,21-02-2016,2016-02-21,20
2016,23,52,5,0,150107A201,150107,0,0,0,0,1,1,13-06-2016,201623150107A201150107,1,2,05-06-2016,2016-06-05,10
2016,23,52,5,0,150107A201,150107,0,0,0,0,1,0,13-06-2016,201623150107A201150107,1,1,06-06-2016,2016-06-06,89
2016,23,52,5,0,150107A201,150107,0,0,0,0,1,0,13-06-2016,201623150107A201150107,1,1,08-06-2016,2016-06-08,100
2016,23,52,5,0,150107A201,150107,0,1,0,0,0,0,13-06-2016,201623150107A201150107,1,1,09-06-2016,2016-06-09,85
2016,23,52,5,0,150107A201,150107,0,0,0,1,0,1,13-06-2016,201623150107A201150107,1,2,10-06-2016,2016-06-10,103
2016,23,52,5,0,150107A201,150107,0,0,1,0,0,0,13-06-2016,201623150107A201150107,1,1,11-06-2016,2016-06-11,36
2016,9,52,5,0,150107A201,150107,0,0,0,1,3,0,07-03-2016,20169150107A201150107,1,4,05-03-2016,2016-03-05,74
2016,9,52,5,0,150107A201,150107,0,0,1,0,0,0,07-03-2016,20169150107A201150107,1,1,03-03-2016,2016-03-03,91
2016,9,52,5,0,150107A201,150107,0,0,0,1,1,1,07-03-2016,20169150107A201150107,1,3,01-03-2016,2016-03-01,86
2016,9,52,5,0,150107A201,150107,0,0,0,0,2,0,07-03-2016,20169150107A201150107,1,2,28-02-2016,2016-02-28,15
2016,10,52,5,0,150107A201,150107,0,0,1,1,1,0,14-03-2016,201610150107A201150107,1,3,07-03-2016,2016-03-07,27
2016,10,52,5,0,150107A201,150107,0,0,0,0,1,0,14-03-2016,201610150107A201150107,1,1,09-03-2016,2016-03-09,54
2016,10,52,5,0,150107A201,150107,1,0,0,0,0,0,14-03-2016,201610150107A201150107,1,1,10-03-2016,2016-03-10,54
2016,10,52,5,0,150107A201,150107,0,3,2,0,0,0,14-03-2016,201610150107A201150107,1,5,11-03-2016,2016-03-11,53
2016,11,52,5,0,150107A201,150107,0,1,1,0,0,0,21-03-2016,201611150107A201150107,1,2,14-03-2016,2016-03-14,82
2016,11,52,5,0,150107A201,150107,0,0,1,0,1,0,21-03-2016,201611150107A201150107,1,2,15-03-2016,2016-03-15,89
2016,11,52,5,0,150107A201,150107,0,1,0,0,0,2,21-03-2016,201611150107A201150107,1,3,16-03-2016,2016-03-16,87
2016,11,52,5,0,150107A201,150107,0,1,0,0,1,1,21-03-2016,201611150107A201150107,1,3,17-03-2016,2016-03-17,54
2016,11,52,5,0,150107A201,150107,0,0,0,1,1,0,21-03-2016,201611150107A201150107,1,2,18-03-2016,2016-03-18,79
2016,11,52,5,0,150107A201,150107,0,0,0,0,0,1,21-03-2016,201611150107A201150107,1,1,19-03-2016,2016-03-19,39
2016,12,52,5,0,150107A201,150107,0,2,2,2,3,2,28-03-2016,201612150107A201150107,1,11,20-03-2016,2016-03-20,45
2016,12,52,5,0,150107A201,150107,0,1,0,0,1,0,28-03-2016,201612150107A201150107,1,2,22-03-2016,2016-03-22,81
2016,12,52,5,0,150107A201,150107,0,1,1,0,1,0,28-03-2016,201612150107A201150107,1,3,23-03-2016,2016-03-23,78
2016,12,52,5,0,150107A201,150107,0,1,0,1,1,0,28-03-2016,201612150107A201150107,1,3,24-03-2016,2016-03-24,37
2016,12,52,5,0,150107A201,150107,0,1,0,0,0,0,28-03-2016,201612150107A201150107,1,1,26-03-2016,2016-03-26,54
2016,12,52,5,0,150107A201,150107,0,0,1,0,0,0,28-03-2016,201612150107A201150107,1,1,25-03-2016,2016-03-25,39
2016,14,52,5,0,150107A201,150107,0,0,2,0,0,1,11-04-2016,201614150107A201150107,1,3,09-04-2016,2016-04-09,50
2016,14,52,5,0,150107A201,150107,0,1,0,0,0,0,11-04-2016,201614150107A201150107,1,1,08-04-2016,2016-04-08,85
2016,14,52,5,0,150107A201,150107,0,0,0,1,0,0,11-04-2016,201614150107A201150107,1,1,07-04-2016,2016-04-07,87
2016,14,52,5,0,150107A201,150107,0,0,0,2,1,0,11-04-2016,201614150107A201150107,1,3,03-04-2016,2016-04-03,27
2016,14,52,5,0,150107A201,150107,1,0,0,0,1,0,11-04-2016,201614150107A201150107,1,2,04-04-2016,2016-04-04,93
2016,14,52,5,0,150107A201,150107,0,2,1,0,2,0,11-04-2016,201614150107A201150107,1,5,05-04-2016,2016-04-05,99
2016,51,52,5,0,150107A201,150107,0,0,0,0,1,0,26-12-2016,201651150107A201150107,1,1,24-12-2016,2016-12-23,55
2016,51,52,5,0,150107A201,150107,0,0,0,0,1,0,26-12-2016,201651150107A201150107,1,1,24-12-2016,2016-12-22,67
2016,51,52,5,0,150107A201,150107,0,1,0,0,0,0,26-12-2016,201651150107A201150107,1,1,24-12-2016,2016-12-21,73
2016,51,52,5,0,150107A201,150107,0,0,0,0,2,0,26-12-2016,201651150107A201150107,1,2,24-12-2016,2016-12-20,66
2016,51,52,5,0,150107A201,150107,0,2,0,1,2,0,26-12-2016,201651150107A201150107,1,5,24-12-2016,2016-12-18,34
2016,13,52,5,0,150107A201,150107,0,4,0,1,6,1,04-04-2016,201613150107A201150107,1,12,27-03-2016,2016-03-27,67
2016,13,52,5,0,150107A201,150107,0,2,1,0,0,0,04-04-2016,201613150107A201150107,1,3,30-03-2016,2016-03-30,82
2016,13,52,5,0,150107A201,150107,0,2,0,1,0,0,04-04-2016,201613150107A201150107,1,3,31-03-2016,2016-03-31,73
2016,13,52,5,0,150107A201,150107,0,1,0,0,0,0,04-04-2016,201613150107A201150107,1,1,01-04-2016,2016-04-01,71
2016,13,52,5,0,150107A201,150107,0,0,0,0,1,0,04-04-2016,201613150107A201150107,1,1,02-04-2016,2016-04-02,43
2016,15,52,5,0,150107A201,150107,0,2,0,0,1,0,18-04-2016,201615150107A201150107,1,3,10-04-2016,2016-04-10,26
2016,15,52,5,0,150107A201,150107,0,0,0,1,0,0,18-04-2016,201615150107A201150107,1,1,13-04-2016,2016-04-13,65
2016,15,52,5,0,150107A201,150107,0,0,0,1,0,0,18-04-2016,201615150107A201150107,1,1,12-04-2016,2016-04-12,83
2016,15,52,5,0,150107A201,150107,0,0,0,1,2,0,18-04-2016,201615150107A201150107,1,3,14-04-2016,2016-04-14,68
2016,15,52,5,0,150107A201,150107,0,0,0,0,0,1,18-04-2016,201615150107A201150107,1,1,15-04-2016,2016-04-15,91
2017,1,52,5,0,150107A201,150107,0,0,1,0,3,0,09-01-2017,20171150107A201150107,1,4,07-01-2017,2017-01-02,87
2017,1,52,5,0,150107A201,150107,1,1,0,0,2,0,09-01-2017,20171150107A201150107,1,4,07-01-2017,2017-01-06,74
2017,2,52,5,0,150107A201,150107,0,0,0,1,0,0,16-01-2017,20172150107A201150107,1,1,14-01-2017,2017-01-09,84
2017,2,52,5,0,150107A201,150107,0,1,0,0,0,0,16-01-2017,20172150107A201150107,1,1,14-01-2017,2017-01-11,87
2017,2,52,5,0,150107A201,150107,0,0,0,0,3,0,16-01-2017,20172150107A201150107,1,3,14-01-2017,2017-01-12,80
2017,2,52,5,0,150107A201,150107,0,2,1,0,1,0,16-01-2017,20172150107A201150107,1,4,14-01-2017,2017-01-13,97
2017,3,52,5,0,150107A201,150107,0,0,0,0,1,0,23-01-2017,20173150107A201150107,1,1,21-01-2017,2017-01-15,16
2017,3,52,5,0,150107A201,150107,0,0,0,0,1,0,23-01-2017,20173150107A201150107,1,1,21-01-2017,2017-01-16,61
2017,3,52,5,0,150107A201,150107,0,0,0,1,0,0,23-01-2017,20173150107A201150107,1,1,21-01-2017,2017-01-18,57
2017,3,52,5,0,150107A201,150107,0,1,0,0,0,1,23-01-2017,20173150107A201150107,1,2,21-01-2017,2017-01-21,53
2017,4,52,5,0,150107A201,150107,0,0,0,0,1,0,30-01-2017,20174150107A201150107,1,1,28-01-2017,2017-01-23,66
2017,4,52,5,0,150107A201,150107,0,0,0,0,2,1,30-01-2017,20174150107A201150107,1,3,28-01-2017,2017-01-25,65
2017,5,52,5,0,150107A201,150107,0,1,0,0,0,0,06-02-2017,20175150107A201150107,1,1,04-02-2017,2017-01-29,29
2017,5,52,5,0,150107A201,150107,0,0,0,0,1,1,06-02-2017,20175150107A201150107,1,2,04-02-2017,2017-01-30,72
2017,5,52,5,0,150107A201,150107,0,0,0,0,1,0,06-02-2017,20175150107A201150107,1,1,04-02-2017,2017-01-31,58
2017,5,52,5,0,150107A201,150107,0,0,0,0,1,1,06-02-2017,20175150107A201150107,1,2,04-02-2017,2017-02-01,75
2017,5,52,5,0,150107A201,150107,0,0,0,0,1,0,06-02-2017,20175150107A201150107,1,1,04-02-2017,2017-02-02,102
2017,6,52,5,0,150107A201,150107,0,0,0,0,1,0,13-02-2017,20176150107A201150107,1,1,11-02-2017,2017-02-06,74
2017,6,52,5,0,150107A201,150107,0,0,0,1,0,0,13-02-2017,20176150107A201150107,1,1,11-02-2017,2017-02-07,99
2017,6,52,5,0,150107A201,150107,0,1,0,0,0,0,13-02-2017,20176150107A201150107,1,1,11-02-2017,2017-02-08,71
2017,6,52,5,0,150107A201,150107,0,0,0,1,0,0,13-02-2017,20176150107A201150107,1,1,11-02-2017,2017-02-11,49
2017,7,52,5,0,150107A201,150107,0,1,1,1,0,0,20-02-2017,20177150107A201150107,1,3,18-02-2017,2017-02-12,38
2017,7,52,5,0,150107A201,150107,0,0,0,1,0,0,20-02-2017,20177150107A201150107,1,1,18-02-2017,2017-02-13,104
2017,7,52,5,0,150107A201,150107,0,0,0,0,0,1,20-02-2017,20177150107A201150107,1,1,18-02-2017,2017-02-14,57
2017,7,52,5,0,150107A201,150107,0,0,1,0,0,0,20-02-2017,20177150107A201150107,1,1,18-02-2017,2017-02-15,90
2017,7,52,5,0,150107A201,150107,0,0,0,0,2,0,20-02-2017,20177150107A201150107,1,2,18-02-2017,2017-02-16,103
2017,7,52,5,0,150107A201,150107,0,0,0,0,1,0,20-02-2017,20177150107A201150107,1,1,18-02-2017,2017-02-17,78
2017,8,52,5,0,150107A201,150107,0,1,0,0,0,0,27-02-2017,20178150107A201150107,1,1,25-02-2017,2017-02-19,38
2017,8,52,5,0,150107A201,150107,0,0,0,1,0,0,27-02-2017,20178150107A201150107,1,1,25-02-2017,2017-02-20,85
2017,8,52,5,0,150107A201,150118,0,0,1,0,0,0,27-02-2017,20178150107A201150118,1,1,25-02-2017,2017-02-22,77
2017,9,52,5,0,150107A201,150107,0,1,0,0,0,1,06-03-2017,20179150107A201150107,1,2,04-03-2017,2017-02-26,34
2017,9,52,5,0,150107A201,150107,0,1,0,0,0,2,06-03-2017,20179150107A201150107,1,3,04-03-2017,2017-03-01,78
2017,9,52,5,0,150107A201,150107,0,1,0,0,0,0,06-03-2017,20179150107A201150107,1,1,04-03-2017,2017-03-02,96
2017,10,52,5,0,150107A201,150107,0,0,1,1,2,0,13-03-2017,201710150107A201150107,1,4,11-03-2017,2017-03-05,21
2017,10,52,5,0,150107A201,150107,0,0,1,1,1,0,13-03-2017,201710150107A201150107,1,3,11-03-2017,2017-03-06,92
2017,10,52,5,0,150107A201,150107,0,0,0,0,1,0,13-03-2017,201710150107A201150107,1,1,11-03-2017,2017-03-08,64
2017,10,52,5,0,150107A201,150107,0,0,0,0,0,1,13-03-2017,201710150107A201150107,1,1,11-03-2017,2017-03-09,98
2017,11,52,5,0,150107A201,150107,0,2,0,1,2,0,20-03-2017,201711150107A201150107,1,5,18-03-2017,2017-03-12,32
2017,11,52,5,0,150107A201,150107,0,0,0,0,1,1,20-03-2017,201711150107A201150107,1,2,18-03-2017,2017-03-13,106
2017,11,52,5,0,150107A201,150107,0,0,0,0,1,1,20-03-2017,201711150107A201150107,1,2,18-03-2017,2017-03-17,28
2017,12,52,5,0,150107A201,150107,0,2,1,1,1,0,27-03-2017,201712150107A201150107,1,5,25-03-2017,2017-03-19,28
2017,12,52,5,0,150107A201,150107,1,0,1,0,0,0,27-03-2017,201712150107A201150107,1,2,25-03-2017,2017-03-21,84
2017,12,52,5,0,150107A201,150107,0,0,0,0,1,0,27-03-2017,201712150107A201150107,1,1,25-03-2017,2017-03-24,96
2017,13,52,5,0,150107A201,150107,1,0,0,1,3,0,03-04-2017,201713150107A201150107,1,5,01-04-2017,2017-03-28,95
2017,13,52,5,0,150107A201,150107,0,0,0,0,1,0,03-04-2017,201713150107A201150107,1,1,01-04-2017,2017-03-29,86
2017,13,52,5,0,150107A201,150107,0,0,0,0,1,0,03-04-2017,201713150107A201150107,1,1,01-04-2017,2017-03-30,72
2017,13,52,5,0,150107A201,150107,0,1,0,1,0,1,03-04-2017,201713150107A201150107,1,3,01-04-2017,2017-03-31,86
2017,14,52,5,0,150107A201,150107,0,0,0,1,1,0,10-04-2017,201714150107A201150107,1,2,08-04-2017,2017-04-02,27
2017,14,52,5,0,150107A201,150107,0,0,1,0,0,0,10-04-2017,201714150107A201150107,1,1,08-04-2017,2017-04-03,70
2017,14,52,5,0,150107A201,150107,0,0,0,1,2,0,10-04-2017,201714150107A201150107,1,3,08-04-2017,2017-04-04,80
2017,14,52,5,0,150107A201,150107,0,0,0,1,0,0,10-04-2017,201714150107A201150107,1,1,08-04-2017,2017-04-05,76
2017,14,52,5,0,150107A201,150107,0,1,0,0,0,0,10-04-2017,201714150107A201150107,1,1,08-04-2017,2017-04-08,38
2017,15,52,5,0,150107A201,150107,0,0,0,0,1,0,17-04-2017,201715150107A201150107,1,1,15-04-2017,2017-04-09,45
2017,15,52,5,0,150107A201,150107,0,1,0,0,1,0,17-04-2017,201715150107A201150107,1,2,15-04-2017,2017-04-10,93
2017,15,52,5,0,150107A201,150107,0,0,1,0,1,0,17-04-2017,201715150107A201150107,1,2,15-04-2017,2017-04-11,101
2017,15,52,5,0,150107A201,150107,0,0,0,0,3,1,17-04-2017,201715150107A201150107,1,4,15-04-2017,2017-04-13,50
2017,15,52,5,0,150107A201,150107,0,1,2,0,0,0,17-04-2017,201715150107A201150107,1,3,15-04-2017,2017-04-14,36
2017,15,52,5,0,150107A201,150107,0,1,0,0,1,0,17-04-2017,201715150107A201150107,1,2,15-04-2017,2017-04-15,75
2017,16,52,5,0,150107A201,150107,0,0,0,0,1,0,24-04-2017,201716150107A201150107,1,1,22-04-2017,2017-04-16,38
2017,16,52,5,0,150107A201,150107,0,1,0,1,0,0,24-04-2017,201716150107A201150107,1,2,22-04-2017,2017-04-18,84
2017,16,52,5,0,150107A201,150107,0,0,0,0,0,1,24-04-2017,201716150107A201150107,1,1,22-04-2017,2017-04-19,81
2017,16,52,5,0,150107A201,150107,0,1,1,0,1,0,24-04-2017,201716150107A201150107,1,3,22-04-2017,2017-04-20,87
2017,16,52,5,0,150107A201,150107,0,1,0,0,0,0,24-04-2017,201716150107A201150107,1,1,22-04-2017,2017-04-21,33
2017,17,52,5,0,150107A201,150107,0,2,0,0,0,0,02-05-2017,201717150107A201150107,1,2,29-04-2017,2017-04-23,19
2017,17,52,5,0,150107A201,150107,0,1,0,0,0,0,02-05-2017,201717150107A201150107,1,1,29-04-2017,2017-04-24,90
2017,17,52,5,0,150107A201,150107,1,2,0,0,0,0,02-05-2017,201717150107A201150107,1,3,29-04-2017,2017-04-25,71
2017,17,52,5,0,150107A201,150107,0,0,0,0,2,0,02-05-2017,201717150107A201150107,1,2,29-04-2017,2017-04-26,70
2017,17,52,5,0,150107A201,150107,0,0,1,0,1,0,02-05-2017,201717150107A201150107,1,2,29-04-2017,2017-04-27,59
2017,17,52,5,0,150107A201,150107,0,0,1,0,0,0,02-05-2017,201717150107A201150107,1,1,29-04-2017,2017-04-28,49
2017,18,52,5,0,150107A201,150107,0,0,0,1,1,0,08-05-2017,201718150107A201150107,1,2,06-05-2017,2017-04-30,33
2017,18,52,5,0,150107A201,150107,0,1,0,0,2,0,08-05-2017,201718150107A201150107,1,3,06-05-2017,2017-05-01,40
2017,18,52,5,0,150107A201,150107,0,0,0,0,2,0,08-05-2017,201718150107A201150107,1,2,06-05-2017,2017-05-02,84
2017,18,52,5,0,150107A201,150107,0,0,1,0,0,1,08-05-2017,201718150107A201150107,1,2,06-05-2017,2017-05-03,97
2017,18,52,5,0,150107A201,150107,0,1,0,0,0,0,08-05-2017,201718150107A201150107,1,1,06-05-2017,2017-05-05,87
2017,18,52,5,0,150107A201,150107,0,0,0,0,1,0,08-05-2017,201718150107A201150107,1,1,06-05-2017,2017-05-06,52
2017,19,52,5,0,150107A201,150107,0,1,0,1,0,0,15-05-2017,201719150107A201150107,1,2,13-05-2017,2017-05-07,39
2017,19,52,5,0,150107A201,150107,0,0,1,0,0,0,15-05-2017,201719150107A201150107,1,1,13-05-2017,2017-05-09,76
2017,19,52,5,0,150107A201,150107,0,0,0,0,1,0,15-05-2017,201719150107A201150107,1,1,13-05-2017,2017-05-10,89
2017,19,52,5,0,150107A201,150107,0,0,2,0,3,0,15-05-2017,201719150107A201150107,1,5,13-05-2017,2017-05-11,63
2017,19,52,5,0,150107A201,150107,0,0,1,0,0,0,15-05-2017,201719150107A201150107,1,1,13-05-2017,2017-05-12,76
2017,19,52,5,0,150107A201,150107,0,0,0,0,0,1,15-05-2017,201719150107A201150107,1,1,13-05-2017,2017-05-13,39
2017,20,52,5,0,150107A201,150107,0,0,0,0,1,0,22-05-2017,201720150107A201150107,1,1,20-05-2017,2017-05-14,14
2017,20,52,5,0,150107A201,150107,0,0,0,1,0,0,22-05-2017,201720150107A201150107,1,1,20-05-2017,2017-05-15,78
2017,20,52,5,0,150107A201,150107,0,1,0,1,0,0,22-05-2017,201720150107A201150107,1,2,20-05-2017,2017-05-17,96
2017,20,52,5,0,150107A201,150107,0,0,0,0,0,1,22-05-2017,201720150107A201150107,1,1,20-05-2017,2017-05-18,88
2017,20,52,5,0,150107A201,150107,0,0,0,0,1,0,22-05-2017,201720150107A201150107,1,1,20-05-2017,2017-05-19,92
2017,20,52,5,0,150107A201,150107,0,0,0,0,1,0,22-05-2017,201720150107A201150107,1,1,20-05-2017,2017-05-20,74
2017,21,52,5,0,150107A201,150107,0,0,0,0,2,0,29-05-2017,201721150107A201150107,1,2,27-05-2017,2017-05-26,36
2017,21,52,5,0,150107A201,150107,0,1,0,1,0,0,29-05-2017,201721150107A201150107,1,2,27-05-2017,2017-05-27,73
2017,22,52,5,0,150107A201,150107,0,0,0,0,1,0,05-06-2017,201722150107A201150107,1,1,03-06-2017,2017-05-28,25
2017,22,52,5,0,150107A201,150107,0,1,0,0,0,0,05-06-2017,201722150107A201150107,1,1,03-06-2017,2017-05-29,81
2017,22,52,5,0,150107A201,150107,0,0,0,1,0,0,05-06-2017,201722150107A201150107,1,1,03-06-2017,2017-05-30,72
2017,22,52,5,0,150107A201,150107,0,1,0,1,0,0,05-06-2017,201722150107A201150107,1,2,03-06-2017,2017-05-31,76
2017,22,52,5,0,150107A201,150107,0,1,0,0,0,0,05-06-2017,201722150107A201150107,1,1,03-06-2017,2017-06-02,84
2017,23,52,5,0,150107A201,150107,0,0,0,0,3,0,12-06-2017,201723150107A201150107,1,3,10-06-2017,2017-06-04,27
2017,23,52,5,0,150107A201,150107,0,0,0,2,2,0,12-06-2017,201723150107A201150107,1,4,10-06-2017,2017-06-06,98
2017,23,52,5,0,150107A201,150107,0,0,0,0,1,0,12-06-2017,201723150107A201150107,1,1,10-06-2017,2017-06-07,67
2017,23,52,5,0,150107A201,150107,0,1,0,0,0,0,12-06-2017,201723150107A201150107,1,1,10-06-2017,2017-06-10,49
2017,24,52,5,0,150107A201,150107,0,0,0,0,1,0,19-06-2017,201724150107A201150107,1,1,17-06-2017,2017-06-11,33
2017,24,52,5,0,150107A201,150107,0,0,1,1,1,0,19-06-2017,201724150107A201150107,1,3,17-06-2017,2017-06-12,91
2017,24,52,5,0,150107A201,150107,0,1,0,0,1,0,19-06-2017,201724150107A201150107,1,2,17-06-2017,2017-06-14,68
2017,24,52,5,0,150107A201,150107,0,0,0,0,2,0,19-06-2017,201724150107A201150107,1,2,17-06-2017,2017-06-15,85
2017,25,52,5,0,150107A201,150107,0,0,0,1,3,0,26-06-2017,201725150107A201150107,1,4,24-06-2017,2017-06-18,20
2017,25,52,5,0,150107A201,150107,0,0,0,1,0,0,26-06-2017,201725150107A201150107,1,1,24-06-2017,2017-06-19,79
2017,25,52,5,0,150107A201,150107,0,1,1,0,0,0,26-06-2017,201725150107A201150107,1,2,24-06-2017,2017-06-20,108
2017,25,52,5,0,150107A201,150107,0,0,0,1,0,0,26-06-2017,201725150107A201150107,1,1,24-06-2017,2017-06-21,91
2017,25,52,5,0,150107A201,150107,0,0,0,1,1,0,26-06-2017,201725150107A201150107,1,2,24-06-2017,2017-06-22,81
2017,25,52,5,0,150107A201,150107,0,0,0,0,2,0,26-06-2017,201725150107A201150107,1,2,24-06-2017,2017-06-23,58
2017,25,52,5,0,150107A201,150107,0,0,0,0,1,0,26-06-2017,201725150107A201150107,1,1,24-06-2017,2017-06-24,68
2017,26,52,5,0,150107A201,150107,0,2,0,2,1,1,03-07-2017,201726150107A201150107,1,6,01-07-2017,2017-06-25,46
2017,26,52,5,0,150107A201,150107,0,0,0,0,1,0,03-07-2017,201726150107A201150107,1,1,01-07-2017,2017-06-26,46
2017,26,52,5,0,150107A201,150107,0,1,0,0,0,0,03-07-2017,201726150107A201150107,1,1,01-07-2017,2017-06-27,24
2017,26,52,5,0,150107A201,150107,0,0,0,0,1,0,03-07-2017,201726150107A201150107,1,1,01-07-2017,2017-06-28,22
2017,26,52,5,0,150107A201,150107,0,0,0,1,0,0,03-07-2017,201726150107A201150107,1,1,01-07-2017,2017-06-29,58
2017,26,52,5,0,150107A201,150107,0,1,0,0,0,0,03-07-2017,201726150107A201150107,1,1,01-07-2017,2017-06-30,10
2017,26,52,5,0,150107A201,150107,0,0,0,1,0,0,03-07-2017,201726150107A201150107,1,1,01-07-2017,2017-07-01,53
2017,27,52,5,0,150107A201,150107,0,0,0,0,5,0,10-07-2017,201727150107A201150107,1,5,08-07-2017,2017-07-02,34
2017,27,52,5,0,150107A201,150107,0,0,0,0,1,0,10-07-2017,201727150107A201150107,1,1,08-07-2017,2017-07-03,108
2017,27,52,5,0,150107A201,150107,0,0,0,0,0,1,10-07-2017,201727150107A201150107,1,1,08-07-2017,2017-07-04,63
2017,27,52,5,0,150107A201,150107,0,0,1,0,0,0,10-07-2017,201727150107A201150107,1,1,08-07-2017,2017-07-05,77
2017,27,52,5,0,150107A201,150107,0,0,0,0,1,0,10-07-2017,201727150107A201150107,1,1,08-07-2017,2017-07-06,72
2017,27,52,5,0,150107A201,150107,1,0,1,0,0,0,10-07-2017,201727150107A201150107,1,2,08-07-2017,2017-07-08,56
2017,28,52,5,0,150107A201,150107,0,0,0,2,1,0,17-07-2017,201728150107A201150107,1,3,15-07-2017,2017-07-10,100
2017,28,52,5,0,150107A201,150107,0,0,1,0,0,0,17-07-2017,201728150107A201150107,1,1,15-07-2017,2017-07-13,88
2017,28,52,5,0,150107A201,150107,0,0,0,1,0,0,17-07-2017,201728150107A201150107,1,1,15-07-2017,2017-07-09,27
2017,29,52,5,0,150107A201,150107,0,0,0,1,0,0,24-07-2017,201729150107A201150107,1,1,22-07-2017,2017-07-16,8
2017,29,52,5,0,150107A201,150107,0,0,1,0,0,0,24-07-2017,201729150107A201150107,1,1,22-07-2017,2017-07-17,47
2017,29,52,5,0,150107A201,150107,0,0,0,0,1,0,24-07-2017,201729150107A201150107,1,1,22-07-2017,2017-07-18,71
2017,29,52,5,0,150107A201,150107,0,1,1,0,0,1,24-07-2017,201729150107A201150107,1,3,22-07-2017,2017-07-19,56
2017,29,52,5,0,150107A201,150107,0,1,0,0,1,0,24-07-2017,201729150107A201150107,1,2,22-07-2017,2017-07-20,36
2017,29,52,5,0,150107A201,150107,0,1,0,0,0,1,24-07-2017,201729150107A201150107,1,2,22-07-2017,2017-07-21,70
2017,30,52,5,0,150107A201,150107,0,0,0,0,4,0,31-07-2017,201730150107A201150107,1,4,29-07-2017,2017-07-23,34
2017,30,52,5,0,150107A201,150107,0,0,0,1,1,0,31-07-2017,201730150107A201150107,1,2,29-07-2017,2017-07-25,80
2017,30,52,5,0,150107A201,150107,0,0,0,1,1,1,31-07-2017,201730150107A201150107,1,3,29-07-2017,2017-07-26,75
2017,30,52,5,0,150107A201,150107,0,0,0,0,2,0,31-07-2017,201730150107A201150107,1,2,29-07-2017,2017-07-27,81
2017,30,52,5,0,150107A201,150107,0,0,0,0,1,0,31-07-2017,201730150107A201150107,1,1,29-07-2017,2017-07-28,33
2017,30,52,5,0,150107A201,150107,1,3,0,0,1,0,31-07-2017,201730150107A201150107,1,5,29-07-2017,2017-07-29,30
2017,31,52,5,0,150107A201,150107,0,0,0,0,0,2,07-08-2017,201731150107A201150107,1,2,05-08-2017,2017-07-30,32
2017,31,52,5,0,150107A201,150107,0,0,0,1,0,0,07-08-2017,201731150107A201150107,1,1,05-08-2017,2017-07-31,115
2017,31,52,5,0,150107A201,150107,0,1,1,0,0,0,07-08-2017,201731150107A201150107,1,2,05-08-2017,2017-08-02,90
2017,31,52,5,0,150107A201,150107,0,1,0,0,0,0,07-08-2017,201731150107A201150107,1,1,05-08-2017,2017-08-03,68
2017,31,52,5,0,150107A201,150107,0,0,0,1,0,0,07-08-2017,201731150107A201150107,1,1,05-08-2017,2017-08-04,42
2017,31,52,5,0,150107A201,150107,1,3,2,1,2,0,14-08-2017,201731150107A201150107,1,9,12-08-2017,2017-08-05,31
2017,32,52,5,0,150107A201,150107,1,0,0,1,1,0,14-08-2017,201732150107A201150107,1,3,12-08-2017,2017-08-09,91
2017,32,52,5,0,150107A201,150107,0,1,0,0,0,0,14-08-2017,201732150107A201150107,1,1,12-08-2017,2017-08-10,71
2017,33,52,5,0,150107A201,150107,0,1,0,0,1,0,21-08-2017,201733150107A201150107,1,2,19-08-2017,2017-08-13,28
2017,33,52,5,0,150107A201,150107,0,0,0,1,0,0,21-08-2017,201733150107A201150107,1,1,19-08-2017,2017-08-14,85
2017,33,52,5,0,150107A201,150107,0,0,0,1,1,0,21-08-2017,201733150107A201150107,1,2,19-08-2017,2017-08-17,90
2017,33,52,5,0,150107A201,150107,0,0,0,0,0,1,21-08-2017,201733150107A201150107,1,1,19-08-2017,2017-08-19,60
2017,34,52,5,0,150107A201,150107,0,1,0,0,0,1,28-08-2017,201734150107A201150107,1,2,26-08-2017,2017-08-20,33
2017,34,52,5,0,150107A201,150107,0,1,0,0,0,1,28-08-2017,201734150107A201150107,1,2,26-08-2017,2017-08-21,89
2017,34,52,5,0,150107A201,150107,0,0,0,1,0,0,28-08-2017,201734150107A201150107,1,1,26-08-2017,2017-08-22,78
2017,34,52,5,0,150107A201,150107,0,0,0,0,3,0,28-08-2017,201734150107A201150107,1,3,26-08-2017,2017-08-23,82
2017,34,52,5,0,150107A201,150107,0,0,1,0,0,0,28-08-2017,201734150107A201150107,1,1,26-08-2017,2017-08-25,86
2017,35,52,5,0,150107A201,150107,0,1,0,2,3,1,04-09-2017,201735150107A201150107,1,7,02-09-2017,2017-08-27,36
2017,35,52,5,0,150107A201,150107,0,1,0,0,0,0,04-09-2017,201735150107A201150107,1,1,02-09-2017,2017-08-28,91
2017,35,52,5,0,150107A201,150107,0,4,1,0,1,0,04-09-2017,201735150107A201150107,1,6,02-09-2017,2017-08-29,94
2017,35,52,5,0,150107A201,150107,0,0,0,0,1,0,04-09-2017,201735150107A201150107,1,1,02-09-2017,2017-08-30,29
2017,35,52,5,0,150107A201,150107,0,0,0,0,1,0,04-09-2017,201735150107A201150107,1,1,02-09-2017,2017-08-31,63
2017,36,52,5,0,150107A201,150107,0,0,1,0,0,1,11-09-2017,201736150107A201150107,1,2,09-09-2017,2017-09-03,21
2017,36,52,5,0,150107A201,150107,0,0,0,0,1,0,11-09-2017,201736150107A201150107,1,1,09-09-2017,2017-09-04,68
2017,36,52,5,0,150107A201,150107,0,0,0,0,1,1,11-09-2017,201736150107A201150107,1,2,09-09-2017,2017-09-05,92
2017,36,52,5,0,150107A201,150107,0,0,0,0,2,0,11-09-2017,201736150107A201150107,1,2,09-09-2017,2017-09-06,83
2017,36,52,5,0,150107A201,150107,0,0,1,0,0,0,11-09-2017,201736150107A201150107,1,1,09-09-2017,2017-09-09,69
2017,37,52,5,0,150107A201,150107,0,0,0,0,1,0,18-09-2017,201737150107A201150107,1,1,16-09-2017,2017-09-10,25
2017,37,52,5,0,150107A201,150107,0,0,0,1,0,0,18-09-2017,201737150107A201150107,1,1,16-09-2017,2017-09-11,100
2017,37,52,5,0,150107A201,150107,0,0,0,0,2,0,18-09-2017,201737150107A201150107,1,2,16-09-2017,2017-09-13,72
2017,37,52,5,0,150107A201,150107,0,1,0,0,2,0,18-09-2017,201737150107A201150107,1,3,16-09-2017,2017-09-14,75
2017,37,52,5,0,150107A201,150107,0,1,0,2,0,0,18-09-2017,201737150107A201150107,1,3,16-09-2017,2017-09-15,63
2017,38,52,5,0,150107A201,150107,1,0,0,0,0,0,25-09-2017,201738150107A201150107,1,1,23-09-2017,2017-09-17,34
2017,38,52,5,0,150107A201,150107,0,1,0,0,1,0,25-09-2017,201738150107A201150107,1,2,23-09-2017,2017-09-18,116
2017,38,52,5,0,150107A201,150107,0,0,1,2,0,0,25-09-2017,201738150107A201150107,1,3,23-09-2017,2017-09-19,81
2017,38,52,5,0,150107A201,150107,0,0,0,1,1,0,25-09-2017,201738150107A201150107,1,2,23-09-2017,2017-09-20,81
2017,38,52,5,0,150107A201,150107,0,2,0,0,1,0,25-09-2017,201738150107A201150107,1,3,23-09-2017,2017-09-21,72
2017,38,52,5,0,150107A201,150107,0,0,0,1,1,0,25-09-2017,201738150107A201150107,1,2,23-09-2017,2017-09-23,94
2017,39,52,5,0,150107A201,150107,1,1,0,2,1,0,02-10-2017,201739150107A201150107,1,5,30-09-2017,2017-09-24,32
2017,39,52,5,0,150107A201,150107,0,1,1,0,0,0,02-10-2017,201739150107A201150107,1,2,30-09-2017,2017-09-26,100
2017,39,52,5,0,150107A201,150107,0,0,0,0,2,0,02-10-2017,201739150107A201150107,1,2,30-09-2017,2017-09-27,99
2017,39,52,5,0,150107A201,150107,0,1,0,0,0,0,02-10-2017,201739150107A201150107,1,1,30-09-2017,2017-09-28,34
2017,39,52,5,0,150107A201,150107,0,1,0,0,0,0,02-10-2017,201739150107A201150107,1,1,30-09-2017,2017-09-29,82
2017,40,52,5,0,150107A201,150107,0,0,1,0,0,0,09-10-2017,201740150107A201150107,1,1,07-10-2017,2017-10-02,95
2017,40,52,5,0,150107A201,150107,0,0,1,0,1,0,09-10-2017,201740150107A201150107,1,2,07-10-2017,2017-10-03,101
2017,40,52,5,0,150107A201,150107,0,2,3,0,1,1,09-10-2017,201740150107A201150107,1,7,07-10-2017,2017-10-04,100
2017,40,52,5,0,150107A201,150107,0,1,0,0,0,0,09-10-2017,201740150107A201150107,1,1,07-10-2017,2017-10-06,76
2017,41,52,5,0,150107A201,150107,0,3,2,2,3,1,16-10-2017,201741150107A201150107,1,11,14-10-2017,2017-10-08,49
2017,41,52,5,0,150107A201,150107,0,1,1,0,0,0,16-10-2017,201741150107A201150107,1,2,14-10-2017,2017-10-09,77
2017,41,52,5,0,150107A201,150107,0,0,1,1,0,0,16-10-2017,201741150107A201150107,1,2,14-10-2017,2017-10-11,89
2017,41,52,5,0,150107A201,150107,0,1,0,1,0,1,16-10-2017,201741150107A201150107,1,3,14-10-2017,2017-10-13,90
2017,41,52,5,0,150107A201,150107,0,0,0,1,0,0,16-10-2017,201741150107A201150107,1,1,14-10-2017,2017-10-14,72
2017,42,52,5,0,150107A201,150107,0,1,1,1,3,3,23-10-2017,201742150107A201150107,1,9,21-10-2017,2017-10-15,45
2017,42,52,5,0,150107A201,150107,0,1,0,0,0,0,23-10-2017,201742150107A201150107,1,1,21-10-2017,2017-10-16,102
2017,42,52,5,0,150107A201,150107,0,0,0,0,2,0,23-10-2017,201742150107A201150107,1,2,21-10-2017,2017-10-18,95
2017,42,52,5,0,150107A201,150107,0,0,0,0,1,0,23-10-2017,201742150107A201150107,1,1,21-10-2017,2017-10-19,75
2017,43,52,5,0,150107A201,150107,0,2,0,3,1,1,30-10-2017,201743150107A201150107,1,7,28-10-2017,2017-10-22,43
2017,43,52,5,0,150107A201,150107,0,1,1,0,2,0,30-10-2017,201743150107A201150107,1,4,28-10-2017,2017-10-23,97
2017,43,52,5,0,150107A201,150107,0,3,1,0,0,0,30-10-2017,201743150107A201150107,1,4,28-10-2017,2017-10-24,83
2017,43,52,5,0,150107A201,150107,0,0,0,0,1,0,30-10-2017,201743150107A201150107,1,1,28-10-2017,2017-10-25,66
2017,43,52,5,0,150107A201,150107,0,0,1,0,0,0,30-10-2017,201743150107A201150107,1,1,28-10-2017,2017-10-27,67
2017,43,52,5,0,150107A201,150107,0,1,0,0,0,0,30-10-2017,201743150107A201150107,1,1,28-10-2017,2017-10-28,44
2017,44,52,5,0,150107A201,150107,0,1,0,0,0,0,06-11-2017,201744150107A201150107,1,1,06-11-2017,2017-10-30,88
2017,44,52,5,0,150107A201,150107,0,0,0,3,1,0,06-11-2017,201744150107A201150107,1,4,06-11-2017,2017-11-01,32
2017,44,52,5,0,150107A201,150107,0,0,0,0,1,0,06-11-2017,201744150107A201150107,1,1,06-11-2017,2017-10-31,53
2017,44,52,5,0,150107A201,150107,0,0,0,0,1,0,06-11-2017,201744150107A201150107,1,1,06-11-2017,2017-11-02,88
2017,45,52,5,0,150107A201,150107,1,0,1,2,2,2,13-11-2017,201745150107A201150107,1,8,13-11-2017,2017-11-05,35
2017,45,52,5,0,150107A201,150107,0,0,0,1,0,0,13-11-2017,201745150107A201150107,1,1,13-11-2017,2017-11-06,103
2017,45,52,5,0,150107A201,150107,0,0,0,2,0,0,13-11-2017,201745150107A201150107,1,2,13-11-2017,2017-11-07,93
2017,45,52,5,0,150107A201,150107,0,0,2,0,0,0,13-11-2017,201745150107A201150107,1,2,13-11-2017,2017-11-08,63
2017,45,52,5,0,150107A201,150107,0,0,0,0,0,1,13-11-2017,201745150107A201150107,1,1,13-11-2017,2017-11-09,94
2017,45,52,5,0,150107A201,150107,0,0,0,0,0,1,13-11-2017,201745150107A201150107,1,1,13-11-2017,2017-11-10,67
2017,46,52,5,0,150107A201,150107,0,1,0,0,1,0,20-11-2017,201746150107A201150107,1,2,20-11-2017,2017-11-12,38
2017,46,52,5,0,150107A201,150107,0,0,0,4,0,0,20-11-2017,201746150107A201150107,1,4,20-11-2017,2017-11-13,85
2017,46,52,5,0,150107A201,150107,0,0,0,1,1,0,20-11-2017,201746150107A201150107,1,2,20-11-2017,2017-11-14,87
2017,46,52,5,0,150107A201,150107,0,0,0,0,1,0,20-11-2017,201746150107A201150107,1,1,20-11-2017,2017-11-15,70
2017,46,52,5,0,150107A201,150107,0,1,1,1,1,0,20-11-2017,201746150107A201150107,1,4,20-11-2017,2017-11-17,59
2017,46,52,5,0,150107A201,150101,0,1,1,0,3,1,27-11-2017,201746150107A201150101,1,6,27-11-2017,2017-11-18,88
2017,47,52,5,0,150107A201,150107,2,0,2,2,2,1,27-11-2017,201747150107A201150107,1,9,27-11-2017,2017-11-19,28
2017,47,52,5,0,150107A201,150107,0,1,0,0,0,0,27-11-2017,201747150107A201150107,1,1,27-11-2017,2017-11-20,82
2017,47,52,5,0,150107A201,150101,0,0,0,1,0,0,27-11-2017,201747150107A201150101,1,1,27-11-2017,2017-11-21,93
2017,47,52,5,0,150107A201,150107,0,0,1,0,1,0,27-11-2017,201747150107A201150107,1,2,27-11-2017,2017-11-22,70
2017,47,52,5,0,150107A201,150107,0,0,0,0,1,0,27-11-2017,201747150107A201150107,1,1,27-11-2017,2017-11-24,73
2017,46,52,5,0,150107A201,150107,0,1,1,3,1,0,27-11-2017,201746150107A201150107,1,6,27-11-2017,2017-11-18,88
2017,48,52,5,0,150107A201,150107,0,1,0,1,1,0,04-12-2017,201748150107A201150107,1,3,04-12-2017,2017-11-26,34
2017,52,52,5,0,150107A201,150107,0,0,0,1,2,1,02-01-2018,201752150107A201150107,1,4,04-12-2017,2017-12-27,32
2017,49,52,5,0,150107A201,150107,0,0,1,0,1,0,11-12-2017,201749150107A201150107,1,2,28-11-2017,2017-12-04,96
2017,48,52,5,0,150107A201,150107,0,0,0,0,0,1,04-12-2017,201748150107A201150107,1,1,04-12-2017,2017-11-29,70
2017,48,52,5,0,150107A201,150107,0,0,1,0,0,0,04-12-2017,201748150107A201150107,1,1,04-12-2017,2017-12-01,63
2017,49,52,5,0,150107A201,150107,0,1,0,1,0,0,11-12-2017,201749150107A201150107,1,2,11-12-2017,2017-12-03,23
2017,49,52,5,0,150107A201,150107,0,0,1,0,1,0,11-12-2017,201749150107A201150107,1,2,11-12-2017,2017-12-05,88
2017,49,52,5,0,150107A201,150107,0,1,0,1,1,0,11-12-2017,201749150107A201150107,1,3,11-12-2017,2017-12-06,84
2017,49,52,5,0,150107A201,150107,0,0,0,1,1,0,11-12-2017,201749150107A201150107,1,2,11-12-2017,2017-12-07,70
2017,49,52,5,0,150107A201,150107,0,2,0,1,1,0,11-12-2017,201749150107A201150107,1,4,11-12-2017,2017-12-08,69
2017,50,52,5,0,150107A201,150107,0,0,1,0,1,0,18-12-2017,201750150107A201150107,1,2,18-12-2017,2017-12-10,0
2017,50,52,5,0,150107A201,150107,0,1,0,0,1,0,18-12-2017,201750150107A201150107,1,2,18-12-2017,2017-12-12,0
2017,50,52,5,0,150107A201,150107,0,2,0,1,0,0,18-12-2017,201750150107A201150107,1,3,18-12-2017,2017-12-13,66
2017,50,52,5,0,150107A201,150107,0,0,0,0,1,0,18-12-2017,201750150107A201150107,1,1,18-12-2017,2017-12-14,0
2017,50,52,5,0,150107A201,150107,0,1,0,0,0,0,18-12-2017,201750150107A201150107,1,1,18-12-2017,2017-12-15,64
2017,51,52,5,0,150107A201,150107,0,1,2,2,2,2,26-12-2017,201751150107A201150107,1,9,26-12-2017,2017-12-17,20
2017,51,52,5,0,150107A201,150118,0,0,0,1,0,0,26-12-2017,201751150107A201150118,1,1,26-12-2017,2017-12-18,98
2017,51,52,5,0,150107A201,150107,0,0,0,0,1,0,26-12-2017,201751150107A201150107,1,1,26-12-2017,2017-12-20,25
2017,51,52,5,0,150107A201,150118,0,0,1,0,3,0,26-12-2017,201751150107A201150118,1,4,26-12-2017,2017-12-20,63
2017,52,52,5,0,150107A201,150107,0,0,0,1,2,0,02-01-2018,201752150107A201150107,1,3,02-01-2018,2017-12-24,19
2017,52,52,5,0,150107A201,150107,0,1,0,1,2,0,02-01-2018,201752150107A201150107,1,4,02-01-2018,2017-12-25,30
2017,52,52,5,0,150107A201,150107,0,3,0,0,1,0,02-01-2018,201752150107A201150107,1,4,02-01-2018,2017-12-28,39
2017,52,52,5,0,150107A201,150107,0,0,1,0,0,0,02-01-2018,201752150107A201150107,1,1,02-01-2018,2017-12-29,47
2017,52,52,5,0,150107A201,150107,0,1,0,0,0,0,02-01-2018,201752150107A201150107,1,1,02-01-2018,2017-12-30,55
2018,1,52,5,0,150107A201,150107,0,1,1,0,0,0,08-01-2018,20181150107A201150107,1,2,08-01-2018,2018-01-02,73
2018,1,52,5,0,150107A201,150107,1,0,0,0,0,0,08-01-2018,20181150107A201150107,1,1,08-01-2018,2018-01-06,56
2018,2,52,5,0,150107A201,150107,0,0,1,0,1,0,15-01-2018,20182150107A201150107,1,2,15-01-2018,2018-01-09,52
2018,2,52,5,0,150107A201,150107,1,0,0,1,0,0,15-01-2018,20182150107A201150107,1,2,15-01-2018,2018-01-11,48
2018,2,52,5,0,150107A201,150107,0,0,0,1,0,1,15-01-2018,20182150107A201150107,1,2,15-01-2018,2018-01-13,40
2018,3,52,5,0,150107A201,150107,0,2,0,0,0,0,22-01-2018,20183150107A201150107,1,2,22-01-2018,2018-01-15,46
2018,3,52,5,0,150107A201,150107,0,2,1,0,0,0,22-01-2018,20183150107A201150107,1,3,22-01-2018,2018-01-14,27
2018,4,52,5,0,150107A201,150107,1,0,0,0,1,1,29-01-2018,20184150107A201150107,1,3,29-01-2018,2018-01-22,40
2018,4,52,5,0,150107A201,150107,0,0,0,0,1,0,29-01-2018,20184150107A201150107,1,1,29-01-2018,2018-01-27,44
2018,6,52,5,0,150107A201,150107,0,1,0,0,0,0,12-02-2018,20186150107A201150107,1,1,05-02-2018,2018-02-04,29
2018,6,52,5,0,150107A201,150107,1,1,0,1,0,0,12-02-2018,20186150107A201150107,1,3,12-02-2018,2018-02-06,111
2018,6,52,5,0,150107A201,150107,0,0,1,0,0,0,12-02-2018,20186150107A201150107,1,1,12-02-2018,2018-02-07,80
2018,6,52,5,0,150107A201,150107,0,1,0,0,0,0,12-02-2018,20186150107A201150107,1,1,12-02-2018,2018-02-09,93
2018,5,52,5,0,150107A201,150107,0,0,1,0,1,2,12-02-2018,20185150107A201150107,1,4,12-02-2018,2018-02-03,71
2018,7,52,5,0,150107A201,150107,0,0,1,0,0,0,19-02-2018,20187150107A201150107,1,1,19-02-2018,2018-02-12,116
2018,7,52,5,0,150107A201,150107,0,0,1,0,0,0,19-02-2018,20187150107A201150107,1,1,19-02-2018,2018-02-15,93
2018,7,52,5,0,150107A201,150101,0,0,0,0,1,1,19-02-2018,20187150107A201150101,1,2,19-02-2018,2018-02-11,23
2018,7,52,5,0,150107A201,150107,0,0,0,1,1,0,19-02-2018,20187150107A201150107,1,2,19-02-2018,2018-02-13,82
2018,7,52,5,0,150107A201,150107,0,0,0,0,10,1,18-02-2019,20187150107A201150107,1,11,19-02-2018,2018-02-14,11
2018,7,52,5,0,150107A201,150107,0,1,0,0,0,0,19-02-2018,20187150107A201150107,1,1,19-02-2018,2018-02-17,73
2018,8,52,5,0,150107A201,150107,0,0,0,0,1,0,26-02-2018,20188150107A201150107,1,1,26-02-2018,2018-02-18,27
2018,8,52,5,0,150107A201,150107,0,0,0,0,1,0,26-02-2018,20188150107A201150107,1,1,26-02-2018,2018-02-19,72
2018,8,52,5,0,150107A201,150107,0,1,1,0,1,0,26-02-2018,20188150107A201150107,1,3,26-02-2018,2018-02-20,96
2018,8,52,5,0,150107A201,150107,0,0,0,1,1,0,26-02-2018,20188150107A201150107,1,2,26-02-2018,2018-02-21,82
2018,8,52,5,0,150107A201,150107,0,1,1,0,1,1,26-02-2018,20188150107A201150107,1,4,26-02-2018,2018-02-22,69
2018,8,52,5,0,150107A201,150107,0,0,0,0,1,0,26-02-2018,20188150107A201150107,1,1,26-02-2018,2018-02-23,71
2018,8,52,5,0,150107A201,150107,0,1,0,0,0,0,26-02-2018,20188150107A201150107,1,1,26-02-2018,2018-02-24,48
2018,9,52,5,0,150107A201,150107,0,0,1,0,0,0,05-03-2018,20189150107A201150107,1,1,05-03-2018,2018-02-25,26
2018,9,52,5,0,150107A201,150107,0,3,0,0,0,0,05-03-2018,20189150107A201150107,1,3,05-03-2018,2018-02-27,118
2018,9,52,5,0,150107A201,150118,0,0,0,1,0,0,05-03-2018,20189150107A201150118,1,1,05-03-2018,2018-03-01,73
2018,9,52,5,0,150107A201,150107,0,1,0,0,0,0,05-03-2018,20189150107A201150107,1,1,05-03-2018,2018-03-03,95
2018,10,52,5,0,150107A201,150107,0,0,2,0,3,0,12-03-2018,201810150107A201150107,1,5,12-03-2018,2018-03-04,42
2018,10,52,5,0,150107A201,150107,0,1,0,0,0,0,12-03-2018,201810150107A201150107,1,1,12-03-2018,2018-03-05,71
2018,10,52,5,0,150107A201,150107,0,1,0,0,1,0,12-03-2018,201810150107A201150107,1,2,12-03-2018,2018-03-06,97
2018,10,52,5,0,150107A201,150107,0,0,1,0,0,0,12-03-2018,201810150107A201150107,1,1,12-03-2018,2018-03-07,84
2018,10,52,5,0,150107A201,150107,0,0,0,1,0,0,12-03-2018,201810150107A201150107,1,1,12-03-2018,2018-03-09,98
2018,10,52,5,0,150107A201,150107,0,0,1,1,0,0,12-03-2018,201810150107A201150107,1,2,12-03-2018,2018-03-10,51
2018,11,52,5,0,150107A201,150107,0,0,0,0,1,0,19-03-2018,201811150107A201150107,1,1,19-03-2018,2018-03-11,17
2018,11,52,5,0,150107A201,150107,0,0,1,0,1,0,19-03-2018,201811150107A201150107,1,2,19-03-2018,2018-03-12,46
2018,11,52,5,0,150107A201,150107,0,0,0,1,0,0,19-03-2018,201811150107A201150107,1,1,19-03-2018,2018-03-14,72
2018,11,52,5,0,150107A201,150107,0,2,1,0,0,0,19-03-2018,201811150107A201150107,1,3,19-03-2018,2018-03-15,58
2018,11,52,5,0,150107A201,150107,0,0,1,1,0,0,19-03-2018,201811150107A201150107,1,2,19-03-2018,2018-03-13,80
2018,11,52,5,0,150107A201,150107,0,0,0,0,0,1,19-03-2018,201811150107A201150107,1,1,19-03-2018,2018-03-16,83
2018,11,52,5,0,150107A201,150107,0,0,0,1,0,1,19-03-2018,201811150107A201150107,1,2,19-03-2018,2018-03-17,63
2018,12,52,5,0,150107A201,150107,0,0,0,0,0,1,26-03-2018,201812150107A201150107,1,1,19-03-2018,2018-03-18,26
2018,12,52,5,0,150107A201,150107,0,0,1,0,0,0,26-03-2018,201812150107A201150107,1,1,26-03-2018,2018-03-20,44
2018,12,52,5,0,150107A201,150107,0,0,1,0,0,0,26-03-2018,201812150107A201150107,1,1,26-03-2018,2018-03-22,65
2018,13,52,5,0,150107A201,150107,0,3,1,0,2,0,02-04-2018,201813150107A201150107,1,6,02-04-2018,2018-03-25,38
2018,13,52,5,0,150107A201,150107,0,1,0,0,0,0,02-04-2018,201813150107A201150107,1,1,02-04-2018,2018-03-26,79
2018,13,52,5,0,150107A201,150107,0,1,0,2,0,0,02-04-2018,201813150107A201150107,1,3,02-04-2018,2018-03-28,73
2018,13,52,5,0,150107A201,150107,0,0,0,0,1,0,02-04-2018,201813150107A201150107,1,1,02-04-2018,2018-03-29,33
2018,13,52,5,0,150107A201,150107,1,0,0,0,2,0,02-04-2018,201813150107A201150107,1,3,02-04-2018,2018-03-30,35
2018,14,52,5,0,150107A201,150107,1,1,0,0,1,0,09-04-2018,201814150107A201150107,1,3,09-04-2018,2018-04-01,30
2018,14,52,5,0,150107A201,150107,1,1,0,0,0,0,09-04-2018,201814150107A201150107,1,2,09-04-2018,2018-04-02,86
2018,14,52,5,0,150107A201,150107,0,0,0,0,1,0,09-04-2018,201814150107A201150107,1,1,09-04-2018,2018-04-04,93
2018,14,52,5,0,150107A201,150107,0,0,1,1,0,0,09-04-2018,201814150107A201150107,1,2,09-04-2018,2018-04-07,64
2018,15,52,5,0,150107A201,150107,0,2,0,0,3,0,16-04-2018,201815150107A201150107,1,5,16-04-2018,2018-04-08,25
2018,15,52,5,0,150107A201,150118,0,1,0,0,0,0,16-04-2018,201815150107A201150118,1,1,16-04-2018,2018-04-09,99
2018,15,52,5,0,150107A201,150107,0,1,0,0,0,0,16-04-2018,201815150107A201150107,1,1,16-04-2018,2018-04-10,86
2018,15,52,5,0,150107A201,150107,0,0,1,1,0,0,16-04-2018,201815150107A201150107,1,2,16-04-2018,2018-04-12,98
2018,15,52,5,0,150107A201,150107,0,0,0,0,1,0,16-04-2018,201815150107A201150107,1,1,16-04-2018,2018-04-13,60
2018,15,52,5,0,150107A201,150107,0,1,1,0,1,0,16-04-2018,201815150107A201150107,1,3,16-04-2018,2018-04-14,70
2018,16,52,5,0,150107A201,150107,0,0,2,1,1,0,23-04-2018,201816150107A201150107,1,4,23-04-2018,2018-04-15,28
2018,16,52,5,0,150107A201,150107,1,0,0,1,2,0,23-04-2018,201816150107A201150107,1,4,23-04-2018,2018-04-16,88
2018,16,52,5,0,150107A201,150107,0,2,0,1,0,0,23-04-2018,201816150107A201150107,1,3,23-04-2018,2018-04-17,97
2018,16,52,5,0,150107A201,150107,0,0,1,0,1,0,23-04-2018,201816150107A201150107,1,2,23-04-2018,2018-04-20,82
2018,17,52,5,0,150107A201,150107,0,0,1,0,1,0,30-04-2018,201817150107A201150107,1,2,30-04-2018,2018-04-25,54
2018,17,52,5,0,150107A201,150107,0,0,0,1,1,0,30-04-2018,201817150107A201150107,1,2,30-04-2018,2018-04-26,71
2018,17,52,5,0,150107A201,150107,0,0,0,1,0,0,30-04-2018,201817150107A201150107,1,1,30-04-2018,2018-04-28,42
2018,18,52,5,0,150107A201,150107,0,3,1,2,0,1,07-05-2018,201818150107A201150107,1,7,07-05-2018,2018-04-29,40
2018,18,52,5,0,150107A201,150107,0,2,0,0,1,0,07-05-2018,201818150107A201150107,1,3,07-05-2018,2018-05-01,38
2018,19,52,5,0,150107A201,150107,0,6,0,0,2,0,14-05-2018,201819150107A201150107,1,8,14-05-2018,2018-05-06,26
2018,19,52,5,0,150107A201,150107,1,0,0,0,1,0,14-05-2018,201819150107A201150107,1,2,14-05-2018,2018-05-07,75
2018,19,52,5,0,150107A201,150107,0,0,0,1,0,0,14-05-2018,201819150107A201150107,1,1,14-05-2018,2018-05-08,111
2018,19,52,5,0,150107A201,150107,0,0,0,0,2,0,14-05-2018,201819150107A201150107,1,2,14-05-2018,2018-05-09,82
2018,19,52,5,0,150107A201,150107,0,0,0,1,1,0,14-05-2018,201819150107A201150107,1,2,14-05-2018,2018-05-11,55
2018,19,52,5,0,150107A201,150107,0,0,1,0,0,1,14-05-2018,201819150107A201150107,1,2,14-05-2018,2018-05-12,61
2018,19,52,5,0,150107A201,150107,0,0,1,0,0,0,14-05-2018,201819150107A201150107,1,1,14-05-2018,2018-05-10,82
2018,20,52,5,0,150107A201,150107,0,0,0,0,4,0,21-05-2018,201820150107A201150107,1,4,21-05-2018,2018-05-13,20
2018,20,52,5,0,150107A201,150107,0,0,0,1,0,0,21-05-2018,201820150107A201150107,1,1,21-05-2018,2018-05-14,82
2018,20,52,5,0,150107A201,150107,0,0,1,0,0,0,21-05-2018,201820150107A201150107,1,1,21-05-2018,2018-05-15,85
2018,20,52,5,0,150107A201,150118,0,1,1,0,1,1,21-05-2018,201820150107A201150118,1,4,21-05-2018,2018-05-17,80
2018,20,52,5,0,150107A201,150107,0,0,0,0,0,1,21-05-2018,201820150107A201150107,1,1,21-05-2018,2018-05-18,63
2018,21,52,5,0,150107A201,150107,0,0,0,0,3,0,28-05-2018,201821150107A201150107,1,3,21-05-2018,2018-05-20,52
2018,21,52,5,0,150107A201,150107,0,0,2,0,1,1,28-05-2018,201821150107A201150107,1,4,28-05-2018,2018-05-21,111
2018,21,52,5,0,150107A201,150107,0,0,3,0,1,0,28-05-2018,201821150107A201150107,1,4,28-05-2018,2018-05-22,79
2018,21,52,5,0,150107A201,150107,0,0,2,0,0,0,28-05-2018,201821150107A201150107,1,2,28-05-2018,2018-05-25,77
2018,21,52,5,0,150107A201,150107,0,0,8,0,7,1,28-05-2018,201821150107A201150107,1,16,28-05-2018,2018-05-26,66
2018,22,52,5,0,150107A201,150107,0,1,1,0,1,0,04-06-2018,201822150107A201150107,1,3,04-06-2018,2018-05-27,34
2018,22,52,5,0,150107A201,150107,0,0,0,0,1,0,04-06-2018,201822150107A201150107,1,1,04-06-2018,2018-05-28,83
2018,22,52,5,0,150107A201,150107,0,0,0,0,1,0,04-06-2018,201822150107A201150107,1,1,04-06-2018,2018-05-29,80
2018,22,52,5,0,150107A201,150107,0,0,1,0,0,1,04-06-2018,201822150107A201150107,1,2,04-06-2018,2018-05-30,75
2018,22,52,5,0,150107A201,150107,0,2,1,0,2,0,04-06-2018,201822150107A201150107,1,5,04-06-2018,2018-05-31,77
2018,22,52,5,0,150107A201,150107,0,1,1,0,1,0,04-06-2018,201822150107A201150107,1,3,04-06-2018,2018-06-01,58
2018,23,52,5,0,150107A201,150107,0,1,1,0,2,0,11-06-2018,201823150107A201150107,1,4,11-06-2018,2018-06-03,32
2018,23,52,5,0,150107A201,150107,0,0,0,1,0,0,11-06-2018,201823150107A201150107,1,1,11-06-2018,2018-06-04,70
2018,23,52,5,0,150107A201,150107,0,0,0,0,0,1,11-06-2018,201823150107A201150107,1,1,11-06-2018,2018-06-05,75
2018,23,52,5,0,150107A201,150101,1,0,2,0,1,0,11-06-2018,201823150107A201150101,1,4,11-06-2018,2018-06-06,74
2018,23,52,5,0,150107A201,150107,0,1,0,0,2,0,11-06-2018,201823150107A201150107,1,3,11-06-2018,2018-06-07,61
2018,23,52,5,0,150107A201,150107,0,1,0,1,0,0,11-06-2018,201823150107A201150107,1,2,11-06-2018,2018-06-08,87
2018,24,52,5,0,150107A201,150107,0,1,1,0,1,0,18-06-2018,201824150107A201150107,1,3,18-06-2018,2018-06-16,35
2018,24,52,5,0,150107A201,150118,0,0,0,0,2,0,18-06-2018,201824150107A201150118,1,2,16-06-2018,2018-06-10,36
2018,24,52,5,0,150107A201,150118,0,0,1,1,1,0,18-06-2018,201824150107A201150118,1,3,16-06-2018,2018-06-11,62
2018,24,52,5,0,150107A201,150118,0,0,1,1,0,0,18-06-2018,201824150107A201150118,1,2,16-06-2018,2018-06-12,75
2018,24,52,5,0,150107A201,150118,0,2,0,0,0,2,18-06-2018,201824150107A201150118,1,4,16-06-2018,2018-06-13,82
2018,24,52,5,0,150107A201,150118,0,1,1,0,1,0,18-06-2018,201824150107A201150118,1,3,16-06-2018,2018-06-14,71
2018,24,52,5,0,150107A201,150118,0,1,0,1,1,1,18-06-2018,201824150107A201150118,1,4,16-06-2018,2018-06-15,63
2018,24,52,5,0,150107A201,150118,0,0,1,0,1,0,18-06-2018,201824150107A201150118,1,2,16-06-2018,2018-06-16,41
2018,25,52,5,0,150107A201,150107,0,1,2,0,0,0,25-06-2018,201825150107A201150107,1,3,25-06-2018,2018-06-17,34
2018,25,52,5,0,150107A201,150107,0,1,0,1,1,1,25-06-2018,201825150107A201150107,1,4,25-06-2018,2018-06-18,77
2018,25,52,5,0,150107A201,150107,0,1,0,0,0,0,25-06-2018,201825150107A201150107,1,1,25-06-2018,2018-06-19,75
2018,25,52,5,0,150107A201,150107,0,3,0,0,2,0,25-06-2018,201825150107A201150107,1,5,25-06-2018,2018-06-20,79
2018,25,52,5,0,150107A201,150107,0,0,1,0,0,0,25-06-2018,201825150107A201150107,1,1,25-06-2018,2018-06-21,81
2018,25,52,5,0,150107A201,150107,0,1,0,0,1,0,25-06-2018,201825150107A201150107,1,2,25-06-2018,2018-06-22,70
2018,25,52,5,0,150107A201,150107,0,0,1,0,0,0,25-06-2018,201825150107A201150107,1,1,25-06-2018,2018-06-23,28
2018,26,52,5,0,150107A201,150107,0,4,0,0,0,0,02-07-2018,201826150107A201150107,1,4,02-07-2018,2018-06-26,19
2018,26,52,5,0,150107A201,150107,0,1,1,0,4,0,02-07-2018,201826150107A201150107,1,6,02-07-2018,2018-06-25,73
2018,26,52,5,0,150107A201,150107,0,1,0,0,0,0,02-07-2018,201826150107A201150107,1,1,02-07-2018,2018-06-27,31
2018,26,52,5,0,150107A201,150107,0,1,0,1,0,0,02-07-2018,201826150107A201150107,1,2,02-07-2018,2018-06-30,51
2018,27,52,5,0,150107A201,150107,1,5,2,1,5,2,09-07-2018,201827150107A201150107,1,16,09-07-2018,2018-07-01,29
2018,27,52,5,0,150107A201,150107,0,1,0,1,2,0,09-07-2018,201827150107A201150107,1,4,09-07-2018,2018-07-02,90
2018,27,52,5,0,150107A201,150107,0,0,0,1,0,0,09-07-2018,201827150107A201150107,1,1,09-07-2018,2018-07-03,85
2018,27,52,5,0,150107A201,150107,0,1,0,0,0,0,09-07-2018,201827150107A201150107,1,1,09-07-2018,2018-07-04,81
2018,27,52,5,0,150107A201,150107,0,1,1,0,0,0,09-07-2018,201827150107A201150107,1,2,09-07-2018,2018-07-05,76
2018,27,52,5,0,150107A201,150107,0,0,1,0,1,0,09-07-2018,201827150107A201150107,1,2,09-07-2018,2018-07-06,67
2018,28,52,5,0,150107A201,150107,0,1,0,0,5,0,16-07-2018,201828150107A201150107,1,6,16-07-2018,2018-07-08,26
2018,28,52,5,0,150107A201,150107,0,0,0,0,1,0,16-07-2018,201828150107A201150107,1,1,16-07-2018,2018-07-09,71
2018,28,52,5,0,150107A201,150118,0,0,0,0,1,0,16-07-2018,201828150107A201150118,1,1,16-07-2018,2018-07-10,56
2018,28,52,5,0,150107A201,150107,0,0,1,1,0,0,16-07-2018,201828150107A201150107,1,2,05-07-2018,2018-07-11,69
2018,28,52,5,0,150107A201,150107,0,0,1,0,0,0,16-07-2018,201828150107A201150107,1,1,16-07-2018,2018-07-12,82
2018,28,52,5,0,150107A201,150107,1,0,0,0,1,1,16-07-2018,201828150107A201150107,1,3,16-07-2018,2018-07-13,80
2018,29,52,5,0,150107A201,150107,0,1,0,0,1,0,23-07-2018,201829150107A201150107,1,2,23-07-2018,2018-07-15,37
2018,29,52,5,0,150107A201,150107,0,0,0,0,3,0,23-07-2018,201829150107A201150107,1,3,23-07-2018,2018-07-17,77
2018,29,52,5,0,150107A201,150107,0,0,0,1,0,0,23-07-2018,201829150107A201150107,1,1,23-07-2018,2018-07-18,69
2018,29,52,5,0,150107A201,150107,0,0,1,0,3,0,23-07-2018,201829150107A201150107,1,4,23-07-2018,2018-07-19,63
2018,29,52,5,0,150107A201,150107,0,0,0,0,1,0,23-07-2018,201829150107A201150107,1,1,23-07-2018,2018-07-20,55
2018,30,52,5,0,150107A201,150107,0,1,0,0,1,0,30-07-2018,201830150107A201150107,1,2,30-07-2018,2018-07-22,55
2018,30,52,5,0,150107A201,150107,0,0,0,1,0,0,30-07-2018,201830150107A201150107,1,1,30-07-2018,2018-07-23,79
2018,30,52,5,0,150107A201,150107,0,1,0,1,0,0,30-07-2018,201830150107A201150107,1,2,30-07-2018,2018-07-24,91
2018,30,52,5,0,150107A201,150107,1,0,0,0,0,0,30-07-2018,201830150107A201150107,1,1,30-07-2018,2018-07-28,30
2018,31,52,5,0,150107A201,150107,1,2,0,3,0,0,06-08-2018,201831150107A201150107,1,6,06-08-2018,2018-07-29,25
2018,31,52,5,0,150107A201,150107,0,0,0,0,1,1,06-08-2018,201831150107A201150107,1,2,06-08-2018,2018-07-31,82
2018,31,52,5,0,150107A201,150107,0,0,1,1,1,0,06-08-2018,201831150107A201150107,1,3,06-08-2018,2018-08-01,102
2018,31,52,5,0,150107A201,150107,0,1,0,0,2,0,06-08-2018,201831150107A201150107,1,3,06-08-2018,2018-08-02,56
2018,31,52,5,0,150107A201,150107,0,1,1,0,1,0,06-08-2018,201831150107A201150107,1,3,06-08-2018,2018-08-03,87
2018,32,52,5,0,150107A201,150107,0,0,1,0,0,0,13-08-2018,201832150107A201150107,1,1,13-08-2018,2018-08-05,29
2018,32,52,5,0,150107A201,150107,0,0,0,1,0,0,13-08-2018,201832150107A201150107,1,1,13-08-2018,2018-08-06,74
2018,32,52,5,0,150107A201,150107,0,0,0,1,0,0,13-08-2018,201832150107A201150107,1,1,13-08-2018,2018-08-07,77
2018,32,52,5,0,150107A201,150107,0,0,0,1,0,0,13-08-2018,201832150107A201150107,1,1,13-08-2018,2018-08-08,75
2018,32,52,5,0,150107A201,150107,0,0,0,1,0,0,13-08-2018,201832150107A201150107,1,1,13-08-2018,2018-08-09,79
2018,33,52,5,0,150107A201,150107,0,0,0,0,1,0,20-08-2018,201833150107A201150107,1,1,20-08-2018,2018-08-12,25
2018,33,52,5,0,150107A201,150107,1,0,0,0,0,0,20-08-2018,201833150107A201150107,1,1,20-08-2018,2018-08-13,85
2018,33,52,5,0,150107A201,150107,0,1,0,0,1,0,20-08-2018,201833150107A201150107,1,2,20-08-2018,2018-08-14,73
2018,33,52,5,0,150107A201,150107,0,0,0,0,3,0,20-08-2018,201833150107A201150107,1,3,20-08-2018,2018-08-15,59
2018,34,52,5,0,150107A201,150107,1,1,0,0,0,2,27-08-2018,201834150107A201150107,1,4,27-08-2018,2018-08-19,25
2018,34,52,5,0,150107A201,150107,0,1,0,0,0,0,27-08-2018,201834150107A201150107,1,1,27-08-2018,2018-08-20,75
2018,34,52,5,0,150107A201,150107,0,0,0,0,1,0,27-08-2018,201834150107A201150107,1,1,27-08-2018,2018-08-24,77
2018,35,52,5,0,150107A201,150107,0,0,0,0,2,0,03-09-2018,201835150107A201150107,1,2,03-09-2018,2018-08-26,38
2018,36,52,5,0,150107A201,150107,1,0,0,0,1,0,10-09-2018,201836150107A201150107,1,2,10-09-2018,2018-09-02,32
2018,36,52,5,0,150107A201,150107,0,0,0,0,1,0,10-09-2018,201836150107A201150107,1,1,10-09-2018,2018-09-03,85
2018,36,52,5,0,150107A201,150107,0,0,0,1,4,0,10-09-2018,201836150107A201150107,1,5,10-09-2018,2018-09-05,78
2018,36,52,5,0,150107A201,150107,0,2,0,0,0,0,10-09-2018,201836150107A201150107,1,2,10-09-2018,2018-09-06,79
2018,36,52,5,0,150107A201,150107,0,0,0,0,1,0,10-09-2018,201836150107A201150107,1,1,10-09-2018,2018-09-07,82
2018,37,52,5,0,150107A201,150107,0,1,0,2,2,0,17-09-2018,201837150107A201150107,1,5,17-09-2018,2018-09-09,30
2018,37,52,5,0,150107A201,150107,0,0,0,0,1,0,17-09-2018,201837150107A201150107,1,1,17-09-2018,2018-09-12,88
2018,37,52,5,0,150107A201,150107,0,1,0,1,1,0,17-09-2018,201837150107A201150107,1,3,17-09-2018,2018-09-13,92
2018,37,52,5,0,150107A201,150107,0,0,0,1,0,0,17-09-2018,201837150107A201150107,1,1,17-09-2018,2018-09-14,74
2018,38,52,5,0,150107A201,150107,0,0,0,2,3,0,24-09-2018,201838150107A201150107,1,5,24-09-2018,2018-09-16,38
2018,38,52,5,0,150107A201,150107,0,0,1,0,0,0,24-09-2018,201838150107A201150107,1,1,17-09-2018,2018-09-17,90
2018,38,52,5,0,150107A201,150107,0,0,0,0,1,0,24-09-2018,201838150107A201150107,1,1,18-09-2018,2018-09-18,96
2018,38,52,5,0,150107A201,150107,0,0,0,1,0,0,24-09-2018,201838150107A201150107,1,1,24-09-2018,2018-09-20,81
2018,38,52,5,0,150107A201,150107,0,0,1,0,0,0,24-09-2018,201838150107A201150107,1,1,21-09-2018,2018-09-21,52
2018,39,52,5,0,150107A201,150107,0,0,0,1,0,0,01-10-2018,201839150107A201150107,1,1,01-10-2018,2018-09-25,82
2018,39,52,5,0,150107A201,150107,0,0,1,0,0,0,01-10-2018,201839150107A201150107,1,1,01-10-2018,2018-09-26,93
2018,39,52,5,0,150107A201,150107,0,0,1,0,0,0,01-10-2018,201839150107A201150107,1,1,01-10-2018,2018-09-27,91
2018,39,52,5,0,150107A201,150107,0,0,0,0,1,0,01-10-2018,201839150107A201150107,1,1,01-10-2018,2018-09-28,90
2018,39,52,5,0,150107A201,150107,0,0,1,0,0,0,01-10-2018,201839150107A201150107,1,1,01-10-2018,2018-09-29,64
2018,40,52,5,0,150107A201,150107,1,0,2,0,2,0,09-10-2018,201840150107A201150107,1,5,09-10-2018,2018-09-30,30
2018,40,52,5,0,150107A201,150118,1,0,2,0,0,0,09-10-2018,201840150107A201150118,1,3,09-10-2018,2018-10-01,82
2018,41,52,5,0,150107A201,150107,0,0,2,1,3,0,16-10-2018,201841150107A201150107,1,6,09-10-2018,2018-10-09,93
2018,37,52,5,0,150107A201,150107,0,0,0,1,1,0,09-10-2018,201837150107A201150107,1,2,09-10-2018,2018-09-10,69
2018,40,52,5,0,150107A201,150118,0,0,0,0,1,0,09-10-2018,201840150107A201150118,1,1,09-10-2018,2018-10-06,84
2018,41,52,5,0,150107A201,150107,0,0,0,0,1,0,16-10-2018,201841150107A201150107,1,1,16-10-2018,2018-10-10,77
2018,41,52,5,0,150107A201,150107,0,0,1,0,0,0,16-10-2018,201841150107A201150107,1,1,16-10-2018,2018-10-12,70
2018,41,52,5,0,150107A201,150107,0,0,1,0,0,0,16-10-2018,201841150107A201150107,1,1,13-10-2018,2018-10-13,32
2018,42,52,5,0,150107A201,150107,0,1,0,0,0,0,22-10-2018,201842150107A201150107,1,1,22-10-2018,2018-10-14,27
2018,42,52,5,0,150107A201,150107,0,0,0,0,1,0,22-10-2018,201842150107A201150107,1,1,22-10-2018,2018-10-15,78
2018,42,52,5,0,150107A201,150107,0,1,0,0,1,0,22-10-2018,201842150107A201150107,1,2,22-10-2018,2018-10-16,72
2018,42,52,5,0,150107A201,150107,0,0,0,1,0,0,22-10-2018,201842150107A201150107,1,1,22-10-2018,2018-10-17,84
2018,42,52,5,0,150107A201,150107,0,0,0,0,1,0,22-10-2018,201842150107A201150107,1,1,22-10-2018,2018-10-18,83
2018,42,52,5,0,150107A201,150107,0,0,0,0,1,0,22-10-2018,201842150107A201150107,1,1,22-10-2018,2018-10-19,72
2018,43,52,5,0,150107A201,150107,0,2,1,1,1,1,29-10-2018,201843150107A201150107,1,6,29-10-2018,2018-10-21,42
2018,43,52,5,0,150107A201,150107,0,0,0,0,2,1,29-10-2018,201843150107A201150107,1,3,29-10-2018,2018-10-22,91
2018,43,52,5,0,150107A201,150107,0,0,0,0,1,0,29-10-2018,201843150107A201150107,1,1,29-10-2018,2018-10-23,61
2018,43,52,5,0,150107A201,150107,0,0,0,0,2,0,29-10-2018,201843150107A201150107,1,2,29-10-2018,2018-10-25,83
2018,43,52,5,0,150107A201,150107,0,0,0,0,1,0,29-10-2018,201843150107A201150107,1,1,29-10-2018,2018-10-26,76
2018,43,52,5,0,150107A201,150107,0,0,0,0,1,0,29-10-2018,201843150107A201150107,1,1,27-10-2018,2018-10-27,70
2018,45,52,5,0,150107A201,150107,0,0,0,1,1,0,12-11-2018,201845150107A201150107,1,2,28-10-2018,2018-11-05,84
2018,44,52,5,0,150107A201,150107,0,1,1,0,0,1,05-11-2018,201844150107A201150107,1,3,05-11-2018,2018-10-29,90
2018,44,52,5,0,150107A201,150107,0,1,0,0,2,0,05-11-2018,201844150107A201150107,1,3,05-11-2018,2018-10-30,84
2018,40,52,5,0,150107A201,150107,0,1,0,0,0,0,05-11-2018,201840150107A201150107,1,1,05-11-2018,2018-10-01,24
2018,44,52,5,0,150107A201,150107,0,0,1,0,0,0,05-11-2018,201844150107A201150107,1,1,05-11-2018,2018-11-02,66
2018,45,52,5,0,150107A201,150118,1,0,1,1,0,0,12-11-2018,201845150107A201150118,1,3,12-11-2018,2018-11-04,0
2018,45,52,5,0,150107A201,150107,0,0,0,1,0,0,12-11-2018,201845150107A201150107,1,1,12-11-2018,2018-11-04,35
2018,45,52,5,0,150107A201,150107,0,1,0,0,1,0,13-11-2018,201845150107A201150107,1,2,13-11-2018,2018-11-09,85
2018,45,52,5,0,150107A201,150107,0,1,0,0,0,0,13-11-2018,201845150107A201150107,1,1,12-11-2018,2018-11-08,70
2018,45,52,5,0,150107A201,150107,0,0,0,0,1,0,13-11-2018,201845150107A201150107,1,1,13-11-2018,2018-11-07,81
2018,45,52,5,0,150107A201,150107,0,2,0,0,0,0,13-11-2018,201845150107A201150107,1,2,12-11-2018,2018-11-06,88
2018,45,52,5,0,150107A201,150118,1,0,0,0,0,0,13-11-2018,201845150107A201150118,1,1,13-11-2018,2018-11-05,0
2018,46,52,5,0,150107A201,150107,0,3,2,0,0,0,19-11-2018,201846150107A201150107,1,5,19-11-2018,2018-11-12,61
2018,46,52,5,0,150107A201,150107,0,2,3,0,0,0,19-11-2018,201846150107A201150107,1,5,19-11-2018,2018-11-11,17
2018,46,52,5,0,150107A201,150107,0,0,1,0,0,0,19-11-2018,201846150107A201150107,1,1,19-11-2018,2018-11-13,70
2018,46,52,5,0,150107A201,150107,0,0,0,1,0,0,19-11-2018,201846150107A201150107,1,1,19-11-2018,2018-11-14,0
2018,47,52,5,0,150107A201,150107,0,0,0,0,0,1,26-11-2018,201847150107A201150107,1,1,26-11-2018,2018-11-19,55
2018,47,52,5,0,150107A201,150107,0,0,1,1,2,1,26-11-2018,201847150107A201150107,1,5,26-11-2018,2018-11-20,60
2018,47,52,5,0,150107A201,150107,0,0,2,0,0,0,26-11-2018,201847150107A201150107,1,2,26-11-2018,2018-11-24,63
2018,48,52,5,0,150107A201,150107,0,0,0,2,0,0,03-12-2018,201848150107A201150107,1,2,03-12-2018,2018-11-25,31
2018,48,52,5,0,150107A201,150107,0,1,1,0,0,0,03-12-2018,201848150107A201150107,1,2,03-12-2018,2018-11-30,49
2018,49,52,5,0,150107A201,150107,0,1,1,0,0,0,10-12-2018,201849150107A201150107,1,2,10-12-2018,2018-12-04,47
2018,49,52,5,0,150107A201,150107,0,0,1,0,0,0,10-12-2018,201849150107A201150107,1,1,10-12-2018,2018-12-05,35
2018,49,52,5,0,150107A201,150107,0,0,0,1,0,0,10-12-2018,201849150107A201150107,1,1,10-12-2018,2018-12-07,50
2018,49,52,5,0,150107A201,150107,0,1,1,0,0,0,10-12-2018,201849150107A201150107,1,2,10-12-2018,2018-12-08,29
2018,50,52,5,0,150107A201,150107,0,1,3,0,1,0,17-12-2018,201850150107A201150107,1,5,17-12-2018,2018-12-15,178
2018,51,52,5,0,150107A201,150107,0,0,0,0,2,0,26-12-2018,201851150107A201150107,1,2,26-12-2018,2018-12-21,40
2018,51,52,5,0,150107A201,150107,0,1,0,0,0,0,26-12-2018,201851150107A201150107,1,1,26-12-2018,2018-12-22,37
2018,52,52,5,0,150107A201,150107,0,0,0,0,1,0,31-12-2018,201852150107A201150107,1,1,31-12-2018,2018-12-23,31
2018,52,52,5,0,150107A201,150107,0,0,1,0,1,0,31-12-2018,201852150107A201150107,1,2,31-12-2018,2018-12-25,30
2018,52,52,5,0,150107A201,150107,1,0,0,0,0,0,31-12-2018,201852150107A201150107,1,1,31-12-2018,2018-12-26,45
2018,52,52,5,0,150107A201,150107,0,0,0,1,1,0,31-12-2018,201852150107A201150107,1,2,31-12-2018,2018-12-27,27
2018,3,52,5,0,150107A201,150107,0,0,0,0,10,1,18-02-2019,20183150107A201150107,1,11,18-02-2019,2018-01-14,0
2019,1,52,5,0,150107A201,150107,0,1,0,0,1,0,07-01-2019,20191150107A201150107,1,2,02-01-2019,2019-01-02,59
2019,1,52,5,0,150107A201,150107,0,0,0,1,0,0,07-01-2019,20191150107A201150107,1,1,07-01-2019,2019-01-03,44
2019,1,52,5,0,150107A201,150107,0,0,0,0,2,0,07-01-2019,20191150107A201150107,1,2,07-01-2019,2019-01-01,22
2019,1,52,5,0,150107A201,150107,0,2,0,0,0,0,07-01-2019,20191150107A201150107,1,2,07-01-2019,2019-01-04,31
2019,2,52,5,0,150107A201,150107,0,1,0,1,2,1,14-01-2019,20192150107A201150107,1,5,14-01-2019,2019-01-06,119
2019,3,52,5,0,150107A201,150107,0,0,1,0,0,0,21-01-2019,20193150107A201150107,1,1,21-01-2019,2019-01-13,17
2019,3,52,5,0,150107A201,150107,0,1,0,0,0,0,21-01-2019,20193150107A201150107,1,1,21-01-2019,2019-01-14,54
2019,3,52,5,0,150107A201,150107,0,0,0,1,0,0,21-01-2019,20193150107A201150107,1,1,21-01-2019,2019-01-16,54
2019,3,52,5,0,150107A201,150107,0,0,0,1,0,0,21-01-2019,20193150107A201150107,1,1,21-01-2019,2019-01-19,58
2019,4,52,5,0,150107A201,150107,0,7,0,0,0,0,28-01-2019,20194150107A201150107,1,7,28-01-2019,2019-01-20,49
2019,4,52,5,0,150107A201,150107,0,1,0,0,0,0,28-01-2019,20194150107A201150107,1,1,28-01-2019,2019-01-24,53
2019,4,52,5,0,150107A201,150107,0,1,0,0,0,0,28-01-2019,20194150107A201150107,1,1,28-01-2019,2019-01-26,49
2019,5,52,5,0,150107A201,150107,0,0,0,2,0,0,04-02-2019,20195150107A201150107,1,2,04-02-2019,2019-01-29,65
2019,5,52,5,0,150107A201,150103,0,0,1,0,0,0,04-02-2019,20195150107A201150103,1,1,04-02-2019,2019-01-30,41
2019,5,52,5,0,150107A201,150107,0,0,0,1,0,0,04-02-2019,20195150107A201150107,1,1,04-02-2019,2019-01-30,0
2019,5,52,5,0,150107A201,150107,0,2,0,1,0,0,04-02-2019,20195150107A201150107,1,3,04-02-2019,2019-02-01,48
2019,5,52,5,0,150107A201,150107,1,0,0,0,0,0,04-02-2019,20195150107A201150107,1,1,04-02-2019,2019-02-02,31
2019,6,52,5,0,150107A201,150107,0,0,0,1,0,0,11-02-2019,20196150107A201150107,1,1,11-02-2019,2019-02-03,25
2019,6,52,5,0,150107A201,150107,0,0,0,0,4,0,11-02-2019,20196150107A201150107,1,4,11-02-2019,2019-02-06,82
2019,6,52,5,0,150107A201,150107,0,0,0,0,5,0,11-02-2019,20196150107A201150107,1,5,11-02-2019,2019-02-07,85
2019,6,52,5,0,150107A201,150107,0,0,0,0,1,0,11-02-2019,20196150107A201150107,1,1,11-02-2019,2019-02-08,88
2019,7,52,5,0,150107A201,150118,0,0,0,0,0,1,18-02-2019,20197150107A201150118,1,1,18-02-2019,2019-02-12,112
2019,8,52,5,0,150107A201,150118,0,0,1,0,0,0,25-02-2019,20198150107A201150118,1,1,25-02-2019,2019-02-18,0
2019,8,52,5,0,150107A201,150107,0,1,0,0,0,11,25-02-2019,20198150107A201150107,1,12,25-02-2019,2019-02-18,87
2019,8,52,5,0,150107A201,150107,0,0,1,0,1,3,25-02-2019,20198150107A201150107,1,5,25-02-2019,2019-02-21,98
2019,9,52,5,0,150107A201,150107,0,0,0,0,4,1,04-03-2019,20199150107A201150107,1,5,04-03-2019,2019-02-25,61
2019,9,52,5,0,150107A201,150107,0,1,0,0,12,0,04-03-2019,20199150107A201150107,1,13,04-03-2019,2019-02-27,63
2019,9,52,5,0,150107A201,150107,0,0,1,0,0,0,04-03-2019,20199150107A201150107,1,1,28-02-2019,2019-02-28,51
2019,10,52,5,0,150107A201,150107,0,0,0,0,2,0,11-03-2019,201910150107A201150107,1,2,11-03-2019,2019-03-03,24
2019,10,52,5,0,150107A201,150107,1,1,0,0,0,0,11-03-2019,201910150107A201150107,1,2,11-03-2019,2019-03-04,58
2019,10,52,5,0,150107A201,150107,0,1,0,1,2,0,11-03-2019,201910150107A201150107,1,4,11-03-2019,2019-03-07,43
2019,10,52,5,0,150107A201,150106,0,0,0,1,0,2,11-03-2019,201910150107A201150106,1,3,11-03-2019,2019-03-08,39
2019,11,52,5,0,150107A201,150107,1,0,0,0,0,0,18-03-2019,201911150107A201150107,1,1,18-03-2019,2019-03-10,0
2019,11,52,5,0,150107A201,150107,0,3,0,6,2,2,18-03-2019,201911150107A201150107,1,13,18-03-2019,2019-03-11,58
2019,11,52,5,0,150107A201,150107,1,1,0,1,0,1,18-03-2019,201911150107A201150107,1,4,18-03-2019,2019-03-12,47
2019,11,52,5,0,150107A201,150107,1,0,2,0,0,0,18-03-2019,201911150107A201150107,1,3,18-03-2019,2019-03-13,46
2019,11,52,5,0,150107A201,150107,1,1,0,1,2,0,18-03-2019,201911150107A201150107,1,5,18-03-2019,2019-03-14,48
2019,12,52,5,0,150107A201,150107,0,0,0,0,1,0,25-03-2019,201912150107A201150107,1,1,25-03-2019,2019-03-17,30
2019,12,52,5,0,150107A201,150107,0,0,0,0,1,0,25-03-2019,201912150107A201150107,1,1,25-03-2019,2019-03-18,13
2019,12,52,5,0,150107A201,150107,0,0,0,0,0,2,25-03-2019,201912150107A201150107,1,2,25-03-2019,2019-03-20,52
2019,12,52,5,0,150107A201,150107,2,0,0,3,2,0,25-03-2019,201912150107A201150107,1,7,25-03-2019,2019-03-21,56
2019,12,52,5,0,150107A201,150107,1,0,1,0,0,0,25-03-2019,201912150107A201150107,1,2,25-03-2019,2019-03-19,47
2019,13,52,5,0,150107A201,150107,0,0,0,0,0,1,01-04-2019,201913150107A201150107,1,1,01-04-2019,2019-03-24,29
2019,13,52,5,0,150107A201,150107,0,0,0,0,1,0,01-04-2019,201913150107A201150107,1,1,01-04-2019,2019-03-25,64
2019,13,52,5,0,150107A201,150107,0,0,0,2,1,0,01-04-2019,201913150107A201150107,1,3,01-04-2019,2019-03-26,42
2019,13,52,5,0,150107A201,150107,0,0,0,2,1,0,01-04-2019,201913150107A201150107,1,3,01-04-2019,2019-03-28,44
2019,13,52,5,0,150107A201,150107,0,0,0,0,2,0,01-04-2019,201913150107A201150107,1,2,01-04-2019,2019-03-30,39
2019,14,52,5,0,150107A201,150107,2,1,1,1,0,1,08-04-2019,201914150107A201150107,1,6,08-04-2019,2019-04-01,31
2019,14,52,5,0,150107A201,150107,1,0,0,0,0,0,08-04-2019,201914150107A201150107,1,1,08-04-2019,2019-04-02,56
2019,15,52,5,0,150107A201,150107,0,0,0,1,0,0,15-04-2019,201915150107A201150107,1,1,15-04-2019,2019-04-09,39
2019,15,52,5,0,150107A201,150107,0,1,1,0,0,0,15-04-2019,201915150107A201150107,1,2,15-04-2019,2019-04-11,60
2019,15,52,5,0,150107A201,150107,0,0,0,0,0,1,15-04-2019,201915150107A201150107,1,1,15-04-2019,2019-04-13,0
2019,16,52,5,0,150107A201,150107,0,1,0,0,0,0,22-04-2019,201916150107A201150107,1,1,22-04-2019,2019-04-15,52
2019,16,52,5,0,150107A201,150107,0,0,0,1,1,0,22-04-2019,201916150107A201150107,1,2,22-04-2019,2019-04-16,52
2019,16,52,5,0,150107A201,150107,0,0,0,1,0,0,22-04-2019,201916150107A201150107,1,1,22-04-2019,2019-04-18,23
2019,16,52,5,0,150107A201,150107,0,0,0,0,1,0,22-04-2019,201916150107A201150107,1,1,19-04-2019,2019-04-19,28
2019,16,52,5,0,150107A201,150107,0,0,0,1,0,0,22-04-2019,201916150107A201150107,1,1,22-04-2019,2019-04-20,44
2019,17,52,5,0,150107A201,150107,0,0,0,2,0,1,29-04-2019,201917150107A201150107,1,3,29-04-2019,2019-04-24,41
2019,17,52,5,0,150107A201,150107,0,1,0,0,1,0,29-04-2019,201917150107A201150107,1,2,29-04-2019,2019-04-26,65
2019,17,52,5,0,150107A201,150107,0,0,0,0,2,0,29-04-2019,201917150107A201150107,1,2,29-04-2019,2019-04-27,36
2019,18,52,5,0,150107A201,150107,2,2,0,0,4,0,06-05-2019,201918150107A201150107,1,8,06-05-2019,2019-04-29,49
2019,18,52,5,0,150107A201,150107,0,0,0,0,1,0,06-05-2019,201918150107A201150107,1,1,06-05-2019,2019-04-30,48
2019,18,52,5,0,150107A201,150107,0,1,0,0,0,0,06-05-2019,201918150107A201150107,1,1,06-05-2019,2019-05-04,45
2019,19,52,5,0,150107A201,150107,0,0,0,0,1,0,13-05-2019,201919150107A201150107,1,1,13-05-2019,2019-05-05,26
2019,19,52,5,0,150107A201,150107,0,0,1,0,0,0,13-05-2019,201919150107A201150107,1,1,13-05-2019,2019-05-10,47
2019,19,52,5,0,150107A201,150107,0,0,0,1,0,0,13-05-2019,201919150107A201150107,1,1,13-05-2019,2019-05-11,30
2019,20,52,5,0,150107A201,150107,0,0,0,1,1,0,20-05-2019,201920150107A201150107,1,2,20-05-2019,2019-05-12,21
2019,20,52,5,0,150107A201,150107,0,0,1,0,0,0,20-05-2019,201920150107A201150107,1,1,20-05-2019,2019-05-15,63
2019,20,52,5,0,150107A201,150107,0,0,0,1,1,0,20-05-2019,201920150107A201150107,1,2,20-05-2019,2019-05-16,85
2019,21,52,5,0,150107A201,150107,0,0,2,0,0,0,27-05-2019,201921150107A201150107,1,2,27-05-2019,2019-05-21,95
2019,22,52,5,0,150107A201,150107,0,0,0,2,0,0,03-06-2019,201922150107A201150107,1,2,03-06-2019,2019-06-01,66
2019,22,52,5,0,150107A201,150107,0,0,0,0,1,0,03-06-2019,201922150107A201150107,1,1,03-06-2019,2019-05-26,21
2019,22,52,5,0,150107A201,150107,0,0,0,0,1,0,03-06-2019,201922150107A201150107,1,1,03-06-2019,2019-05-27,53
2019,23,52,5,0,150107A201,150107,1,0,0,0,2,0,10-06-2019,201923150107A201150107,1,3,10-06-2019,2019-06-03,103
2019,23,52,5,0,150107A201,150107,0,0,0,2,0,0,10-06-2019,201923150107A201150107,1,2,05-06-2019,2019-06-05,75
2019,24,52,5,0,150107A201,150107,0,0,0,0,2,0,17-06-2019,201924150107A201150107,1,2,17-06-2019,2019-06-11,85
2019,24,52,5,0,150107A201,150107,0,1,0,0,0,0,17-06-2019,201924150107A201150107,1,1,17-06-2019,2019-06-12,55
2019,24,52,5,0,150107A201,150107,1,0,0,0,0,0,17-06-2019,201924150107A201150107,1,1,17-06-2019,2019-06-14,62
2019,24,52,5,0,150107A201,150107,0,0,0,0,1,0,17-06-2019,201924150107A201150107,1,1,17-06-2019,2019-06-15,52
2019,25,52,5,0,150107A201,150107,0,0,0,0,1,0,24-06-2019,201925150107A201150107,1,1,17-06-2019,2019-06-16,84
2019,25,52,5,0,150107A201,150107,0,0,0,1,1,0,24-06-2019,201925150107A201150107,1,2,24-06-2019,2019-06-18,51
2019,25,52,5,0,150107A201,150107,0,1,1,0,1,0,24-06-2019,201925150107A201150107,1,3,24-06-2019,2019-06-19,78
2019,26,52,5,0,150107A201,150107,0,0,2,0,0,0,01-07-2019,201926150107A201150107,1,2,01-07-2019,2019-06-24,63
2019,26,52,5,0,150107A201,150107,0,1,0,0,0,0,01-07-2019,201926150107A201150107,1,1,01-07-2019,2019-06-28,65
2019,26,52,5,0,150107A201,150107,0,3,0,0,1,0,01-07-2019,201926150107A201150107,1,4,01-07-2019,2019-06-29,35
2019,27,52,5,0,150107A201,150107,0,0,1,0,0,0,08-07-2019,201927150107A201150107,1,1,08-07-2019,2019-07-02,85
2019,27,52,5,0,150107A201,150107,0,0,1,0,1,0,08-07-2019,201927150107A201150107,1,2,08-07-2019,2019-07-04,56
2019,28,52,5,0,150107A201,150107,0,1,0,0,0,0,15-07-2019,201928150107A201150107,1,1,15-07-2019,2019-07-07,28
2019,28,52,5,0,150107A201,150107,0,0,0,0,1,0,15-07-2019,201928150107A201150107,1,1,08-07-2019,2019-07-08,71
2019,29,52,5,0,150107A201,150107,0,0,0,0,0,1,22-07-2019,201929150107A201150107,1,1,22-07-2019,2019-07-17,74
2019,29,52,5,0,150107A201,150107,0,1,0,0,0,0,22-07-2019,201929150107A201150107,1,1,22-07-2019,2019-07-18,30
2019,30,52,5,0,150107A201,150107,0,1,0,0,0,0,24-07-2019,201930150107A201150107,1,1,24-07-2019,2019-07-23,66
2019,30,52,5,0,150107A201,150107,0,0,0,1,0,0,30-07-2019,201930150107A201150107,1,1,30-07-2019,2019-07-24,64
2019,31,52,5,0,150107A201,150107,1,1,0,0,0,0,05-08-2019,201931150107A201150107,1,2,05-08-2019,2019-07-28,22
2019,31,52,5,0,150107A201,150107,0,3,1,0,1,0,05-08-2019,201931150107A201150107,1,5,05-08-2019,2019-07-30,14
2019,31,52,5,0,150107A201,150107,0,1,0,0,0,0,05-08-2019,201931150107A201150107,1,1,05-08-2019,2019-07-31,73
2019,31,52,5,0,150107A201,150107,0,0,0,0,1,0,05-08-2019,201931150107A201150107,1,1,05-08-2019,2019-08-01,83
2019,31,52,5,0,150107A201,150107,1,0,0,0,1,0,05-08-2019,201931150107A201150107,1,2,05-08-2019,2019-08-02,80
2019,32,52,5,0,150107A201,150107,0,1,0,0,2,0,12-08-2019,201932150107A201150107,1,3,10-08-2019,2019-08-04,19
2019,32,52,5,0,150107A201,150107,0,0,0,0,2,0,12-08-2019,201932150107A201150107,1,2,10-08-2019,2019-08-05,72
2019,32,52,5,0,150107A201,150107,0,1,0,0,0,0,12-08-2019,201932150107A201150107,1,1,10-08-2019,2019-08-06,77
2019,32,52,5,0,150107A201,150107,0,0,1,0,0,0,12-08-2019,201932150107A201150107,1,1,10-08-2019,2019-08-07,66
2019,32,52,5,0,150107A201,150107,0,0,0,0,1,0,12-08-2019,201932150107A201150107,1,1,10-08-2019,2019-08-08,64
2019,33,52,5,0,150107A201,150107,0,0,1,0,0,0,19-08-2019,201933150107A201150107,1,1,19-08-2019,2019-08-12,55
2019,33,52,5,0,150107A201,150107,0,0,0,0,1,0,19-08-2019,201933150107A201150107,1,1,19-08-2019,2019-08-13,74
2019,34,52,5,0,150107A201,150107,0,0,1,0,2,0,26-08-2019,201934150107A201150107,1,3,26-08-2019,2019-08-20,68
2019,34,52,5,0,150107A201,150107,0,1,1,0,2,0,26-08-2019,201934150107A201150107,1,4,26-08-2019,2019-08-21,69
2019,34,52,5,0,150107A201,150107,0,1,1,0,0,0,26-08-2019,201934150107A201150107,1,2,26-08-2019,2019-08-23,61
2019,35,52,5,0,150107A201,150107,0,0,1,0,0,0,02-09-2019,201935150107A201150107,1,1,02-09-2019,2019-08-25,27
2019,35,52,5,0,150107A201,150107,0,0,0,0,2,0,02-09-2019,201935150107A201150107,1,2,02-09-2019,2019-08-27,57
2019,35,52,5,0,150107A201,150107,0,1,0,0,0,0,02-09-2019,201935150107A201150107,1,1,02-09-2019,2019-08-28,48
2019,35,52,5,0,150107A201,150107,0,1,2,0,0,0,02-09-2019,201935150107A201150107,1,3,02-09-2019,2019-08-31,50
2019,36,52,5,0,150107A201,150107,0,0,1,0,1,0,09-09-2019,201936150107A201150107,1,2,09-09-2019,2019-09-01,23
2019,36,52,5,0,150107A201,150107,1,0,1,0,0,0,09-09-2019,201936150107A201150107,1,2,09-09-2019,2019-09-02,52
2019,36,52,5,0,150107A201,150107,0,0,0,0,1,0,09-09-2019,201936150107A201150107,1,1,09-09-2019,2019-09-03,51
2019,36,52,5,0,150107A201,150107,1,0,1,1,1,0,09-09-2019,201936150107A201150107,1,4,09-09-2019,2019-09-04,74
2019,36,52,5,0,150107A201,150107,0,0,0,0,1,0,09-09-2019,201936150107A201150107,1,1,09-09-2019,2019-09-06,51
2019,37,52,5,0,150107A201,150107,0,1,0,0,0,0,16-09-2019,201937150107A201150107,1,1,16-09-2019,2019-09-09,57
2019,37,52,5,0,150107A201,150107,0,0,2,0,0,0,16-09-2019,201937150107A201150107,1,2,16-09-2019,2019-09-11,74
2019,37,52,5,0,150107A201,150107,0,0,0,0,1,0,16-09-2019,201937150107A201150107,1,1,16-09-2019,2019-09-12,62
2019,37,52,5,0,150107A201,150107,0,0,1,0,0,0,16-09-2019,201937150107A201150107,1,1,16-09-2019,2019-09-13,46
2019,37,52,5,0,150107A201,150107,0,2,2,0,0,0,23-09-2019,201937150107A201150107,1,4,23-09-2019,2019-09-14,40
2019,38,52,5,0,150107A201,150107,1,0,0,0,0,0,23-09-2019,201938150107A201150107,1,1,23-09-2019,2019-09-17,49
2019,38,52,5,0,150107A201,150107,0,0,0,0,1,0,23-09-2019,201938150107A201150107,1,1,23-09-2019,2019-09-18,79
2019,38,52,5,0,150107A201,150107,0,0,1,0,0,0,23-09-2019,201938150107A201150107,1,1,23-09-2019,2019-09-19,62
2019,38,52,5,0,150107A201,150107,0,0,1,0,1,0,23-09-2019,201938150107A201150107,1,2,23-09-2019,2019-09-20,58
2019,39,52,5,0,150107A201,150107,0,0,2,0,0,0,30-09-2019,201939150107A201150107,1,2,30-09-2019,2019-09-23,94
2019,39,52,5,0,150107A201,150107,0,1,0,4,1,2,30-09-2019,201939150107A201150107,1,8,30-09-2019,2019-09-24,100
2019,39,52,5,0,150107A201,150107,0,0,0,2,0,0,30-09-2019,201939150107A201150107,1,2,30-09-2019,2019-09-25,81
2019,39,52,5,0,150107A201,150107,0,0,0,1,1,0,30-09-2019,201939150107A201150107,1,2,30-09-2019,2019-09-26,94
2019,39,52,5,0,150107A201,150107,0,0,0,1,2,0,30-09-2019,201939150107A201150107,1,3,30-09-2019,2019-09-27,88
2019,40,52,5,0,150107A201,150107,1,3,1,1,4,0,07-10-2019,201940150107A201150107,1,10,07-10-2019,2019-09-30,108
2019,40,52,5,0,150107A201,150107,0,0,0,1,0,0,07-10-2019,201940150107A201150107,1,1,07-10-2019,2019-10-01,45
2019,40,52,5,0,150107A201,150107,0,0,0,3,0,0,07-10-2019,201940150107A201150107,1,3,07-10-2019,2019-10-02,65
2019,40,52,5,0,150107A201,150107,0,1,0,0,1,0,07-10-2019,201940150107A201150107,1,2,07-10-2019,2019-10-04,58
2019,40,52,5,0,150107A201,150107,0,0,0,0,1,0,07-10-2019,201940150107A201150107,1,1,07-10-2019,2019-10-05,66
2019,41,52,5,0,150107A201,150107,0,2,3,0,0,0,14-10-2019,201941150107A201150107,1,5,14-10-2019,2019-10-07,39
2019,41,52,5,0,150107A201,150107,0,0,0,0,2,0,14-10-2019,201941150107A201150107,1,2,14-10-2019,2019-10-09,75
2019,41,52,5,0,150107A201,150107,0,0,0,1,1,0,14-10-2019,201941150107A201150107,1,2,14-10-2019,2019-10-10,75
2019,41,52,5,0,150107A201,150107,0,3,0,0,0,0,14-10-2019,201941150107A201150107,1,3,14-10-2019,2019-10-11,61
2019,42,52,5,0,150107A201,150107,0,1,1,2,0,0,21-10-2019,201942150107A201150107,1,4,21-10-2019,2019-10-18,48
2019,42,52,5,0,150107A201,150107,0,0,0,1,1,1,21-10-2019,201942150107A201150107,1,3,21-10-2019,2019-10-19,43
2019,43,52,5,0,150107A201,150107,0,0,1,0,0,0,28-10-2019,201943150107A201150107,1,1,28-10-2019,2019-10-21,45
2019,43,52,5,0,150107A201,150107,2,1,0,0,1,0,28-10-2019,201943150107A201150107,1,4,28-10-2019,2019-10-22,61
2019,43,52,5,0,150107A201,150107,0,0,1,0,1,0,28-10-2019,201943150107A201150107,1,2,28-10-2019,2019-10-24,81
2019,43,52,5,0,150107A201,150107,1,2,0,0,0,0,04-11-2019,201943150107A201150107,1,3,04-11-2019,2019-10-20,36
2019,43,52,5,0,150107A201,150107,0,0,0,0,1,0,04-11-2019,201943150107A201150107,1,1,04-11-2019,2019-10-23,54
2019,43,52,5,0,150107A201,150107,0,0,0,0,1,0,04-11-2019,201943150107A201150107,1,1,04-11-2019,2019-10-26,59
2019,44,52,5,0,150107A201,150107,1,1,0,0,0,0,04-11-2019,201944150107A201150107,1,2,04-11-2019,2019-10-28,40
2019,44,52,5,0,150107A201,150107,1,0,0,1,0,0,04-11-2019,201944150107A201150107,1,2,04-11-2019,2019-10-29,54
2019,44,52,5,0,150107A201,150103,0,0,0,1,0,0,04-11-2019,201944150107A201150103,1,1,04-11-2019,2019-11-01,30
2019,45,52,5,0,150107A201,150107,0,0,0,1,1,0,11-11-2019,201945150107A201150107,1,2,11-11-2019,2019-11-03,36
2019,45,52,5,0,150107A201,150107,0,0,0,0,1,3,11-11-2019,201945150107A201150107,1,4,11-11-2019,2019-11-04,48
2019,45,52,5,0,150107A201,150107,0,0,0,1,1,0,11-11-2019,201945150107A201150107,1,2,11-11-2019,2019-11-09,57
2019,46,52,5,0,150107A201,150107,0,0,0,1,1,0,18-11-2019,201946150107A201150107,1,2,18-11-2019,2019-11-11,52
2019,46,52,5,0,150107A201,150107,0,0,1,1,1,0,18-11-2019,201946150107A201150107,1,3,18-11-2019,2019-11-13,69
2019,46,52,5,0,150107A201,150107,0,0,0,0,0,1,18-11-2019,201946150107A201150107,1,1,18-11-2019,2019-11-14,61
2019,46,52,5,0,150107A201,150107,0,1,0,0,0,0,18-11-2019,201946150107A201150107,1,1,18-11-2019,2019-11-15,55
2019,46,52,5,0,150107A201,150107,0,1,0,0,3,0,18-11-2019,201946150107A201150107,1,4,18-11-2019,2019-11-16,71
2019,47,52,5,0,150107A201,150107,1,0,0,0,1,0,25-11-2019,201947150107A201150107,1,2,25-11-2019,2019-11-18,58
2019,47,52,5,0,150107A201,150107,1,0,0,0,0,0,25-11-2019,201947150107A201150107,1,1,25-11-2019,2019-11-22,66
2019,47,52,5,0,150107A201,150107,1,1,0,0,0,0,25-11-2019,201947150107A201150107,1,2,25-11-2019,2019-11-19,73
2019,47,52,5,0,150107A201,150118,1,1,0,0,0,0,25-11-2019,201947150107A201150118,1,2,25-11-2019,2019-11-19,0
2019,47,52,5,0,150107A201,150107,0,0,1,0,1,1,25-11-2019,201947150107A201150107,1,3,25-11-2019,2019-11-23,67
2019,48,52,5,0,150107A201,150107,0,1,0,1,0,1,02-12-2019,201948150107A201150107,1,3,02-12-2019,2019-11-24,50
2019,48,52,5,0,150107A201,150107,0,1,0,1,1,0,02-12-2019,201948150107A201150107,1,3,02-12-2019,2019-11-26,64
2019,48,52,5,0,150107A201,150107,0,1,0,0,0,0,02-12-2019,201948150107A201150107,1,1,02-12-2019,2019-11-29,57
2019,48,52,5,0,150107A201,150107,1,1,1,3,0,0,02-12-2019,201948150107A201150107,1,6,02-12-2019,2019-11-30,65
2019,49,52,5,0,150107A201,150107,0,2,0,0,0,0,09-12-2019,201949150107A201150107,1,2,09-12-2019,2019-12-05,44
2019,49,52,5,0,150107A201,150107,0,0,1,1,0,0,09-12-2019,201949150107A201150107,1,2,09-12-2019,2019-12-06,38
2019,49,52,5,0,150107A201,150107,0,0,0,3,0,0,09-12-2019,201949150107A201150107,1,3,09-12-2019,2019-12-07,26
2019,50,52,5,0,150107A201,150107,0,0,0,0,0,1,16-12-2019,201950150107A201150107,1,1,16-12-2019,2019-12-09,50
2019,50,52,5,0,150107A201,150107,1,0,2,1,1,0,16-12-2019,201950150107A201150107,1,5,16-12-2019,2019-12-11,63
2019,50,52,5,0,150107A201,150107,0,0,0,1,1,0,16-12-2019,201950150107A201150107,1,2,16-12-2019,2019-12-14,38
2019,51,52,5,0,150107A201,150107,1,2,0,0,0,0,23-12-2019,201951150107A201150107,1,3,23-12-2019,2019-12-16,58
2019,51,52,5,0,150107A201,150107,0,1,0,0,0,0,23-12-2019,201951150107A201150107,1,1,23-12-2019,2019-12-17,46
2019,51,52,5,0,150107A201,150107,2,0,0,2,3,1,23-12-2019,201951150107A201150107,1,8,23-12-2019,2019-12-21,60
2019,52,52,5,0,150107A201,150107,0,1,1,0,1,0,30-12-2019,201952150107A201150107,1,3,30-12-2019,2019-12-23,48
2019,52,52,5,0,150107A201,150107,0,1,1,0,2,0,30-12-2019,201952150107A201150107,1,4,30-12-2019,2019-12-24,56
2020,1,52,5,0,150107A201,150107,0,1,0,1,1,0,06-01-2020,20201150107A201150107,1,3,06-01-2020,2020-01-01,0
2020,2,52,5,0,150107A201,150107,1,0,0,0,0,0,13-01-2020,20202150107A201150107,1,1,13-01-2020,2020-01-11,24
2020,3,52,5,0,150107A201,150107,2,0,1,0,2,0,20-01-2020,20203150107A201150107,1,5,20-01-2020,2020-01-13,68
2020,3,52,5,0,150107A201,150107,0,0,0,0,1,1,20-01-2020,20203150107A201150107,1,2,20-01-2020,2020-01-15,42
2020,3,52,5,0,150107A201,150107,0,1,0,0,3,0,20-01-2020,20203150107A201150107,1,4,20-01-2020,2020-01-17,54
2020,4,52,5,0,150107A201,150107,0,1,0,1,2,1,27-01-2020,20204150107A201150107,1,5,25-01-2020,2020-01-20,194
2020,5,52,5,0,150107A201,150107,0,1,0,0,0,0,03-02-2020,20205150107A201150107,1,1,03-02-2020,2020-01-29,44
2020,5,52,5,0,150107A201,150107,0,0,0,0,1,0,03-02-2020,20205150107A201150107,1,1,03-02-2020,2020-02-01,58
2020,6,52,5,0,150107A201,150107,0,0,1,0,0,0,10-02-2020,20206150107A201150107,1,1,10-02-2020,2020-02-08,44
2020,6,52,5,0,150107A201,150107,0,1,0,0,1,0,10-02-2020,20206150107A201150107,1,2,10-02-2020,2020-02-07,23
2020,7,52,5,0,150107A201,150107,0,0,0,1,1,0,17-02-2020,20207150107A201150107,1,2,17-02-2020,2020-02-13,76
2020,7,52,5,0,150107A201,150107,0,0,0,1,0,0,17-02-2020,20207150107A201150107,1,1,17-02-2020,2020-02-14,82
2020,7,52,5,0,150107A201,150107,0,0,0,0,1,0,17-02-2020,20207150107A201150107,1,1,17-02-2020,2020-02-15,59
2020,8,52,5,0,150107A201,150107,0,0,0,0,1,1,24-02-2020,20208150107A201150107,1,2,24-02-2020,2020-02-17,66
2020,8,52,5,0,150107A201,150107,0,0,3,0,3,1,24-02-2020,20208150107A201150107,1,7,24-02-2020,2020-02-18,48
2020,8,52,5,0,150107A201,150107,0,1,1,0,0,0,24-02-2020,20208150107A201150107,1,2,24-02-2020,2020-02-20,64
2020,9,52,5,0,150107A201,150107,0,2,0,0,0,0,02-03-2020,20209150107A201150107,1,2,02-03-2020,2020-02-24,68
2020,9,52,5,0,150107A201,150107,0,0,1,0,0,0,02-03-2020,20209150107A201150107,1,1,02-03-2020,2020-02-28,52
2020,10,52,5,0,150107A201,150107,0,1,0,1,0,0,09-03-2020,202010150107A201150107,1,2,09-03-2020,2020-03-02,48
2020,10,52,5,0,150107A201,150107,1,1,0,0,1,0,09-03-2020,202010150107A201150107,1,3,09-03-2020,2020-03-04,46
2020,10,52,5,0,150107A201,150107,0,2,2,0,3,0,09-03-2020,202010150107A201150107,1,7,09-03-2020,2020-03-05,56
2020,10,52,5,0,150107A201,150107,0,0,1,1,0,0,09-03-2020,202010150107A201150107,1,2,09-03-2020,2020-03-07,63
2020,11,52,5,0,150107A201,150107,0,0,0,1,0,0,16-03-2020,202011150107A201150107,1,1,16-03-2020,2020-03-09,68
2020,11,52,5,0,150107A201,150107,0,0,0,0,1,0,16-03-2020,202011150107A201150107,1,1,11-03-2020,2020-03-11,48
2020,11,52,5,0,150107A201,150107,0,0,0,0,1,1,16-03-2020,202011150107A201150107,1,2,16-03-2020,2020-03-14,64
2020,12,52,5,0,150107A201,150107,0,2,0,0,0,0,24-03-2020,202012150107A201150107,1,2,18-03-2020,2020-03-18,8
2020,14,52,5,0,150107A201,150107,0,0,1,0,0,0,06-04-2020,202014150107A201150107,1,1,05-04-2020,2020-03-30,8
2020,14,52,5,0,150107A201,150107,0,0,0,0,1,0,06-04-2020,202014150107A201150107,1,1,06-04-2020,2020-04-02,7
2020,14,52,5,0,150107A201,150107,0,0,0,0,1,0,06-04-2020,202014150107A201150107,1,1,06-04-2020,2020-04-03,5
2020,14,52,5,0,150107A201,150107,0,0,0,0,1,0,06-04-2020,202014150107A201150107,1,1,06-04-2020,2020-04-04,6
2020,15,52,5,0,150107A201,150107,0,0,0,0,0,1,14-04-2020,202015150107A201150107,1,1,14-04-2020,2020-04-10,0
2020,16,52,5,0,150107A201,150107,0,0,0,0,1,0,20-04-2020,202016150107A201150107,1,1,20-04-2020,2020-04-12,4
2020,16,52,5,0,150107A201,150107,0,0,0,0,1,0,20-04-2020,202016150107A201150107,1,1,20-04-2020,2020-04-13,11
2020,16,52,5,0,150107A201,150107,0,0,0,1,0,0,20-04-2020,202016150107A201150107,1,1,20-04-2020,2020-04-14,9
2020,16,52,5,0,150107A201,150107,0,0,0,0,1,0,20-04-2020,202016150107A201150107,1,1,20-04-2020,2020-04-16,7
2020,16,52,5,0,150107A201,150107,0,0,1,0,0,0,20-04-2020,202016150107A201150107,1,1,20-04-2020,2020-04-18,14
2020,17,52,5,0,150107A201,150107,0,1,0,0,0,0,27-04-2020,202017150107A201150107,1,1,27-04-2020,2020-04-19,6
2020,17,52,5,0,150107A201,150107,0,0,1,0,0,0,27-04-2020,202017150107A201150107,1,1,27-04-2020,2020-04-23,10
2020,18,52,5,0,150107A201,150107,0,0,1,0,0,0,04-05-2020,202018150107A201150107,1,1,04-05-2020,2020-04-29,3
2020,20,52,5,0,150107A201,150107,0,0,0,0,1,0,18-05-2020,202020150107A201150107,1,1,18-05-2020,2020-05-11,3
2020,20,52,5,0,150107A201,150107,0,0,0,0,1,0,18-05-2020,202020150107A201150107,1,1,18-05-2020,2020-05-16,14
2020,21,52,5,0,150107A201,150107,0,0,0,0,1,1,25-05-2020,202021150107A201150107,1,2,25-05-2020,2020-05-20,15
2020,23,52,5,0,150107A201,150107,0,1,0,0,1,0,08-06-2020,202023150107A201150107,1,2,08-06-2020,2020-06-05,17
2020,24,52,5,0,150107A201,150107,0,1,0,1,0,0,15-06-2020,202024150107A201150107,1,2,15-06-2020,2020-06-08,24
2020,24,52,5,0,150107A201,150107,0,1,0,0,0,0,15-06-2020,202024150107A201150107,1,1,15-06-2020,2020-06-09,12
2020,24,52,5,0,150107A201,150107,0,1,0,0,0,0,15-06-2020,202024150107A201150107,1,1,15-06-2020,2020-06-10,8
2020,24,52,5,0,150107A201,150107,0,0,1,0,4,2,15-06-2020,202024150107A201150107,1,7,15-06-2020,2020-06-11,11
2020,24,52,5,0,150107A201,150107,0,0,0,0,3,2,15-06-2020,202024150107A201150107,1,5,15-06-2020,2020-06-12,26
2020,26,52,5,0,150107A201,150107,0,0,0,0,0,1,30-06-2020,202026150107A201150107,1,1,30-06-2020,2020-06-26,20
2020,28,52,5,0,150107A201,150107,0,0,0,0,1,0,13-07-2020,202028150107A201150107,1,1,13-07-2020,2020-07-09,5
2020,28,52,5,0,150107A201,150107,0,0,0,0,1,0,13-07-2020,202028150107A201150107,1,1,13-07-2020,2020-07-10,7
2020,29,52,5,0,150107A201,150107,0,0,0,0,1,0,20-07-2020,202029150107A201150107,1,1,20-07-2020,2020-07-17,28
2020,30,52,5,0,150107A201,150107,0,0,0,0,1,0,29-07-2020,202030150107A201150107,1,1,29-07-2020,2020-07-20,1
2020,30,52,5,0,150107A201,150107,0,0,0,0,1,0,29-07-2020,202030150107A201150107,1,1,29-07-2020,2020-07-21,25
2020,31,52,5,0,150107A201,150107,0,0,1,0,2,0,03-08-2020,202031150107A201150107,1,3,03-08-2020,2020-07-30,26
2020,32,52,5,0,150107A201,150107,0,0,0,0,1,0,10-08-2020,202032150107A201150107,1,1,10-08-2020,2020-08-05,48
2020,32,52,5,0,150107A201,150107,0,1,1,0,2,0,10-08-2020,202032150107A201150107,1,4,10-08-2020,2020-08-08,27
2020,33,52,5,0,150107A201,150107,0,1,0,0,0,0,17-08-2020,202033150107A201150107,1,1,17-08-2020,2020-08-10,27
2020,33,52,5,0,150107A201,150107,0,1,0,0,0,0,17-08-2020,202033150107A201150107,1,1,17-08-2020,2020-08-14,20
2020,34,52,5,0,150107A201,150107,0,0,0,1,1,1,24-08-2020,202034150107A201150107,1,3,24-08-2020,2020-08-20,36
2020,39,52,5,0,150107A201,150107,0,0,1,0,0,0,28-09-2020,202039150107A201150107,1,1,28-09-2020,2020-09-20,1
2020,40,52,5,0,150107A201,150107,0,0,0,0,0,1,05-10-2020,202040150107A201150107,1,1,05-10-2020,2020-09-30,2
2020,41,52,5,0,150107A201,150107,0,0,0,0,1,0,12-10-2020,202041150107A201150107,1,1,12-10-2020,2020-10-05,20
2020,41,52,5,0,150107A201,150107,1,0,0,0,0,0,12-10-2020,202041150107A201150107,1,1,12-10-2020,2020-10-08,17
2020,42,52,5,0,150107A201,150107,1,1,0,0,0,0,19-10-2020,202042150107A201150107,1,2,19-10-2020,2020-10-11,59
2020,42,52,5,0,150107A201,150107,0,0,1,0,0,0,19-10-2020,202042150107A201150107,1,1,19-10-2020,2020-10-14,20
2020,44,52,5,0,150107A201,150107,0,0,0,0,0,1,02-11-2020,202044150107A201150107,1,1,02-11-2020,2020-10-30,10
2020,46,52,5,0,150107A201,150107,0,0,1,0,0,0,16-11-2020,202046150107A201150107,1,1,16-11-2020,2020-11-08,13
2020,46,52,5,0,150107A201,150107,0,1,1,0,0,0,16-11-2020,202046150107A201150107,1,2,16-11-2020,2020-11-14,18
2020,47,52,5,0,150107A201,150107,0,0,0,0,0,1,23-11-2020,202047150107A201150107,1,1,23-11-2020,2020-11-21,10
2020,48,52,5,0,150107A201,150107,1,0,0,0,0,1,30-11-2020,202048150107A201150107,1,2,30-11-2020,2020-11-23,18
2020,48,52,5,0,150107A201,150107,1,0,0,0,0,0,30-11-2020,202048150107A201150107,1,1,30-11-2020,2020-11-27,35
2020,48,52,5,0,150107A201,150107,0,0,0,0,0,1,30-11-2020,202048150107A201150107,1,1,30-11-2020,2020-11-28,12
2021,2,52,5,0,150107A201,150107,1,0,0,0,0,0,18-01-2021,20212150107A201150107,1,1,18-01-2021,2021-01-14,29
2021,2,52,5,0,150107A201,150107,0,0,0,0,3,0,18-01-2021,20212150107A201150107,1,3,18-01-2021,2021-01-12,48
2021,3,52,5,0,150107A201,150107,0,1,0,1,2,0,25-01-2021,20213150107A201150107,1,4,25-01-2021,2021-01-19,54
2021,3,52,5,0,150107A201,150107,0,0,0,0,1,0,25-01-2021,20213150107A201150107,1,1,25-01-2021,2021-01-20,53
2021,5,52,5,0,150107A201,150107,0,0,0,0,1,0,08-02-2021,20215150107A201150107,1,1,08-02-2021,2021-02-02,22
2021,6,52,5,0,150107A201,150107,0,0,0,1,3,0,16-02-2021,20216150107A201150107,1,4,16-02-2021,2021-02-09,15
2021,7,52,5,0,150107A201,150107,0,0,0,0,1,0,22-02-2021,20217150107A201150107,1,1,22-02-2021,2021-02-18,35
2021,8,52,5,0,150107A201,150107,0,1,0,0,1,0,01-03-2021,20218150107A201150107,1,2,01-03-2021,2021-02-23,31
2021,8,52,5,0,150107A201,150107,0,0,0,2,0,0,01-03-2021,20218150107A201150107,1,2,01-03-2021,2021-02-25,36
2021,9,52,5,0,150107A201,150107,0,0,1,0,2,0,12-03-2021,20219150107A201150107,1,3,12-03-2021,2021-03-01,37
2021,9,52,5,0,150107A201,150107,0,0,0,0,1,0,12-03-2021,20219150107A201150107,1,1,12-03-2021,2021-03-02,36
2021,10,52,5,0,150107A201,150107,0,1,0,0,2,0,15-03-2021,202110150107A201150107,1,3,15-03-2021,2021-03-08,55
2021,10,52,5,0,150107A201,150107,0,0,0,0,1,0,15-03-2021,202110150107A201150107,1,1,15-03-2021,2021-03-09,62
2021,10,52,5,0,150107A201,150107,0,0,0,0,1,0,15-03-2021,202110150107A201150107,1,1,15-03-2021,2021-03-13,28
2021,11,52,5,0,150107A201,150107,0,1,0,0,0,0,22-03-2021,202111150107A201150107,1,1,22-03-2021,2021-03-16,45
2021,11,52,5,0,150107A201,150107,0,0,0,0,1,1,22-03-2021,202111150107A201150107,1,2,22-03-2021,2021-03-19,34
2021,12,52,5,0,150107A201,150107,0,0,0,0,1,0,29-03-2021,202112150107A201150107,1,1,29-03-2021,2021-03-23,36
2021,12,52,5,0,150107A201,150107,0,0,0,0,1,0,29-03-2021,202112150107A201150107,1,1,29-03-2021,2021-03-24,17
2021,12,52,5,0,150107A201,150118,0,0,0,0,1,0,29-03-2021,202112150107A201150118,1,1,29-03-2021,2021-03-24,3
2021,12,52,5,0,150107A201,150118,0,0,0,0,1,0,29-03-2021,202112150107A201150118,1,1,29-03-2021,2021-03-25,3
2021,12,52,5,0,150107A201,150107,0,1,0,1,1,0,29-03-2021,202112150107A201150107,1,3,29-03-2021,2021-03-25,25
2021,14,52,5,0,150107A201,150107,0,0,1,0,0,0,12-04-2021,202114150107A201150107,1,1,12-04-2021,2021-04-06,36
2021,15,52,5,0,150107A201,150107,0,0,0,0,1,0,19-04-2021,202115150107A201150107,1,1,19-04-2021,2021-04-12,43
2021,15,52,5,0,150107A201,150107,0,0,0,0,3,0,19-04-2021,202115150107A201150107,1,3,19-04-2021,2021-04-13,39
2021,15,52,5,0,150107A201,150107,0,0,1,0,0,0,19-04-2021,202115150107A201150107,1,1,19-04-2021,2021-04-14,27
2021,16,52,5,0,150107A201,150103,0,0,0,0,1,1,26-04-2021,202116150107A201150103,1,2,26-04-2021,2021-04-20,19
2021,16,52,5,0,150107A201,150107,0,1,0,0,2,0,26-04-2021,202116150107A201150107,1,3,26-04-2021,2021-04-20,19
2021,16,52,5,0,150107A201,150107,0,0,0,0,2,0,26-04-2021,202116150107A201150107,1,2,26-04-2021,2021-04-22,0
2021,16,52,5,0,150107A201,150107,0,0,0,0,3,0,26-04-2021,202116150107A201150107,1,3,26-04-2021,2021-04-23,34
2021,16,52,5,0,150107A201,150107,0,0,0,0,0,1,26-04-2021,202116150107A201150107,1,1,26-04-2021,2021-04-24,29
2021,17,52,5,0,150107A201,150107,0,1,0,0,0,0,03-05-2021,202117150107A201150107,1,1,03-05-2021,2021-04-26,39
2021,17,52,5,0,150107A201,150107,0,3,0,0,0,0,03-05-2021,202117150107A201150107,1,3,03-05-2021,2021-04-27,42
2021,18,52,5,0,150107A201,150107,0,0,0,0,1,0,10-05-2021,202118150107A201150107,1,1,10-05-2021,2021-05-04,41
2021,18,52,5,0,150107A201,150107,0,0,0,0,4,0,10-05-2021,202118150107A201150107,1,4,10-05-2021,2021-05-06,38
2021,18,52,5,0,150107A201,150107,0,0,1,0,0,0,10-05-2021,202118150107A201150107,1,1,10-05-2021,2021-05-08,38
2021,19,52,5,0,150107A201,150107,0,0,0,1,0,0,17-05-2021,202119150107A201150107,1,1,17-05-2021,2021-05-10,37
2021,19,52,5,0,150107A201,150107,0,0,0,1,0,0,17-05-2021,202119150107A201150107,1,1,17-05-2021,2021-05-14,29
2021,20,52,5,0,150107A201,150107,0,0,0,0,1,0,24-05-2021,202120150107A201150107,1,1,24-05-2021,2021-05-18,41
2021,20,52,5,0,150107A201,150107,0,0,0,0,1,0,24-05-2021,202120150107A201150107,1,1,24-05-2021,2021-05-20,49
2021,20,52,5,0,150107A201,150107,0,0,0,0,1,0,24-05-2021,202120150107A201150107,1,1,24-05-2021,2021-05-21,37
2021,20,52,5,0,150107A201,150107,0,0,0,0,1,1,24-05-2021,202120150107A201150107,1,2,24-05-2021,2021-05-22,53
2021,21,52,5,0,150107A201,150107,0,0,0,1,2,0,31-05-2021,202121150107A201150107,1,3,31-05-2021,2021-05-25,49
2021,21,52,5,0,150107A201,150107,0,0,0,0,1,0,31-05-2021,202121150107A201150107,1,1,31-05-2021,2021-05-27,30
2021,21,52,5,0,150107A201,150103,0,0,0,0,1,0,31-05-2021,202121150107A201150103,1,1,31-05-2021,2021-05-27,30
2021,22,52,5,0,150107A201,150107,0,0,0,0,1,1,07-06-2021,202122150107A201150107,1,2,07-06-2021,2021-05-31,41
2021,22,52,5,0,150107A201,150107,0,0,0,0,2,0,07-06-2021,202122150107A201150107,1,2,07-06-2021,2021-06-03,38
2021,22,52,5,0,150107A201,150107,0,0,0,0,1,0,07-06-2021,202122150107A201150107,1,1,07-06-2021,2021-06-04,36
2021,23,52,5,0,150107A201,150107,0,0,1,0,1,0,15-06-2021,202123150107A201150107,1,2,15-06-2021,2021-06-08,54
2021,22,52,5,0,150107A201,150107,0,0,0,0,1,0,05-07-2021,202122150107A201150107,1,1,05-07-2021,2021-06-02,52
2021,26,52,5,0,150107A201,150107,0,0,0,0,1,0,05-07-2021,202126150107A201150107,1,1,05-07-2021,2021-07-03,46
2021,27,52,5,0,150107A201,150107,0,0,0,0,1,0,13-07-2021,202127150107A201150107,1,1,12-07-2021,2021-07-07,64
2021,27,52,5,0,150107A201,150118,0,0,0,0,1,0,13-07-2021,202127150107A201150118,1,1,12-07-2021,2021-07-10,46
2021,35,52,5,0,150107A201,150107,0,0,0,0,1,0,06-09-2021,202135150107A201150107,1,1,06-09-2021,2021-09-01,69
2021,36,52,5,0,150107A201,150107,0,0,0,0,1,0,13-09-2021,202136150107A201150107,1,1,13-09-2021,2021-09-07,55
2021,39,52,5,0,150107A201,150107,0,0,0,0,1,0,04-10-2021,202139150107A201150107,1,1,04-10-2021,2021-09-30,44
2021,42,52,5,0,150107A201,150107,0,1,0,3,1,0,25-10-2021,202142150107A201150107,1,5,25-10-2021,2021-10-18,89
2021,42,52,5,0,150107A201,150107,0,0,0,0,1,0,25-10-2021,202142150107A201150107,1,1,25-10-2021,2021-10-19,55
2021,43,52,5,0,150107A201,150107,1,0,0,0,0,0,02-11-2021,202143150107A201150107,1,1,02-11-2021,2021-10-26,35
2021,43,52,5,0,150107A201,150107,0,0,0,0,1,0,02-11-2021,202143150107A201150107,1,1,02-11-2021,2021-10-27,48
2021,43,52,5,0,150107A201,150107,0,0,0,0,1,0,02-11-2021,202143150107A201150107,1,1,02-11-2021,2021-10-29,31
2021,45,52,5,0,150107A201,150107,0,0,0,0,3,0,15-11-2021,202145150107A201150107,1,3,15-11-2021,2021-11-12,70
2021,45,52,5,0,150107A201,150107,0,0,0,0,1,0,15-11-2021,202145150107A201150107,1,1,15-11-2021,2021-11-10,61
2021,46,52,5,0,150107A201,150107,0,0,0,0,1,0,22-11-2021,202146150107A201150107,1,1,22-11-2021,2021-11-16,20
2021,46,52,5,0,150107A201,150107,0,1,0,0,1,0,22-11-2021,202146150107A201150107,1,2,22-11-2021,2021-11-19,27
2021,50,52,5,0,150107A201,150107,0,0,1,0,2,0,20-12-2021,202150150107A201150107,1,3,20-12-2021,2021-12-15,0
2021,50,52,5,0,150107A201,150107,0,1,0,1,0,0,20-12-2021,202150150107A201150107,1,2,20-12-2021,2021-12-16,0
2021,50,52,5,0,150107A201,150107,0,1,0,0,1,0,20-12-2021,202150150107A201150107,1,2,20-12-2021,2021-12-17,0
2022,1,52,5,0,150107A201,150107,0,1,0,0,0,0,10-01-2022,20221150107A201150107,1,1,10-01-2022,2022-01-08,52
2022,3,52,5,0,150107A201,150107,0,0,0,0,1,0,24-01-2022,20223150107A201150107,1,1,24-01-2022,2022-01-18,61
2022,3,52,5,0,150107A201,150107,0,0,0,1,1,0,24-01-2022,20223150107A201150107,1,2,24-01-2022,2022-01-19,30
2022,3,52,5,0,150107A201,150107,0,0,1,0,0,0,24-01-2022,20223150107A201150107,1,1,24-01-2022,2022-01-22,38
2022,4,52,5,0,150107A201,150107,2,0,0,0,0,0,03-02-2022,20224150107A201150107,1,2,31-01-2022,2022-01-28,43
2022,7,52,5,0,150107A201,150107,0,1,0,0,0,0,21-02-2022,20227150107A201150107,1,1,21-02-2022,2022-02-14,60
2022,7,52,5,0,150107A201,150107,0,0,0,0,1,0,21-02-2022,20227150107A201150107,1,1,21-02-2022,2022-02-15,58
2022,7,52,5,0,150107A201,150107,0,1,0,0,0,2,21-02-2022,20227150107A201150107,1,3,21-02-2022,2022-02-16,39
2022,7,52,5,0,150107A201,150107,0,0,0,0,0,1,21-02-2022,20227150107A201150107,1,1,21-02-2022,2022-02-17,48
2022,8,52,5,0,150107A201,150107,0,1,0,1,0,0,28-02-2022,20228150107A201150107,1,2,28-02-2022,2022-02-22,75
2022,8,52,5,0,150107A201,150107,0,0,1,0,0,0,28-02-2022,20228150107A201150107,1,1,28-02-2022,2022-02-24,57
2022,9,52,5,0,150107A201,150107,0,1,0,0,0,0,07-03-2022,20229150107A201150107,1,1,07-03-2022,2022-03-04,71
2022,10,52,5,0,150107A201,150107,0,1,0,0,1,0,15-03-2022,202210150107A201150107,1,2,14-03-2022,2022-03-08,76
2022,10,52,5,0,150107A201,150107,0,2,0,0,0,0,15-03-2022,202210150107A201150107,1,2,14-03-2022,2022-03-10,78
2022,11,52,5,0,150107A201,150107,0,0,0,0,0,1,22-03-2022,202211150107A201150107,1,1,21-03-2022,2022-03-15,77
2022,11,52,5,0,150107A201,150107,0,0,0,1,0,0,22-03-2022,202211150107A201150107,1,1,21-03-2022,2022-03-17,58
2022,12,52,5,0,150107A201,150107,0,0,0,1,0,0,28-03-2022,202212150107A201150107,1,1,28-03-2022,2022-03-22,62
2022,12,52,5,0,150107A201,150107,0,1,0,0,0,0,28-03-2022,202212150107A201150107,1,1,28-03-2022,2022-03-23,61
2022,13,52,5,0,150107A201,150107,0,0,0,0,1,0,04-04-2022,202213150107A201150107,1,1,04-04-2022,2022-03-29,72
2022,13,52,5,0,150107A201,150107,0,0,1,0,0,1,04-04-2022,202213150107A201150107,1,2,04-04-2022,2022-03-30,61
2022,13,52,5,0,150107A201,150107,0,0,0,0,1,0,04-04-2022,202213150107A201150107,1,1,04-04-2022,2022-03-31,57
2022,15,52,5,0,150107A201,150107,0,0,0,1,0,0,18-04-2022,202215150107A201150107,1,1,18-04-2022,2022-04-11,84
2022,15,52,5,0,150107A201,150107,0,0,0,1,0,0,18-04-2022,202215150107A201150107,1,1,18-04-2022,2022-04-13,61
2022,17,52,5,0,150107A201,150107,0,0,1,0,0,0,02-05-2022,202217150107A201150107,1,1,02-05-2022,2022-04-27,66
2022,20,52,5,0,150107A201,150107,0,0,0,1,0,0,24-05-2022,202220150107A201150107,1,1,24-05-2022,2022-05-21,60
2022,21,52,5,0,150107A201,150107,0,0,0,1,0,0,30-05-2022,202221150107A201150107,1,1,30-05-2022,2022-05-24,63
2022,25,52,5,0,150107A201,150107,0,0,1,0,0,0,27-06-2022,202225150107A201150107,1,1,27-06-2022,2022-06-25,31
2022,26,52,5,0,150107A201,150107,0,1,1,0,0,0,04-07-2022,202226150107A201150107,1,2,27-06-2022,2022-06-27,73
2022,27,52,5,0,150107A201,150107,0,1,0,0,0,0,11-07-2022,202227150107A201150107,1,1,11-07-2022,2022-07-05,51
2022,27,52,5,0,150107A201,150107,0,1,0,0,0,0,11-07-2022,202227150107A201150107,1,1,11-07-2022,2022-07-09,67
2022,30,52,5,0,150107A201,150107,0,0,0,0,1,0,01-08-2022,202230150107A201150107,1,1,01-08-2022,2022-07-27,56
2022,36,52,5,0,150107A201,150107,0,0,0,0,2,0,13-09-2022,202236150107A201150107,1,2,12-09-2022,2022-09-07,17
2022,40,52,5,0,150107A201,150107,0,1,0,0,0,0,10-10-2022,202240150107A201150107,1,1,10-10-2022,2022-10-03,71
2022,43,52,5,0,150107A201,150107,0,0,1,0,0,0,31-10-2022,202243150107A201150107,1,1,31-10-2022,2022-10-24,72
2022,43,52,5,0,150107A201,150107,0,0,1,1,0,0,31-10-2022,202243150107A201150107,1,2,31-10-2022,2022-10-26,67
2022,44,52,5,0,150107A201,150107,0,0,0,1,0,0,07-11-2022,202244150107A201150107,1,1,07-11-2022,2022-10-31,79
2022,45,52,5,0,150107A201,150107,0,0,1,0,0,0,14-11-2022,202245150107A201150107,1,1,14-11-2022,2022-11-11,72
2022,46,52,5,0,150107A201,150107,0,1,0,0,0,0,21-11-2022,202246150107A201150107,1,1,19-11-2022,2022-11-14,67
2022,48,52,5,0,150107A201,150107,0,0,0,0,1,0,05-12-2022,202248150107A201150107,1,1,05-12-2022,2022-11-28,52
2023,2,52,5,0,150107A201,150107,1,0,0,0,0,0,17-01-2023,20232150107A201150107,1,1,17-01-2023,2023-01-10,70
2023,7,52,5,0,150107A201,150107,0,0,0,0,5,0,20-02-2023,20237150107A201150107,1,5,20-02-2023,2023-02-17,53
2023,7,52,5,0,150107A201,150107,0,0,0,0,1,0,20-02-2023,20237150107A201150107,1,1,20-02-2023,2023-02-18,72
2023,8,52,5,0,150107A201,150107,0,0,0,0,2,0,22-02-2023,20238150107A201150107,1,2,22-02-2023,2023-02-22,69
2023,8,52,5,0,150107A201,150107,0,0,0,0,0,1,24-02-2023,20238150107A201150107,1,1,23-02-2023,2023-02-23,40
2023,8,52,5,0,150107A201,150107,0,0,1,0,0,1,24-02-2023,20238150107A201150107,1,2,24-02-2023,2023-02-24,83
2023,9,52,5,0,150107A201,150107,0,0,2,0,2,0,28-03-2023,20239150107A201150107,1,4,27-02-2023,2023-02-27,84
2023,9,52,5,0,150107A201,150107,0,0,0,0,2,1,01-03-2023,20239150107A201150107,1,3,01-03-2023,2023-02-28,73
2023,9,52,5,0,150107A201,150107,0,1,0,1,1,0,04-03-2023,20239150107A201150107,1,3,02-03-2023,2023-03-02,70
2023,9,52,5,0,150107A201,150107,1,0,1,0,0,0,08-05-2023,20239150107A201150107,1,2,04-03-2023,2023-03-03,41
2023,9,52,5,0,150107A201,150107,0,0,0,1,0,0,06-03-2023,20239150107A201150107,1,1,06-03-2023,2023-03-04,63
2023,10,52,5,0,150107A201,150107,0,0,1,0,1,0,06-03-2023,202310150107A201150107,1,2,06-03-2023,2023-03-06,80
2023,10,52,5,0,150107A201,150118,0,0,0,2,0,0,06-03-2023,202310150107A201150118,1,2,06-03-2023,2023-03-06,80
2023,10,52,5,0,150107A201,150107,1,0,0,1,1,0,08-03-2023,202310150107A201150107,1,3,08-03-2023,2023-03-07,53
2023,10,52,5,0,150107A201,150107,0,0,0,2,2,0,08-03-2023,202310150107A201150107,1,4,08-03-2023,2023-03-08,72
2023,10,52,5,0,150107A201,150107,0,0,0,0,1,0,10-03-2023,202310150107A201150107,1,1,10-03-2023,2023-03-09,51
2023,10,52,5,0,150107A201,150107,0,0,1,1,0,0,10-03-2023,202310150107A201150107,1,2,10-03-2023,2023-03-10,69
2023,10,52,5,0,150107A201,150107,0,1,1,3,1,1,13-03-2023,202310150107A201150107,1,7,13-03-2023,2023-03-11,72
2023,11,52,5,0,150107A201,150107,0,0,2,0,1,0,20-03-2023,202311150107A201150107,1,3,17-03-2023,2023-03-17,24
2023,11,52,5,0,150107A201,150107,0,0,0,0,0,1,20-03-2023,202311150107A201150107,1,1,20-03-2023,2023-03-14,72
2023,11,52,5,0,150107A201,150107,0,0,0,0,2,0,20-03-2023,202311150107A201150107,1,2,20-03-2023,2023-03-16,31
2023,12,52,5,0,150107A201,150107,0,0,2,0,3,0,20-03-2023,202312150107A201150107,1,5,20-03-2023,2023-03-20,64
2023,12,52,5,0,150107A201,150107,0,0,0,0,2,0,22-03-2023,202312150107A201150107,1,2,22-03-2023,2023-03-21,83
2023,12,52,5,0,150107A201,150101,0,1,1,0,0,1,22-03-2023,202312150107A201150101,1,3,22-03-2023,2023-03-22,80
2023,12,52,5,0,150107A201,150107,0,0,0,0,0,1,24-03-2023,202312150107A201150107,1,1,24-03-2023,2023-03-23,54
2023,13,52,5,0,150107A201,150107,0,2,1,1,0,0,28-03-2023,202313150107A201150107,1,4,28-03-2023,2023-03-28,72
2023,13,52,5,0,150107A201,150107,0,1,1,3,3,0,30-03-2023,202313150107A201150107,1,8,30-03-2023,2023-03-30,66
2023,13,52,5,0,150107A201,150107,1,0,0,2,4,0,01-04-2023,202313150107A201150107,1,7,01-04-2023,2023-03-31,67
2023,13,52,5,0,150107A201,150107,0,2,3,1,2,0,01-04-2023,202313150107A201150107,1,8,01-04-2023,2023-04-01,89
2023,14,52,5,0,150107A201,150107,0,2,4,2,4,0,03-04-2023,202314150107A201150107,1,12,03-04-2023,2023-04-03,113
2023,14,52,5,0,150107A201,150107,0,0,0,1,3,0,05-05-2023,202314150107A201150107,1,4,05-04-2023,2023-04-04,79
2023,14,52,5,0,150107A201,150107,0,0,1,0,5,0,05-04-2023,202314150107A201150107,1,6,05-04-2023,2023-04-05,87
2023,14,52,5,0,150107A201,150107,0,0,0,0,1,0,10-04-2023,202314150107A201150107,1,1,10-04-2023,2023-04-08,47
2023,15,52,5,0,150107A201,150107,1,1,0,1,0,0,10-04-2023,202315150107A201150107,1,3,10-04-2023,2023-04-10,99
2023,13,52,5,0,150107A201,150107,0,0,2,0,2,0,12-04-2023,202313150107A201150107,1,4,12-04-2023,2023-03-27,84
2023,15,52,5,0,150107A201,150107,0,0,1,0,4,0,14-04-2023,202315150107A201150107,1,5,14-04-2023,2023-04-13,84
2023,15,52,5,0,150107A201,150107,0,0,0,0,2,1,14-04-2023,202315150107A201150107,1,3,14-04-2023,2023-04-11,78
2023,15,52,5,0,150107A201,150107,0,0,0,0,1,0,14-04-2023,202315150107A201150107,1,1,14-04-2023,2023-04-14,76
2023,15,52,5,0,150107A201,150107,0,0,0,1,1,1,17-04-2023,202315150107A201150107,1,3,17-04-2023,2023-04-15,76
2023,16,52,5,0,150107A201,150107,0,0,2,0,1,0,17-04-2023,202316150107A201150107,1,3,17-04-2023,2023-04-16,10
2023,16,52,5,0,150107A201,150107,0,0,1,0,1,0,18-04-2023,202316150107A201150107,1,2,18-04-2023,2023-04-17,94
2023,16,52,5,0,150107A201,150107,0,0,0,0,4,0,20-04-2023,202316150107A201150107,1,4,20-04-2023,2023-04-18,72
2023,16,52,5,0,150107A201,150107,0,0,0,1,3,0,20-04-2023,202316150107A201150107,1,4,20-04-2023,2023-04-19,95
2023,16,52,5,0,150107A201,150107,0,0,0,0,2,0,20-04-2023,202316150107A201150107,1,2,20-04-2023,2023-04-20,62
2023,16,52,5,0,150107A201,150107,0,0,2,0,2,0,22-04-2023,202316150107A201150107,1,4,22-04-2023,2023-04-21,71
2023,16,52,5,0,150107A201,150107,0,0,0,0,4,1,25-04-2023,202316150107A201150107,1,5,25-04-2023,2023-04-22,73
2023,17,52,5,0,150107A201,150107,0,0,1,2,6,0,25-04-2023,202317150107A201150107,1,9,25-04-2023,2023-04-24,109
2023,17,52,5,0,150107A201,150107,0,2,2,1,7,0,27-04-2023,202317150107A201150107,1,12,27-04-2023,2023-04-26,92
2023,17,52,5,0,150107A201,150107,0,0,2,3,7,2,27-04-2023,202317150107A201150107,1,14,27-04-2023,2023-04-27,77
2023,17,52,5,0,150107A201,150107,0,0,5,3,0,0,02-05-2023,202317150107A201150107,1,8,28-04-2023,2023-04-29,67
2023,17,52,5,0,150107A201,150107,0,0,0,3,4,2,02-05-2023,202317150107A201150107,1,9,02-05-2023,2023-04-28,82
2023,18,52,5,0,150107A201,150107,0,0,0,1,1,2,04-05-2023,202318150107A201150107,1,4,02-05-2023,2023-05-02,83
2023,18,52,5,0,150107A201,150107,0,0,1,0,0,0,04-05-2023,202318150107A201150107,1,1,04-05-2023,2023-05-03,86
2023,18,52,5,0,150107A201,150107,0,0,0,1,3,0,06-05-2023,202318150107A201150107,1,4,06-05-2023,2023-05-04,79
2023,18,52,5,0,150107A201,150107,0,0,0,1,4,0,06-05-2023,202318150107A201150107,1,5,06-05-2023,2023-05-05,95
2023,18,52,5,0,150107A201,150107,0,0,1,1,6,1,08-05-2023,202318150107A201150107,1,9,08-05-2023,2023-05-06,87
2023,19,52,5,0,150107A201,150107,0,0,0,0,1,0,15-05-2023,202319150107A201150107,1,1,15-05-2023,2023-05-08,88
2023,19,52,5,0,150107A201,150107,0,0,0,4,5,0,10-05-2023,202319150107A201150107,1,9,10-05-2023,2023-05-09,83
2023,19,52,5,0,150107A201,150107,0,0,0,0,2,0,10-05-2023,202319150107A201150107,1,2,10-05-2023,2023-05-10,89
2023,19,52,5,0,150107A201,150107,0,0,0,0,2,1,12-05-2023,202319150107A201150107,1,3,12-05-2023,2023-05-12,76
2023,19,52,5,0,150107A201,150107,0,0,0,1,7,1,15-05-2023,202319150107A201150107,1,9,15-05-2023,2023-05-13,64
2023,20,52,5,0,150107A201,150107,0,0,0,2,2,0,16-05-2023,202320150107A201150107,1,4,16-05-2023,2023-05-15,92
2023,20,52,5,0,150107A201,150107,0,0,0,0,6,0,18-05-2023,202320150107A201150107,1,6,18-05-2023,2023-05-16,77
2023,20,52,5,0,150107A201,150107,0,0,0,1,6,8,19-05-2023,202320150107A201150107,1,15,18-05-2023,2023-05-18,63
2023,21,52,5,0,150107A201,150107,0,0,0,0,4,2,24-05-2023,202321150107A201150107,1,6,24-05-2023,2023-05-22,98
2023,21,52,5,0,150107A201,150107,0,0,0,1,4,0,26-05-2023,202321150107A201150107,1,5,26-05-2023,2023-05-25,79
2023,21,52,5,0,150107A201,150107,0,0,0,0,0,1,26-05-2023,202321150107A201150107,1,1,26-05-2023,2023-05-24,77
2023,21,52,5,0,150107A201,150107,0,0,2,0,7,1,26-05-2023,202321150107A201150107,1,10,26-05-2023,2023-05-23,69
2023,22,52,5,0,150107A201,150107,0,0,1,1,1,0,30-05-2023,202322150107A201150107,1,3,30-05-2023,2023-05-29,74
2023,21,52,5,0,150107A201,150107,0,1,0,2,7,2,30-05-2023,202321150107A201150107,1,12,30-05-2023,2023-05-26,81
2023,21,52,5,0,150107A201,150107,0,0,0,0,0,1,30-05-2023,202321150107A201150107,1,1,30-05-2023,2023-05-27,76
2023,22,52,5,0,150107A201,150107,0,0,1,0,1,0,01-06-2023,202322150107A201150107,1,2,01-05-2023,2023-05-31,74
2023,22,52,5,0,150107A201,150107,0,1,1,1,2,0,02-06-2023,202322150107A201150107,1,5,02-06-2023,2023-05-30,76
2023,22,52,5,0,150107A201,150107,0,0,1,0,1,0,05-06-2023,202322150107A201150107,1,2,05-06-2023,2023-06-03,85
2023,23,52,5,0,150107A201,150107,0,2,1,2,5,1,07-06-2023,202323150107A201150107,1,11,07-06-2023,2023-06-05,102
2023,23,52,5,0,150107A201,150107,0,0,1,0,1,0,08-06-2023,202323150107A201150107,1,2,08-06-2023,2023-06-06,88
2023,23,52,5,0,150107A201,150107,0,0,1,0,4,0,08-06-2023,202323150107A201150107,1,5,08-06-2023,2023-06-08,79
2023,24,52,5,0,150107A201,150101,0,0,2,0,6,1,13-06-2023,202324150107A201150101,1,9,13-06-2023,2023-06-12,89
2023,23,52,5,0,150107A201,150107,1,0,1,0,1,1,13-06-2023,202323150107A201150107,1,4,13-06-2023,2023-06-09,65
2023,24,52,5,0,150107A201,150107,0,0,2,0,4,0,15-06-2023,202324150107A201150107,1,6,15-06-2023,2023-06-13,71
2023,24,52,5,0,150107A201,150107,0,0,1,0,0,0,17-06-2023,202324150107A201150107,1,1,17-06-2023,2023-06-16,74
2023,24,52,5,0,150107A201,150107,0,0,0,2,0,0,17-06-2023,202324150107A201150107,1,2,17-06-2023,2023-06-15,69
2023,24,52,5,0,150107A201,150107,0,0,1,0,0,0,17-06-2023,202324150107A201150107,1,1,17-06-2023,2023-06-17,55
2023,25,52,5,0,150107A201,150107,0,2,0,1,0,0,21-06-2023,202325150107A201150107,1,3,21-06-2023,2023-06-20,91
2023,25,52,5,0,150107A201,150107,0,0,1,1,1,0,21-06-2023,202325150107A201150107,1,3,21-06-2023,2023-06-19,98
2023,25,52,5,0,150107A201,150107,0,0,0,1,0,0,23-06-2023,202325150107A201150107,1,1,23-06-2023,2023-06-21,68
2023,25,52,5,0,150107A201,150107,0,0,0,0,1,1,23-06-2023,202325150107A201150107,1,2,23-06-2023,2023-06-22,90
2023,25,52,5,0,150107A201,150107,0,0,1,2,0,0,27-06-2023,202325150107A201150107,1,3,27-06-2023,2023-06-23,68
2023,26,52,5,0,150107A201,150107,0,0,0,1,0,0,27-06-2023,202326150107A201150107,1,1,27-06-2023,2023-06-27,66
2023,26,52,5,0,150107A201,150107,0,0,0,1,1,1,30-06-2023,202326150107A201150107,1,3,30-06-2023,2023-06-28,96
2023,26,52,5,0,150107A201,150107,0,0,0,0,1,0,01-07-2023,202326150107A201150107,1,1,01-07-2023,2023-06-30,67
2023,26,52,5,0,150107A201,150107,0,0,1,0,0,0,04-07-2023,202326150107A201150107,1,1,04-07-2023,2023-07-01,69
2023,27,52,5,0,150107A201,150107,0,0,0,4,2,0,04-07-2023,202327150107A201150107,1,6,04-07-2023,2023-07-03,106
2023,27,52,5,0,150107A201,150107,0,0,0,0,2,0,06-07-2023,202327150107A201150107,1,2,06-07-2023,2023-07-05,77
2023,27,52,5,0,150107A201,150107,0,0,0,0,1,0,06-07-2023,202327150107A201150107,1,1,06-07-2023,2023-07-04,68
2023,28,52,5,0,150107A201,150107,0,0,0,0,2,0,11-07-2023,202328150107A201150107,1,2,11-07-2023,2023-07-10,56
2023,27,52,5,0,150107A201,150107,0,0,0,0,1,1,11-07-2023,202327150107A201150107,1,2,11-07-2023,2023-07-08,78
2023,27,52,5,0,150107A201,150107,0,0,0,1,0,0,11-07-2023,202327150107A201150107,1,1,11-07-2023,2023-07-07,62
2023,27,52,5,0,150107A201,150107,0,0,0,0,1,0,11-07-2023,202327150107A201150107,1,1,11-07-2023,2023-07-06,72
2023,28,52,5,0,150107A201,150107,0,0,4,0,0,0,13-07-2023,202328150107A201150107,1,4,13-07-2023,2023-07-12,89
2023,28,52,5,0,150107A201,150107,0,0,0,1,0,0,13-07-2023,202328150107A201150107,1,1,13-07-2023,2023-07-13,85
2023,28,52,5,0,150107A201,150107,0,1,0,0,0,0,15-07-2023,202328150107A201150107,1,1,15-07-2023,2023-07-15,68
2023,29,52,5,0,150107A201,150107,0,1,1,0,0,0,22-07-2023,202329150107A201150107,1,2,22-07-2023,2023-07-21,62
2023,30,52,5,0,150107A201,150107,0,0,2,0,0,0,24-07-2023,202330150107A201150107,1,2,24-07-2023,2023-07-24,102
2023,31,52,5,0,150107A201,150107,0,0,0,1,0,0,31-07-2023,202331150107A201150107,1,1,27-07-2023,2023-07-31,55
2023,31,52,5,0,150107A201,150107,0,0,0,0,1,0,04-08-2023,202331150107A201150107,1,1,04-08-2023,2023-08-03,88
2023,32,52,5,0,150107A201,150107,0,1,0,0,0,0,10-08-2023,202332150107A201150107,1,1,10-08-2023,2023-08-08,85
2023,32,52,5,0,150107A201,150107,0,0,0,0,1,0,11-08-2023,202332150107A201150107,1,1,11-08-2023,2023-08-09,73
2023,33,52,5,0,150107A201,150107,0,1,0,0,0,0,18-08-2023,202333150107A201150107,1,1,18-08-2023,2023-08-15,82
2023,33,52,5,0,150107A201,150107,0,0,0,0,0,1,22-08-2023,202333150107A201150107,1,1,22-08-2023,2023-08-18,54
2023,34,52,5,0,150107A201,150107,0,0,0,1,0,0,24-08-2023,202334150107A201150107,1,1,24-08-2023,2023-08-22,81
2023,41,52,5,0,150107A201,150107,0,0,1,0,0,0,17-10-2023,202341150107A201150107,1,1,17-10-2023,2023-10-12,85
2023,50,52,5,0,150107A201,150107,0,0,0,0,1,2,19-12-2023,202350150107A201150107,1,3,13-12-2023,2023-12-13,94
2023,35,52,5,0,150107A201,150107,0,0,0,1,0,0,19-12-2023,202335150107A201150107,1,1,01-09-2023,2023-09-01,63
2023,36,52,5,0,150107A201,150107,0,1,0,0,0,0,19-12-2023,202336150107A201150107,1,1,05-09-2023,2023-09-05,69
2023,36,52,5,0,150107A201,150107,0,0,0,1,0,0,19-12-2023,202336150107A201150107,1,1,08-09-2023,2023-09-08,79
2023,37,52,5,0,150107A201,150107,0,0,1,1,0,0,19-12-2023,202337150107A201150107,1,2,16-09-2023,2023-09-16,69
2023,38,52,5,0,150107A201,150107,0,0,0,0,1,0,19-12-2023,202338150107A201150107,1,1,18-09-2023,2023-09-18,74
2023,38,52,5,0,150107A201,150107,0,0,0,0,2,0,19-12-2023,202338150107A201150107,1,2,19-09-2023,2023-09-19,81
2023,38,52,5,0,150107A201,150107,0,1,0,0,0,0,19-12-2023,202338150107A201150107,1,1,20-09-2023,2023-09-20,82
2023,39,52,5,0,150107A201,150108,0,0,0,0,1,0,19-12-2023,202339150107A201150108,1,1,26-09-2023,2023-09-26,89
2023,39,52,5,0,150107A201,150107,0,0,0,1,0,0,19-12-2023,202339150107A201150107,1,1,28-09-2023,2023-09-28,76
2023,39,52,5,0,150107A201,150107,0,0,0,0,1,0,19-12-2023,202339150107A201150107,1,1,29-09-2023,2023-09-29,70
2023,40,52,5,0,150107A201,150107,0,0,0,0,1,0,19-12-2023,202340150107A201150107,1,1,02-10-2023,2023-10-02,94
2023,40,52,5,0,150107A201,150107,0,0,0,0,1,0,19-12-2023,202340150107A201150107,1,1,04-10-2023,2023-10-04,102
2023,40,52,5,0,150107A201,150107,0,0,0,1,0,0,19-12-2023,202340150107A201150107,1,1,07-10-2023,2023-10-07,63
2023,41,52,5,0,150107A201,150107,0,0,1,0,0,0,19-12-2023,202341150107A201150107,1,1,09-10-2023,2023-10-09,76
2023,41,52,5,0,150107A201,150107,0,0,0,0,1,0,19-12-2023,202341150107A201150107,1,1,10-10-2023,2023-10-10,98
2023,41,52,5,0,150107A201,150107,0,0,1,0,0,0,19-12-2023,202341150107A201150107,1,1,11-10-2023,2023-10-11,80
2023,41,52,5,0,150107A201,150107,0,0,1,0,0,0,19-12-2023,202341150107A201150107,1,1,13-10-2023,2023-10-13,53
2023,42,52,5,0,150107A201,150107,0,1,1,0,0,0,19-12-2023,202342150107A201150107,1,2,17-10-2023,2023-10-17,80
2023,42,52,5,0,150107A201,150107,0,0,1,0,0,0,19-12-2023,202342150107A201150107,1,1,18-10-2023,2023-10-18,89
2023,42,52,5,0,150107A201,150107,0,0,1,0,1,0,19-12-2023,202342150107A201150107,1,2,19-10-2023,2023-10-19,88
2023,43,52,5,0,150107A201,150107,0,1,0,0,0,0,19-12-2023,202343150107A201150107,1,1,24-10-2023,2023-10-24,103
2023,43,52,5,0,150107A201,150107,0,0,0,0,1,0,19-12-2023,202343150107A201150107,1,1,26-10-2023,2023-10-26,82
2023,43,52,5,0,150107A201,150107,0,0,1,0,0,0,19-12-2023,202343150107A201150107,1,1,27-10-2023,2023-10-27,73
2023,45,52,5,0,150107A201,150107,0,0,1,0,1,0,19-12-2023,202345150107A201150107,1,2,06-11-2023,2023-11-06,104
2023,45,52,5,0,150107A201,150107,0,1,0,0,0,0,19-12-2023,202345150107A201150107,1,1,08-11-2023,2023-11-08,76
2023,45,52,5,0,150107A201,150107,0,0,0,0,1,0,19-12-2023,202345150107A201150107,1,1,11-11-2023,2023-11-11,81
2023,46,52,5,0,150107A201,150107,0,0,0,0,1,0,19-12-2023,202346150107A201150107,1,1,16-11-2023,2023-11-16,85
2023,46,52,5,0,150107A201,150107,0,0,3,0,0,0,19-12-2023,202346150107A201150107,1,3,12-11-2023,2023-11-12,75
2023,47,52,5,0,150107A201,150107,0,1,0,1,0,0,19-12-2023,202347150107A201150107,1,2,20-11-2023,2023-11-20,99
2023,47,52,5,0,150107A201,150107,0,1,0,0,1,0,19-12-2023,202347150107A201150107,1,2,21-11-2023,2023-11-21,82
2023,47,52,5,0,150107A201,150107,0,0,0,3,0,0,19-12-2023,202347150107A201150107,1,3,22-11-2023,2023-11-22,92
2023,47,52,5,0,150107A201,150107,0,1,1,0,1,0,19-12-2023,202347150107A201150107,1,3,19-11-2023,2023-11-19,75
2023,48,52,5,0,150107A201,150107,0,0,1,0,0,0,19-12-2023,202348150107A201150107,1,1,28-11-2023,2023-11-28,76
2023,48,52,5,0,150107A201,150107,0,1,2,1,1,0,19-12-2023,202348150107A201150107,1,5,29-11-2023,2023-11-29,77
2023,48,52,5,0,150107A201,150107,0,0,1,0,1,0,19-12-2023,202348150107A201150107,1,2,30-11-2023,2023-11-30,73
2023,44,52,5,0,150107A201,150107,0,0,0,0,4,0,19-12-2023,202344150107A201150107,1,4,04-11-2023,2023-11-04,88
2023,49,52,5,0,150107A201,150107,0,1,0,0,0,0,19-12-2023,202349150107A201150107,1,1,06-11-2023,2023-12-06,1
2023,50,52,5,0,150107A201,150107,0,0,0,0,0,1,19-12-2023,202350150107A201150107,1,1,12-12-2023,2023-12-12,105
2023,50,52,5,0,150107A201,150107,0,0,0,0,2,0,19-12-2023,202350150107A201150107,1,2,14-12-2023,2023-12-14,63
2023,50,52,5,0,150107A201,150107,0,1,0,0,0,0,19-12-2023,202350150107A201150107,1,1,15-12-2023,2023-12-15,54
2023,51,52,5,0,150107A201,150107,0,0,0,1,1,0,19-12-2023,202351150107A201150107,1,2,18-12-2023,2023-12-18,87
2023,51,52,5,0,150107A201,150107,0,1,0,0,0,0,19-12-2023,202351150107A201150107,1,1,19-12-2023,2023-12-19,79
2023,51,52,5,0,150107A201,150107,0,0,0,1,0,0,22-12-2023,202351150107A201150107,1,1,21-12-2023,2023-12-21,39
2023,52,52,5,0,150107A201,150107,0,1,0,1,0,0,28-12-2023,202352150107A201150107,1,2,27-12-2023,2023-12-27,61
2023,52,52,5,0,150107A201,150107,0,0,0,0,1,0,05-01-2024,202352150107A201150107,1,1,28-12-2023,2023-12-28,100
2024,1,52,5,0,150107A201,150107,0,1,1,0,1,0,05-01-2024,20241150107A201150107,1,3,03-01-2024,2024-01-03,92
2024,1,52,5,0,150107A201,150107,0,0,0,0,1,1,05-01-2024,20241150107A201150107,1,2,04-01-2024,2024-01-05,63
2024,2,52,5,0,150107A201,150107,0,0,0,1,0,0,10-01-2024,20242150107A201150107,1,1,10-01-2024,2024-01-10,107
2024,2,52,5,0,150107A201,150107,0,0,0,1,0,0,12-01-2024,20242150107A201150107,1,1,11-01-2024,2024-01-11,78
2024,2,52,5,0,150107A201,150107,0,0,0,0,1,0,12-01-2024,20242150107A201150107,1,1,12-01-2024,2024-01-12,64
2024,2,52,5,0,150107A201,150107,0,0,0,1,1,0,16-01-2024,20242150107A201150107,1,2,13-01-2024,2024-01-13,70
2024,3,52,5,0,150107A201,150106,0,0,1,0,0,0,16-01-2024,20243150107A201150106,1,1,15-01-2024,2024-01-15,0
2024,3,52,5,0,150107A201,150108,0,0,0,1,1,1,18-01-2024,20243150107A201150108,1,3,16-01-2024,2024-01-16,110
2024,3,52,5,0,150107A201,150107,0,1,0,1,1,0,18-01-2024,20243150107A201150107,1,3,17-01-2024,2024-01-17,90
2024,3,52,5,0,150107A201,150107,0,1,0,2,1,0,18-01-2024,20243150107A201150107,1,4,18-01-2024,2024-01-18,78
2024,3,52,5,0,150107A201,150107,0,0,0,0,0,1,22-01-2024,20243150107A201150107,1,1,20-01-2024,2024-01-20,79
2024,4,52,5,0,150107A201,150107,0,1,0,0,1,0,24-01-2024,20244150107A201150107,1,2,23-01-2024,2024-01-23,85
2024,4,52,5,0,150107A201,150107,0,0,0,0,1,0,24-01-2024,20244150107A201150107,1,1,24-01-2024,2024-01-24,85
2024,4,52,5,0,150107A201,150107,0,1,0,0,2,1,26-01-2024,20244150107A201150107,1,4,25-01-2024,2024-01-25,90
2024,4,52,5,0,150107A201,150107,0,0,0,1,1,0,29-01-2024,20244150107A201150107,1,2,27-01-2024,2024-01-27,70
2024,4,52,5,0,150107A201,150107,0,0,0,0,1,0,29-01-2024,20244150107A201150107,1,1,26-01-2024,2024-01-26,89
2024,5,52,5,0,150107A201,150107,0,0,0,1,1,1,02-02-2024,20245150107A201150107,1,3,30-01-2024,2024-01-30,84
2024,5,52,5,0,150107A201,150107,0,0,0,1,1,0,02-02-2024,20245150107A201150107,1,2,31-01-2024,2024-01-31,54
2024,5,52,5,0,150107A201,150107,1,0,0,0,0,0,03-02-2024,20245150107A201150107,1,1,02-02-2024,2024-02-02,55
2024,5,52,5,0,150107A201,150108,0,0,0,1,0,0,05-02-2024,20245150107A201150108,1,1,03-02-2024,2024-02-03,71
2024,6,52,5,0,150107A201,150107,0,0,0,1,1,0,07-02-2024,20246150107A201150107,1,2,06-02-2024,2024-02-06,100
2024,6,52,5,0,150107A201,150107,0,0,0,0,1,0,09-02-2024,20246150107A201150107,1,1,07-02-2024,2024-02-07,84
2024,6,52,5,0,150107A201,150107,0,1,0,0,1,0,10-02-2024,20246150107A201150107,1,2,09-02-2024,2024-02-09,71
2024,6,52,5,0,150107A201,150107,0,0,0,0,0,2,12-02-2024,20246150107A201150107,1,2,10-02-2024,2024-02-10,62
2024,7,52,5,0,150107A201,150107,0,0,1,0,2,0,15-02-2024,20247150107A201150107,1,3,14-02-2024,2024-02-14,79
2024,7,52,5,0,150107A201,150107,0,1,0,0,1,1,16-02-2024,20247150107A201150107,1,3,15-02-2024,2024-02-15,70
2024,7,52,5,0,150107A201,150107,0,0,0,1,2,1,19-02-2024,20247150107A201150107,1,4,17-02-2024,2024-02-17,69
2024,8,52,5,0,150107A201,150107,0,1,0,0,0,1,26-02-2024,20248150107A201150107,1,2,21-02-2024,2024-02-21,97
2024,8,52,5,0,150107A201,150107,1,0,1,0,2,0,26-02-2024,20248150107A201150107,1,4,22-02-2024,2024-02-22,93
2024,8,52,5,0,150107A201,150107,0,0,1,0,1,0,26-02-2024,20248150107A201150107,1,2,23-02-2024,2024-02-23,69
2024,8,52,5,0,150107A201,150107,0,0,0,0,1,1,26-02-2024,20248150107A201150107,1,2,24-02-2024,2024-02-24,66
2024,9,52,5,0,150107A201,150107,0,0,0,0,1,0,28-02-2024,20249150107A201150107,1,1,26-02-2024,2024-02-26,92
2024,9,52,5,0,150107A201,150107,0,1,0,0,1,0,01-03-2024,20249150107A201150107,1,2,28-02-2024,2024-02-28,98
2024,9,52,5,0,150107A201,150107,0,0,0,1,0,0,01-03-2024,20249150107A201150107,1,1,29-02-2024,2024-02-29,63
2024,9,52,5,0,150107A201,150107,0,1,0,1,3,0,04-03-2024,20249150107A201150107,1,5,01-03-2024,2024-03-01,72
2024,9,52,5,0,150107A201,150107,0,1,0,0,1,0,04-03-2024,20249150107A201150107,1,2,02-03-2024,2024-03-02,65
2024,10,52,5,0,150107A201,150107,0,0,0,0,1,0,05-03-2024,202410150107A201150107,1,1,04-03-2024,2024-03-04,95
2024,10,52,5,0,150107A201,150107,0,2,2,3,1,0,06-03-2024,202410150107A201150107,1,8,05-03-2024,2024-03-05,88
2024,10,52,5,0,150107A201,150107,0,0,0,1,0,0,07-03-2024,202410150107A201150107,1,1,06-03-2024,2024-03-06,89
2024,10,52,5,0,150107A201,150107,0,0,1,0,2,0,08-03-2024,202410150107A201150107,1,3,07-03-2024,2024-03-07,112
2024,10,52,5,0,150107A201,150107,0,0,0,1,2,0,11-03-2024,202410150107A201150107,1,3,08-03-2024,2024-03-08,75
2024,11,52,5,0,150107A201,150107,0,1,1,0,1,0,12-03-2024,202411150107A201150107,1,3,11-03-2024,2024-03-11,76
2024,11,52,5,0,150107A201,150107,0,0,2,1,2,0,13-03-2024,202411150107A201150107,1,5,12-03-2024,2024-03-12,106
2024,11,52,5,0,150107A201,150107,0,0,1,0,1,1,14-03-2024,202411150107A201150107,1,3,13-03-2024,2024-03-13,80
2024,11,52,5,0,150107A201,150107,0,0,1,2,0,0,15-03-2024,202411150107A201150107,1,3,14-03-2024,2024-03-14,79
2024,11,52,5,0,150107A201,150107,0,0,1,0,4,0,16-03-2024,202411150107A201150107,1,5,15-03-2024,2024-03-15,78
2024,11,52,5,0,150107A201,150107,0,0,0,2,2,0,18-03-2024,202411150107A201150107,1,4,16-03-2024,2024-03-16,90
2024,12,52,5,0,150107A201,150107,0,0,1,1,2,1,19-03-2024,202412150107A201150107,1,5,18-03-2024,2024-03-18,108
2024,12,52,5,0,150107A201,150107,0,1,0,1,0,0,20-03-2024,202412150107A201150107,1,2,19-03-2024,2024-03-19,99
2024,12,52,5,0,150107A201,150107,0,0,1,0,3,0,21-03-2024,202412150107A201150107,1,4,20-03-2024,2024-03-20,98
2024,12,52,5,0,150107A201,150107,0,1,0,0,3,0,22-03-2024,202412150107A201150107,1,4,21-03-2024,2024-03-21,107
2024,12,52,5,0,150107A201,150107,0,0,0,0,1,0,23-03-2024,202412150107A201150107,1,1,22-03-2024,2024-03-22,98
2024,12,52,5,0,150107A201,150107,0,0,1,0,0,0,25-03-2024,202412150107A201150107,1,1,23-03-2024,2024-03-23,43
2024,13,52,5,0,150107A201,150107,0,0,0,1,1,0,26-03-2024,202413150107A201150107,1,2,25-03-2024,2024-03-25,88
2024,13,52,5,0,150107A201,150107,0,0,1,0,2,0,27-03-2024,202413150107A201150107,1,3,26-03-2024,2024-03-26,99
2024,13,52,5,0,150107A201,150107,0,0,1,0,3,0,30-03-2024,202413150107A201150107,1,4,27-03-2024,2024-03-27,88
2024,14,52,5,0,150107A201,150107,0,0,0,1,0,0,02-04-2024,202414150107A201150107,1,1,01-04-2024,2024-04-01,100
2024,14,52,5,0,150107A201,150107,0,0,0,1,1,1,03-04-2024,202414150107A201150107,1,3,02-04-2024,2024-04-02,98
2024,14,52,5,0,150107A201,150107,0,0,0,0,2,0,04-04-2024,202414150107A201150107,1,2,03-04-2024,2024-04-03,103
2024,14,52,5,0,150107A201,150107,0,0,0,1,3,0,05-04-2024,202414150107A201150107,1,4,04-04-2024,2024-04-04,97
2024,14,52,5,0,150107A201,150107,0,1,0,1,1,0,08-04-2024,202414150107A201150107,1,3,05-04-2024,2024-04-05,100
2024,14,52,5,0,150107A201,150107,0,0,0,1,0,0,08-04-2024,202414150107A201150107,1,1,06-04-2024,2024-04-06,85
2024,15,52,5,0,150107A201,150107,0,0,1,1,1,0,09-04-2024,202415150107A201150107,1,3,08-04-2024,2024-04-08,83
2024,15,52,5,0,150107A201,150107,0,0,1,2,0,0,10-04-2024,202415150107A201150107,1,3,09-04-2024,2024-04-09,115
2024,15,52,5,0,150107A201,150107,0,1,0,1,0,0,12-04-2024,202415150107A201150107,1,2,10-04-2024,2024-04-10,97
2024,15,52,5,0,150107A201,150107,0,1,0,4,2,0,12-04-2024,202415150107A201150107,1,7,11-04-2024,2024-04-11,113
2024,15,52,5,0,150107A201,150107,0,0,2,0,0,0,13-04-2024,202415150107A201150107,1,2,12-04-2024,2024-04-12,84
2024,15,52,5,0,150107A201,150107,0,0,0,1,0,0,15-04-2024,202415150107A201150107,1,1,13-04-2024,2024-04-13,74
2024,16,52,5,0,150107A201,150107,0,0,0,1,0,0,16-04-2024,202416150107A201150107,1,1,15-04-2024,2024-04-15,93
2024,16,52,5,0,150107A201,150107,0,1,0,1,0,0,22-04-2024,,1,2,16-04-2024,2024-04-16,96
2024,16,52,5,0,150107A201,150107,0,0,0,1,0,0,22-04-2024,,1,1,17-04-2024,2024-04-17,98
2024,16,52,5,0,150107A201,150107,0,0,0,0,1,0,22-04-2024,,1,1,19-04-2024,2024-04-19,89
2024,16,52,5,0,150107A201,150107,0,0,1,0,2,0,22-04-2024,,1,3,20-04-2024,2024-04-20,79
2024,17,52,5,0,150107A201,150107,0,0,0,1,0,0,23-04-2024,,1,1,22-04-2024,2024-04-22,106
2024,17,52,5,0,150107A201,150107,0,0,0,2,1,0,24-04-2024,,1,3,24-04-2024,2024-04-23,108
2024,17,52,5,0,150107A201,150107,0,0,1,0,0,0,25-04-2024,,1,1,25-04-2024,2024-04-24,95
2024,17,52,5,0,150107A201,150107,0,0,0,2,0,1,27-04-2024,,1,3,27-04-2024,2024-04-26,90
2024,17,52,5,0,150107A201,150107,0,0,0,1,0,0,27-04-2024,,1,1,26-04-2024,2024-04-25,93
2024,17,52,5,0,150107A201,150107,0,0,3,0,0,0,29-04-2024,,1,3,27-04-2024,2024-04-27,71
2024,18,52,5,0,150107A201,150107,0,0,1,0,0,0,30-04-2024,,1,1,30-04-2024,2024-04-29,101
2024,18,52,5,0,150107A201,150107,0,1,0,2,1,0,02-05-2024,,1,4,30-04-2024,2024-04-30,81
2024,18,52,5,0,150107A201,150107,0,0,0,2,1,1,04-05-2024,,1,4,02-05-2024,2024-05-02,88
2024,18,52,5,0,150107A201,150107,0,0,0,1,1,0,04-05-2024,,1,2,03-05-2024,2024-05-03,82
2024,18,52,5,0,150107A201,150107,0,1,0,2,1,0,06-05-2024,,1,4,04-05-2024,2024-05-04,73
2024,19,52,5,0,150107A201,150107,0,1,3,2,1,1,07-05-2024,,1,8,06-05-2024,2024-05-06,106
2024,19,52,5,0,150107A201,150107,0,0,0,0,1,0,08-05-2024,,1,1,07-05-2024,2024-05-07,94
2024,19,52,5,0,150107A201,150107,0,0,0,1,2,0,09-05-2024,,1,3,08-05-2024,2024-05-08,79
2024,19,52,5,0,150107A201,150107,1,1,1,2,2,0,11-05-2024,,1,7,10-05-2024,2024-05-10,68
2024,19,52,5,0,150107A201,150107,0,0,2,1,3,2,13-05-2024,,1,8,11-05-2024,2024-05-11,67
2024,20,52,5,0,150107A201,150107,0,0,0,0,1,0,14-05-2024,,1,1,13-05-2024,2024-05-13,104
2024,20,52,5,0,150107A201,150107,0,1,1,2,3,0,15-05-2024,,1,7,14-05-2024,2024-05-14,83
2024,20,52,5,0,150107A201,150107,0,3,0,1,0,0,16-05-2024,,1,4,15-05-2024,2024-05-15,98
2024,20,52,5,0,150107A201,150107,0,0,1,1,0,0,18-05-2024,,1,2,16-05-2024,2024-05-16,58
2024,20,52,5,0,150107A201,150107,0,0,2,0,0,0,18-05-2024,,1,2,17-05-2024,2024-05-17,100
2024,20,52,5,0,150107A201,150107,0,0,1,2,5,0,21-05-2024,,1,8,18-05-2024,2024-05-18,67
2024,21,52,5,0,150107A201,150107,0,0,1,2,4,1,21-05-2024,,1,8,20-05-2024,2024-05-20,108
2024,21,52,5,0,150107A201,150107,0,0,0,1,1,0,22-05-2024,,1,2,21-05-2024,2024-05-21,97
2024,21,52,5,0,150107A201,150107,0,0,1,1,0,0,23-05-2024,,1,2,22-05-2024,2024-05-22,105
2024,21,52,5,0,150107A201,150107,0,1,0,2,3,0,24-05-2024,,1,6,23-05-2024,2024-05-23,65
2024,21,52,5,0,150107A201,150101,0,0,0,2,1,0,25-05-2024,,1,3,24-05-2024,2024-05-24,90
2024,21,52,5,0,150107A201,150107,0,0,2,0,3,0,27-05-2024,,1,5,25-05-2024,2024-05-25,67
2024,22,52,5,0,150107A201,150107,0,0,0,2,0,2,29-05-2024,,1,4,27-05-2024,2024-05-27,99
2024,22,52,5,0,150107A201,150107,0,0,0,0,1,0,29-05-2024,,1,1,28-05-2024,2024-05-28,94
2024,22,52,5,0,150107A201,150107,0,0,0,1,2,0,31-05-2024,,1,3,29-05-2024,2024-05-29,83
2024,22,52,5,0,150107A201,150107,0,0,0,1,3,0,31-05-2024,,1,4,30-05-2024,2024-05-30,63
2024,22,52,5,0,150107A201,150107,0,0,1,2,0,0,01-06-2024,,1,3,31-05-2024,2024-05-31,69
2024,22,52,5,0,150107A201,150107,0,0,0,0,1,0,03-06-2024,,1,1,01-06-2024,2024-06-01,69
2024,23,52,5,0,150107A201,150107,0,0,0,1,5,0,04-06-2024,,1,6,03-06-2024,2024-06-03,94
2024,23,52,5,0,150107A201,150107,0,1,2,1,1,1,05-06-2024,,1,6,04-06-2024,2024-06-04,95
2024,23,52,5,0,150107A201,150107,0,0,1,1,0,0,06-06-2024,,1,2,05-06-2024,2024-06-05,89
2024,23,52,5,0,150107A201,150107,0,0,1,0,1,0,10-06-2024,,1,2,06-06-2024,2024-06-06,91
2024,23,52,5,0,150107A201,150107,0,1,1,0,0,0,10-06-2024,,1,2,08-06-2024,2024-06-08,68
2024,24,52,5,0,150107A201,150107,0,0,0,0,1,0,12-06-2024,,1,1,11-06-2024,2024-06-11,108
2024,24,52,5,0,150107A201,150107,0,1,0,1,3,0,13-06-2024,,1,5,12-06-2024,2024-06-12,79
2024,24,52,5,0,150107A201,150107,0,0,0,0,1,0,14-06-2024,,1,1,13-06-2024,2024-06-13,76
2024,24,52,5,0,150107A201,150107,0,0,0,1,0,0,17-06-2024,,1,1,15-06-2024,2024-06-15,88
2024,25,52,5,0,150107A201,150107,0,0,0,0,2,0,18-06-2024,,1,2,17-06-2024,2024-06-17,109
2024,24,52,5,0,150107A201,150107,0,1,0,0,0,0,18-06-2024,,1,1,14-06-2024,2024-06-14,71
2024,24,52,5,0,150107A201,150107,0,1,0,0,0,0,18-06-2024,,1,1,14-06-2024,2024-06-14,71
2024,25,52,5,0,150107A201,150107,0,0,1,0,0,0,21-06-2024,,1,1,19-06-2024,2024-06-19,104
2024,25,52,5,0,150107A201,150107,0,0,1,0,0,0,21-06-2024,,1,1,20-06-2024,2024-06-20,82
2024,25,52,5,0,150107A201,150107,1,1,0,0,0,0,24-06-2024,,1,2,22-06-2024,2024-06-22,77
2024,26,52,5,0,150107A201,150107,1,0,0,0,1,0,25-06-2024,,1,2,24-06-2024,2024-06-24,110
2024,26,52,5,0,150107A201,150107,0,0,1,0,0,0,27-06-2024,,1,1,26-06-2024,2024-06-26,98
2024,26,52,5,0,150107A201,150107,0,0,0,1,0,0,28-06-2024,,1,1,27-06-2024,2024-06-27,62
2024,26,52,5,0,150107A201,150107,0,1,2,0,0,0,01-07-2024,,1,3,28-06-2024,2024-06-28,107
2024,27,52,5,0,150107A201,150107,0,0,1,1,1,0,02-07-2024,,1,3,01-07-2024,2024-07-01,83
2024,27,52,5,0,150107A201,150107,0,1,0,0,0,0,06-07-2024,,1,1,04-07-2024,2024-07-04,83
2024,27,52,5,0,150107A201,150107,0,0,1,0,2,1,06-07-2024,,1,4,05-07-2024,2024-07-05,75
2024,27,52,5,0,150107A201,150107,0,0,0,1,0,0,08-07-2024,,1,1,02-07-2024,2024-07-02,89
2024,27,52,5,0,150107A201,150107,0,0,2,0,0,0,08-07-2024,,1,2,03-07-2024,2024-07-03,90
2024,27,52,5,0,150107A201,150107,0,0,0,0,2,0,08-07-2024,,1,2,06-07-2024,2024-07-06,53
2024,28,52,5,0,150107A201,150107,0,1,0,0,0,0,09-07-2024,,1,1,08-07-2024,2024-07-08,106
2024,28,52,5,0,150107A201,150107,0,0,0,0,0,1,10-07-2024,,1,1,09-07-2024,2024-07-09,85
2024,28,52,5,0,150107A201,150107,0,0,0,1,1,0,12-07-2024,,1,2,10-07-2024,2024-07-10,70
2024,28,52,5,0,150107A201,150107,0,0,0,2,0,1,13-07-2024,,1,3,12-07-2024,2024-07-12,85
2024,29,52,5,0,150107A201,150107,0,0,0,2,0,0,16-07-2024,,1,2,15-07-2024,2024-07-15,84
2024,29,52,5,0,150107A201,150107,0,0,1,0,0,0,20-07-2024,,1,1,16-07-2024,2024-07-16,76
2024,29,52,5,0,150107A201,150107,1,1,1,1,0,0,20-07-2024,,1,4,19-07-2024,2024-07-19,87
2024,29,52,5,0,150107A201,150107,0,1,2,0,1,0,22-07-2024,,1,4,20-07-2024,2024-07-20,55
2024,30,52,5,0,150107A201,150107,0,0,0,0,0,1,30-07-2024,,1,1,26-07-2024,2024-07-26,94
2024,30,52,5,0,150107A201,150107,0,0,0,1,0,0,30-07-2024,,1,1,22-07-2024,2024-07-22,96
2024,30,52,5,0,150107A201,150107,0,0,0,1,0,0,30-07-2024,,1,1,27-07-2024,2024-07-27,56
2024,31,52,5,0,150107A201,150107,0,0,0,0,1,0,02-08-2024,,1,1,01-08-2024,2024-08-01,77
2024,32,52,5,0,150107A201,150107,0,1,0,0,0,0,05-08-2024,,1,1,05-08-2024,2024-08-05,125
2024,31,52,5,0,150107A201,150107,0,0,0,0,2,0,05-08-2024,,1,2,02-08-2024,2024-08-02,96
2024,31,52,5,0,150107A201,150107,0,0,1,0,1,0,05-08-2024,,1,2,03-08-2024,2024-08-03,71
2024,32,52,5,0,150107A201,150107,0,1,1,0,1,0,21-08-2024,,1,3,21-08-2024,2024-08-08,83
2024,32,52,5,0,150107A201,150107,0,0,0,0,0,0,21-08-2024,,1,0,21-08-2024,2024-08-09,99
2024,32,52,5,0,150107A201,150107,0,0,1,0,0,0,21-08-2024,,1,1,21-08-2024,2024-08-10,67
2024,33,52,5,0,150107A201,150107,0,0,0,0,0,0,21-08-2024,,1,0,21-08-2024,2024-08-13,62
2024,33,52,5,0,150107A201,150107,0,0,1,0,1,0,21-08-2024,,1,2,21-08-2024,2024-08-15,65
2024,33,52,5,0,150107A201,150107,0,0,0,0,0,0,21-08-2024,,1,0,21-08-2024,2024-08-14,64
2024,34,52,5,0,150107A201,150107,0,0,0,1,0,0,22-08-2024,,1,1,19-08-2024,2024-08-19,101
2024,34,52,5,0,150107A201,150107,0,0,0,0,1,0,22-08-2024,,1,1,20-08-2024,2024-08-20,94
2024,34,52,5,0,150107A201,150107,0,0,1,1,0,0,22-08-2024,,1,2,19-08-2024,2024-08-19,96
2024,34,52,5,0,150107A201,150107,0,0,0,0,0,0,22-08-2024,,1,0,22-08-2024,2024-08-22,61
2024,33,52,5,0,150107A201,150107,0,0,0,0,0,0,24-08-2024,,1,0,16-08-2024,2024-08-16,73
2024,34,52,5,0,150107A201,150107,0,0,0,1,0,0,24-08-2024,,1,1,24-08-2024,2024-08-24,68
2024,35,52,5,0,150107A201,150107,0,0,0,1,0,0,27-08-2024,,1,1,26-08-2024,2024-08-26,107
2024,35,52,5,0,150107A201,150107,0,0,1,0,2,0,28-08-2024,,1,3,27-08-2024,2024-08-27,115
2024,35,52,5,0,150107A201,150107,0,0,0,1,1,0,29-08-2024,,1,2,28-08-2024,2024-08-28,81
2024,35,52,5,0,150107A201,150107,0,0,0,0,0,0,31-08-2024,,1,0,29-08-2024,2024-08-29,84
2024,35,52,5,0,150107A201,150107,0,0,0,0,0,0,02-09-2024,,1,0,02-09-2024,2024-08-31,56
2024,36,52,5,0,150107A201,150107,0,0,0,0,0,0,03-09-2024,,1,0,02-09-2024,2024-09-02,78
2024,36,52,5,0,150107A201,150107,0,0,1,1,0,0,05-09-2024,,1,2,04-09-2024,2024-09-04,63
2024,36,52,5,0,150107A201,150107,0,0,1,0,0,0,05-09-2024,,1,1,05-09-2024,2024-09-05,119
2024,36,52,5,0,150107A201,150107,0,0,1,1,1,0,07-09-2024,,1,3,06-09-2024,2024-09-06,57
2024,36,52,5,0,150107A201,150107,0,0,2,0,0,0,07-09-2024,,1,2,07-09-2024,2024-09-07,90
2024,36,52,5,0,150107A201,150107,0,2,1,1,0,0,10-09-2024,,1,4,09-09-2024,2024-09-07,86
2024,37,52,5,0,150107A201,150107,0,0,0,1,1,0,12-09-2024,,1,2,11-09-2024,2024-09-11,77
2024,37,52,5,0,150107A201,150107,0,0,0,20,1,0,12-09-2024,,1,21,12-09-2024,2024-09-12,85
2024,37,52,5,0,150107A201,150107,0,0,1,0,0,0,14-09-2024,,1,1,13-09-2024,2024-09-13,63
2024,37,52,5,0,150107A201,150107,0,0,1,0,2,0,14-09-2024,,1,3,14-09-2024,2024-09-14,78
2024,38,52,5,0,150107A201,150107,0,0,0,1,1,0,17-09-2024,,1,2,16-09-2024,2024-09-16,76
2024,38,52,5,0,150107A201,150107,0,1,0,1,0,0,17-09-2024,,1,2,16-09-2024,2024-09-16,100
2024,38,52,5,0,150107A201,150107,0,0,0,0,2,0,19-09-2024,,1,2,19-09-2024,2024-09-19,95
2024,38,52,5,0,150107A201,150107,0,1,0,0,0,0,21-09-2024,,1,1,20-09-2024,2024-09-20,53
2024,38,52,5,0,150107A201,150107,0,0,0,0,0,0,21-09-2024,,1,0,21-09-2024,2024-09-21,70
2024,39,52,5,0,150107A201,150107,0,1,1,0,1,0,24-09-2024,,1,3,23-09-2024,2024-09-23,102
2024,39,52,5,0,150107A201,150107,0,0,0,1,0,0,26-09-2024,,1,1,24-09-2024,2024-09-24,98
2024,39,52,5,0,150107A201,150107,0,0,0,0,1,0,26-09-2024,,1,1,25-09-2024,2024-09-25,89
2024,39,52,5,0,150107A201,150107,0,0,0,0,1,0,14-11-2024,,1,1,26-09-2024,2024-09-22,73
2024,39,52,5,0,150107A201,150107,0,0,0,0,0,0,14-11-2024,,1,0,27-09-2024,2024-09-27,84
2024,39,52,5,0,150107A201,150107,0,0,0,0,0,0,14-11-2024,,1,0,28-09-2024,2024-09-28,65
2024,40,52,5,0,150107A201,150107,0,0,0,0,1,0,14-11-2024,,1,1,01-10-2024,2024-10-01,103
2024,40,52,5,0,150107A201,150107,0,0,0,0,0,0,14-11-2024,,1,0,30-09-2024,2024-09-30,81
2024,41,52,5,0,150107A201,150107,0,0,1,1,2,0,14-11-2024,,1,4,09-10-2024,2024-10-10,85
2024,40,52,5,0,150107A201,150107,0,0,0,0,0,0,14-11-2024,,1,0,01-10-2024,2024-10-01,58
2024,40,52,5,0,150107A201,150107,0,0,1,0,2,0,14-11-2024,,1,3,04-10-2024,2024-10-04,53
2024,40,52,5,0,150107A201,150107,0,0,0,0,0,0,14-11-2024,,1,0,03-10-2024,2024-10-03,87
2024,40,52,5,0,150107A201,150107,0,0,0,0,1,0,14-11-2024,,1,1,02-10-2024,2024-10-02,80
2024,41,52,5,0,150107A201,150107,0,0,0,0,0,0,14-11-2024,,1,0,10-10-2024,2024-10-10,50
2024,41,52,5,0,150107A201,150107,0,0,1,1,0,0,14-11-2024,,1,2,07-10-2024,2024-10-10,79
2024,42,52,5,0,150107A201,150107,0,1,1,0,0,0,14-11-2024,,1,2,14-10-2024,2024-10-14,83
2024,41,52,5,0,150107A201,150107,0,0,0,0,1,0,14-11-2024,,1,1,12-10-2024,2024-10-12,62
2024,41,52,5,0,150107A201,150107,0,0,0,0,0,0,14-11-2024,,1,0,11-10-2024,2024-10-11,55
2024,42,52,5,0,150107A201,150107,0,0,0,0,0,0,14-11-2024,,1,0,15-10-2024,2024-10-15,85
2024,42,52,5,0,150107A201,150107,0,0,0,0,0,0,14-11-2024,,1,0,16-10-2024,2024-10-16,103
2024,42,52,5,0,150107A201,150107,0,0,0,0,1,0,14-11-2024,,1,1,17-10-2024,2024-10-17,68
2024,42,52,5,0,150107A201,150107,0,0,0,0,0,0,14-11-2024,,1,0,18-10-2024,2024-10-18,78
2024,42,52,5,0,150107A201,150107,0,1,1,0,0,0,14-11-2024,,1,2,19-10-2024,2024-10-19,65
2024,43,52,5,0,150107A201,150107,0,0,0,0,3,0,14-11-2024,,1,3,21-10-2024,2024-10-21,81
2024,43,52,5,0,150107A201,150107,0,1,0,0,0,0,14-11-2024,,1,1,22-10-2024,2024-10-22,98
2024,43,52,5,0,150107A201,150107,0,0,0,0,0,0,14-11-2024,,1,0,23-10-2024,2024-10-23,63
2024,43,52,5,0,150107A201,150107,0,0,0,0,0,0,14-11-2024,,1,0,24-10-2024,2024-10-24,90
2024,43,52,5,0,150107A201,150107,0,0,0,0,0,0,14-11-2024,,1,0,25-10-2024,2024-10-25,80
2024,43,52,5,0,150107A201,150107,0,0,0,0,0,0,14-11-2024,,1,0,26-10-2024,2024-10-26,67
2024,43,52,5,0,150107A201,150107,0,1,0,0,0,1,14-11-2024,,1,2,24-10-2024,2024-10-24,64
2024,44,52,5,0,150107A201,150107,0,0,0,0,0,0,14-11-2024,,1,0,28-10-2024,2024-10-28,89
2024,44,52,5,0,150107A201,150107,0,0,1,0,0,0,14-11-2024,,1,1,29-10-2024,2024-10-29,87
2024,44,52,5,0,150107A201,150107,0,0,0,0,0,0,14-11-2024,,1,0,30-10-2024,2024-10-30,105
2024,44,52,5,0,150107A201,150107,0,1,0,0,0,0,14-11-2024,,1,1,02-11-2024,2024-11-02,55
2024,45,52,5,0,150107A201,150107,0,0,0,0,0,0,14-11-2024,,1,0,04-11-2024,2024-11-04,94
2024,45,52,5,0,150107A201,150107,0,0,0,0,0,0,14-11-2024,,1,0,05-11-2024,2024-11-05,77
2024,46,52,5,0,150107A201,150107,0,0,0,0,0,0,14-11-2024,,1,0,10-11-2024,2024-11-10,62
2024,45,52,5,0,150107A201,150107,0,0,0,0,0,0,14-11-2024,,1,0,06-11-2024,2024-11-06,90
2024,45,52,5,0,150107A201,150107,0,0,0,0,0,0,14-11-2024,,1,0,07-11-2024,2024-11-07,98
2024,45,52,5,0,150107A201,150107,0,0,0,0,0,0,14-11-2024,,1,0,08-11-2024,2024-11-08,61
2024,45,52,5,0,150107A201,150107,0,0,0,0,0,0,14-11-2024,,1,0,09-11-2024,2024-11-09,55
2024,46,52,5,0,150107A201,150107,0,1,0,0,0,0,14-11-2024,,1,1,11-11-2024,2024-11-11,103
2024,46,52,5,0,150107A201,150107,0,0,0,0,0,0,14-11-2024,,1,0,12-11-2024,2024-11-12,108
2024,46,52,5,0,150107A201,150107,0,0,0,0,0,0,14-11-2024,,1,0,13-11-2024,2024-11-13,62
2024,46,52,5,0,150107A201,150107,0,0,0,0,1,0,14-11-2024,,1,1,14-11-2024,2024-11-14,78
2024,46,52,5,0,150107A201,150107,0,0,0,0,1,0,19-11-2024,,1,1,16-11-2024,2024-11-16,51
2024,46,52,5,0,150107A201,150107,0,0,0,0,1,0,19-11-2024,,1,1,15-11-2024,2024-11-15,78
2024,47,52,5,0,150107A201,150107,0,0,0,0,0,0,19-11-2024,,1,0,18-11-2024,2024-11-18,101
2024,47,52,5,0,150107A201,150107,0,0,0,0,0,0,21-11-2024,,1,0,19-11-2024,2024-11-19,76
2024,47,52,5,0,150107A201,150107,0,0,0,0,0,0,21-11-2024,,1,0,20-11-2024,2024-11-20,68
2024,47,52,5,0,150107A201,150107,0,0,0,0,1,0,21-11-2024,,1,1,21-11-2024,2024-11-21,92
2024,47,52,5,0,150107A201,150107,0,0,0,0,1,0,23-11-2024,,1,1,22-11-2024,2024-11-22,73
2024,47,52,5,0,150107A201,150107,0,0,0,0,0,0,26-11-2024,,1,0,23-11-2024,2024-11-23,50
2024,48,52,5,0,150107A201,150107,0,0,0,0,1,0,26-11-2024,,1,1,25-11-2024,2024-11-25,128
2024,48,52,5,0,150107A201,150107,0,0,0,1,0,0,28-11-2024,,1,1,28-11-2024,2024-11-28,67
2024,49,52,5,0,150107A201,150107,0,0,0,1,2,0,04-12-2024,,1,3,03-12-2024,2024-12-03,63
2024,49,52,5,0,150107A201,150107,0,0,0,0,0,1,13-12-2024,,1,1,07-12-2024,2024-12-07,45
2024,50,52,5,0,150107A201,150107,1,0,0,1,0,0,13-12-2024,,1,2,10-12-2024,2024-12-10,79
2024,50,52,5,0,150107A201,150107,0,1,0,0,0,0,13-12-2024,,1,1,12-12-2024,2024-12-12,76
2024,50,52,5,0,150107A201,150107,0,0,0,0,0,0,13-12-2024,,1,0,13-12-2024,2024-12-13,71
2024,50,52,5,0,150107A201,150107,0,0,1,0,0,0,17-12-2024,,1,1,14-12-2024,2024-12-14,62
2024,51,52,5,0,150107A201,150107,0,0,0,1,1,0,17-12-2024,,1,2,16-12-2024,2024-12-16,81
2024,51,52,5,0,150107A201,150107,0,0,0,1,0,0,17-12-2024,,1,1,17-12-2024,2024-12-17,55
2024,51,52,5,0,150107A201,150107,0,0,0,0,2,0,19-12-2024,,1,2,18-12-2024,2024-12-18,66
2024,51,52,5,0,150107A201,150107,0,0,0,0,1,0,19-12-2024,,1,1,19-12-2024,2024-12-19,73
2024,51,52,5,0,150107A201,150107,0,1,0,0,0,0,21-12-2024,,1,1,20-12-2024,2024-12-20,63
2024,52,52,5,0,150107A201,150107,0,0,0,0,0,0,24-12-2024,,1,0,23-12-2024,2024-12-23,63
2024,52,52,5,0,150107A201,150107,0,0,0,0,1,0,27-12-2024,,1,1,24-12-2024,2024-12-24,45
2024,52,52,5,0,150107A201,150107,0,0,0,0,0,0,27-12-2024,,1,0,26-12-2024,2024-12-26,89
2024,52,52,5,0,150107A201,150107,0,0,0,0,1,0,30-12-2024,,1,1,28-12-2024,2024-12-28,70
2025,1,52,5,0,150107A201,150107,0,0,2,0,0,0,11-01-2025,,1,2,02-01-2025,2025-01-02,62
2025,1,52,5,0,150107A201,150107,0,0,0,0,0,0,21-04-2025,,1,0,21-04-2025,2025-01-03,106
2025,1,52,5,0,150107A201,150107,0,0,0,0,1,0,21-04-2025,,1,1,21-04-2025,2025-01-04,65
2025,2,52,5,0,150107A201,150107,0,1,0,1,1,0,21-04-2025,,1,3,21-04-2025,2025-01-06,430
2025,3,52,5,0,150107A201,150107,0,1,0,2,2,0,21-04-2025,,1,5,21-04-2025,2025-01-13,497
2025,4,52,5,0,150107A201,150107,1,1,1,0,2,0,21-04-2025,,1,5,21-04-2025,2025-01-20,552
2025,5,52,5,0,150107A201,150107,0,1,1,0,2,0,21-04-2025,,1,4,21-04-2025,2025-01-27,536
2025,6,52,5,0,150107A201,150107,0,0,0,1,0,2,21-04-2025,,1,3,21-04-2025,2025-02-03,527
2025,7,52,5,0,150107A201,150107,0,0,1,1,1,0,21-04-2025,,1,3,21-04-2025,2025-02-10,516
2025,8,52,5,0,150107A201,150107,0,1,0,0,2,0,21-04-2025,,1,3,21-04-2025,2025-02-17,521
2025,9,52,5,0,150107A201,150107,0,1,0,0,1,0,21-04-2025,,1,2,21-04-2025,2025-02-24,480
2025,14,52,5,0,150107A201,150107,0,0,0,0,0,0,21-04-2025,,1,0,21-04-2025,2025-04-03,114
2025,10,52,5,0,150107A201,150107,0,0,0,0,0,0,21-04-2025,,1,0,21-04-2025,2025-03-04,88
2025,10,52,5,0,150107A201,150107,0,0,0,0,0,0,21-04-2025,,1,0,21-04-2025,2025-03-05,74
2025,10,52,5,0,150107A201,150107,0,0,0,0,1,0,21-04-2025,,1,1,21-04-2025,2025-03-06,93
2025,15,52,5,0,150107A201,150107,0,0,0,0,0,0,21-04-2025,,1,0,07-04-2025,2025-04-07,69
2025,10,52,5,0,150107A201,150107,0,0,0,1,3,1,21-04-2025,,1,5,21-04-2025,2025-03-08,45
2025,11,52,5,0,150107A201,150107,0,0,0,0,0,0,21-04-2025,,1,0,21-04-2025,2025-03-10,76
2025,11,52,5,0,150107A201,150107,0,0,0,0,1,0,21-04-2025,,1,1,21-04-2025,2025-03-11,87
2025,11,52,5,0,150107A201,150107,0,0,0,1,1,0,21-04-2025,,1,2,21-04-2025,2025-03-12,71
2025,11,52,5,0,150107A201,150107,0,0,0,0,1,0,21-04-2025,,1,1,21-04-2025,2025-03-13,81
2025,11,52,5,0,150107A201,150107,0,0,0,0,0,0,21-04-2025,,1,0,21-04-2025,2025-03-14,62
2025,11,52,5,0,150107A201,150107,0,0,0,0,1,0,21-04-2025,,1,1,21-04-2025,2025-03-15,59
2025,12,52,5,0,150107A201,150107,0,1,0,0,0,0,21-04-2025,,1,1,21-04-2025,2025-03-17,84
2025,12,52,5,0,150107A201,150107,0,0,0,0,0,0,21-04-2025,,1,0,21-04-2025,2025-03-18,79
2025,12,52,5,0,150107A201,150107,0,1,0,0,0,0,21-04-2025,,1,1,21-04-2025,2025-03-19,78
2025,12,52,5,0,150107A201,150107,0,0,0,1,1,0,21-04-2025,,1,2,21-04-2025,2025-03-20,93
2025,12,52,5,0,150107A201,150107,0,0,0,0,0,0,21-04-2025,,1,0,21-04-2025,2025-03-21,69
2025,12,52,5,0,150107A201,150107,0,3,0,1,1,0,21-04-2025,,1,5,21-04-2025,2025-03-22,64
2025,13,52,5,0,150107A201,150107,0,1,0,0,0,0,21-04-2025,,1,1,24-03-2025,2025-03-24,106
2025,13,52,5,0,150107A201,150107,1,0,0,1,2,0,21-04-2025,,1,4,21-04-2025,2025-03-25,88
2025,13,52,5,0,150107A201,150107,0,0,0,1,3,0,21-04-2025,,1,4,21-04-2025,2025-03-26,101
2025,13,52,5,0,150107A201,150107,0,0,1,0,1,0,21-04-2025,,1,2,21-04-2025,2025-03-27,85
2025,13,52,5,0,150107A201,150107,0,0,0,0,0,0,21-04-2025,,1,0,21-04-2025,2025-03-28,89
2025,13,52,5,0,150107A201,150107,0,0,1,0,0,0,21-04-2025,,1,1,21-04-2025,2025-03-29,73
2025,14,52,5,0,150107A201,150107,0,0,0,0,0,0,21-04-2025,,1,0,21-04-2025,2025-03-31,63
2025,14,52,5,0,150107A201,150107,0,0,1,0,0,0,21-04-2025,,1,1,21-04-2025,2025-04-01,64
2025,14,52,5,0,150107A201,150107,0,1,0,0,0,0,21-04-2025,,1,1,02-04-2025,2025-04-02,86
2025,14,52,5,0,150107A201,150107,0,1,0,0,0,0,21-04-2025,,1,1,21-04-2025,2025-04-04,77
2025,14,52,5,0,150107A201,150107,0,0,0,0,1,0,21-04-2025,,1,1,21-04-2025,2025-04-05,60
2025,15,52,5,0,150107A201,150107,0,0,0,1,0,0,21-04-2025,,1,1,21-04-2025,2025-04-08,61
2025,15,52,5,0,150107A201,150107,0,0,1,0,0,0,21-04-2025,,1,1,21-04-2025,2025-04-09,66
2025,15,52,5,0,150107A201,150107,0,0,1,0,0,0,21-04-2025,,1,1,21-04-2025,2025-04-10,57
2025,15,52,5,0,150107A201,150107,0,0,0,0,0,0,21-04-2025,,1,0,21-04-2025,2025-04-11,70
2025,15,52,5,0,150107A201,150107,0,0,0,0,1,0,21-04-2025,,1,1,21-04-2025,2025-04-12,63
2025,16,52,5,0,150107A201,150107,0,0,1,0,0,0,21-04-2025,,1,1,14-04-2025,2025-04-14,63
2025,16,52,5,0,150107A201,150107,0,0,0,0,0,0,21-04-2025,,1,0,21-04-2025,2025-04-15,74
2025,16,52,5,0,150107A201,150107,0,0,0,0,0,0,21-04-2025,,1,0,21-04-2025,2025-04-16,77
2025,16,52,5,0,150107A201,150107,0,0,1,1,1,0,21-04-2025,,1,3,21-04-2025,2025-04-19,55
2025,17,52,5,0,150107A201,150107,0,0,0,1,1,1,22-04-2025,,1,3,22-04-2025,2025-04-21,96
2025,17,52,5,0,150107A201,150107,0,0,0,0,1,0,25-04-2025,,1,1,25-04-2025,2025-04-22,83
2025,17,52,5,0,150107A201,150107,0,1,0,1,0,0,25-04-2025,,1,2,23-04-2025,2025-04-23,71
2025,17,52,5,0,150107A201,150107,0,0,1,0,2,0,28-04-2025,,1,3,28-04-2025,2025-04-26,54
2025,17,52,5,0,150107A201,150107,0,0,1,0,0,0,28-04-2025,,1,1,28-04-2025,2025-04-25,123
2025,18,52,5,0,150107A201,150107,0,1,0,0,0,0,29-04-2025,,1,1,29-04-2025,2025-04-28,95
2025,18,52,5,0,150107A201,150107,0,1,0,0,0,0,07-05-2025,,1,1,29-04-2025,2025-04-29,67
2025,18,52,5,0,150107A201,150107,0,0,0,0,0,0,07-05-2025,,1,0,30-04-2025,2025-04-30,94
2025,18,52,5,0,150107A201,150107,0,1,0,0,0,1,07-05-2025,,1,2,02-05-2025,2025-05-02,80
2025,18,52,5,0,150107A201,150107,0,0,0,0,0,1,07-05-2025,,1,1,03-05-2025,2025-05-03,56
2025,19,52,5,0,150107A201,150107,0,0,0,0,0,0,07-05-2025,,1,0,05-05-2025,2025-05-05,88
2025,19,52,5,0,150107A201,150107,0,0,2,1,0,0,09-05-2025,,1,3,09-05-2025,2025-05-08,73
2025,19,52,5,0,150107A201,150107,0,0,0,0,3,0,09-05-2025,,1,3,09-05-2025,2025-05-09,60
2025,19,52,5,0,150107A201,150107,0,0,0,1,0,0,12-05-2025,,1,1,12-05-2025,2025-05-06,74
2025,19,52,5,0,150107A201,150107,0,0,0,1,1,0,12-05-2025,,1,2,10-05-2025,2025-05-10,54
2025,20,52,5,0,150107A201,150107,0,0,1,0,0,0,13-05-2025,,1,1,13-05-2025,2025-05-12,89
2025,20,52,5,0,150107A201,150107,0,0,1,1,1,0,13-05-2025,,1,3,13-05-2025,2025-05-13,75
2025,20,52,5,0,150107A201,150107,0,0,0,0,1,0,15-05-2025,,1,1,15-05-2025,2025-05-14,73
2025,20,52,5,0,150107A201,150107,0,0,0,0,0,0,19-05-2025,,1,0,19-05-2025,2025-05-17,67
2025,20,52,5,0,150107A201,150107,0,1,1,1,0,0,19-05-2025,,1,3,19-05-2025,2025-05-15,98
2025,20,52,5,0,150107A201,150107,0,0,1,0,0,0,19-05-2025,,1,1,19-05-2025,2025-05-16,65
2025,21,52,5,0,150107A201,150107,0,0,0,0,0,0,20-05-2025,,1,0,20-05-2025,2025-05-19,90
2025,21,52,5,0,150107A201,150107,0,1,0,0,1,0,22-05-2025,,1,2,22-05-2025,2025-05-20,87
2025,21,52,5,0,150107A201,150107,0,0,0,0,0,0,22-05-2025,,1,0,21-05-2025,2025-05-21,87
2025,21,52,5,0,150107A201,150107,0,0,1,0,0,1,23-05-2025,,1,2,23-05-2025,2025-05-22,76
2025,21,52,5,0,150107A201,150107,0,0,0,0,0,0,26-05-2025,,1,0,26-05-2025,2025-05-24,60
2025,21,52,5,0,150107A201,150107,0,0,1,0,1,0,27-05-2025,,1,2,27-05-2025,2025-05-23,78
2025,22,52,5,0,150107A201,150107,0,0,0,0,1,0,27-05-2025,,1,1,27-05-2025,2025-05-26,101
2025,22,52,5,0,150107A201,150107,0,0,0,0,0,0,27-05-2025,,1,0,27-05-2025,2025-05-27,99
2025,22,52,5,0,150107A201,150107,1,0,0,0,1,0,31-05-2025,,1,2,31-05-2025,2025-05-28,86
2025,22,52,5,0,150107A201,150107,0,0,0,0,2,0,31-05-2025,,1,2,30-05-2025,2025-05-30,83
2025,22,52,5,0,150107A201,150107,0,0,0,0,0,0,31-05-2025,,1,0,29-05-2025,2025-05-29,80
2025,22,52,5,0,150107A201,150107,0,0,0,0,0,0,02-06-2025,,1,0,02-06-2025,2025-05-31,50
2025,24,52,5,0,150107A201,150107,0,1,0,1,0,0,14-06-2025,,1,2,13-06-2025,2025-06-13,70
2025,24,52,5,0,150107A201,150107,0,1,0,0,2,0,14-06-2025,,1,3,12-06-2025,2025-06-12,72
2025,23,52,5,0,150107A201,150107,0,1,0,0,1,0,14-06-2025,,1,2,14-06-2025,2025-06-03,80
2025,23,52,5,0,150107A201,150107,0,0,1,0,0,0,14-06-2025,,1,1,14-06-2025,2025-06-02,78
2025,23,52,5,0,150107A201,150107,0,0,1,2,0,0,14-06-2025,,1,3,14-06-2025,2025-06-05,88
2025,23,52,5,0,150107A201,150107,0,0,0,0,0,0,14-06-2025,,1,0,04-06-2025,2025-06-04,35
2025,24,52,5,0,150107A201,150107,0,2,0,2,0,0,14-06-2025,,1,4,09-06-2025,2025-06-09,107
2025,23,52,5,0,150107A201,150107,0,1,1,0,0,0,14-06-2025,,1,2,06-06-2025,2025-06-06,82
2025,24,52,5,0,150107A201,150107,0,1,0,0,0,1,14-06-2025,,1,2,10-06-2025,2025-06-10,75
2025,24,52,5,0,150107A201,150107,0,0,0,1,1,0,14-06-2025,,1,2,11-06-2025,2025-06-11,70
2025,24,52,5,0,150107A201,150107,0,1,0,0,0,0,14-06-2025,,1,1,14-06-2025,2025-06-14,65
2025,25,52,5,0,150107A201,150107,0,0,0,0,0,1,16-06-2025,,1,1,16-06-2025,2025-06-16,85
2025,25,52,5,0,150107A201,150107,0,0,0,0,1,0,19-06-2025,,1,1,19-06-2025,2025-06-17,63
2025,25,52,5,0,150107A201,150107,0,0,0,0,0,0,19-06-2025,,1,0,18-06-2025,2025-06-18,73
2025,25,52,5,0,150107A201,150107,0,0,0,0,1,0,19-06-2025,,1,1,19-06-2025,2025-06-19,67
2025,25,52,5,0,150107A201,150107,0,0,0,0,0,0,27-06-2025,,1,0,21-06-2025,2025-06-21,40
2025,26,52,5,0,150107A201,150107,0,0,0,0,1,0,27-06-2025,,1,1,23-06-2025,2025-06-23,105
2025,26,52,5,0,150107A201,150107,0,0,1,0,0,1,27-06-2025,,1,2,24-06-2025,2025-06-24,68
2025,26,52,5,0,150107A201,150107,0,0,0,0,0,0,27-06-2025,,1,0,25-06-2025,2025-06-25,88
2025,25,52,5,0,150107A201,150107,0,0,1,0,3,1,27-06-2025,,1,5,20-06-2025,2025-06-20,66
2025,26,52,5,0,150107A201,150107,0,0,0,0,0,0,27-06-2025,,1,0,27-06-2025,2025-06-27,75
2025,26,52,5,0,150107A201,150107,0,0,0,0,0,0,03-07-2025,,1,0,28-06-2025,2025-06-28,58
2025,27,52,5,0,150107A201,150107,0,0,0,1,1,0,03-07-2025,,1,2,02-07-2025,2025-07-02,88
2025,27,52,5,0,150107A201,150107,0,0,0,1,0,0,03-07-2025,,1,1,30-06-2025,2025-06-30,64
2025,26,52,5,0,150107A201,150107,0,0,1,3,0,0,08-08-2025,,1,4,08-08-2025,2025-06-26,85
2025,27,52,5,0,150107A201,150107,0,0,0,0,0,0,08-08-2025,,1,0,01-07-2025,2025-07-01,89
2025,27,52,5,0,150107A201,150107,0,0,0,0,1,0,08-08-2025,,1,1,03-08-2025,2025-07-05,74
2025,27,52,5,0,150107A201,150107,0,0,0,0,0,0,08-08-2025,,1,0,04-07-2025,2025-07-04,67
2025,28,52,5,0,150107A201,150107,0,0,0,3,0,1,08-08-2025,,1,4,02-07-2025,2025-07-06,79
2025,28,52,5,0,150107A201,150107,0,0,0,1,0,0,08-08-2025,,1,1,07-07-2025,2025-07-07,89
2025,28,52,5,0,150107A201,150107,0,0,0,0,0,0,08-08-2025,,1,0,08-07-2025,2025-07-08,69
2025,28,52,5,0,150107A201,150107,0,0,0,1,2,0,08-08-2025,,1,3,09-07-2025,2025-07-09,72
2025,28,52,5,0,150107A201,150107,0,0,0,0,1,0,08-08-2025,,1,1,10-07-2025,2025-07-10,83
2025,28,52,5,0,150107A201,150107,0,0,0,0,1,0,08-08-2025,,1,1,11-07-2025,2025-07-11,63
2025,28,52,5,0,150107A201,150107,0,0,0,1,0,0,08-08-2025,,1,1,12-07-2025,2025-07-12,49
2025,29,52,5,0,150107A201,150107,0,0,0,0,1,0,08-08-2025,,1,1,14-07-2025,2025-07-14,66
2025,29,52,5,0,150107A201,150107,0,0,1,0,1,0,08-08-2025,,1,2,15-07-2025,2025-07-15,73
2025,29,52,5,0,150107A201,150107,0,0,0,0,0,0,08-08-2025,,1,0,08-08-2025,2025-07-16,67
2025,29,52,5,0,150107A201,150107,0,0,0,0,0,0,08-08-2025,,1,0,17-07-2025,2025-07-17,73
2025,29,52,5,0,150107A201,150107,0,0,0,1,1,0,08-08-2025,,1,2,18-07-2025,2025-07-18,83
2025,29,52,5,0,150107A201,150107,0,0,0,0,1,0,08-08-2025,,1,1,19-07-2025,2025-07-19,71
2025,30,52,5,0,150107A201,150107,0,0,0,0,1,0,08-08-2025,,1,1,21-07-2025,2025-07-21,96
2025,30,52,5,0,150107A201,150107,0,1,0,1,0,0,08-08-2025,,1,2,22-07-2025,2025-07-22,63
2025,30,52,5,0,150107A201,150107,0,1,1,0,0,0,08-08-2025,,1,2,24-07-2025,2025-07-24,55
2025,30,52,5,0,150107A201,150107,0,0,0,0,2,0,08-08-2025,,1,2,25-07-2025,2025-07-25,85
2025,30,52,5,0,150107A201,150107,0,0,0,0,0,0,08-08-2025,,1,0,26-07-2025,2025-07-26,83
2025,31,52,5,0,150107A201,150107,0,0,0,0,1,0,08-08-2025,,1,1,30-07-2025,2025-07-30,74
2025,31,52,5,0,150107A201,150107,0,0,0,0,1,0,08-08-2025,,1,1,31-07-2025,2025-07-31,92
2025,31,52,5,0,150107A201,150107,0,0,0,1,1,0,08-08-2025,,1,2,01-08-2025,2025-08-01,95
2025,32,52,5,0,150107A201,150107,0,0,0,0,0,0,08-08-2025,,1,0,04-08-2025,2025-08-04,93
2025,32,52,5,0,150107A201,150107,0,0,1,0,0,0,08-08-2025,,1,1,05-08-2025,2025-08-05,86
2025,32,52,5,0,150107A201,150107,0,0,0,0,0,0,08-08-2025,,1,0,07-08-2025,2025-08-07,89
2025,31,52,5,0,150107A201,150107,0,0,0,0,0,0,08-08-2025,,1,0,02-08-2025,2025-08-02,63
2025,32,52,5,0,150107A201,150107,0,0,0,0,0,0,10-08-2025,,1,0,10-08-2025,2025-08-08,83
2025,32,52,5,0,150107A201,150107,0,0,0,1,0,0,10-08-2025,,1,1,09-08-2025,2025-08-09,68
2025,36,52,5,0,150107A201,150107,0,0,0,0,1,0,10-09-2025,,1,1,04-09-2025,2025-09-04,74
2025,36,52,5,0,150107A201,150107,0,0,0,0,0,0,10-09-2025,,1,0,02-09-2025,2025-09-02,93
2025,33,52,5,0,150107A201,150107,0,0,0,0,0,1,10-09-2025,,1,1,12-08-2025,2025-08-12,64
2025,34,52,5,0,150107A201,150107,0,1,0,0,0,0,10-09-2025,,1,1,19-08-2025,2025-08-19,96
2025,35,52,5,0,150107A201,150107,0,0,0,0,0,0,10-09-2025,,1,0,28-08-2025,2025-08-28,89
2025,35,52,5,0,150107A201,150107,0,0,0,1,0,0,10-09-2025,,1,1,26-08-2025,2025-08-26,94
2025,34,52,5,0,150107A201,150107,0,0,0,0,0,0,10-09-2025,,1,0,18-08-2025,2025-08-18,101
2025,33,52,5,0,150107A201,150107,0,0,0,0,0,0,10-09-2025,,1,0,16-08-2025,2025-08-16,57
2025,33,52,5,0,150107A201,150107,0,0,0,0,0,0,10-09-2025,,1,0,15-08-2025,2025-08-15,71
2025,33,52,5,0,150107A201,150107,0,0,0,0,0,0,10-09-2025,,1,0,14-08-2025,2025-08-14,76
2025,36,52,5,0,150107A201,150107,0,0,0,0,0,0,10-09-2025,,1,0,05-09-2025,2025-09-05,87
2025,33,52,5,0,150107A201,150107,0,1,0,0,0,0,10-09-2025,,1,1,11-08-2025,2025-08-11,106
2025,34,52,5,0,150107A201,150107,0,0,0,0,0,0,10-09-2025,,1,0,23-08-2025,2025-08-23,39
2025,34,52,5,0,150107A201,150107,0,0,0,0,0,0,10-09-2025,,1,0,22-08-2025,2025-08-22,60
2025,35,52,5,0,150107A201,150107,0,1,1,0,1,0,10-09-2025,,1,3,29-08-2025,2025-08-29,77
2025,34,52,5,0,150107A201,150107,0,0,1,0,0,0,10-09-2025,,1,1,21-08-2025,2025-08-21,85
2025,36,52,5,0,150107A201,150107,0,1,0,0,1,0,10-09-2025,,1,2,03-09-2025,2025-09-03,87
2025,36,52,5,0,150107A201,150107,0,0,0,1,0,0,10-09-2025,,1,1,01-09-2025,2025-09-01,82
2025,36,52,5,0,150107A201,150107,0,0,0,0,0,0,10-09-2025,,1,0,06-09-2025,2025-09-06,63
2025,37,52,5,0,150107A201,150107,0,0,1,0,1,0,10-09-2025,,1,2,09-09-2025,2025-09-09,58
2025,39,52,5,0,150107A201,150107,0,0,0,1,0,0,29-09-2025,,1,1,29-09-2025,2025-09-22,83
2025,39,52,5,0,150107A201,150107,0,0,0,0,0,0,29-09-2025,,1,0,29-09-2025,2025-09-23,87
2025,39,52,5,0,150107A201,150107,0,0,0,0,0,0,29-09-2025,,1,0,29-09-2025,2025-09-24,78
2025,39,52,5,0,150107A201,150107,0,0,0,1,1,0,29-09-2025,,1,2,29-09-2025,2025-09-25,68
2025,39,52,5,0,150107A201,150107,0,0,0,0,1,0,29-09-2025,,1,1,29-09-2025,2025-09-26,70
2025,39,52,5,0,150107A201,150107,1,1,0,0,1,0,29-09-2025,,1,3,29-09-2025,2025-09-27,54
2025,40,52,5,0,150107A201,150107,0,0,0,1,0,0,01-10-2025,,1,1,01-10-2025,2025-09-29,93
2025,40,52,5,0,150107A201,150107,0,0,0,0,1,0,03-10-2025,,1,1,03-10-2025,2025-10-02,63
2025,40,52,5,0,150107A201,150107,0,0,0,0,1,0,03-10-2025,,1,1,03-10-2025,2025-10-01,70
2025,40,52,5,0,150107A201,150107,0,0,0,1,2,1,06-10-2025,,1,4,06-10-2025,2025-10-04,62
2025,40,52,5,0,150107A201,150107,0,2,0,1,0,0,06-10-2025,,1,3,06-10-2025,2025-10-03,53
2025,41,52,5,0,150107A201,150107,0,0,0,0,0,0,14-10-2025,,1,0,14-10-2025,2025-10-11,65
2025,41,52,5,0,150107A201,150107,0,0,0,0,1,0,14-10-2025,,1,1,14-10-2025,2025-10-07,92
2025,41,52,5,0,150107A201,150107,0,0,0,0,0,0,14-10-2025,,1,0,14-10-2025,2025-10-10,71
2025,42,52,5,0,150107A201,150107,0,1,1,0,0,0,20-10-2025,,1,2,20-10-2025,2025-10-13,85
2025,42,52,5,0,150107A201,150107,0,0,1,0,0,0,20-10-2025,,1,1,20-10-2025,2025-10-14,74
2025,42,52,5,0,150107A201,150107,0,0,0,0,0,0,20-10-2025,,1,0,20-10-2025,2025-10-15,64
2025,42,52,5,0,150107A201,150107,0,0,0,0,0,0,20-10-2025,,1,0,20-10-2025,2025-10-16,56
2025,42,52,5,0,150107A201,150107,0,0,0,1,0,0,20-10-2025,,1,1,20-10-2025,2025-10-17,79
2025,42,52,5,0,150107A201,150107,0,0,0,1,0,0,20-10-2025,,1,1,20-10-2025,2025-10-18,68
2025,43,52,5,0,150107A201,150107,0,0,0,0,1,0,27-10-2025,,1,1,27-10-2025,2025-10-22,67
2025,43,52,5,0,150107A201,150107,0,0,0,0,1,0,27-10-2025,,1,1,27-10-2025,2025-10-21,62
2025,44,52,5,0,150107A201,150107,0,0,0,0,0,0,03-11-2025,,1,0,31-10-2025,2025-10-31,57
2025,44,52,5,0,150107A201,150107,0,0,0,0,1,0,04-11-2025,,1,1,04-11-2025,2025-10-28,78
2025,45,52,5,0,150107A201,150107,0,0,0,0,0,0,10-11-2025,,1,0,10-11-2025,2025-11-03,99
2025,45,52,5,0,150107A201,150107,0,0,1,0,0,0,10-11-2025,,1,1,10-11-2025,2025-11-04,95
2025,45,52,5,0,150107A201,150107,0,0,0,0,0,0,10-11-2025,,1,0,10-11-2025,2025-11-05,55
2025,45,52,5,0,150107A201,150107,0,0,1,2,0,0,10-11-2025,,1,3,10-11-2025,2025-11-06,65
2025,45,52,5,0,150107A201,150107,0,0,0,2,2,1,10-11-2025,,1,5,10-11-2025,2025-11-07,91
2025,45,52,5,0,150107A201,150107,0,0,0,0,1,0,10-11-2025,,1,1,10-11-2025,2025-11-08,71
2025,46,52,5,0,150107A201,150107,0,0,1,0,1,0,17-11-2025,,1,2,17-11-2025,2025-11-10,97
2025,46,52,5,0,150107A201,150107,0,1,0,0,0,0,17-11-2025,,1,1,17-11-2025,2025-11-12,74
2025,46,52,5,0,150107A201,150107,0,0,0,0,0,0,17-11-2025,,1,0,17-11-2025,2025-11-14,79
2025,46,52,5,0,150107A201,150107,0,0,0,0,0,0,17-11-2025,,1,0,17-11-2025,2025-11-13,68
2025,46,52,5,0,150107A201,150107,0,1,0,1,0,0,17-11-2025,,1,2,17-11-2025,2025-11-15,75
2025,46,52,5,0,150107A201,150106,0,0,0,0,0,0,17-11-2025,,1,0,17-11-2025,2025-11-11,78
2025,47,52,5,0,150107A201,150107,0,0,0,0,0,1,24-11-2025,,1,1,24-11-2025,2025-11-18,85
2025,47,52,5,0,150107A201,150107,0,0,0,0,0,0,24-11-2025,,1,0,24-11-2025,2025-11-20,74
2025,47,52,5,0,150107A201,150107,0,0,0,0,0,0,24-11-2025,,1,0,24-11-2025,2025-11-22,75
2025,47,52,5,0,150107A201,150107,0,0,0,0,0,0,24-11-2025,,1,0,24-11-2025,2025-11-17,99
2025,47,52,5,0,150107A201,150107,0,0,0,0,0,0,24-11-2025,,1,0,24-11-2025,2025-11-19,73
2025,47,52,5,0,150107A201,150107,0,1,0,0,0,0,24-11-2025,,1,1,24-11-2025,2025-11-21,76
2025,48,52,5,0,150107A201,150107,0,0,0,1,0,0,01-12-2025,,1,1,01-12-2025,2025-11-24,55
2025,48,52,5,0,150107A201,150107,0,0,0,0,1,0,01-12-2025,,1,1,01-12-2025,2025-11-26,79
2025,48,52,5,0,150107A201,150107,0,0,0,2,0,0,01-12-2025,,1,2,01-12-2025,2025-11-27,66
2025,48,52,5,0,150107A201,150107,0,0,1,0,0,0,01-12-2025,,1,1,01-12-2025,2025-11-29,63
2025,48,52,5,0,150107A201,150107,0,0,0,0,0,1,01-12-2025,,1,1,01-12-2025,2025-11-25,72
2025,48,52,5,0,150107A201,150107,0,0,0,0,0,0,01-12-2025,,1,0,01-12-2025,2025-11-28,48
2025,49,52,5,0,150107A201,150107,0,1,0,0,0,0,10-12-2025,,1,1,10-12-2025,2025-12-02,104
2025,49,52,5,0,150107A201,150107,0,0,0,1,0,0,10-12-2025,,1,1,10-12-2025,2025-12-05,70
2025,49,52,5,0,150107A201,150107,0,0,1,0,0,0,10-12-2025,,1,1,10-12-2025,2025-12-06,80
2025,49,52,5,0,150107A201,150107,0,0,0,0,0,0,10-12-2025,,1,0,10-12-2025,2025-12-04,77
2025,51,52,5,0,150107A201,150107,0,0,0,0,1,0,23-12-2025,,1,1,23-12-2025,2025-12-16,73
2025,51,52,5,0,150107A201,150107,0,0,0,1,0,0,23-12-2025,,1,1,23-12-2025,2025-12-17,47
2025,51,52,5,0,150107A201,150107,0,0,0,0,1,0,23-12-2025,,1,1,23-12-2025,2025-12-18,27
2025,51,52,5,0,150107A201,150107,1,0,0,0,1,0,23-12-2025,,1,2,23-12-2025,2025-12-20,38
2025,51,52,5,0,150107A201,150107,0,0,0,0,0,0,23-12-2025,,1,0,23-12-2025,2025-12-15,72
2025,51,52,5,0,150107A201,150107,0,0,0,0,0,0,23-12-2025,,1,0,23-12-2025,2025-12-19,33
2025,52,52,5,0,150107A201,150107,0,0,0,0,1,0,30-12-2025,,1,1,30-12-2025,2025-12-22,53
2025,52,52,5,0,150107A201,150107,0,0,0,0,1,0,30-12-2025,,1,1,30-12-2025,2025-12-24,37
2025,52,52,5,0,150107A201,150107,0,0,0,0,1,0,30-12-2025,,1,1,30-12-2025,2025-12-26,67
2025,52,52,5,0,150107A201,150107,0,0,1,0,0,0,30-12-2025,,1,1,30-12-2025,2025-12-27,51
2025,52,52,5,0,150107A201,150118,0,0,0,0,1,0,30-12-2025,,1,1,30-12-2025,2025-12-27,51
2025,53,52,5,0,150107A201,150107,0,0,1,0,0,0,04-01-2026,,1,1,04-01-2026,2026-01-02,300
2025,53,52,5,0,150107A201,150107,0,0,0,0,1,0,09-01-2026,,1,1,29-12-2025,2025-12-29,84
2025,53,52,5,0,150107A201,150107,0,0,1,0,0,0,09-01-2026,,1,1,03-01-2026,2026-01-03,69
2026,1,52,5,0,150107A201,150107,0,0,0,0,0,0,09-01-2026,,1,0,05-01-2026,2026-01-05,86
2026,1,52,5,0,150107A201,150107,0,0,0,0,0,0,09-01-2026,,1,0,06-01-2026,2026-01-06,67
2026,1,52,5,0,150107A201,150107,0,0,0,0,0,0,09-01-2026,,1,0,07-01-2026,2026-01-07,69
2026,1,52,5,0,150107A201,150107,0,0,0,0,0,0,09-01-2026,,1,0,08-01-2026,2026-01-08,78
2026,1,52,5,0,150107A201,150107,0,0,1,0,1,0,11-01-2026,,1,2,11-01-2026,2026-01-10,69
2026,2,52,5,0,150107A201,150107,0,0,1,0,0,0,17-01-2026,,1,1,17-01-2026,2026-01-16,68
2026,2,52,5,0,150107A201,150107,0,0,0,0,0,0,17-01-2026,,1,0,17-01-2026,2026-01-17,67
2026,2,52,5,0,150107A201,150107,0,0,0,1,0,0,17-01-2026,,1,1,17-01-2026,2026-01-12,78
2026,2,52,5,0,150107A201,150107,0,0,0,0,0,0,17-01-2026,,1,0,17-01-2026,2026-01-13,68
2026,2,52,5,0,150107A201,150107,0,0,0,0,0,0,17-01-2026,,1,0,18-01-2026,2026-01-14,62
2026,2,52,5,0,150107A201,150107,0,0,0,0,0,0,17-01-2026,,1,0,17-01-2026,2026-01-15,65
2026,3,52,5,0,150107A201,150107,0,0,0,0,0,0,22-01-2026,,1,0,22-01-2026,2026-01-19,92
2026,3,52,5,0,150107A201,150107,0,0,0,0,0,0,22-01-2026,,1,0,22-01-2026,2026-01-20,65
2026,3,52,5,0,150107A201,150107,0,0,0,0,0,0,24-01-2026,,1,0,24-01-2026,2026-01-24,46
2026,1,52,5,0,150107A201,150107,0,0,0,0,1,0,31-01-2026,,1,1,09-01-2026,2026-01-09,57
2026,3,52,5,0,150107A201,150107,0,1,0,0,1,0,31-01-2026,,1,2,21-01-2026,2026-01-21,79
2026,3,52,5,0,150107A201,150107,0,0,0,0,0,0,31-01-2026,,1,0,22-01-2026,2026-01-22,66
2026,3,52,5,0,150107A201,150107,0,0,0,0,0,0,31-01-2026,,1,0,23-01-2026,2026-01-23,68
2026,4,52,5,0,150107A201,150107,0,0,0,0,0,0,31-01-2026,,1,0,26-01-2026,2026-01-26,97
2026,4,52,5,0,150107A201,150107,0,0,0,0,0,1,31-01-2026,,1,1,27-01-2026,2026-01-27,95
2026,4,52,5,0,150107A201,150107,0,0,0,0,1,0,31-01-2026,,1,1,29-01-2026,2026-01-29,78
2026,4,52,5,0,150107A201,150107,0,0,0,0,1,0,31-01-2026,,1,1,30-01-2026,2026-01-30,78
2026,4,52,5,0,150107A201,150107,0,0,0,0,1,0,31-01-2026,,1,1,31-01-2026,2026-01-31,66
2026,5,52,5,0,150107A201,150107,0,1,0,0,0,0,09-02-2026,,1,1,09-02-2026,2026-02-02,78
2026,5,52,5,0,150107A201,150107,0,0,0,1,0,0,09-02-2026,,1,1,09-02-2026,2026-02-05,77
2026,5,52,5,0,150107A201,150107,0,0,0,0,1,0,09-02-2026,,1,1,09-02-2026,2026-02-06,73
2026,6,52,5,0,150107A201,150107,0,0,0,1,0,0,17-02-2026,,1,1,17-02-2026,2026-02-09,99
2026,6,52,5,0,150107A201,150107,0,0,0,0,0,0,17-02-2026,,1,0,17-02-2026,2026-02-10,69
2026,6,52,5,0,150107A201,150107,0,0,0,0,1,0,17-02-2026,,1,1,17-02-2026,2026-02-11,67
2026,6,52,5,0,150107A201,150107,0,0,0,0,0,0,17-02-2026,,1,0,17-02-2026,2026-02-12,69
2026,6,52,5,0,150107A201,150107,0,0,0,0,0,0,17-02-2026,,1,0,17-02-2026,2026-02-13,81
2026,6,52,5,0,150107A201,150107,0,1,0,0,0,0,17-02-2026,,1,1,17-02-2026,2026-02-14,68
2026,7,52,5,0,150107A201,150107,0,0,0,1,0,0,23-02-2026,,1,1,23-02-2026,2026-02-16,91
2026,7,52,5,0,150107A201,150107,0,0,0,0,0,0,23-02-2026,,1,0,23-02-2026,2026-02-17,88
2026,7,52,5,0,150107A201,150107,0,0,0,0,0,0,23-02-2026,,1,0,23-02-2026,2026-02-18,84
2026,7,52,5,0,150107A201,150107,0,0,0,0,1,0,23-02-2026,,1,1,23-02-2026,2026-02-19,108
2026,7,52,5,0,150107A201,150107,0,0,1,0,1,0,23-02-2026,,1,2,23-02-2026,2026-02-20,84
2026,7,52,5,0,150107A201,150107,0,0,0,0,0,0,23-02-2026,,1,0,23-02-2026,2026-02-21,75
2026,8,52,5,0,150107A201,150107,0,1,0,1,0,0,02-03-2026,,1,2,02-03-2026,2026-02-23,83
2026,8,52,5,0,150107A201,150107,0,0,0,0,1,0,02-03-2026,,1,1,02-03-2026,2026-02-24,77
2026,8,52,5,0,150107A201,150107,0,0,0,0,0,0,02-03-2026,,1,0,02-03-2026,2026-02-25,89
2026,8,52,5,0,150107A201,150107,0,0,0,0,0,0,02-03-2026,,1,0,02-03-2026,2026-02-26,77
2026,8,52,5,0,150107A201,150107,0,0,0,0,0,0,02-03-2026,,1,0,02-03-2026,2026-02-27,78
2026,8,52,5,0,150107A201,150107,0,0,0,0,0,0,02-03-2026,,1,0,02-03-2026,2026-02-28,73
2026,9,52,5,0,150107A201,150107,0,0,0,0,0,1,10-03-2026,,1,1,10-03-2026,2026-03-02,98
2026,9,52,5,0,150107A201,150107,0,0,0,1,0,0,10-03-2026,,1,1,10-03-2026,2026-03-03,114
2026,9,52,5,0,150107A201,150107,0,0,0,0,1,0,10-03-2026,,1,1,10-03-2026,2026-03-04,89
2026,9,52,5,0,150107A201,150107,1,0,0,0,0,0,10-03-2026,,1,1,10-03-2026,2026-03-05,93
2026,9,52,5,0,150107A201,150107,0,0,1,0,1,0,10-03-2026,,1,2,10-03-2026,2026-03-06,70
2026,9,52,5,0,150107A201,150107,0,0,1,0,0,0,10-03-2026,,1,1,10-03-2026,2026-03-07,81
2026,10,52,5,0,150107A201,150107,0,0,0,0,1,0,16-03-2026,,1,1,16-03-2026,2026-03-09,89
2026,10,52,5,0,150107A201,150107,0,0,0,1,0,0,16-03-2026,,1,1,16-03-2026,2026-03-10,93
2026,10,52,5,0,150107A201,150107,0,0,0,0,0,0,16-03-2026,,1,0,16-03-2026,2026-03-11,78
2026,10,52,5,0,150107A201,150107,0,0,0,0,0,0,16-03-2026,,1,0,16-03-2026,2026-03-12,107
2026,10,52,5,0,150107A201,150107,0,0,0,0,0,0,16-03-2026,,1,0,16-03-2026,2026-03-13,89
2026,10,52,5,0,150107A201,150107,0,0,0,0,0,0,16-03-2026,,1,0,16-03-2026,2026-03-14,80
2026,11,52,5,0,150107A201,150107,0,0,0,0,0,1,24-03-2026,,1,1,24-03-2026,2026-03-16,98
2026,11,52,5,0,150107A201,150107,0,0,0,0,0,0,24-03-2026,,1,0,24-03-2026,2026-03-17,81
2026,11,52,5,0,150107A201,150107,0,0,0,0,0,0,24-03-2026,,1,0,24-03-2026,2026-03-18,55
2026,11,52,5,0,150107A201,150107,0,1,0,0,0,0,24-03-2026,,1,1,24-03-2026,2026-03-19,102
2026,11,52,5,0,150107A201,150107,0,0,0,0,0,0,24-03-2026,,1,0,24-03-2026,2026-03-20,90
2026,11,52,5,0,150107A201,150107,0,0,0,0,0,0,24-03-2026,,1,0,24-03-2026,2026-03-21,83
2026,12,52,5,0,150107A201,150107,1,0,1,0,0,0,30-03-2026,,1,2,30-03-2026,2026-03-28,64
2026,12,52,5,0,150107A201,150107,0,0,1,0,0,0,30-03-2026,,1,1,30-03-2026,2026-03-27,99
2026,12,52,5,0,150107A201,150107,0,0,1,0,0,0,30-03-2026,,1,1,30-03-2026,2026-03-26,59
2026,12,52,5,0,150107A201,150107,0,0,1,0,1,0,30-03-2026,,1,2,30-03-2026,2026-03-25,86
2026,12,52,5,0,150107A201,150107,0,0,0,1,0,0,30-03-2026,,1,1,30-03-2026,2026-03-24,81
2026,12,52,5,0,150107A201,150107,0,0,0,1,0,0,30-03-2026,,1,1,30-03-2026,2026-03-23,88
2026,13,52,5,0,150107A201,150107,0,0,0,0,0,0,07-04-2026,,1,0,07-04-2026,2026-03-30,94
2026,13,52,5,0,150107A201,150107,0,0,0,0,0,0,07-04-2026,,1,0,07-04-2026,2026-03-31,93
2026,13,52,5,0,150107A201,150107,0,0,0,0,0,0,07-04-2026,,1,0,07-04-2026,2026-04-01,84
2026,13,52,5,0,150107A201,150107,0,0,1,0,0,0,07-04-2026,,1,1,07-04-2026,2026-04-04,70
2026,14,52,5,0,150107A201,150107,0,0,2,0,0,0,13-04-2026,,1,2,13-04-2026,2026-04-06,96
2026,14,52,5,0,150107A201,150107,0,0,0,1,0,0,13-04-2026,,1,1,13-04-2026,2026-04-07,79
2026,14,52,5,0,150107A201,150107,0,0,0,0,1,0,13-04-2026,,1,1,13-04-2026,2026-04-08,86
2026,14,52,5,0,150107A201,150107,0,0,0,0,1,0,13-04-2026,,1,1,13-04-2026,2026-04-10,72
2026,15,52,5,0,150107A201,150107,0,0,0,0,1,0,21-04-2026,,1,1,21-04-2026,2026-04-13,95
2026,15,52,5,0,150107A201,150107,0,0,0,1,1,0,21-04-2026,,1,2,21-04-2026,2026-04-15,85
2026,16,52,5,0,150107A201,150107,0,0,0,1,0,0,28-04-2026,,1,1,28-04-2026,2026-04-22,85
2026,16,52,5,0,150107A201,150107,0,0,0,0,0,1,28-04-2026,,1,1,28-04-2026,2026-04-24,84
2026,17,52,5,0,150107A201,150107,0,1,0,0,0,0,04-05-2026,,1,1,04-05-2026,2026-04-28,69
2026,17,52,5,0,150107A201,150107,0,0,1,0,0,0,04-05-2026,,1,1,04-05-2026,2026-04-29,72
2026,18,52,5,0,150107A201,150107,0,0,0,1,1,0,12-05-2026,,1,2,12-05-2026,2026-05-05,88
2026,18,52,5,0,150107A201,150107,0,0,0,0,1,0,12-05-2026,,1,1,12-05-2026,2026-05-07,65
2026,18,52,5,0,150107A201,150107,0,0,0,0,1,0,12-05-2026,,1,1,12-05-2026,2026-05-09,80
2026,19,52,5,0,150107A201,150107,0,0,1,0,1,0,18-05-2026,,1,2,18-05-2026,2026-05-11,112
2026,19,52,5,0,150107A201,150107,0,0,0,2,0,0,18-05-2026,,1,2,18-05-2026,2026-05-13,73
2026,20,52,5,0,150107A201,150107,0,0,1,1,0,0,20-05-2026,,1,2,20-05-2026,2026-05-19,95
2026,20,52,5,0,150107A201,150107,0,0,0,0,0,0,26-05-2026,,1,0,26-05-2026,2026-05-18,96
2026,20,52,5,0,150107A201,150107,0,0,0,0,0,0,26-05-2026,,1,0,26-05-2026,2026-05-20,82
2026,20,52,5,0,150107A201,150107,0,0,0,0,0,0,26-05-2026,,1,0,26-05-2026,2026-05-21,79
2026,20,52,5,0,150107A201,150107,0,0,0,0,0,0,26-05-2026,,1,0,26-05-2026,2026-05-22,65
2026,20,52,5,0,150107A201,150107,0,0,0,0,0,0,26-05-2026,,1,0,19-05-2026,2026-05-23,78
2026,21,52,5,0,150107A201,150107,0,0,0,1,0,0,01-06-2026,,1,1,01-06-2026,2026-05-26,102
2026,21,52,5,0,150107A201,150107,0,1,0,0,0,0,01-06-2026,,1,1,01-06-2026,2026-05-28,68
2026,22,52,5,0,150107A201,150107,0,0,0,0,0,0,09-06-2026,,1,0,09-06-2026,2026-06-01,78
2026,22,52,5,0,150107A201,150107,0,0,0,0,0,0,09-06-2026,,1,0,09-06-2026,2026-06-02,87
2026,22,52,5,0,150107A201,150107,0,0,0,0,0,0,09-06-2026,,1,0,09-06-2026,2026-06-03,68
2026,22,52,5,0,150107A201,150107,0,0,0,0,0,0,09-06-2026,,1,0,09-06-2026,2026-06-04,76
2026,22,52,5,0,150107A201,150107,0,0,0,0,0,0,09-06-2026,,1,0,09-06-2026,2026-06-05,56
2026,22,52,5,0,150107A201,150107,0,0,1,0,2,0,09-06-2026,,1,3,09-06-2026,2026-06-06,67
2026,23,52,5,0,150107A201,150107,0,0,0,1,0,0,15-06-2026,,1,1,15-06-2026,2026-06-08,85
2026,23,52,5,0,150107A201,150107,0,0,0,0,0,0,15-06-2026,,1,0,15-06-2026,2026-06-09,73
2026,23,52,5,0,150107A201,150107,0,1,0,0,1,0,15-06-2026,,1,2,15-06-2026,2026-06-10,92
2026,23,52,5,0,150107A201,150107,0,0,0,0,0,0,15-06-2026,,1,0,15-06-2026,2026-06-11,66
2026,23,52,5,0,150107A201,150107,0,0,0,1,1,0,15-06-2026,,1,2,15-06-2026,2026-06-12,48
2026,23,52,5,0,150107A201,150107,0,0,0,1,0,0,15-06-2026,,1,1,15-06-2026,2026-06-13,68
2026,24,52,5,0,150107A201,150107,0,0,0,0,1,0,23-06-2026,,1,1,23-06-2026,2026-06-18,81
2026,24,52,5,0,150107A201,150107,1,0,0,0,0,0,23-06-2026,,1,1,23-06-2026,2026-06-16,106
2026,25,52,5,0,150107A201,150107,0,0,0,0,0,0,27-06-2026,,1,0,27-06-2026,2026-06-23,80
2026,25,52,5,0,150107A201,150107,0,0,0,0,1,0,27-06-2026,,1,1,27-06-2026,2026-06-24,112
2026,25,52,5,0,150107A201,150107,0,0,0,1,0,0,27-06-2026,,1,1,27-06-2026,2026-06-26,105
2026,25,52,5,0,150107A201,150107,0,0,0,0,0,0,27-06-2026,,1,0,27-06-2026,2026-06-25,61
2026,25,52,5,0,150107A201,150107,0,0,0,0,0,1,27-06-2026,,1,1,27-06-2026,2026-06-22,118
2026,25,52,5,0,150107A201,150107,0,0,0,0,0,0,27-06-2026,,1,0,27-06-2026,2026-06-27,73
2026,26,52,5,0,150107A201,150107,0,0,0,0,0,0,07-07-2026,,1,0,07-07-2026,2026-06-30,87
2026,26,52,5,0,150107A201,150107,0,0,0,0,0,0,07-07-2026,,1,0,07-07-2026,2026-07-01,60
2026,26,52,5,0,150107A201,150107,0,0,0,0,0,1,07-07-2026,,1,1,07-07-2026,2026-07-02,76
2026,26,52,5,0,150107A201,150107,0,0,0,0,0,0,07-07-2026,,1,0,07-07-2026,2026-07-04,91
2026,26,52,5,0,150107A201,150107,0,0,0,0,0,0,07-07-2026,,1,0,07-07-2026,2026-07-03,79
2026,27,52,5,0,150107A201,150107,0,0,1,1,2,0,13-07-2026,,1,4,13-07-2026,2026-07-06,81
2026,27,52,5,0,150107A201,150107,0,0,1,1,2,0,13-07-2026,,1,4,13-07-2026,2026-07-07,93
2026,27,52,5,0,150107A201,150107,0,1,0,0,0,0,13-07-2026,,1,1,13-07-2026,2026-07-08,102
2026,27,52,5,0,150107A201,150107,0,0,0,0,0,0,13-07-2026,,1,0,13-07-2026,2026-07-09,67
2026,27,52,5,0,150107A201,150107,0,0,0,0,0,1,13-07-2026,,1,1,13-07-2026,2026-07-10,88
2026,27,52,5,0,150107A201,150107,0,0,0,0,0,0,13-07-2026,,1,0,13-07-2026,2026-07-11,82
2026,28,52,5,0,150107A201,150107,0,0,0,1,0,0,21-07-2026,,1,1,21-07-2026,2026-07-13,77
2026,28,52,5,0,150107A201,150107,0,0,1,0,0,0,21-07-2026,,1,1,21-07-2026,2026-07-14,88
2026,28,52,5,0,150107A201,150107,0,0,0,0,0,0,21-07-2026,,1,0,21-07-2026,2026-07-15,55
2026,28,52,5,0,150107A201,150107,0,0,0,0,0,0,21-07-2026,,1,0,21-07-2026,2026-07-16,76
2026,28,52,5,0,150107A201,150107,0,0,0,0,0,0,21-07-2026,,1,0,21-07-2026,2026-07-17,56
2026,28,52,5,0,150107A201,150107,0,0,1,1,0,0,21-07-2026,,1,2,21-07-2026,2026-07-18,94
2026,29,52,5,0,150107A201,150107,0,0,0,0,2,0,30-07-2026,,1,2,30-07-2026,2026-07-20,89
2026,29,52,5,0,150107A201,150107,0,0,0,0,0,0,30-07-2026,,1,0,30-07-2026,2026-07-25,82
2026,29,52,5,0,150107A201,150107,0,0,0,0,0,0,30-07-2026,,1,0,30-07-2026,2026-07-24,65
2026,29,52,5,0,150107A201,150107,0,0,0,0,0,0,30-07-2026,,1,0,30-07-2026,2026-07-22,93
2026,29,52,5,0,150107A201,150107,0,0,0,0,0,0,30-07-2026,,1,0,30-07-2026,2026-07-21,81
2026,30,52,5,0,150107A201,150107,0,0,0,0,0,0,04-08-2026,,1,0,04-08-2026,2026-07-27,88
2026,30,52,5,0,150107A201,150107,0,0,0,0,0,0,04-08-2026,,1,0,04-08-2026,2026-07-30,79
2026,30,52,5,0,150107A201,150107,0,0,0,0,0,1,04-08-2026,,1,1,04-08-2026,2026-07-31,75
2026,30,52,5,0,150107A201,150107,0,0,0,0,0,0,04-08-2026,,1,0,04-08-2026,2026-08-01,82
2026,31,52,5,0,150107A201,150107,0,0,0,0,1,0,11-08-2026,,1,1,11-08-2026,2026-08-03,84
2026,31,52,5,0,150107A201,150107,0,0,0,0,0,0,11-08-2026,,1,0,11-08-2026,2026-08-04,88
2026,31,52,5,0,150107A201,150107,0,0,1,1,0,0,11-08-2026,,1,2,11-08-2026,2026-08-05,73
2026,31,52,5,0,150107A201,150107,0,0,0,0,0,0,11-08-2026,,1,0,11-08-2026,2026-08-07,84
2026,31,52,5,0,150107A201,150107,0,0,0,0,1,0,11-08-2026,,1,1,11-08-2026,2026-08-08,80
2026,32,52,5,0,150107A201,150107,0,0,1,0,0,0,17-08-2026,,1,1,17-08-2026,2026-08-10,96
2026,32,52,5,0,150107A201,150107,0,0,0,0,1,0,17-08-2026,,1,1,17-08-2026,2026-08-11,98
2026,32,52,5,0,150107A201,150107,0,1,0,0,0,0,17-08-2026,,1,1,17-08-2026,2026-08-12,84
2026,32,52,5,0,150107A201,150107,0,0,0,0,0,0,17-08-2026,,1,0,13-08-2026,2026-08-13,63
2026,32,52,5,0,150107A201,150107,0,0,0,0,1,0,17-08-2026,,1,1,17-08-2026,2026-08-14,79
2026,32,52,5,0,150107A201,150107,0,0,0,0,0,0,17-08-2026,,1,0,17-08-2026,2026-08-15,81
2026,33,52,5,0,150107A201,150107,0,0,0,1,0,0,25-08-2026,,1,1,25-08-2026,2026-08-17,92
2026,33,52,5,0,150107A201,150107,0,0,0,0,0,0,25-08-2026,,1,0,25-08-2026,2026-08-18,56
2026,33,52,5,0,150107A201,150107,0,0,0,0,0,0,25-08-2026,,1,0,25-08-2026,2026-08-19,83
2026,33,52,5,0,150107A201,150107,0,0,0,0,0,0,25-08-2026,,1,0,25-08-2026,2026-08-20,75
2026,33,52,5,0,150107A201,150107,0,0,0,1,0,1,25-08-2026,,1,2,25-08-2026,2026-08-21,64
2026,33,52,5,0,150107A201,150107,0,0,0,0,1,0,25-08-2026,,1,1,25-08-2026,2026-08-22,70
2026,34,52,5,0,150107A201,150107,0,0,0,0,0,0,25-08-2026,,1,0,25-08-2026,2026-08-24,69
