ID,ANO,SEMANA,SUB_REG_NT,RED,MICRORED,E_SALUD,UBIGEO,IRA_M2,IRA_2_11,IRA_1_4A,IRA_5_9A,IRA_10_19A,IRA_20_59A,IRA_60A,NEU_2_11,NEU_1_4A,NEU_5_9A,NEU_10_19,NEU_20_59,NEU_60A,HOS_M2,HOS_2_11,HOS_1_4A,HOS_5_9A,HOS_10_19,HOS_20_59,HOS_60A,NGR_M2,NGR_2_11,NGR_1_4A,NGR_5_9A,NGR_60A,DIH_M2,DIH_2_11,DIH_1_4A,DIH_5_9A,DIH_10_19,DIH_20_59,DIH_60A,DEH_M2,DEH_2_11,DEH_1_4A,DEH_5_9A,DEH_10_19,DEH_20_59,DEH_60A,SOB_2A,SOB_2_4A,SOB_5_9A,SOB_10_19A,SOB_20_59A,SOB_60A,FECHA_ING,ETNIAPROC,ETNIAS,PROCEDE,OTROPROC,USUARIO_REG
344362,2000,1,52,5,0,150107A201,150107,2,8,36,0,,,0,0,0,0,0,0,0,0,0,0,0,0,0,0,0,0,0,0.0,0.0,0,0,0,0,0,0,0,0,0,0,0,0,0,0,5,3,0.0,,,0,02/01/2001,,,,,
344617,2000,2,52,5,0,150107A201,150107,0,2,21,0,,,0,0,0,0,0,0,0,0,0,0,0,0,0,0,0,0,0,0.0,0.0,0,0,0,0,0,0,0,0,0,0,0,0,0,0,5,6,0.0,,,0,30/12/2000,,,,,
344884,2000,3,52,5,0,150107A201,150107,3,2,11,0,,,0,0,0,0,0,0,0,0,0,0,0,0,0,0,0,0,0,0.0,0.0,0,0,0,0,0,0,0,0,0,0,0,0,0,0,0,0,0.0,,,0,29/12/2000,,,,,
345175,2000,4,52,5,0,150107A201,150107,4,4,19,0,,,0,0,0,0,0,0,0,0,0,0,0,0,0,0,0,0,0,0.0,0.0,0,0,0,0,0,0,0,0,0,0,0,0,0,0,2,3,0.0,,,0,,,,,,
345451,2000,5,52,5,0,150107A201,150107,2,6,28,0,,,0,0,0,0,0,0,0,0,0,0,0,0,0,0,0,0,0,0.0,0.0,0,0,0,0,0,0,0,0,0,0,0,0,0,0,3,2,0.0,,,0,,,,,,
345709,2000,6,52,5,0,150107A201,150107,2,7,16,0,,,0,0,0,0,0,0,0,0,0,0,0,0,0,0,0,0,0,0.0,0.0,0,0,0,0,0,0,0,0,0,0,0,0,0,0,2,1,0.0,,,0,,,,,,
345997,2000,7,52,5,0,150107A201,150107,0,2,28,0,,,0,0,0,0,0,0,0,0,0,0,0,0,0,0,0,0,0,0.0,0.0,0,0,0,0,0,0,0,0,0,0,0,0,0,0,2,3,0.0,,,0,,,,,,
346261,2000,8,52,5,0,150107A201,150107,2,1,33,0,,,0,0,0,0,0,0,0,0,0,0,0,0,0,0,0,0,0,0.0,0.0,0,0,0,0,0,0,0,0,0,0,0,0,0,0,1,2,0.0,,,0,,,,,,
346525,2000,9,52,5,0,150107A201,150107,2,5,14,0,,,0,0,0,0,0,0,0,0,0,0,0,0,0,0,0,0,0,0.0,0.0,0,0,0,0,0,0,0,0,0,0,0,0,0,0,2,3,0.0,,,0,,,,,,
346795,2000,10,52,5,0,150107A201,150107,3,4,17,0,,,0,0,0,0,0,0,0,0,0,0,0,0,0,0,0,0,0,0.0,0.0,0,0,0,0,0,0,0,0,0,0,0,0,0,0,5,4,0.0,,,0,,,,,,
347059,2000,11,52,5,0,150107A201,150107,5,3,12,0,,,0,0,0,0,0,0,0,0,0,0,0,0,0,0,0,0,0,0.0,0.0,0,0,0,0,0,0,0,0,0,0,0,0,0,0,0,0,0.0,,,0,,,,,,
347311,2000,12,52,5,0,150107A201,150107,1,2,19,0,,,0,0,0,0,0,0,0,0,0,0,0,0,0,0,0,0,0,0.0,0.0,0,0,0,0,0,0,0,0,0,0,0,0,0,0,0,2,0.0,,,0,,,,,,
347563,2000,13,52,5,0,150107A201,150107,2,3,26,0,,,0,0,0,0,0,0,0,0,0,0,0,0,0,0,0,0,0,0.0,0.0,0,0,0,0,0,0,0,0,0,0,0,0,0,0,3,4,0.0,,,0,,,,,,
347836,2000,14,52,5,0,150107A201,150107,2,1,24,0,,,0,0,0,0,0,0,0,0,0,0,0,0,0,0,0,0,0,0.0,0.0,0,0,0,0,0,0,0,0,0,0,0,0,0,0,4,3,0.0,,,0,,,,,,
348109,2000,15,52,5,0,150107A201,150107,4,1,20,0,,,0,0,0,0,0,0,0,0,0,0,0,0,0,0,0,0,0,0.0,0.0,0,0,0,0,0,0,0,0,0,0,0,0,0,0,2,5,0.0,,,0,,,,,,
348385,2000,16,52,5,0,150107A201,150107,3,5,26,0,,,0,0,0,0,0,0,0,0,0,0,0,0,0,0,0,0,0,0.0,0.0,0,0,0,0,0,0,0,0,0,0,0,0,0,0,3,0,0.0,,,0,,,,,,
348649,2000,17,52,5,0,150107A201,150107,8,4,25,0,,,0,0,0,0,0,0,0,0,0,0,0,0,0,0,0,0,0,0.0,0.0,0,0,0,0,0,0,0,0,0,0,0,0,0,0,1,3,0.0,,,0,,,,,,
348940,2000,18,52,5,0,150107A201,150107,1,3,28,0,,,0,0,0,0,0,0,0,0,0,0,0,0,0,0,0,0,0,0.0,0.0,0,0,0,0,0,0,0,0,0,0,0,0,0,0,0,0,0.0,,,0,,,,,,
349234,2000,19,52,5,0,150107A201,150107,2,3,28,0,,,0,0,0,0,0,0,0,0,0,0,0,0,0,0,0,0,0,0.0,0.0,0,0,0,0,0,0,0,0,0,0,0,0,0,0,0,0,0.0,,,0,,,,,,
349540,2000,20,52,5,0,150107A201,150107,0,3,38,0,,,0,0,0,0,0,0,0,0,0,0,0,0,0,0,0,0,0,0.0,0.0,0,0,0,0,0,0,0,0,0,0,0,0,0,0,2,5,0.0,,,0,,,,,,
349834,2000,21,52,5,0,150107A201,150107,4,1,41,0,,,0,0,0,0,0,0,0,0,0,0,0,0,0,0,0,0,0,0.0,0.0,0,0,0,0,0,0,0,0,0,0,0,0,0,0,5,4,0.0,,,0,,,,,,
350131,2000,22,52,5,0,150107A201,150107,4,5,41,0,,,0,0,0,0,0,0,0,0,0,0,0,0,0,0,0,0,0,0.0,0.0,0,0,0,0,0,0,0,0,0,0,0,0,0,0,5,6,0.0,,,0,,,,,,
350413,2000,23,52,5,0,150107A201,150107,2,8,36,0,,,0,0,0,0,0,0,0,0,0,0,0,0,0,0,0,0,0,0.0,0.0,0,0,0,0,0,0,0,0,0,0,0,0,0,0,2,7,0.0,,,0,,,,,,
350713,2000,24,52,5,0,150107A201,150107,3,7,32,0,,,0,0,0,0,0,0,0,0,0,0,0,0,0,0,0,0,0,0.0,0.0,0,0,0,0,0,0,0,0,0,0,0,0,0,0,5,13,0.0,,,0,,,,,,
351034,2000,25,52,5,0,150107A201,150107,9,8,36,0,,,0,0,0,0,0,0,0,0,0,0,0,0,0,0,0,0,0,0.0,0.0,0,0,0,0,0,0,0,0,0,0,0,0,0,0,1,8,0.0,,,0,,,,,,
351346,2000,26,52,5,0,150107A201,150107,3,2,31,0,,,0,0,0,0,0,0,0,0,0,0,0,0,0,0,0,0,0,0.0,0.0,0,0,0,0,0,0,0,0,0,0,0,0,0,0,0,3,0.0,,,0,,,,,,
351658,2000,27,52,5,0,150107A201,150107,6,5,30,0,,,0,0,0,0,0,0,0,0,0,0,0,0,0,0,0,0,0,0.0,0.0,0,0,0,0,0,0,0,0,0,0,0,0,0,0,3,4,0.0,,,0,,,,,,
351964,2000,28,52,5,0,150107A201,150107,6,2,42,0,,,0,0,0,0,0,0,0,0,0,0,0,0,0,0,0,0,0,0.0,0.0,0,0,0,0,0,0,0,0,0,0,0,0,0,0,5,4,0.0,,,0,,,,,,
352279,2000,29,52,5,0,150107A201,150107,6,4,34,0,,,0,0,0,0,0,0,0,0,0,0,0,0,0,0,0,0,0,0.0,0.0,0,0,0,0,0,0,0,0,0,0,0,0,0,0,1,0,0.0,,,0,,,,,,
352564,2000,30,52,5,0,150107A201,150107,1,3,30,0,,,0,0,0,0,0,0,0,0,0,0,0,0,0,0,0,0,0,0.0,0.0,0,0,0,0,0,0,0,0,0,0,0,0,0,0,0,4,0.0,,,0,,,,,,
352855,2000,31,52,5,0,150107A201,150107,3,6,28,0,,,0,0,0,0,0,0,0,0,0,0,0,0,0,0,0,0,0,0.0,0.0,0,0,0,0,0,0,0,0,0,0,0,0,0,0,0,0,0.0,,,0,,,,,,
353128,2000,32,52,5,0,150107A201,150107,0,7,27,0,,,0,0,0,0,0,0,0,0,0,0,0,0,0,0,0,0,0,0.0,0.0,0,0,0,0,0,0,0,0,0,0,0,0,0,0,2,3,0.0,,,0,,,,,,
353440,2000,33,52,5,0,150107A201,150107,0,7,27,0,,,0,0,0,0,0,0,0,0,0,0,0,0,0,0,0,0,0,0.0,0.0,0,0,0,0,0,0,0,0,0,0,0,0,0,0,0,0,0.0,,,0,04/10/2000,,,,,
353731,2000,34,52,5,0,150107A201,150107,0,12,36,0,,,0,0,0,0,0,0,0,0,0,0,0,0,0,0,0,0,0,0.0,0.0,0,0,0,0,0,0,0,0,0,0,0,0,0,0,3,5,0.0,,,0,03/10/2000,,,,,
354019,2000,35,52,5,0,150107A201,150107,2,5,26,0,,,0,0,0,0,0,0,0,0,0,0,0,0,0,0,0,0,0,0.0,0.0,0,0,0,0,0,0,0,0,0,0,0,0,0,0,1,4,0.0,,,0,30/09/2000,,,,,
354310,2000,36,52,5,0,150107A201,150107,0,5,39,0,,,0,0,0,0,0,0,0,0,0,0,0,0,0,0,0,0,0,0.0,0.0,0,0,0,0,0,0,0,0,0,0,0,0,0,0,2,4,0.0,,,0,29/09/2000,,,,,
354610,2000,37,52,5,0,150107A201,150107,0,7,33,0,,,0,0,0,0,0,0,0,0,0,0,0,0,0,0,0,0,0,0.0,0.0,0,0,0,0,0,0,0,0,0,0,0,0,0,0,0,5,0.0,,,0,28/09/2000,,,,,
354922,2000,38,52,5,0,150107A201,150107,0,8,28,0,,,0,0,0,0,0,0,0,0,0,0,0,0,0,0,0,0,0,0.0,0.0,0,0,0,0,0,0,0,0,0,0,0,0,0,0,2,2,0.0,,,0,28/09/2000,,,,,
355213,2000,39,52,5,0,150107A201,150107,3,12,35,0,,,0,0,0,0,0,0,0,0,0,0,0,0,0,0,0,0,0,0.0,0.0,0,0,0,0,0,0,0,0,0,0,0,0,0,0,2,2,0.0,,,0,02/10/2000,,,,,
355507,2000,40,52,5,0,150107A201,150107,2,8,25,0,,,0,0,0,0,0,0,0,0,0,0,0,0,0,0,0,0,0,0.0,0.0,0,0,0,0,0,0,0,0,0,0,0,0,0,0,3,2,0.0,,,0,09/10/2000,,,,,
355810,2000,41,52,5,0,150107A201,150107,1,3,28,0,,,0,0,0,0,0,0,0,0,0,0,0,0,0,0,0,0,0,0.0,0.0,0,0,0,0,0,0,0,0,0,0,0,0,0,0,1,4,0.0,,,0,17/10/2000,,,,,
356113,2000,42,52,5,0,150107A201,150107,2,9,29,0,,,0,0,0,0,0,0,0,0,0,0,0,0,0,0,0,0,0,0.0,0.0,0,0,0,0,0,0,0,0,0,0,0,0,0,0,4,2,0.0,,,0,23/10/2000,,,,,
356416,2000,43,52,5,0,150107A201,150107,1,8,27,0,,,0,0,0,0,0,0,0,0,0,0,0,0,0,0,0,0,0,0.0,0.0,0,0,0,0,0,0,0,0,0,0,0,0,0,0,5,8,0.0,,,0,30/10/2000,,,,,
356713,2000,44,52,5,0,150107A201,150107,2,11,18,0,,,0,0,0,0,0,0,0,0,0,0,0,0,0,0,0,0,0,0.0,0.0,0,0,0,0,0,0,0,0,0,0,0,0,0,0,7,4,0.0,,,0,07/11/2000,,,,,
357013,2000,45,52,5,0,150107A201,150107,1,8,26,0,,,0,0,0,0,0,0,0,0,0,0,0,0,0,0,0,0,0,0.0,0.0,0,0,0,0,0,0,0,0,0,0,0,0,0,0,5,4,0.0,,,0,13/11/2000,,,,,
357304,2000,46,52,5,0,150107A201,150107,1,2,26,0,,,0,0,0,0,0,0,0,0,0,0,0,0,0,0,0,0,0,0.0,0.0,0,0,0,0,0,0,0,0,0,0,0,0,0,0,6,8,0.0,,,0,20/11/2000,,,,,
357598,2000,47,52,5,0,150107A201,150107,0,4,20,0,,,0,0,0,0,0,0,0,0,0,0,0,0,0,0,0,0,0,0.0,0.0,0,0,0,0,0,0,0,0,0,0,0,0,0,0,4,5,0.0,,,0,27/11/2000,,,,,
357889,2000,48,52,5,0,150107A201,150107,0,7,23,0,,,0,0,0,0,0,0,0,0,0,0,0,0,0,0,0,0,0,0.0,0.0,0,0,0,0,0,0,0,0,0,0,0,0,0,0,4,1,0.0,,,0,04/12/2000,,,,,
358174,2000,49,52,5,0,150107A201,150107,1,4,24,0,,,0,0,0,0,0,0,0,0,0,0,0,0,0,0,0,0,0,0.0,0.0,0,0,0,0,0,0,0,0,0,0,0,0,0,0,1,1,0.0,,,0,12/12/2000,,,,,
358444,2000,50,52,5,0,150107A201,150107,1,7,25,0,,,0,0,0,0,0,0,0,0,0,0,0,0,0,0,0,0,0,0.0,0.0,0,0,0,0,0,0,0,0,0,0,0,0,0,0,4,2,0.0,,,0,18/12/2000,,,,,
358732,2000,51,52,5,0,150107A201,150107,1,10,21,0,,,0,0,0,0,0,0,0,0,0,0,0,0,0,0,0,0,0,0.0,0.0,0,0,0,0,0,0,0,0,0,0,0,0,0,0,1,2,0.0,,,0,26/12/2000,,,,,
359014,2000,52,52,5,0,150107A201,150107,2,7,26,0,,,0,0,0,0,0,0,0,0,0,0,0,0,0,0,0,0,0,0.0,0.0,0,0,0,0,0,0,0,0,0,0,0,0,0,0,2,0,0.0,,,0,02/01/2001,,,,,
880354,2001,23,52,5,0,150107A201,150101,0,1,1,0,,,0,0,0,0,0,0,0,0,0,0,0,0,0,0,0,0,0,0.0,0.0,0,0,0,0,0,0,0,0,0,0,0,0,0,0,0,1,0.0,,,0,2001-06-12,,,,,
873010,2001,24,52,5,0,150107A201,150101,0,1,1,0,,,0,0,0,0,0,0,0,0,0,0,0,0,0,0,0,0,0,0.0,0.0,0,0,0,0,0,0,0,0,0,0,0,0,0,0,1,0,0.0,,,0,2001-06-18,,,,,
873073,2001,26,52,5,0,150107A201,150101,0,0,2,0,,,0,0,0,0,0,0,0,0,0,0,0,0,0,0,0,0,0,0.0,0.0,0,0,0,0,0,0,0,0,0,0,0,0,0,0,1,1,0.0,,,0,2001-07-02,,,,,
882265,2001,29,52,5,0,150107A201,150101,0,0,2,0,,,0,0,0,0,0,0,0,0,0,0,0,0,0,0,0,0,0,0.0,0.0,0,0,0,0,0,0,0,0,0,0,0,0,0,0,0,1,0.0,,,0,2001-07-23,,,,,
873340,2001,36,52,5,0,150107A201,150101,0,0,2,0,,,0,0,0,0,0,0,0,0,0,0,0,0,0,0,0,0,0,0.0,0.0,0,0,0,0,0,0,0,0,0,0,0,0,0,0,0,1,0.0,,,0,2001-09-10,,,,,
873457,2001,42,52,5,0,150107A201,150101,0,0,1,0,,,0,0,0,0,0,0,0,0,0,0,0,0,0,0,0,0,0,0.0,0.0,0,0,0,0,0,0,0,0,0,0,0,0,0,0,0,0,0.0,,,0,2001-10-22,,,,,
887122,2001,45,52,5,0,150107A201,150101,0,1,2,0,,,0,0,0,0,0,0,0,0,0,0,0,0,0,0,0,0,0,0.0,0.0,0,0,0,0,0,0,0,0,0,0,0,0,0,0,0,0,0.0,,,0,2001-11-12,,,,,
887428,2001,46,52,5,0,150107A201,150101,0,0,1,0,,,0,0,0,0,0,0,0,0,0,0,0,0,0,0,0,0,0,0.0,0.0,0,0,0,0,0,0,0,0,0,0,0,0,0,0,0,0,0.0,,,0,2001-11-19,,,,,
873580,2001,47,52,5,0,150107A201,150101,0,1,1,0,,,0,0,0,0,0,0,0,0,0,0,0,0,0,0,0,0,0,0.0,0.0,0,0,0,0,0,0,0,0,0,0,0,0,0,0,0,0,0.0,,,0,2001-11-26,,,,,
873616,2001,50,52,5,0,150107A201,150101,0,0,2,0,,,0,0,0,0,0,0,0,0,0,0,0,0,0,0,0,0,0,0.0,0.0,0,0,0,0,0,0,0,0,0,0,0,0,0,0,0,0,0.0,,,0,2001-12-17,,,,,
872851,2001,17,52,5,0,150107A201,150103,0,0,4,0,,,0,0,0,0,0,0,0,0,0,0,0,0,0,0,0,0,0,0.0,0.0,0,0,0,0,0,0,0,0,0,0,0,0,0,0,0,0,0.0,,,0,2001-04-30,,,,,
879121,2001,19,52,5,0,150107A201,150103,0,0,1,0,,,0,0,0,0,0,0,0,0,0,0,0,0,0,0,0,0,0,0.0,0.0,0,0,0,0,0,0,0,0,0,0,0,0,0,0,0,0,0.0,,,0,2001-05-14,,,,,
880357,2001,23,52,5,0,150107A201,150103,0,2,4,0,,,0,0,0,0,0,0,0,0,0,0,0,0,0,0,0,0,0,0.0,0.0,0,0,0,0,0,0,0,0,0,0,0,0,0,0,1,2,0.0,,,0,2001-06-12,,,,,
880690,2001,24,52,5,0,150107A201,150103,0,0,3,0,,,0,0,0,0,0,0,0,0,0,0,0,0,0,0,0,0,0,0.0,0.0,0,0,0,0,0,0,0,0,0,0,0,0,0,0,0,1,0.0,,,0,2001-06-18,,,,,
881008,2001,25,52,5,0,150107A201,150103,0,1,3,0,,,0,0,0,0,0,0,0,0,0,0,0,0,0,0,0,0,0,0.0,0.0,0,0,0,0,0,0,0,0,0,0,0,0,0,0,1,0,0.0,,,0,2001-06-25,,,,,
881326,2001,26,52,5,0,150107A201,150103,1,0,1,0,,,0,0,0,0,0,0,0,0,0,0,0,0,0,0,0,0,0,0.0,0.0,0,0,0,0,0,0,0,0,0,0,0,0,0,0,2,1,0.0,,,0,2001-07-02,,,,,
881641,2001,27,52,5,0,150107A201,150103,0,1,1,0,,,0,0,0,0,0,0,0,0,0,0,0,0,0,0,0,0,0,0.0,0.0,0,0,0,0,0,0,0,0,0,0,0,0,0,0,0,0,0.0,,,0,2001-07-10,,,,,
881941,2001,28,52,5,0,150107A201,150103,0,0,4,0,,,0,0,0,0,0,0,0,0,0,0,0,0,0,0,0,0,0,0.0,0.0,0,0,0,0,0,0,0,0,0,0,0,0,0,0,0,0,0.0,,,0,2001-07-16,,,,,
882268,2001,29,52,5,0,150107A201,150103,0,1,4,0,,,0,0,0,0,0,0,0,0,0,0,0,0,0,0,0,0,0,0.0,0.0,0,0,0,0,0,0,0,0,0,0,0,0,0,0,0,1,0.0,,,0,2001-07-23,,,,,
882889,2001,31,52,5,0,150107A201,150103,0,2,5,0,,,0,0,0,0,0,0,0,0,0,0,0,0,0,0,0,0,0,0.0,0.0,0,0,0,0,0,0,0,0,0,0,0,0,0,0,0,0,0.0,,,0,2001-08-06,,,,,
873250,2001,33,52,5,0,150107A201,150103,0,2,0,0,,,0,0,0,0,0,0,0,0,0,0,0,0,0,0,0,0,0,0.0,0.0,0,0,0,0,0,0,0,0,0,0,0,0,0,0,0,0,0.0,,,0,2001-08-20,,,,,
873940,2001,34,52,5,0,150107A201,150103,0,0,1,0,,,0,0,0,0,0,0,0,0,0,0,0,0,0,0,0,0,0,0.0,0.0,0,0,0,0,0,0,0,0,0,0,0,0,0,0,0,0,0.0,,,0,2001-08-27,,,,,
884101,2001,35,52,5,0,150107A201,150103,0,0,3,0,,,0,0,0,0,0,0,0,0,0,0,0,0,0,0,0,0,0,0.0,0.0,0,0,0,0,0,0,0,0,0,0,0,0,0,0,0,0,0.0,,,0,2001-09-04,,,,,
884401,2001,36,52,5,0,150107A201,150103,0,0,2,0,,,0,0,0,0,0,0,0,0,0,0,0,0,0,0,0,0,0,0.0,0.0,0,0,0,0,0,0,0,0,0,0,0,0,0,0,0,0,0.0,,,0,2001-09-10,,,,,
885016,2001,38,52,5,0,150107A201,150103,0,0,2,0,,,0,0,0,0,0,0,0,0,0,0,0,0,0,0,0,0,0,0.0,0.0,0,0,0,0,0,0,0,0,0,0,0,0,0,0,0,0,0.0,,,0,2001-09-24,,,,,
885646,2001,40,52,5,0,150107A201,150103,0,0,2,0,,,0,0,0,0,0,0,0,0,0,0,0,0,0,0,0,0,0,0.0,0.0,0,0,0,0,0,0,0,0,0,0,0,0,0,0,0,0,0.0,,,0,2001-10-09,,,,,
886252,2001,42,52,5,0,150107A201,150103,0,1,5,0,,,0,0,0,0,0,0,0,0,0,0,0,0,0,0,0,0,0,0.0,0.0,0,0,0,0,0,0,0,0,0,0,0,0,0,0,0,2,0.0,,,0,2001-10-22,,,,,
886543,2001,43,52,5,0,150107A201,150103,0,2,3,0,,,0,0,0,0,0,0,0,0,0,0,0,0,0,0,0,0,0,0.0,0.0,0,0,0,0,0,0,0,0,0,0,0,0,0,0,2,1,0.0,,,0,2001-10-29,,,,,
887125,2001,45,52,5,0,150107A201,150103,0,1,2,0,,,0,0,0,0,0,0,0,0,0,0,0,0,0,0,0,0,0,0.0,0.0,0,0,0,0,0,0,0,0,0,0,0,0,0,0,0,0,0.0,,,0,2001-11-12,,,,,
887431,2001,46,52,5,0,150107A201,150103,0,0,5,0,,,0,0,0,0,0,0,0,0,0,0,0,0,0,0,0,0,0,0.0,0.0,0,0,0,0,0,0,0,0,0,0,0,0,0,0,0,0,0.0,,,0,2001-11-19,,,,,
887722,2001,47,52,5,0,150107A201,150103,1,1,5,0,,,0,0,0,0,0,0,0,0,0,0,0,0,0,0,0,0,0,0.0,0.0,0,0,0,0,0,0,0,0,0,0,0,0,0,0,0,1,0.0,,,0,2001-11-26,,,,,
873595,2001,48,52,5,0,150107A201,150103,0,1,3,0,,,0,0,0,0,0,0,0,0,0,0,0,0,0,0,0,0,0,0.0,0.0,0,0,0,0,0,0,0,0,0,0,0,0,0,0,0,0,0.0,,,0,2001-12-03,,,,,
888586,2001,50,52,5,0,150107A201,150103,1,0,1,0,,,0,0,0,0,0,0,0,0,0,0,0,0,0,0,0,0,0,0.0,0.0,0,0,0,0,0,0,0,0,0,0,0,0,0,0,0,0,0.0,,,0,2001-12-17,,,,,
888886,2001,51,52,5,0,150107A201,150103,0,0,2,0,,,0,0,0,0,0,0,0,0,0,0,0,0,0,0,0,0,0,0.0,0.0,0,0,0,0,0,0,0,0,0,0,0,0,0,0,0,0,0.0,,,0,2001-12-26,,,,,
874153,2001,1,52,5,0,150107A201,150107,4,7,17,0,,,0,0,0,0,0,0,0,0,0,0,0,0,0,0,0,0,0,0.0,0.0,0,0,0,0,0,0,0,0,0,0,0,0,0,0,2,0,0.0,,,0,2001-01-08,,,,,
874423,2001,2,52,5,0,150107A201,150107,0,3,6,0,,,0,0,0,0,0,0,0,0,0,0,0,0,0,0,0,0,0,0.0,0.0,0,0,0,0,0,0,0,0,0,0,0,0,0,0,6,2,0.0,,,0,2001-01-16,,,,,
874693,2001,3,52,5,0,150107A201,150107,0,9,19,0,,,0,0,0,0,0,0,0,0,0,0,0,0,0,0,0,0,0,0.0,0.0,0,0,0,0,0,0,0,0,0,0,0,0,0,0,6,3,0.0,,,0,2001-01-22,,,,,
874978,2001,4,52,5,0,150107A201,150107,0,5,9,0,,,0,0,0,0,0,0,0,0,0,0,0,0,0,0,0,0,0,0.0,0.0,0,0,0,0,0,0,0,0,0,0,0,0,0,0,2,4,0.0,,,0,2001-01-29,,,,,
875248,2001,5,52,5,0,150107A201,150107,1,9,25,0,,,0,0,0,0,0,0,0,0,0,0,0,0,0,0,0,0,0,0.0,0.0,0,0,0,0,0,0,0,0,0,0,0,0,0,0,4,8,0.0,,,0,2001-02-05,,,,,
875509,2001,6,52,5,0,150107A201,150107,1,5,12,0,,,0,0,0,0,0,0,0,0,0,0,0,0,0,0,0,0,0,0.0,0.0,0,0,0,0,0,0,0,0,0,0,0,0,0,0,7,2,0.0,,,0,2001-02-12,,,,,
875782,2001,7,52,5,0,150107A201,150107,0,1,20,0,,,0,0,0,0,0,0,0,0,0,0,0,0,0,0,0,0,0,0.0,0.0,0,0,0,0,0,0,0,0,0,0,0,0,0,0,2,0,0.0,,,0,2001-02-19,,,,,
876052,2001,8,52,5,0,150107A201,150107,1,1,11,0,,,0,0,0,0,0,0,0,0,0,0,0,0,0,0,0,0,0,0.0,0.0,0,0,0,0,0,0,0,0,0,0,0,0,0,0,3,0,0.0,,,0,2001-02-26,,,,,
876319,2001,9,52,5,0,150107A201,150107,0,2,19,0,,,0,0,0,0,0,0,0,0,0,0,0,0,0,0,0,0,0,0.0,0.0,0,0,0,0,0,0,0,0,0,0,0,0,0,0,4,1,0.0,,,0,2001-03-06,,,,,
876583,2001,10,52,5,0,150107A201,150107,0,2,12,0,,,0,0,0,0,0,0,0,0,0,0,0,0,0,0,0,0,0,0.0,0.0,0,0,0,0,0,0,0,0,0,0,0,0,0,0,1,3,0.0,,,0,2001-03-12,,,,,
876850,2001,11,52,5,0,150107A201,150107,0,6,13,0,,,0,0,0,0,0,0,0,0,0,0,0,0,0,0,0,0,0,0.0,0.0,0,0,0,0,0,0,0,0,0,0,0,0,0,0,3,4,0.0,,,0,2001-03-19,,,,,
877126,2001,12,52,5,0,150107A201,150107,0,5,17,0,,,0,0,0,0,0,0,0,0,0,0,0,0,0,0,0,0,0,0.0,0.0,0,0,0,0,0,0,0,0,0,0,0,0,0,0,1,2,0.0,,,0,2001-03-26,,,,,
877411,2001,13,52,5,0,150107A201,150107,0,6,30,0,,,0,0,0,0,0,0,0,0,0,0,0,0,0,0,0,0,0,0.0,0.0,0,0,0,0,0,0,0,0,0,0,0,0,0,0,7,2,0.0,,,0,2001-04-02,,,,,
877693,2001,14,52,5,0,150107A201,150107,0,4,25,0,,,0,0,0,0,0,0,0,0,0,0,0,0,0,0,0,0,0,0.0,0.0,0,0,0,0,0,0,0,0,0,0,0,0,0,0,2,5,0.0,,,0,2001-04-09,,,,,
877951,2001,15,52,5,0,150107A201,150107,2,4,24,0,,,0,0,0,0,0,0,0,0,0,0,0,0,0,0,0,0,0,0.0,0.0,0,0,0,0,0,0,0,0,0,0,0,0,0,0,1,4,0.0,,,0,2001-04-16,,,,,
878224,2001,16,52,5,0,150107A201,150107,2,6,18,0,,,0,0,0,0,0,0,0,0,0,0,0,0,0,0,0,0,0,0.0,0.0,0,0,0,0,0,0,0,0,0,0,0,0,0,0,3,1,0.0,,,0,2001-04-23,,,,,
878512,2001,17,52,5,0,150107A201,150107,3,4,20,0,,,0,0,0,0,0,0,0,0,0,0,0,0,0,0,0,0,0,0.0,0.0,0,0,0,0,0,0,0,0,0,0,0,0,0,0,0,0,0.0,,,0,2001-04-30,,,,,
878809,2001,18,52,5,0,150107A201,150107,2,9,36,0,,,0,0,0,0,0,0,0,0,0,0,0,0,0,0,0,0,0,0.0,0.0,0,0,0,0,0,0,0,0,0,0,0,0,0,0,3,9,0.0,,,0,2001-05-07,,,,,
879124,2001,19,52,5,0,150107A201,150107,1,14,35,0,,,0,0,0,0,0,0,0,0,0,0,0,0,0,0,0,0,0,0.0,0.0,0,0,0,0,0,0,0,0,0,0,0,0,0,0,6,9,0.0,,,0,2001-05-14,,,,,
879439,2001,20,52,5,0,150107A201,150107,5,24,43,0,,,0,0,0,0,0,0,0,0,0,0,0,0,0,0,0,0,0,0.0,0.0,0,0,0,0,0,0,0,0,0,0,0,0,0,0,6,6,0.0,,,0,2001-05-21,,,,,
879751,2001,21,52,5,0,150107A201,150107,1,7,39,0,,,0,0,0,0,0,0,0,0,0,0,0,0,0,0,0,0,0,0.0,0.0,0,0,0,0,0,0,0,0,0,0,0,0,0,0,8,2,0.0,,,0,2001-05-28,,,,,
880039,2001,22,52,5,0,150107A201,150107,2,13,49,0,,,0,0,0,0,0,0,0,0,0,0,0,0,0,0,0,0,0,0.0,0.0,0,0,0,0,0,0,0,0,0,0,0,0,0,0,7,12,0.0,,,0,2001-06-04,,,,,
880360,2001,23,52,5,0,150107A201,150107,1,7,37,0,,,0,0,0,0,0,0,0,0,0,0,0,0,0,0,0,0,0,0.0,0.0,0,0,0,0,0,0,0,0,0,0,0,0,0,0,2,7,0.0,,,0,2001-06-12,,,,,
880693,2001,24,52,5,0,150107A201,150107,0,5,33,0,,,0,0,0,0,0,0,0,0,0,0,0,0,0,0,0,0,0,0.0,0.0,0,0,0,0,0,0,0,0,0,0,0,0,0,0,3,5,0.0,,,0,2001-06-18,,,,,
881011,2001,25,52,5,0,150107A201,150107,0,6,37,0,,,0,0,0,0,0,0,0,0,0,0,0,0,0,0,0,0,0,0.0,0.0,0,0,0,0,0,0,0,0,0,0,0,0,0,0,8,8,0.0,,,0,2001-06-25,,,,,
881329,2001,26,52,5,0,150107A201,150107,1,4,27,0,,,0,0,0,0,0,0,0,0,0,0,0,0,0,0,0,0,0,0.0,0.0,0,0,0,0,0,0,0,0,0,0,0,0,0,0,4,4,0.0,,,0,2001-07-02,,,,,
881644,2001,27,52,5,0,150107A201,150107,0,6,37,0,,,0,0,0,0,0,0,0,0,0,0,0,0,0,0,0,0,0,0.0,0.0,0,0,0,0,0,0,0,0,0,0,0,0,0,0,0,6,0.0,,,0,2001-07-10,,,,,
881944,2001,28,52,5,0,150107A201,150107,2,8,30,0,,,0,0,0,0,0,0,0,0,0,0,0,0,0,0,0,0,0,0.0,0.0,0,0,0,0,0,0,0,0,0,0,0,0,0,0,6,10,0.0,,,0,2001-07-16,,,,,
882271,2001,29,52,5,0,150107A201,150107,2,1,34,0,,,0,0,0,0,0,0,0,0,0,0,0,0,0,0,0,0,0,0.0,0.0,0,0,0,0,0,0,0,0,0,0,0,0,0,0,1,14,0.0,,,0,2001-07-23,,,,,
882577,2001,30,52,5,0,150107A201,150107,1,4,10,0,,,0,0,0,0,0,0,0,0,0,0,0,0,0,0,0,0,0,0.0,0.0,0,0,0,0,0,0,0,0,0,0,0,0,0,0,3,8,0.0,,,0,2001-08-01,,,,,
882892,2001,31,52,5,0,150107A201,150107,2,8,20,0,,,0,0,0,0,0,0,0,0,0,0,0,0,0,0,0,0,0,0.0,0.0,0,0,0,0,0,0,0,0,0,0,0,0,0,0,4,4,0.0,,,0,2001-08-06,,,,,
883180,2001,32,52,5,0,150107A201,150107,2,11,30,0,,,0,0,0,0,0,0,0,0,0,0,0,0,0,0,0,0,0,0.0,0.0,0,0,0,0,0,0,0,0,0,0,0,0,0,0,10,5,0.0,,,0,2001-08-13,,,,,
883489,2001,33,52,5,0,150107A201,150107,1,2,16,0,,,0,0,0,0,0,0,0,0,0,0,0,0,0,0,0,0,0,0.0,0.0,0,0,0,0,0,0,0,0,0,0,0,0,0,0,6,4,0.0,,,0,2001-08-20,,,,,
883795,2001,34,52,5,0,150107A201,150107,2,5,21,0,,,0,0,0,0,0,0,0,0,0,0,0,0,0,0,0,0,0,0.0,0.0,0,0,0,0,0,0,0,0,0,0,0,0,0,0,4,5,0.0,,,0,2001-08-27,,,,,
884104,2001,35,52,5,0,150107A201,150107,0,3,19,0,,,0,0,0,0,0,0,0,0,0,0,0,0,0,0,0,0,0,0.0,0.0,0,0,0,0,0,0,0,0,0,0,0,0,0,0,6,7,0.0,,,0,2001-09-04,,,,,
884404,2001,36,52,5,0,150107A201,150107,0,11,33,0,,,0,0,0,0,0,0,0,0,0,0,0,0,0,0,0,0,0,0.0,0.0,0,0,0,0,0,0,0,0,0,0,0,0,0,0,9,14,0.0,,,0,2001-09-10,,,,,
884707,2001,37,52,5,0,150107A201,150107,1,10,21,0,,,0,0,0,0,0,0,0,0,0,0,0,0,0,0,0,0,0,0.0,0.0,0,0,0,0,0,0,0,0,0,0,0,0,0,0,0,0,0.0,,,0,2001-09-17,,,,,
885019,2001,38,52,5,0,150107A201,150107,2,5,24,0,,,0,0,0,0,0,0,0,0,0,0,0,0,0,0,0,0,0,0.0,0.0,0,0,0,0,0,0,0,0,0,0,0,0,0,0,7,11,0.0,,,0,2001-09-24,,,,,
885340,2001,39,52,5,0,150107A201,150107,0,0,43,0,,,0,0,0,0,0,0,0,0,0,0,0,0,0,0,0,0,0,0.0,0.0,0,0,0,0,0,0,0,0,0,0,0,0,0,0,4,10,0.0,,,0,2001-10-01,,,,,
885649,2001,40,52,5,0,150107A201,150107,1,6,25,0,,,0,0,0,0,0,0,0,0,0,0,0,0,0,0,0,0,0,0.0,0.0,0,0,0,0,0,0,0,0,0,0,0,0,0,0,2,5,0.0,,,0,2001-10-09,,,,,
885949,2001,41,52,5,0,150107A201,150107,0,4,30,0,,,0,0,0,0,0,0,0,0,0,0,0,0,0,0,0,0,0,0.0,0.0,0,0,0,0,0,0,0,0,0,0,0,0,0,0,4,7,0.0,,,0,2001-10-15,,,,,
886255,2001,42,52,5,0,150107A201,150107,0,1,18,0,,,0,0,0,0,0,0,0,0,0,0,0,0,0,0,0,0,0,0.0,0.0,0,0,0,0,0,0,0,0,0,0,0,0,0,0,3,2,0.0,,,0,2001-10-22,,,,,
886546,2001,43,52,5,0,150107A201,150107,0,3,13,0,,,0,0,0,0,0,0,0,0,0,0,0,0,0,0,0,0,0,0.0,0.0,0,0,0,0,0,0,0,0,0,0,0,0,0,0,4,1,0.0,,,0,2001-10-29,,,,,
886849,2001,44,52,5,0,150107A201,150107,0,1,10,0,,,0,0,0,0,0,0,0,0,0,0,0,0,0,0,0,0,0,0.0,0.0,0,0,0,0,0,0,0,0,0,0,0,0,0,0,2,5,0.0,,,0,2001-11-05,,,,,
887128,2001,45,52,5,0,150107A201,150107,0,5,15,0,,,0,0,0,0,0,0,0,0,0,0,0,0,0,0,0,0,0,0.0,0.0,0,0,0,0,0,0,0,0,0,0,0,0,0,0,1,6,0.0,,,0,2001-11-12,,,,,
887434,2001,46,52,5,0,150107A201,150107,0,1,6,0,,,0,0,0,0,0,0,0,0,0,0,0,0,0,0,0,0,0,0.0,0.0,0,0,0,0,0,0,0,0,0,0,0,0,0,0,2,7,0.0,,,0,2001-11-19,,,,,
887725,2001,47,52,5,0,150107A201,150107,1,5,19,0,,,0,0,0,0,0,0,0,0,0,0,0,0,0,0,0,0,0,0.0,0.0,0,0,0,0,0,0,0,0,0,0,0,0,0,0,2,4,0.0,,,0,2001-11-26,,,,,
888028,2001,48,52,5,0,150107A201,150107,0,4,13,0,,,0,0,0,0,0,0,0,0,0,0,0,0,0,0,0,0,0,0.0,0.0,0,0,0,0,0,0,0,0,0,0,0,0,0,0,1,1,0.0,,,0,2001-12-03,,,,,
888307,2001,49,52,5,0,150107A201,150107,2,6,23,0,,,0,0,0,0,0,0,0,0,0,0,0,0,0,0,0,0,0,0.0,0.0,0,0,0,0,0,0,0,0,0,0,0,0,0,0,3,6,0.0,,,0,2001-12-10,,,,,
888589,2001,50,52,5,0,150107A201,150107,0,4,9,0,,,0,0,0,0,0,0,0,0,0,0,0,0,0,0,0,0,0,0.0,0.0,0,0,0,0,0,0,0,0,0,0,0,0,0,0,4,5,0.0,,,0,2001-12-17,,,,,
888889,2001,51,52,5,0,150107A201,150107,1,4,5,0,,,0,0,0,0,0,0,0,0,0,0,0,0,0,0,0,0,0,0.0,0.0,0,0,0,0,0,0,0,0,0,0,0,0,0,0,2,4,0.0,,,0,2001-12-26,,,,,
889168,2001,52,52,5,0,150107A201,150107,0,1,3,0,,,0,0,0,0,0,0,0,0,0,0,0,0,0,0,0,0,0,0.0,0.0,0,0,0,0,0,0,0,0,0,0,0,0,0,0,2,1,0.0,,,0,2002-01-02,,,,,
878515,2001,17,52,5,0,150107A201,150118,0,0,4,0,,,0,0,0,0,0,0,0,0,0,0,0,0,0,0,0,0,0,0.0,0.0,0,0,0,0,0,0,0,0,0,0,0,0,0,0,0,0,0.0,,,0,2001-04-30,,,,,
879127,2001,19,52,5,0,150107A201,150118,0,0,4,0,,,0,0,0,0,0,0,0,0,0,0,0,0,0,0,0,0,0,0.0,0.0,0,0,0,0,0,0,0,0,0,0,0,0,0,0,0,0,0.0,,,0,2001-05-14,,,,,
880042,2001,22,52,5,0,150107A201,150118,0,1,9,0,,,0,0,0,0,0,0,0,0,0,0,0,0,0,0,0,0,0,0.0,0.0,0,0,0,0,0,0,0,0,0,0,0,0,0,0,0,0,0.0,,,0,2001-06-04,,,,,
880363,2001,23,52,5,0,150107A201,150118,0,1,12,0,,,0,0,0,0,0,0,0,0,0,0,0,0,0,0,0,0,0,0.0,0.0,0,0,0,0,0,0,0,0,0,0,0,0,0,0,1,3,0.0,,,0,2001-06-12,,,,,
880696,2001,24,52,5,0,150107A201,150118,0,2,5,0,,,0,0,0,0,0,0,0,0,0,0,0,0,0,0,0,0,0,0.0,0.0,0,0,0,0,0,0,0,0,0,0,0,0,0,0,1,0,0.0,,,0,2001-06-18,,,,,
881014,2001,25,52,5,0,150107A201,150118,0,2,6,0,,,0,0,0,0,0,0,0,0,0,0,0,0,0,0,0,0,0,0.0,0.0,0,0,0,0,0,0,0,0,0,0,0,0,0,0,0,1,0.0,,,0,2001-06-25,,,,,
881332,2001,26,52,5,0,150107A201,150118,0,2,4,0,,,0,0,0,0,0,0,0,0,0,0,0,0,0,0,0,0,0,0.0,0.0,0,0,0,0,0,0,0,0,0,0,0,0,0,0,1,6,0.0,,,0,2001-07-02,,,,,
881647,2001,27,52,5,0,150107A201,150118,0,1,11,0,,,0,0,0,0,0,0,0,0,0,0,0,0,0,0,0,0,0,0.0,0.0,0,0,0,0,0,0,0,0,0,0,0,0,0,0,2,0,0.0,,,0,2001-07-10,,,,,
881947,2001,28,52,5,0,150107A201,150118,0,0,4,0,,,0,0,0,0,0,0,0,0,0,0,0,0,0,0,0,0,0,0.0,0.0,0,0,0,0,0,0,0,0,0,0,0,0,0,0,0,0,0.0,,,0,2001-07-16,,,,,
882274,2001,29,52,5,0,150107A201,150118,0,3,15,0,,,0,0,0,0,0,0,0,0,0,0,0,0,0,0,0,0,0,0.0,0.0,0,0,0,0,0,0,0,0,0,0,0,0,0,0,0,2,0.0,,,0,2001-07-23,,,,,
882895,2001,31,52,5,0,150107A201,150118,0,0,10,0,,,0,0,0,0,0,0,0,0,0,0,0,0,0,0,0,0,0,0.0,0.0,0,0,0,0,0,0,0,0,0,0,0,0,0,0,0,0,0.0,,,0,2001-08-06,,,,,
883492,2001,33,52,5,0,150107A201,150118,0,2,2,0,,,0,0,0,0,0,0,0,0,0,0,0,0,0,0,0,0,0,0.0,0.0,0,0,0,0,0,0,0,0,0,0,0,0,0,0,0,0,0.0,,,0,2001-08-20,,,,,
883798,2001,34,52,5,0,150107A201,150118,0,0,3,0,,,0,0,0,0,0,0,0,0,0,0,0,0,0,0,0,0,0,0.0,0.0,0,0,0,0,0,0,0,0,0,0,0,0,0,0,2,4,0.0,,,0,2001-08-27,,,,,
884107,2001,35,52,5,0,150107A201,150118,0,0,4,0,,,0,0,0,0,0,0,0,0,0,0,0,0,0,0,0,0,0,0.0,0.0,0,0,0,0,0,0,0,0,0,0,0,0,0,0,0,3,0.0,,,0,2001-09-04,,,,,
884407,2001,36,52,5,0,150107A201,150118,0,0,9,0,,,0,0,0,0,0,0,0,0,0,0,0,0,0,0,0,0,0,0.0,0.0,0,0,0,0,0,0,0,0,0,0,0,0,0,0,1,13,0.0,,,0,2001-09-10,,,,,
885022,2001,38,52,5,0,150107A201,150118,0,1,10,0,,,0,0,0,0,0,0,0,0,0,0,0,0,0,0,0,0,0,0.0,0.0,0,0,0,0,0,0,0,0,0,0,0,0,0,0,0,0,0.0,,,0,2001-09-24,,,,,
885343,2001,39,52,5,0,150107A201,150118,0,0,4,0,,,0,0,0,0,0,0,0,0,0,0,0,0,0,0,0,0,0,0.0,0.0,0,0,0,0,0,0,0,0,0,0,0,0,0,0,0,0,0.0,,,0,2001-10-01,,,,,
885652,2001,40,52,5,0,150107A201,150118,0,2,5,0,,,0,0,0,0,0,0,0,0,0,0,0,0,0,0,0,0,0,0.0,0.0,0,0,0,0,0,0,0,0,0,0,0,0,0,0,0,0,0.0,,,0,2001-10-09,,,,,
885952,2001,41,52,5,0,150107A201,150118,0,0,9,0,,,0,0,0,0,0,0,0,0,0,0,0,0,0,0,0,0,0,0.0,0.0,0,0,0,0,0,0,0,0,0,0,0,0,0,0,0,0,0.0,,,0,2001-10-15,,,,,
886258,2001,42,52,5,0,150107A201,150118,0,0,5,0,,,0,0,0,0,0,0,0,0,0,0,0,0,0,0,0,0,0,0.0,0.0,0,0,0,0,0,0,0,0,0,0,0,0,0,0,1,3,0.0,,,0,2001-10-22,,,,,
886549,2001,43,52,5,0,150107A201,150118,0,2,6,0,,,0,0,0,0,0,0,0,0,0,0,0,0,0,0,0,0,0,0.0,0.0,0,0,0,0,0,0,0,0,0,0,0,0,0,0,0,0,0.0,,,0,2001-10-29,,,,,
886852,2001,44,52,5,0,150107A201,150118,0,0,7,0,,,0,0,0,0,0,0,0,0,0,0,0,0,0,0,0,0,0,0.0,0.0,0,0,0,0,0,0,0,0,0,0,0,0,0,0,0,0,0.0,,,0,2001-11-05,,,,,
887131,2001,45,52,5,0,150107A201,150118,1,2,5,0,,,0,0,0,0,0,0,0,0,0,0,0,0,0,0,0,0,0,0.0,0.0,0,0,0,0,0,0,0,0,0,0,0,0,0,0,0,0,0.0,,,0,2001-11-12,,,,,
887437,2001,46,52,5,0,150107A201,150118,0,3,15,0,,,0,0,0,0,0,0,0,0,0,0,0,0,0,0,0,0,0,0.0,0.0,0,0,0,0,0,0,0,0,0,0,0,0,0,0,0,0,0.0,,,0,2001-11-19,,,,,
887728,2001,47,52,5,0,150107A201,150118,1,2,5,0,,,0,0,0,0,0,0,0,0,0,0,0,0,0,0,0,0,0,0.0,0.0,0,0,0,0,0,0,0,0,0,0,0,0,0,0,0,2,0.0,,,0,2001-11-26,,,,,
888031,2001,48,52,5,0,150107A201,150118,0,4,5,0,,,0,0,0,0,0,0,0,0,0,0,0,0,0,0,0,0,0,0.0,0.0,0,0,0,0,0,0,0,0,0,0,0,0,0,0,0,0,0.0,,,0,2001-12-03,,,,,
888592,2001,50,52,5,0,150107A201,150118,0,1,3,0,,,0,0,0,0,0,0,0,0,0,0,0,0,0,0,0,0,0,0.0,0.0,0,0,0,0,0,0,0,0,0,0,0,0,0,0,0,0,0.0,,,0,2001-12-17,,,,,
888892,2001,51,52,5,0,150107A201,150118,0,2,2,0,,,0,0,0,0,0,0,0,0,0,0,0,0,0,0,0,0,0,0.0,0.0,0,0,0,0,0,0,0,0,0,0,0,0,0,0,0,0,0.0,,,0,2001-12-26,,,,,
873529,2001,45,52,5,0,150107A201,150137,0,1,0,0,,,0,0,0,0,0,0,0,0,0,0,0,0,0,0,0,0,0,0.0,0.0,0,0,0,0,0,0,0,0,0,0,0,0,0,0,0,0,0.0,,,0,2001-11-12,,,,,
1570147,2002,12,52,5,0,150107A201,150101,0,0,2,0,,,0,0,0,0,0,0,0,0,0,0,0,0,0,0,0,0,0,0.0,0.0,0,0,0,0,0,0,0,0,0,0,0,0,0,0,0,0,0.0,,,0,2002-03-25,,,,,
1570225,2002,17,52,5,0,150107A201,150101,0,0,1,0,,,0,0,0,0,0,0,0,0,0,0,0,0,0,0,0,0,0,0.0,0.0,0,0,0,0,0,0,0,0,0,0,0,0,0,0,0,0,0.0,,,0,2002-04-28,,,,,
1570954,2002,23,52,5,0,150107A201,150101,0,0,0,0,,,0,0,0,0,0,0,0,0,0,0,0,0,0,0,0,0,0,0.0,0.0,0,0,0,0,0,0,0,0,0,0,0,0,0,0,0,1,0.0,,,0,2002-06-10,,,,,
1571005,2002,29,52,5,0,150107A201,150101,0,1,0,0,,,0,0,0,0,0,0,0,0,0,0,0,0,0,0,0,0,0,0.0,0.0,0,0,0,0,0,0,0,0,0,0,0,0,0,0,0,0,0.0,,,0,2002-07-22,,,,,
1570558,2002,37,52,5,0,150107A201,150101,0,0,1,0,,,0,0,0,0,0,0,0,0,0,0,0,0,0,0,0,0,0,0.0,0.0,0,0,0,0,0,0,0,0,0,0,0,0,0,0,0,0,0.0,,,0,2002-09-16,,,,,
1585669,2002,45,52,5,0,150107A201,150101,0,1,0,0,,,0,0,0,0,0,0,0,0,0,0,0,0,0,0,0,0,0,0.0,0.0,0,0,0,0,0,0,0,0,0,0,0,0,0,0,0,0,0.0,,,0,2002-11-11,,,,,
1571917,2002,3,52,5,0,150107A201,150103,0,0,1,0,,,0,0,0,0,0,0,0,0,0,0,0,0,0,0,0,0,0,0.0,0.0,0,0,0,0,0,0,0,0,0,0,0,0,0,0,0,1,0.0,,,0,2002-01-21,,,,,
1573852,2002,10,52,5,0,150107A201,150103,0,0,1,0,,,0,0,0,0,0,0,0,0,0,0,0,0,0,0,0,0,0,0.0,0.0,0,0,0,0,0,0,0,0,0,0,0,0,0,0,1,0,0.0,,,0,2002-03-11,,,,,
1574137,2002,11,52,5,0,150107A201,150103,0,0,1,0,,,0,0,0,0,0,0,0,0,0,0,0,0,0,0,0,0,0,0.0,0.0,0,0,0,0,0,0,0,0,0,0,0,0,0,0,0,2,0.0,,,0,2002-03-18,,,,,
1570150,2002,13,52,5,0,150107A201,150103,0,2,0,0,,,0,0,0,0,0,0,0,0,0,0,0,0,0,0,0,0,0,0.0,0.0,0,0,0,0,0,0,0,0,0,0,0,0,0,0,3,0,0.0,,,0,2002-04-01,,,,,
1575274,2002,15,52,5,0,150107A201,150103,0,1,0,0,,,0,0,0,0,0,0,0,0,0,0,0,0,0,0,0,0,0,0.0,0.0,0,0,0,0,0,0,0,0,0,0,0,0,0,0,0,0,0.0,,,0,2002-04-15,,,,,
1570297,2002,21,52,5,0,150107A201,150103,0,1,1,0,,,0,0,0,0,0,0,0,0,0,0,0,0,0,0,0,0,0,0.0,0.0,0,0,0,0,0,0,0,0,0,0,0,0,0,0,0,0,0.0,,,0,2002-05-27,,,,,
1570324,2002,22,52,5,0,150107A201,150103,0,0,1,0,,,0,0,0,0,0,0,0,0,0,0,0,0,0,0,0,0,0,0.0,0.0,0,0,0,0,0,0,0,0,0,0,0,0,0,0,0,0,0.0,,,0,2002-06-03,,,,,
1577740,2002,23,52,5,0,150107A201,150103,0,0,1,0,,,0,0,0,0,0,0,0,0,0,0,0,0,0,0,0,0,0,0.0,0.0,0,0,0,0,0,0,0,0,0,0,0,0,0,0,0,0,0.0,,,0,2002-06-10,,,,,
1570975,2002,25,52,5,0,150107A201,150103,0,0,1,0,,,0,0,0,0,0,0,0,0,0,0,0,0,0,0,0,0,0,0.0,0.0,0,0,0,0,0,0,0,0,0,0,0,0,0,0,0,0,0.0,,,0,2002-06-24,,,,,
1579000,2002,27,52,5,0,150107A201,150103,0,1,0,0,,,0,0,0,0,0,0,0,0,0,0,0,0,0,0,0,0,0,0.0,0.0,0,0,0,0,0,0,0,0,0,0,0,0,0,0,0,0,0.0,,,0,2002-07-08,,,,,
1571029,2002,31,52,5,0,150107A201,150103,0,0,1,0,,,0,0,0,0,0,0,0,0,0,0,0,0,0,0,0,0,0,0.0,0.0,0,0,0,0,0,0,0,0,0,0,0,0,0,0,0,0,0.0,,,0,2002-08-05,,,,,
1570483,2002,32,52,5,0,150107A201,150103,0,1,0,0,,,0,0,0,0,0,0,0,0,0,0,0,0,0,0,0,0,0,0.0,0.0,0,0,0,0,0,0,0,0,0,0,0,0,0,0,0,0,0.0,,,0,2002-08-12,,,,,
1581631,2002,34,52,5,0,150107A201,150103,0,1,0,0,,,0,0,0,0,0,0,0,0,0,0,0,0,0,0,0,0,0,0.0,0.0,0,0,0,0,0,0,0,0,0,0,0,0,0,0,0,0,0.0,,,0,2002-08-26,,,,,
1571053,2002,35,52,5,0,150107A201,150103,0,1,0,0,,,0,0,0,0,0,0,0,0,0,0,0,0,0,0,0,0,0,0.0,0.0,0,0,0,0,0,0,0,0,0,0,0,0,0,0,0,0,0.0,,,0,2002-09-02,,,,,
1582978,2002,38,52,5,0,150107A201,150103,0,1,1,0,,,0,0,0,0,0,0,0,0,0,0,0,0,0,0,0,0,0,0.0,0.0,0,0,0,0,0,0,0,0,0,0,0,0,0,0,0,0,0.0,,,0,2002-09-23,,,,,
1583392,2002,39,52,5,0,150107A201,150103,0,1,0,0,,,0,0,0,0,0,0,0,0,0,0,0,0,0,0,0,0,0,0.0,0.0,0,0,0,0,0,0,0,0,0,0,0,0,0,0,0,0,0.0,,,0,2002-09-30,,,,,
1584178,2002,41,52,5,0,150107A201,150103,0,0,1,0,,,0,0,0,0,0,0,0,0,0,0,0,0,0,0,0,0,0,0.0,0.0,0,0,0,0,0,0,0,0,0,0,0,0,0,0,0,0,0.0,,,0,2002-10-14,,,,,
1584514,2002,42,52,5,0,150107A201,150103,0,0,2,0,,,0,0,0,0,0,0,0,0,0,0,0,0,0,0,0,0,0,0.0,0.0,0,0,0,0,0,0,0,0,0,0,0,0,0,0,0,0,0.0,,,0,2002-10-21,,,,,
1585672,2002,45,52,5,0,150107A201,150103,0,0,2,0,,,0,0,0,0,0,0,0,0,0,0,0,0,0,0,0,0,0,0.0,0.0,0,0,0,0,0,0,0,0,0,0,0,0,0,0,0,0,0.0,,,0,2002-11-11,,,,,
1571107,2002,47,52,5,0,150107A201,150103,0,1,1,0,,,0,0,0,0,0,0,0,0,0,0,0,0,0,0,0,0,0,0.0,0.0,0,0,0,0,0,0,0,0,0,0,0,0,0,0,0,0,0.0,,,0,2002-11-25,,,,,
1571128,2002,50,52,5,0,150107A201,150103,0,1,0,0,,,0,0,0,0,0,0,0,0,0,0,0,0,0,0,0,0,0,0.0,0.0,0,0,0,0,0,0,0,0,0,0,0,0,0,0,0,0,0.0,,,0,2002-12-16,,,,,
1570822,2002,52,52,5,0,150107A201,150103,0,0,1,0,,,0,0,0,0,0,0,0,0,0,0,0,0,0,0,0,0,0,0.0,0.0,0,0,0,0,0,0,0,0,0,0,0,0,0,0,0,0,0.0,,,0,2002-12-30,,,,,
1571368,2002,1,52,5,0,150107A201,150107,0,5,5,0,,,0,0,0,0,0,0,0,0,0,0,0,0,0,0,0,0,0,0.0,0.0,0,0,0,0,0,0,0,0,0,0,0,0,0,0,1,2,0.0,,,0,2002-01-07,,,,,
1571638,2002,2,52,5,0,150107A201,150107,2,6,9,0,,,0,0,0,0,0,0,0,0,0,0,0,0,0,0,0,0,0,0.0,0.0,0,0,0,0,0,0,0,0,0,0,0,0,0,0,7,5,0.0,,,0,2002-01-14,,,,,
1571920,2002,3,52,5,0,150107A201,150107,0,6,19,0,,,0,0,0,0,0,0,0,0,0,0,0,0,0,0,0,0,0,0.0,0.0,0,0,0,0,0,0,0,0,0,0,0,0,0,0,10,4,0.0,,,0,2002-01-21,,,,,
1572181,2002,4,52,5,0,150107A201,150107,0,2,7,0,,,0,0,0,0,0,0,0,0,0,0,0,0,0,0,0,0,0,0.0,0.0,0,0,0,0,0,0,0,0,0,0,0,0,0,0,1,1,0.0,,,0,2002-01-28,,,,,
1572451,2002,5,52,5,0,150107A201,150107,0,3,4,0,,,0,0,0,0,0,0,0,0,0,0,0,0,0,0,0,0,0,0.0,0.0,0,0,0,0,0,0,0,0,0,0,0,0,0,0,1,0,0.0,,,0,2002-02-04,,,,,
1572739,2002,6,52,5,0,150107A201,150107,0,4,16,0,,,0,0,0,0,0,0,0,0,0,0,0,0,0,0,0,0,0,0.0,0.0,0,0,0,0,0,0,0,0,0,0,0,0,0,0,2,1,0.0,,,0,2002-02-11,,,,,
1573009,2002,7,52,5,0,150107A201,150107,0,4,12,0,,,0,0,0,0,0,0,0,0,0,0,0,0,0,0,0,0,0,0.0,0.0,0,0,0,0,0,0,0,0,0,0,0,0,0,0,4,0,0.0,,,0,2002-02-18,,,,,
1573297,2002,8,52,5,0,150107A201,150107,0,2,11,0,,,0,0,0,0,0,0,0,0,0,0,0,0,0,0,0,0,0,0.0,0.0,0,0,0,0,0,0,0,0,0,0,0,0,0,0,1,1,0.0,,,0,2002-02-25,,,,,
1573570,2002,9,52,5,0,150107A201,150107,1,3,11,0,,,0,0,0,0,0,0,0,0,0,0,0,0,0,0,0,0,0,0.0,0.0,0,0,0,0,0,0,0,0,0,0,0,0,0,0,5,4,0.0,,,0,2002-03-04,,,,,
1573855,2002,10,52,5,0,150107A201,150107,2,2,9,0,,,0,0,0,0,0,0,0,0,0,0,0,0,0,0,0,0,0,0.0,0.0,0,0,0,0,0,0,0,0,0,0,0,0,0,0,1,1,0.0,,,0,2002-03-11,,,,,
1574140,2002,11,52,5,0,150107A201,150107,0,4,12,0,,,0,0,0,0,0,0,0,0,0,0,0,0,0,0,0,0,0,0.0,0.0,0,0,0,0,0,0,0,0,0,0,0,0,0,0,7,4,0.0,,,0,2002-03-18,,,,,
1574428,2002,12,52,5,0,150107A201,150107,1,4,21,0,,,0,0,0,0,0,0,0,0,0,0,0,0,0,0,0,0,0,0.0,0.0,0,0,0,0,0,0,0,0,0,0,0,0,0,0,1,5,0.0,,,0,2002-03-25,,,,,
1574704,2002,13,52,5,0,150107A201,150107,0,4,11,0,,,0,0,0,0,0,0,0,0,0,0,0,0,0,0,0,0,0,0.0,0.0,0,0,0,0,0,0,0,0,0,0,0,0,0,0,0,9,0.0,,,0,2002-04-01,,,,,
1574989,2002,14,52,5,0,150107A201,150107,0,3,18,0,,,0,0,0,0,0,0,0,0,0,0,0,0,0,0,0,0,0,0.0,0.0,0,0,0,0,0,0,0,0,0,0,0,0,0,0,0,0,0.0,,,0,2002-04-08,,,,,
1575277,2002,15,52,5,0,150107A201,150107,1,5,9,0,,,0,0,0,0,0,0,0,0,0,0,0,0,0,0,0,0,0,0.0,0.0,0,0,0,0,0,0,0,0,0,0,0,0,0,0,8,11,0.0,,,0,2002-04-15,,,,,
1575580,2002,16,52,5,0,150107A201,150107,0,5,36,0,,,0,0,0,0,0,0,0,0,0,0,0,0,0,0,0,0,0,0.0,0.0,0,0,0,0,0,0,0,0,0,0,0,0,0,0,0,0,0.0,,,0,2002-04-22,,,,,
1575883,2002,17,52,5,0,150107A201,150107,1,7,27,0,,,0,0,0,0,0,0,0,0,0,0,0,0,0,0,0,0,0,0.0,0.0,0,0,0,0,0,0,0,0,0,0,0,0,0,0,3,14,0.0,,,0,2002-04-28,,,,,
1576192,2002,18,52,5,0,150107A201,150107,0,6,20,0,,,0,0,0,0,0,0,0,0,0,0,0,0,0,0,0,0,0,0.0,0.0,0,0,0,0,0,0,0,0,0,0,0,0,0,0,3,5,0.0,,,0,2002-05-06,,,,,
1576501,2002,19,52,5,0,150107A201,150107,0,2,12,0,,,0,0,0,0,0,0,0,0,0,0,0,0,0,0,0,0,0,0.0,0.0,0,0,0,0,0,0,0,0,0,0,0,0,0,0,0,0,0.0,,,0,2002-05-13,,,,,
1576810,2002,20,52,5,0,150107A201,150107,0,7,21,0,,,0,0,0,0,0,0,0,0,0,0,0,0,0,0,0,0,0,0.0,0.0,0,0,0,0,0,0,0,0,0,0,0,0,0,0,0,0,0.0,,,0,2002-05-20,,,,,
1577116,2002,21,52,5,0,150107A201,150107,0,3,9,0,,,0,0,0,0,0,0,0,0,0,0,0,0,0,0,0,0,0,0.0,0.0,0,0,0,0,0,0,0,0,0,0,0,0,0,0,1,0,0.0,,,0,2002-05-27,,,,,
1577437,2002,22,52,5,0,150107A201,150107,0,3,4,0,,,0,0,0,0,0,0,0,0,0,0,0,0,0,0,0,0,0,0.0,0.0,0,0,0,0,0,0,0,0,0,0,0,0,0,0,1,1,0.0,,,0,2002-06-03,,,,,
1577743,2002,23,52,5,0,150107A201,150107,1,5,18,0,,,0,0,0,0,0,0,0,0,0,0,0,0,0,0,0,0,0,0.0,0.0,0,0,0,0,0,0,0,0,0,0,0,0,0,0,2,1,0.0,,,0,2002-06-10,,,,,
1578040,2002,24,52,5,0,150107A201,150107,1,7,14,0,,,0,0,0,0,0,0,0,0,0,0,0,0,0,0,0,0,0,0.0,0.0,0,0,0,0,0,0,0,0,0,0,0,0,0,0,0,0,0.0,,,0,2002-06-17,,,,,
1578358,2002,25,52,5,0,150107A201,150107,1,4,14,0,,,0,0,0,0,0,0,0,0,0,0,0,0,0,0,0,0,0,0.0,0.0,0,0,0,0,0,0,0,0,0,0,0,0,0,0,0,2,0.0,,,0,2002-06-24,,,,,
1578679,2002,26,52,5,0,150107A201,150107,1,8,16,0,,,0,1,0,0,0,0,0,0,0,0,0,0,0,0,0,0,0,0.0,0.0,0,0,0,0,0,0,0,0,0,0,0,0,0,0,1,3,0.0,,,0,2002-07-01,,,,,
1579003,2002,27,52,5,0,150107A201,150107,1,3,20,0,,,0,0,0,0,0,0,0,0,0,0,0,0,0,0,0,0,0,0.0,0.0,0,0,0,0,0,0,0,0,0,0,0,0,0,0,2,0,0.0,,,0,2002-07-08,,,,,
1579399,2002,28,52,5,0,150107A201,150107,0,7,17,0,,,0,0,0,0,0,0,0,0,0,0,0,0,0,0,0,0,0,0.0,0.0,0,0,0,0,0,0,0,0,0,0,0,0,0,0,0,0,0.0,,,0,2002-07-15,,,,,
1579798,2002,29,52,5,0,150107A201,150107,0,1,14,0,,,0,0,0,0,0,0,0,0,0,0,0,0,0,0,0,0,0,0.0,0.0,0,0,0,0,0,0,0,0,0,0,0,0,0,0,0,0,0.0,,,0,2002-07-22,,,,,
1580203,2002,30,52,5,0,150107A201,150107,1,3,16,0,,,0,0,0,0,0,0,0,0,0,0,0,0,0,0,0,0,0,0.0,0.0,0,0,0,0,0,0,0,0,0,0,0,0,0,0,0,0,0.0,,,0,2002-07-31,,,,,
1580581,2002,31,52,5,0,150107A201,150107,0,4,33,0,,,0,0,0,0,0,0,0,0,0,0,0,0,0,0,0,0,0,0.0,0.0,0,0,0,0,0,0,0,0,0,0,0,0,0,0,4,2,0.0,,,0,2002-08-05,,,,,
1580929,2002,32,52,5,0,150107A201,150107,2,6,9,0,,,0,0,0,0,0,0,0,0,0,0,0,0,0,0,0,0,0,0.0,0.0,0,0,0,0,0,0,0,0,0,0,0,0,0,0,3,0,0.0,,,0,2002-08-12,,,,,
1581280,2002,33,52,5,0,150107A201,150107,1,6,8,0,,,0,0,0,0,0,0,0,0,0,0,0,0,0,0,0,0,0,0.0,0.0,0,0,0,0,0,0,0,0,0,0,0,0,0,0,0,0,0.0,,,0,2002-08-19,,,,,
1581634,2002,34,52,5,0,150107A201,150107,1,3,10,0,,,0,0,0,0,0,0,0,0,0,0,0,0,0,0,0,0,0,0.0,0.0,0,0,0,0,0,0,0,0,0,0,0,0,0,0,1,3,0.0,,,0,2002-08-26,,,,,
1581976,2002,35,52,5,0,150107A201,150107,2,9,17,0,,,0,0,0,0,0,0,0,0,0,0,0,0,0,0,0,0,0,0.0,0.0,0,0,0,0,0,0,0,0,0,0,0,0,0,0,3,0,0.0,,,0,2002-09-02,,,,,
1582324,2002,36,52,5,0,150107A201,150107,2,6,29,0,,,0,0,0,0,0,0,0,0,0,0,0,0,0,0,0,0,0,0.0,0.0,0,0,0,0,0,0,0,0,0,0,0,0,0,0,2,1,0.0,,,0,2002-09-09,,,,,
1582681,2002,37,52,5,0,150107A201,150107,2,9,13,0,,,0,0,0,0,0,0,0,0,0,0,0,0,0,0,0,0,0,0.0,0.0,0,0,0,0,0,0,0,0,0,0,0,0,0,0,1,2,0.0,,,0,2002-09-16,,,,,
1582981,2002,38,52,5,0,150107A201,150107,0,7,5,0,,,0,0,0,0,0,0,0,0,0,0,0,0,0,0,0,0,0,0.0,0.0,0,0,0,0,0,0,0,0,0,0,0,0,0,0,1,0,0.0,,,0,2002-09-23,,,,,
1583395,2002,39,52,5,0,150107A201,150107,2,5,30,0,,,0,0,0,0,0,0,0,0,0,0,0,0,0,0,0,0,0,0.0,0.0,0,0,0,0,0,0,0,0,0,0,0,0,0,0,0,2,0.0,,,0,2002-09-30,,,,,
1583794,2002,40,52,5,0,150107A201,150107,3,8,24,0,,,0,0,0,0,0,0,0,0,0,0,0,0,0,0,0,0,0,0.0,0.0,0,0,0,0,0,0,0,0,0,0,0,0,0,0,1,0,0.0,,,0,2002-10-09,,,,,
1584181,2002,41,52,5,0,150107A201,150107,1,3,16,0,,,0,0,0,0,0,0,0,0,0,0,0,0,0,0,0,0,0,0.0,0.0,0,0,0,0,0,0,0,0,0,0,0,0,0,0,0,0,0.0,,,0,2002-10-14,,,,,
1584517,2002,42,52,5,0,150107A201,150107,0,3,12,0,,,0,0,0,0,0,0,0,0,0,0,0,0,0,0,0,0,0,0.0,0.0,0,0,0,0,0,0,0,0,0,0,0,0,0,0,0,0,0.0,,,0,2002-10-21,,,,,
1584910,2002,43,52,5,0,150107A201,150107,0,7,15,0,,,0,0,0,0,0,0,0,0,0,0,0,0,0,0,0,0,0,0.0,0.0,0,0,0,0,0,0,0,0,0,0,0,0,0,0,0,2,0.0,,,0,2002-10-28,,,,,
1585291,2002,44,52,5,0,150107A201,150107,0,5,17,0,,,0,0,0,0,0,0,0,0,0,0,0,0,0,0,0,0,0,0.0,0.0,0,0,0,0,0,0,0,0,0,0,0,0,0,0,2,1,0.0,,,0,2002-11-04,,,,,
1585675,2002,45,52,5,0,150107A201,150107,0,6,23,0,,,0,0,0,0,0,0,0,0,0,0,0,0,0,0,0,0,0,0.0,0.0,0,0,0,0,0,0,0,0,0,0,0,0,0,0,0,2,0.0,,,0,2002-11-11,,,,,
1585996,2002,46,52,5,0,150107A201,150107,0,8,26,0,,,0,0,0,0,0,0,0,0,0,0,0,0,0,0,0,0,0,0.0,0.0,0,0,0,0,0,0,0,0,0,0,0,0,0,0,1,1,0.0,,,0,2002-11-18,,,,,
1586338,2002,47,52,5,0,150107A201,150107,0,5,16,0,,,0,0,0,0,0,0,0,0,0,0,0,0,0,0,0,0,0,0.0,0.0,0,0,0,0,0,0,0,0,0,0,0,0,0,0,2,1,0.0,,,0,2002-11-25,,,,,
1586704,2002,48,52,5,0,150107A201,150107,0,7,23,0,,,0,0,0,0,0,0,0,0,0,0,0,0,0,0,0,0,0,0.0,0.0,0,0,0,0,0,0,0,0,0,0,0,0,0,0,0,0,0.0,,,0,2002-12-02,,,,,
1587052,2002,49,52,5,0,150107A201,150107,0,4,12,0,,,0,0,0,0,0,0,0,0,0,0,0,0,0,0,0,0,0,0.0,0.0,0,0,0,0,0,0,0,0,0,0,0,0,0,0,3,3,0.0,,,0,2002-12-09,,,,,
1587397,2002,50,52,5,0,150107A201,150107,0,9,18,0,,,0,0,0,0,0,0,0,0,0,0,0,0,0,0,0,0,0,0.0,0.0,0,0,0,0,0,0,0,0,0,0,0,0,0,0,1,0,0.0,,,0,2002-12-16,,,,,
1587697,2002,51,52,5,0,150107A201,150107,4,0,19,0,,,0,0,0,0,0,0,0,0,0,0,0,0,0,0,0,0,0,0.0,0.0,0,0,0,0,0,0,0,0,0,0,0,0,0,0,0,1,0.0,,,0,2002-12-23,,,,,
1587976,2002,52,52,5,0,150107A201,150107,0,6,16,0,,,0,0,0,0,0,0,0,0,0,0,0,0,0,0,0,0,0,0.0,0.0,0,0,0,0,0,0,0,0,0,0,0,0,0,0,0,1,0.0,,,0,2002-12-30,,,,,
1571641,2002,2,52,5,0,150107A201,150118,0,2,2,0,,,0,0,0,0,0,0,0,0,0,0,0,0,0,0,0,0,0,0.0,0.0,0,0,0,0,0,0,0,0,0,0,0,0,0,0,0,0,0.0,,,0,2002-01-14,,,,,
1571923,2002,3,52,5,0,150107A201,150118,0,1,0,0,,,0,0,0,0,0,0,0,0,0,0,0,0,0,0,0,0,0,0.0,0.0,0,0,0,0,0,0,0,0,0,0,0,0,0,0,1,0,0.0,,,0,2002-01-21,,,,,
1572184,2002,4,52,5,0,150107A201,150118,0,0,1,0,,,0,0,0,0,0,0,0,0,0,0,0,0,0,0,0,0,0,0.0,0.0,0,0,0,0,0,0,0,0,0,0,0,0,0,0,0,0,0.0,,,0,2002-01-28,,,,,
1572454,2002,5,52,5,0,150107A201,150118,0,1,1,0,,,0,0,0,0,0,0,0,0,0,0,0,0,0,0,0,0,0,0.0,0.0,0,0,0,0,0,0,0,0,0,0,0,0,0,0,1,2,0.0,,,0,2002-02-04,,,,,
1572742,2002,6,52,5,0,150107A201,150118,0,0,1,0,,,0,0,0,0,0,0,0,0,0,0,0,0,0,0,0,0,0,0.0,0.0,0,0,0,0,0,0,0,0,0,0,0,0,0,0,1,0,0.0,,,0,2002-02-11,,,,,
1570102,2002,10,52,5,0,150107A201,150118,1,0,0,0,,,0,0,0,0,0,0,0,0,0,0,0,0,0,0,0,0,0,0.0,0.0,0,0,0,0,0,0,0,0,0,0,0,0,0,0,1,0,0.0,,,0,2002-03-11,,,,,
1574143,2002,11,52,5,0,150107A201,150118,0,0,6,0,,,0,0,0,0,0,0,0,0,0,0,0,0,0,0,0,0,0,0.0,0.0,0,0,0,0,0,0,0,0,0,0,0,0,0,0,1,3,0.0,,,0,2002-03-18,,,,,
1571140,2002,13,52,5,0,150107A201,150118,0,0,1,0,,,0,0,0,0,0,0,0,0,0,0,0,0,0,0,0,0,0,0.0,0.0,0,0,0,0,0,0,0,0,0,0,0,0,0,0,0,0,0.0,,,0,2002-04-01,,,,,
1574992,2002,14,52,5,0,150107A201,150118,0,4,0,0,,,0,0,0,0,0,0,0,0,0,0,0,0,0,0,0,0,0,0.0,0.0,0,0,0,0,0,0,0,0,0,0,0,0,0,0,0,0,0.0,,,0,2002-04-08,,,,,
1575280,2002,15,52,5,0,150107A201,150118,0,1,2,0,,,0,0,0,0,0,0,0,0,0,0,0,0,0,0,0,0,0,0.0,0.0,0,0,0,0,0,0,0,0,0,0,0,0,0,0,0,2,0.0,,,0,2002-04-15,,,,,
1575886,2002,17,52,5,0,150107A201,150118,0,3,10,0,,,0,0,0,0,0,0,0,0,0,0,0,0,0,0,0,0,0,0.0,0.0,0,0,0,0,0,0,0,0,0,0,0,0,0,0,0,3,0.0,,,0,2002-04-28,,,,,
1576195,2002,18,52,5,0,150107A201,150118,0,0,7,0,,,0,0,0,0,0,0,0,0,0,0,0,0,0,0,0,0,0,0.0,0.0,0,0,0,0,0,0,0,0,0,0,0,0,0,0,2,1,0.0,,,0,2002-05-06,,,,,
1576504,2002,19,52,5,0,150107A201,150118,0,0,4,0,,,0,0,0,0,0,0,0,0,0,0,0,0,0,0,0,0,0,0.0,0.0,0,0,0,0,0,0,0,0,0,0,0,0,0,0,0,0,0.0,,,0,2002-05-13,,,,,
1576813,2002,20,52,5,0,150107A201,150118,1,1,5,0,,,0,0,0,0,0,0,0,0,0,0,0,0,0,0,0,0,0,0.0,0.0,0,0,0,0,0,0,0,0,0,0,0,0,0,0,0,0,0.0,,,0,2002-05-20,,,,,
1577119,2002,21,52,5,0,150107A201,150118,0,2,6,0,,,0,0,0,0,0,0,0,0,0,0,0,0,0,0,0,0,0,0.0,0.0,0,0,0,0,0,0,0,0,0,0,0,0,0,0,0,0,0.0,,,0,2002-05-27,,,,,
1577440,2002,22,52,5,0,150107A201,150118,1,1,1,0,,,0,0,0,0,0,0,0,0,0,0,0,0,0,0,0,0,0,0.0,0.0,0,0,0,0,0,0,0,0,0,0,0,0,0,0,0,0,0.0,,,0,2002-06-03,,,,,
1577746,2002,23,52,5,0,150107A201,150118,0,3,4,0,,,0,0,0,0,0,0,0,0,0,0,0,0,0,0,0,0,0,0.0,0.0,0,0,0,0,0,0,0,0,0,0,0,0,0,0,0,0,0.0,,,0,2002-06-10,,,,,
1578043,2002,24,52,5,0,150107A201,150118,0,0,1,0,,,0,0,0,0,0,0,0,0,0,0,0,0,0,0,0,0,0,0.0,0.0,0,0,0,0,0,0,0,0,0,0,0,0,0,0,0,0,0.0,,,0,2002-06-17,,,,,
1578361,2002,25,52,5,0,150107A201,150118,0,1,1,0,,,0,1,0,0,0,0,0,0,0,0,0,0,0,0,0,0,0,0.0,0.0,0,0,0,0,0,0,0,0,0,0,0,0,0,0,0,0,0.0,,,0,2002-06-24,,,,,
1578682,2002,26,52,5,0,150107A201,150118,1,0,5,0,,,0,0,0,0,0,0,0,0,0,0,0,0,0,0,0,0,0,0.0,0.0,0,0,0,0,0,0,0,0,0,0,0,0,0,0,0,0,0.0,,,0,2002-07-01,,,,,
1579006,2002,27,52,5,0,150107A201,150118,0,0,2,0,,,0,0,0,0,0,0,0,0,0,0,0,0,0,0,0,0,0,0.0,0.0,0,0,0,0,0,0,0,0,0,0,0,0,0,0,0,0,0.0,,,0,2002-07-08,,,,,
1579801,2002,29,52,5,0,150107A201,150118,0,3,5,0,,,0,0,0,0,0,0,0,0,0,0,0,0,0,0,0,0,0,0.0,0.0,0,0,0,0,0,0,0,0,0,0,0,0,0,0,0,0,0.0,,,0,2002-07-22,,,,,
1580584,2002,31,52,5,0,150107A201,150118,0,0,5,0,,,0,0,0,0,0,0,0,0,0,0,0,0,0,0,0,0,0,0.0,0.0,0,0,0,0,0,0,0,0,0,0,0,0,0,0,0,0,0.0,,,0,2002-08-05,,,,,
1580932,2002,32,52,5,0,150107A201,150118,0,0,2,0,,,0,0,0,0,0,0,0,0,0,0,0,0,0,0,0,0,0,0.0,0.0,0,0,0,0,0,0,0,0,0,0,0,0,0,0,0,0,0.0,,,0,2002-08-12,,,,,
1581283,2002,33,52,5,0,150107A201,150118,0,0,5,0,,,0,0,0,0,0,0,0,0,0,0,0,0,0,0,0,0,0,0.0,0.0,0,0,0,0,0,0,0,0,0,0,0,0,0,0,0,0,0.0,,,0,2002-08-19,,,,,
1581637,2002,34,52,5,0,150107A201,150118,1,0,4,0,,,0,0,0,0,0,0,0,0,0,0,0,0,0,0,0,0,0,0.0,0.0,0,0,0,0,0,0,0,0,0,0,0,0,0,0,0,0,0.0,,,0,2002-08-26,,,,,
1581979,2002,35,52,5,0,150107A201,150118,1,0,0,0,,,0,0,0,0,0,0,0,0,0,0,0,0,0,0,0,0,0,0.0,0.0,0,0,0,0,0,0,0,0,0,0,0,0,0,0,0,0,0.0,,,0,2002-09-02,,,,,
1582327,2002,36,52,5,0,150107A201,150118,0,1,3,0,,,0,0,0,0,0,0,0,0,0,0,0,0,0,0,0,0,0,0.0,0.0,0,0,0,0,0,0,0,0,0,0,0,0,0,0,0,0,0.0,,,0,2002-09-09,,,,,
1582684,2002,37,52,5,0,150107A201,150118,0,0,4,0,,,0,0,0,0,0,0,0,0,0,0,0,0,0,0,0,0,0,0.0,0.0,0,0,0,0,0,0,0,0,0,0,0,0,0,0,0,0,0.0,,,0,2002-09-16,,,,,
1582984,2002,38,52,5,0,150107A201,150118,0,1,2,0,,,0,0,0,0,0,0,0,0,0,0,0,0,0,0,0,0,0,0.0,0.0,0,0,0,0,0,0,0,0,0,0,0,0,0,0,0,0,0.0,,,0,2002-09-23,,,,,
1583398,2002,39,52,5,0,150107A201,150118,0,0,3,0,,,0,0,0,0,0,0,0,0,0,0,0,0,0,0,0,0,0,0.0,0.0,0,0,0,0,0,0,0,0,0,0,0,0,0,0,0,0,0.0,,,0,2002-09-30,,,,,
1584184,2002,41,52,5,0,150107A201,150118,0,0,3,0,,,0,0,0,0,0,0,0,0,0,0,0,0,0,0,0,0,0,0.0,0.0,0,0,0,0,0,0,0,0,0,0,0,0,0,0,0,0,0.0,,,0,2002-10-14,,,,,
1584520,2002,42,52,5,0,150107A201,150118,0,0,1,0,,,0,0,0,0,0,0,0,0,0,0,0,0,0,0,0,0,0,0.0,0.0,0,0,0,0,0,0,0,0,0,0,0,0,0,0,0,0,0.0,,,0,2002-10-21,,,,,
1584913,2002,43,52,5,0,150107A201,150118,0,0,1,0,,,0,0,0,0,0,0,0,0,0,0,0,0,0,0,0,0,0,0.0,0.0,0,0,0,0,0,0,0,0,0,0,0,0,0,0,0,0,0.0,,,0,2002-10-28,,,,,
1585678,2002,45,52,5,0,150107A201,150118,0,0,3,0,,,0,0,0,0,0,0,0,0,0,0,0,0,0,0,0,0,0,0.0,0.0,0,0,0,0,0,0,0,0,0,0,0,0,0,0,2,0,0.0,,,0,2002-11-11,,,,,
1585999,2002,46,52,5,0,150107A201,150118,0,2,1,0,,,0,0,0,0,0,0,0,0,0,0,0,0,0,0,0,0,0,0.0,0.0,0,0,0,0,0,0,0,0,0,0,0,0,0,0,0,0,0.0,,,0,2002-11-18,,,,,
1586341,2002,47,52,5,0,150107A201,150118,0,1,2,0,,,0,0,0,0,0,0,0,0,0,0,0,0,0,0,0,0,0,0.0,0.0,0,0,0,0,0,0,0,0,0,0,0,0,0,0,0,1,0.0,,,0,2002-11-25,,,,,
1587055,2002,49,52,5,0,150107A201,150118,0,2,3,0,,,0,0,0,0,0,0,0,0,0,0,0,0,0,0,0,0,0,0.0,0.0,0,0,0,0,0,0,0,0,0,0,0,0,0,0,0,1,0.0,,,0,2002-12-09,,,,,
1587400,2002,50,52,5,0,150107A201,150118,0,0,4,0,,,0,0,0,0,0,0,0,0,0,0,0,0,0,0,0,0,0,0.0,0.0,0,0,0,0,0,0,0,0,0,0,0,0,0,0,0,1,0.0,,,0,2002-12-16,,,,,
1587979,2002,52,52,5,0,150107A201,150118,0,1,1,0,,,0,0,0,0,0,0,0,0,0,0,0,0,0,0,0,0,0,0.0,0.0,0,0,0,0,0,0,0,0,0,0,0,0,0,0,0,0,0.0,,,0,2002-12-30,,,,,
1570105,2002,10,52,5,0,150107A201,150137,0,0,1,0,,,0,0,0,0,0,0,0,0,0,0,0,0,0,0,0,0,0,0.0,0.0,0,0,0,0,0,0,0,0,0,0,0,0,0,0,0,0,0.0,,,0,2002-03-11,,,,,
2383579,2003,50,52,5,0,150107A201,70102,0,0,0,0,,,0,0,0,0,0,0,0,0,0,0,0,0,0,0,0,0,0,0.0,0.0,0,0,0,0,0,0,0,0,0,0,0,0,0,0,0,1,0.0,,,0,2003-12-16,,,,,
2392714,2003,23,52,5,0,150107A201,150101,0,0,1,0,,,0,0,0,0,0,0,0,0,0,0,0,0,0,0,0,0,0,0.0,0.0,0,0,0,0,0,0,0,0,0,0,0,0,0,0,0,0,0.0,,,0,2003-06-09,,,,,
2383369,2003,27,52,5,0,150107A201,150101,0,0,1,0,,,0,0,0,0,0,0,0,0,0,0,0,0,0,0,0,0,0,0.0,0.0,0,0,0,0,0,0,0,0,0,0,0,0,0,0,0,0,0.0,,,0,2003-07-07,,,,,
2383510,2003,40,52,5,0,150107A201,150101,0,0,1,0,,,0,0,0,0,0,0,0,0,0,0,0,0,0,0,0,0,0,0.0,0.0,0,0,0,0,0,0,0,0,0,0,0,0,0,0,0,0,0.0,,,0,2003-10-06,,,,,
2401294,2003,46,52,5,0,150107A201,150101,0,0,1,0,,,0,0,0,0,0,0,0,0,0,0,0,0,0,0,0,0,0,0.0,0.0,0,0,0,0,0,0,0,0,0,0,0,0,0,0,0,0,0.0,,,0,2003-11-17,,,,,
2387491,2003,8,52,5,0,150107A201,150103,0,0,1,0,,,0,0,0,0,0,0,0,0,0,0,0,0,0,0,0,0,0,0.0,0.0,0,0,0,0,0,0,0,0,0,0,0,0,0,0,0,0,0.0,,,0,2003-02-24,,,,,
2388127,2003,10,52,5,0,150107A201,150103,0,0,2,0,,,0,0,0,0,0,0,0,0,0,0,0,0,0,0,0,0,0,0.0,0.0,0,0,0,0,0,0,0,0,0,0,0,0,0,0,0,0,0.0,,,0,2003-03-10,,,,,
2383201,2003,14,52,5,0,150107A201,150103,0,0,1,0,,,0,0,0,0,0,0,0,0,0,0,0,0,0,0,0,0,0,0.0,0.0,0,0,0,0,0,0,0,0,0,0,0,0,0,0,0,0,0.0,,,0,2003-04-07,,,,,
2391673,2003,20,52,5,0,150107A201,150103,0,0,1,0,,,0,0,0,0,0,0,0,0,0,0,0,0,0,0,0,0,0,0.0,0.0,0,0,0,0,0,0,0,0,0,0,0,0,0,0,0,0,0.0,,,0,2003-05-19,,,,,
2393470,2003,25,52,5,0,150107A201,150103,0,0,1,0,,,0,0,0,0,0,0,0,0,0,0,0,0,0,0,0,0,0,0.0,0.0,0,0,0,0,0,0,0,0,0,0,0,0,0,0,0,0,0.0,,,0,2003-06-23,,,,,
2394259,2003,27,52,5,0,150107A201,150103,0,0,1,0,,,0,0,0,0,0,0,0,0,0,0,0,0,0,0,0,0,0,0.0,0.0,0,0,0,0,0,0,0,0,0,0,0,0,0,0,0,0,0.0,,,0,2003-07-07,,,,,
2384317,2003,29,52,5,0,150107A201,150103,0,0,1,0,,,0,0,0,0,0,0,0,0,0,0,0,0,0,0,0,0,0,0.0,0.0,0,0,0,0,0,0,0,0,0,0,0,0,0,0,0,0,0.0,,,0,2003-07-21,,,,,
2398000,2003,37,52,5,0,150107A201,150103,0,0,1,0,,,0,0,0,0,0,0,0,0,0,0,0,0,0,0,0,0,0,0.0,0.0,0,0,0,0,0,0,0,0,0,0,0,0,0,0,0,0,0.0,,,0,2003-09-15,,,,,
2398765,2003,39,52,5,0,150107A201,150103,0,0,1,0,,,0,0,0,0,0,0,0,0,0,0,0,0,0,0,0,0,0,0.0,0.0,0,0,0,0,0,0,0,0,0,0,0,0,0,0,0,0,0.0,,,0,2003-09-29,,,,,
2399488,2003,41,52,5,0,150107A201,150103,0,1,1,0,,,0,0,0,0,0,0,0,0,0,0,0,0,0,0,0,0,0,0.0,0.0,0,0,0,0,0,0,0,0,0,0,0,0,0,0,0,0,0.0,,,0,2003-10-13,,,,,
2384560,2003,43,52,5,0,150107A201,150103,0,1,2,0,,,0,0,0,0,0,0,0,0,0,0,0,0,0,0,0,0,0,0.0,0.0,0,0,0,0,0,0,0,0,0,0,0,0,0,0,0,0,0.0,,,0,2003-10-27,,,,,
2384572,2003,44,52,5,0,150107A201,150103,0,0,1,0,,,0,0,0,0,0,0,0,0,0,0,0,0,0,0,0,0,0,0.0,0.0,0,0,0,0,0,0,0,0,0,0,0,0,0,0,0,0,0.0,,,0,2003-11-03,,,,,
2400955,2003,45,52,5,0,150107A201,150103,0,0,1,0,,,0,0,0,0,0,0,0,0,0,0,0,0,0,0,0,0,0,0.0,0.0,0,0,0,0,0,0,0,0,0,0,0,0,0,0,1,0,0.0,,,0,2003-11-10,,,,,
2401297,2003,46,52,5,0,150107A201,150103,0,0,1,0,,,0,0,0,0,0,0,0,0,0,0,0,0,0,0,0,0,0,0.0,0.0,0,0,0,0,0,0,0,0,0,0,0,0,0,0,0,0,0.0,,,0,2003-11-17,,,,,
2401651,2003,47,52,5,0,150107A201,150103,0,0,1,0,,,0,0,0,0,0,0,0,0,0,0,0,0,0,0,0,0,0,0.0,0.0,0,0,0,0,0,0,0,0,0,0,0,0,0,0,0,0,0.0,,,0,2003-11-24,,,,,
2383561,2003,49,52,5,0,150107A201,150103,0,0,1,0,,,0,0,0,0,0,0,0,0,0,0,0,0,0,0,0,0,0,0.0,0.0,0,0,0,0,0,0,0,0,0,0,0,0,0,0,0,0,0.0,,,0,2003-12-10,,,,,
2384956,2003,1,52,5,0,150107A201,150107,0,1,16,0,,,0,0,0,0,0,0,0,0,0,0,0,0,0,0,0,0,0,0.0,0.0,0,0,0,0,0,0,0,0,0,0,0,0,0,0,2,0,0.0,,,0,2003-01-06,,,,,
2385295,2003,2,52,5,0,150107A201,150107,0,7,12,0,,,0,0,0,0,0,0,0,0,0,0,0,0,0,0,0,0,0,0.0,0.0,0,0,0,0,0,0,0,0,0,0,0,0,0,0,1,1,0.0,,,0,2003-01-13,,,,,
2385673,2003,3,52,5,0,150107A201,150107,0,2,5,0,,,0,0,0,0,0,0,0,0,0,0,0,0,0,0,0,0,0,0.0,0.0,0,0,0,0,0,0,0,0,0,0,0,0,0,0,0,1,0.0,,,0,2003-01-20,,,,,
2386054,2003,4,52,5,0,150107A201,150107,2,8,7,0,,,0,0,0,0,0,0,0,0,0,0,0,0,0,0,0,0,0,0.0,0.0,0,0,0,0,0,0,0,0,0,0,0,0,0,0,0,0,0.0,,,0,2003-01-27,,,,,
2386426,2003,5,52,5,0,150107A201,150107,1,7,10,0,,,0,0,0,0,0,0,0,0,0,0,0,0,0,0,0,0,0,0.0,0.0,0,0,0,0,0,0,0,0,0,0,0,0,0,0,0,2,0.0,,,0,2003-02-03,,,,,
2386795,2003,6,52,5,0,150107A201,150107,0,3,10,0,,,0,0,0,0,0,0,0,0,0,0,0,0,0,0,0,0,0,0.0,0.0,0,0,0,0,0,0,0,0,0,0,0,0,0,0,1,1,0.0,,,0,2003-02-11,,,,,
2387158,2003,7,52,5,0,150107A201,150107,0,3,16,0,,,0,0,0,0,0,0,0,0,0,0,0,0,0,0,0,0,0,0.0,0.0,0,0,0,0,0,0,0,0,0,0,0,0,0,0,1,1,0.0,,,0,2003-02-17,,,,,
2387494,2003,8,52,5,0,150107A201,150107,1,1,15,0,,,0,0,0,0,0,0,0,0,0,0,0,0,0,0,0,0,0,0.0,0.0,0,0,0,0,0,0,0,0,0,0,0,0,0,0,0,0,0.0,,,0,2003-02-24,,,,,
2387815,2003,9,52,5,0,150107A201,150107,0,5,12,0,,,0,0,0,0,0,0,0,0,0,0,0,0,0,0,0,0,0,0.0,0.0,0,0,0,0,0,0,0,0,0,0,0,0,0,0,0,1,0.0,,,0,2003-03-03,,,,,
2388130,2003,10,52,5,0,150107A201,150107,0,6,8,0,,,0,0,0,0,0,0,0,0,0,0,0,0,0,0,0,0,0,0.0,0.0,0,0,0,0,0,0,0,0,0,0,0,0,0,0,0,1,0.0,,,0,2003-03-10,,,,,
2388496,2003,11,52,5,0,150107A201,150107,0,12,19,0,,,0,0,0,0,0,0,0,0,0,0,0,0,0,0,0,0,0,0.0,0.0,0,0,0,0,0,0,0,0,0,0,0,0,0,0,1,1,0.0,,,0,2003-03-17,,,,,
2388841,2003,12,52,5,0,150107A201,150107,0,10,21,0,,,0,0,0,0,0,0,0,0,0,0,0,0,0,0,0,0,0,0.0,0.0,0,0,0,0,0,0,0,0,0,0,0,0,0,0,1,1,0.0,,,0,2003-03-24,,,,,
2389165,2003,13,52,5,0,150107A201,150107,1,4,20,0,,,0,0,0,0,0,0,0,0,0,0,0,0,0,0,0,0,0,0.0,0.0,0,0,0,0,0,0,0,0,0,0,0,0,0,0,2,1,0.0,,,0,2003-03-31,,,,,
2389498,2003,14,52,5,0,150107A201,150107,1,9,13,0,,,0,0,0,0,0,0,0,0,0,0,0,0,0,0,0,0,1,0.0,0.0,0,0,0,0,0,0,0,0,0,0,0,0,0,0,2,1,0.0,,,0,2003-04-07,,,,,
2389876,2003,15,52,5,0,150107A201,150107,1,8,14,0,,,0,0,0,0,0,0,0,0,0,0,0,0,0,0,0,0,0,0.0,0.0,0,0,0,0,0,0,0,0,0,0,0,0,0,0,1,3,0.0,,,0,2003-04-14,,,,,
2390266,2003,16,52,5,0,150107A201,150107,0,4,16,0,,,0,0,0,0,0,0,0,0,0,0,0,0,0,0,0,0,0,0.0,0.0,0,0,0,0,0,0,0,0,0,0,0,0,0,0,0,1,0.0,,,0,2003-04-21,,,,,
2390554,2003,17,52,5,0,150107A201,150107,1,9,26,0,,,0,0,0,0,0,0,0,0,0,0,0,0,0,0,0,0,0,0.0,0.0,0,0,0,0,0,0,0,0,0,0,0,0,0,0,2,2,0.0,,,0,2003-04-28,,,,,
2390944,2003,18,52,5,0,150107A201,150107,0,7,14,0,,,0,0,0,0,0,0,0,0,0,0,0,0,0,0,0,0,0,0.0,0.0,0,0,0,0,0,0,0,0,0,0,0,0,0,0,1,2,0.0,,,0,2003-05-05,,,,,
2391298,2003,19,52,5,0,150107A201,150107,0,3,23,0,,,0,0,0,0,0,0,0,0,0,0,0,0,0,0,0,0,0,0.0,0.0,0,0,0,0,0,0,0,0,0,0,0,0,0,0,0,2,0.0,,,0,2003-05-12,,,,,
2391676,2003,20,52,5,0,150107A201,150107,2,12,27,0,,,0,0,0,0,0,0,0,0,0,0,0,0,0,0,0,0,0,0.0,0.0,0,0,0,0,0,0,0,0,0,0,0,0,0,0,0,2,0.0,,,0,2003-05-19,,,,,
2392012,2003,21,52,5,0,150107A201,150107,0,5,17,0,,,0,0,0,0,0,0,0,0,0,0,0,0,0,0,0,0,0,0.0,0.0,0,0,0,0,0,0,0,0,0,0,0,0,0,0,1,1,0.0,,,0,2003-05-26,,,,,
2392381,2003,22,52,5,0,150107A201,150107,0,2,19,0,,,0,0,0,0,0,0,0,0,0,0,0,0,0,0,0,0,0,0.0,0.0,0,0,0,0,0,0,0,0,0,0,0,0,0,0,0,1,0.0,,,0,2003-06-02,,,,,
2392717,2003,23,52,5,0,150107A201,150107,1,7,22,0,,,0,0,0,0,0,0,0,0,0,0,0,0,0,0,0,0,0,0.0,0.0,0,0,0,0,0,0,0,0,0,0,0,0,0,0,2,2,0.0,,,0,2003-06-09,,,,,
2393098,2003,24,52,5,0,150107A201,150107,1,6,15,0,,,0,0,0,0,0,0,0,0,0,0,0,0,0,0,0,0,0,0.0,0.0,0,0,0,0,0,0,0,0,0,0,0,0,0,0,2,0,0.0,,,0,2003-06-16,,,,,
2393473,2003,25,52,5,0,150107A201,150107,2,9,16,0,,,0,0,0,0,0,0,0,0,0,0,0,0,0,0,0,0,0,0.0,0.0,0,0,0,0,0,0,0,0,0,0,0,0,0,0,1,3,0.0,,,0,2003-06-23,,,,,
2393860,2003,26,52,5,0,150107A201,150107,0,6,26,0,,,0,0,0,0,0,0,0,0,0,0,0,0,0,0,0,0,0,0.0,0.0,0,0,0,0,0,0,0,0,0,0,0,0,0,0,0,0,0.0,,,0,2003-06-30,,,,,
2394262,2003,27,52,5,0,150107A201,150107,1,4,29,0,,,0,0,0,0,0,0,0,0,0,0,0,0,0,0,0,0,0,0.0,0.0,0,0,0,0,0,0,0,0,0,0,0,0,0,0,2,1,0.0,,,0,2003-07-07,,,,,
2394646,2003,28,52,5,0,150107A201,150107,0,6,20,0,,,0,0,0,0,0,0,0,0,0,0,0,0,0,0,0,0,0,0.0,0.0,0,0,0,0,0,0,0,0,0,0,0,0,0,0,0,3,0.0,,,0,2003-07-14,,,,,
2395039,2003,29,52,5,0,150107A201,150107,2,5,32,0,,,0,0,1,0,0,0,0,0,0,0,0,0,0,0,0,0,0,0.0,0.0,0,0,0,0,0,0,0,0,0,0,0,0,0,0,1,3,0.0,,,0,2003-07-21,,,,,
2395417,2003,30,52,5,0,150107A201,150107,0,9,19,0,,,0,0,0,0,0,0,0,0,0,0,0,0,0,0,0,0,0,0.0,0.0,0,0,0,0,0,0,0,0,0,0,0,0,0,0,0,1,0.0,,,0,2003-07-30,,,,,
2395789,2003,31,52,5,0,150107A201,150107,0,6,29,0,,,0,0,0,0,0,0,0,0,0,0,0,0,0,0,0,0,0,0.0,0.0,0,0,0,0,0,0,0,0,0,0,0,0,0,0,1,4,0.0,,,0,2003-08-04,,,,,
2396140,2003,32,52,5,0,150107A201,150107,2,6,20,0,,,0,0,0,0,0,0,0,0,0,0,0,0,0,0,0,0,0,0.0,0.0,0,0,0,0,0,0,0,0,0,0,0,0,0,0,0,2,0.0,,,0,2003-08-11,,,,,
2396524,2003,33,52,5,0,150107A201,150107,2,5,21,0,,,0,0,0,0,0,0,0,0,0,0,0,0,0,0,0,0,0,0.0,0.0,0,0,0,0,0,0,0,0,0,0,0,0,0,0,0,0,0.0,,,0,2003-08-18,,,,,
2396896,2003,34,52,5,0,150107A201,150107,1,11,28,0,,,0,0,0,0,0,0,0,0,0,0,0,0,0,0,0,0,0,0.0,0.0,0,0,0,0,0,0,0,0,0,0,0,0,0,0,0,2,0.0,,,0,2003-08-25,,,,,
2397280,2003,35,52,5,0,150107A201,150107,1,2,14,0,,,0,1,0,0,0,0,0,0,0,0,0,0,0,0,0,0,0,0.0,0.0,0,0,0,0,0,0,0,0,0,0,0,0,0,0,3,2,0.0,,,0,2003-09-01,,,,,
2397667,2003,36,52,5,0,150107A201,150107,1,8,28,0,,,0,0,0,0,0,0,0,0,0,0,0,0,0,0,0,0,0,0.0,0.0,0,0,0,0,0,0,0,0,0,0,0,0,0,0,0,3,0.0,,,0,2003-09-08,,,,,
2398003,2003,37,52,5,0,150107A201,150107,3,6,26,0,,,0,0,0,0,0,0,0,0,0,0,0,0,0,0,0,0,0,0.0,0.0,0,0,0,0,0,0,0,0,0,0,0,0,0,0,0,1,0.0,,,0,2003-09-15,,,,,
2398384,2003,38,52,5,0,150107A201,150107,2,9,20,0,,,0,0,0,0,0,0,0,0,0,0,0,0,0,0,0,0,0,0.0,0.0,0,0,0,0,0,0,0,0,0,0,0,0,0,0,0,1,0.0,,,0,2003-09-22,,,,,
2398768,2003,39,52,5,0,150107A201,150107,2,12,22,0,,,0,0,0,0,0,0,0,0,0,0,0,0,0,0,0,0,0,0.0,0.0,0,0,0,0,0,0,0,0,0,0,0,0,0,0,2,2,0.0,,,0,2003-09-29,,,,,
2399098,2003,40,52,5,0,150107A201,150107,2,5,23,0,,,0,0,1,0,0,0,0,0,0,0,0,0,0,0,0,0,0,0.0,0.0,0,0,0,0,0,0,0,0,0,0,0,0,0,0,0,1,0.0,,,0,2003-10-06,,,,,
2399491,2003,41,52,5,0,150107A201,150107,1,11,28,0,,,0,0,0,0,0,0,0,0,0,0,0,0,0,0,0,0,0,0.0,0.0,0,0,0,0,0,0,0,0,0,0,0,0,0,0,3,3,0.0,,,0,2003-10-13,,,,,
2399824,2003,42,52,5,0,150107A201,150107,0,7,28,0,,,0,0,1,0,0,0,0,0,0,0,0,0,0,0,0,0,0,0.0,0.0,0,0,0,0,0,0,0,0,0,0,0,0,0,0,1,1,0.0,,,0,2003-10-20,,,,,
2400202,2003,43,52,5,0,150107A201,150107,1,9,29,0,,,0,0,0,0,0,0,0,0,0,0,0,0,0,0,0,0,0,0.0,0.0,0,0,0,0,0,0,0,0,0,0,0,0,0,0,0,1,0.0,,,0,2003-10-27,,,,,
2400583,2003,44,52,5,0,150107A201,150107,1,2,20,0,,,0,0,0,0,0,0,0,0,0,0,0,0,0,0,0,0,0,0.0,0.0,0,0,0,0,0,0,0,0,0,0,0,0,0,0,1,2,0.0,,,0,2003-11-03,,,,,
2400958,2003,45,52,5,0,150107A201,150107,1,4,28,0,,,0,0,0,0,0,0,0,0,0,0,0,0,0,0,0,0,0,0.0,0.0,0,0,0,0,0,0,0,0,0,0,0,0,0,0,2,0,0.0,,,0,2003-11-10,,,,,
2401300,2003,46,52,5,0,150107A201,150107,0,8,23,0,,,0,0,0,0,0,0,0,0,0,0,0,0,0,0,0,0,0,0.0,0.0,0,0,0,0,0,0,0,0,0,0,0,0,0,0,2,0,0.0,,,0,2003-11-17,,,,,
2401654,2003,47,52,5,0,150107A201,150107,0,8,19,0,,,0,0,0,0,0,0,0,0,0,0,0,0,0,0,0,0,0,0.0,0.0,0,0,0,0,0,0,0,0,0,0,0,0,0,0,0,0,0.0,,,0,2003-11-24,,,,,
2401972,2003,48,52,5,0,150107A201,150107,0,1,7,0,,,0,0,0,0,0,0,0,0,0,0,0,0,0,0,0,0,0,0.0,0.0,0,0,0,0,0,0,0,0,0,0,0,0,0,0,0,0,0.0,,,0,2003-12-01,,,,,
2402203,2003,49,52,5,0,150107A201,150107,0,4,16,0,,,0,0,0,0,0,0,0,0,0,0,0,0,0,0,0,0,0,0.0,0.0,0,0,0,0,0,0,0,0,0,0,0,0,0,0,0,0,0.0,,,0,2003-12-10,,,,,
2402506,2003,50,52,5,0,150107A201,150107,0,5,17,0,,,0,0,0,0,0,0,0,0,0,0,0,0,0,0,0,0,0,0.0,0.0,0,0,0,0,0,0,0,0,0,0,0,0,0,0,0,0,0.0,,,0,2003-12-16,,,,,
2402854,2003,51,52,5,0,150107A201,150107,1,7,24,0,,,0,0,0,0,0,0,0,0,0,0,0,0,0,0,0,0,0,0.0,0.0,0,0,0,0,0,0,0,0,0,0,0,0,0,0,1,0,0.0,,,0,2003-12-23,,,,,
2403214,2003,52,52,5,0,150107A201,150107,0,11,32,0,,,0,0,0,0,0,0,0,0,0,0,0,0,0,0,0,0,0,0.0,0.0,0,0,0,0,0,0,0,0,0,0,0,0,0,0,0,1,0.0,,,0,2003-12-30,,,,,
2383843,2003,53,52,5,0,150107A201,150107,1,5,13,0,,,0,0,0,0,0,0,0,0,0,0,0,0,0,0,0,0,0,0.0,0.0,0,0,0,0,0,0,0,0,0,0,0,0,0,0,2,0,0.0,,,0,2004-01-06,,,,,
2383534,2003,45,52,5,0,150107A201,150111,0,1,0,0,,,0,0,0,0,0,0,0,0,0,0,0,0,0,0,0,0,0,0.0,0.0,0,0,0,0,0,0,0,0,0,0,0,0,0,0,0,0,0.0,,,0,2003-11-10,,,,,
2384959,2003,1,52,5,0,150107A201,150118,0,1,0,0,,,0,0,0,0,0,0,0,0,0,0,0,0,0,0,0,0,0,0.0,0.0,0,0,0,0,0,0,0,0,0,0,0,0,0,0,0,0,0.0,,,0,2003-01-06,,,,,
2385298,2003,2,52,5,0,150107A201,150118,0,2,2,0,,,0,0,0,0,0,0,0,0,0,0,0,0,0,0,0,0,0,0.0,0.0,0,0,0,0,0,0,0,0,0,0,0,0,0,0,0,0,0.0,,,0,2003-01-13,,,,,
2385676,2003,3,52,5,0,150107A201,150118,0,2,2,0,,,0,0,0,0,0,0,0,0,0,0,0,0,0,0,0,0,0,0.0,0.0,0,0,0,0,0,0,0,0,0,0,0,0,0,0,0,1,0.0,,,0,2003-01-20,,,,,
2386057,2003,4,52,5,0,150107A201,150118,0,0,2,0,,,0,0,0,0,0,0,0,0,0,0,0,0,0,0,0,0,0,0.0,0.0,0,0,0,0,0,0,0,0,0,0,0,0,0,0,0,0,0.0,,,0,2003-01-27,,,,,
2386429,2003,5,52,5,0,150107A201,150118,0,0,4,0,,,0,0,0,0,0,0,0,0,0,0,0,0,0,0,0,0,0,0.0,0.0,0,0,0,0,0,0,0,0,0,0,0,0,0,0,0,0,0.0,,,0,2003-02-03,,,,,
2386798,2003,6,52,5,0,150107A201,150118,1,2,3,0,,,0,0,0,0,0,0,0,0,0,0,0,0,0,0,0,0,0,0.0,0.0,0,0,0,0,0,0,0,0,0,0,0,0,0,0,0,0,0.0,,,0,2003-02-11,,,,,
2384023,2003,9,52,5,0,150107A201,150118,0,1,2,0,,,0,0,0,0,0,0,0,0,0,0,0,0,0,0,0,0,0,0.0,0.0,0,0,0,0,0,0,0,0,0,0,0,0,0,0,0,0,0.0,,,0,2003-03-03,,,,,
2388499,2003,11,52,5,0,150107A201,150118,0,0,3,0,,,0,0,0,0,0,0,0,0,0,0,0,0,0,0,0,0,0,0.0,0.0,0,0,0,0,0,0,0,0,0,0,0,0,0,0,0,0,0.0,,,0,2003-03-17,,,,,
2388844,2003,12,52,5,0,150107A201,150118,0,0,1,0,,,0,0,0,0,0,0,0,0,0,0,0,0,0,0,0,0,0,0.0,0.0,0,0,0,0,0,0,0,0,0,0,0,0,0,0,0,0,0.0,,,0,2003-03-24,,,,,
2389168,2003,13,52,5,0,150107A201,150118,1,0,1,0,,,0,0,0,0,0,0,0,0,0,0,0,0,0,0,0,0,0,0.0,0.0,0,0,0,0,0,0,0,0,0,0,0,0,0,0,0,0,0.0,,,0,2003-03-31,,,,,
2389501,2003,14,52,5,0,150107A201,150118,0,1,4,0,,,0,0,0,0,0,0,0,0,0,0,0,0,0,0,0,0,0,0.0,0.0,0,0,0,0,0,0,0,0,0,0,0,0,0,0,0,1,0.0,,,0,2003-04-07,,,,,
2389879,2003,15,52,5,0,150107A201,150118,0,0,2,0,,,0,0,0,0,0,0,0,0,0,0,0,0,0,0,0,0,0,0.0,0.0,0,0,0,0,0,0,0,0,0,0,0,0,0,0,0,0,0.0,,,0,2003-04-14,,,,,
2390269,2003,16,52,5,0,150107A201,150118,0,1,4,0,,,0,0,0,0,0,0,0,0,0,0,0,0,0,0,0,0,0,0.0,0.0,0,0,0,0,0,0,0,0,0,0,0,0,0,0,0,1,0.0,,,0,2003-04-21,,,,,
2390557,2003,17,52,5,0,150107A201,150118,0,0,5,0,,,0,0,0,0,0,0,0,0,0,0,0,0,0,0,0,0,0,0.0,0.0,0,0,0,0,0,0,0,0,0,0,0,0,0,0,0,1,0.0,,,0,2003-04-28,,,,,
2390947,2003,18,52,5,0,150107A201,150118,0,1,2,0,,,0,0,0,0,0,0,0,0,0,0,0,0,0,0,0,0,0,0.0,0.0,0,0,0,0,0,0,0,0,0,0,0,0,0,0,0,1,0.0,,,0,2003-05-05,,,,,
2391301,2003,19,52,5,0,150107A201,150118,0,0,0,0,,,0,0,0,0,0,0,0,0,0,0,0,0,0,0,0,0,0,0.0,0.0,0,0,0,0,0,0,0,0,0,0,0,0,0,0,0,1,0.0,,,0,2003-05-12,,,,,
2391679,2003,20,52,5,0,150107A201,150118,0,1,2,0,,,0,0,0,0,0,0,0,0,0,0,0,0,0,0,0,0,0,0.0,0.0,0,0,0,0,0,0,0,0,0,0,0,0,0,0,0,1,0.0,,,0,2003-05-19,,,,,
2392015,2003,21,52,5,0,150107A201,150118,0,0,2,0,,,0,0,0,0,0,0,0,0,0,0,0,0,0,0,0,0,0,0.0,0.0,0,0,0,0,0,0,0,0,0,0,0,0,0,0,0,0,0.0,,,0,2003-05-26,,,,,
2392384,2003,22,52,5,0,150107A201,150118,0,0,1,0,,,0,0,0,0,0,0,0,0,0,0,0,0,0,0,0,0,0,0.0,0.0,0,0,0,0,0,0,0,0,0,0,0,0,0,0,0,0,0.0,,,0,2003-06-02,,,,,
2392720,2003,23,52,5,0,150107A201,150118,0,0,1,0,,,0,0,0,0,0,0,0,0,0,0,0,0,0,0,0,0,0,0.0,0.0,0,0,0,0,0,0,0,0,0,0,0,0,0,0,0,0,0.0,,,0,2003-06-09,,,,,
2393476,2003,25,52,5,0,150107A201,150118,0,1,0,0,,,0,0,0,0,0,0,0,0,0,0,0,0,0,0,0,0,0,0.0,0.0,0,0,0,0,0,0,0,0,0,0,0,0,0,0,0,0,0.0,,,0,2003-06-23,,,,,
2393863,2003,26,52,5,0,150107A201,150118,0,0,3,0,,,0,0,0,0,0,0,0,0,0,0,0,0,0,0,0,0,0,0.0,0.0,0,0,0,0,0,0,0,0,0,0,0,0,0,0,2,2,0.0,,,0,2003-06-30,,,,,
2394265,2003,27,52,5,0,150107A201,150118,0,0,7,0,,,0,0,0,0,0,0,0,0,0,0,0,0,0,0,0,0,0,0.0,0.0,0,0,0,0,0,0,0,0,0,0,0,0,0,0,0,1,0.0,,,0,2003-07-07,,,,,
2394649,2003,28,52,5,0,150107A201,150118,0,1,1,0,,,0,0,0,0,0,0,0,0,0,0,0,0,0,0,0,0,0,0.0,0.0,0,0,0,0,0,0,0,0,0,0,0,0,0,0,0,0,0.0,,,0,2003-07-14,,,,,
2395042,2003,29,52,5,0,150107A201,150118,0,0,2,0,,,0,0,0,0,0,0,0,0,0,0,0,0,0,0,0,0,0,0.0,0.0,0,0,0,0,0,0,0,0,0,0,0,0,0,0,0,0,0.0,,,0,2003-07-21,,,,,
2395420,2003,30,52,5,0,150107A201,150118,0,1,1,0,,,0,0,0,0,0,0,0,0,0,0,0,0,0,0,0,0,0,0.0,0.0,0,0,0,0,0,0,0,0,0,0,0,0,0,0,0,0,0.0,,,0,2003-07-30,,,,,
2396143,2003,32,52,5,0,150107A201,150118,1,0,4,0,,,0,0,0,0,0,0,0,0,0,0,0,0,0,0,0,0,0,0.0,0.0,0,0,0,0,0,0,0,0,0,0,0,0,0,0,0,0,0.0,,,0,2003-08-11,,,,,
2396527,2003,33,52,5,0,150107A201,150118,0,0,4,0,,,0,0,0,0,0,0,0,0,0,0,0,0,0,0,0,0,0,0.0,0.0,0,0,0,0,0,0,0,0,0,0,0,0,0,0,0,0,0.0,,,0,2003-08-18,,,,,
2396899,2003,34,52,5,0,150107A201,150118,0,0,1,0,,,0,0,0,0,0,0,0,0,0,0,0,0,0,0,0,0,0,0.0,0.0,0,0,0,0,0,0,0,0,0,0,0,0,0,0,0,0,0.0,,,0,2003-08-25,,,,,
2397670,2003,36,52,5,0,150107A201,150118,0,0,3,0,,,0,0,0,0,0,0,0,0,0,0,0,0,0,0,0,0,0,0.0,0.0,0,0,0,0,0,0,0,0,0,0,0,0,0,0,0,1,0.0,,,0,2003-09-08,,,,,
2398006,2003,37,52,5,0,150107A201,150118,0,0,5,0,,,0,0,0,0,0,0,0,0,0,0,0,0,0,0,0,0,0,0.0,0.0,0,0,0,0,0,0,0,0,0,0,0,0,0,0,0,1,0.0,,,0,2003-09-15,,,,,
2398387,2003,38,52,5,0,150107A201,150118,0,1,6,0,,,0,0,0,0,0,0,0,0,0,0,0,0,0,0,0,0,0,0.0,0.0,0,0,0,0,0,0,0,0,0,0,0,0,0,0,0,0,0.0,,,0,2003-09-22,,,,,
2398771,2003,39,52,5,0,150107A201,150118,0,2,1,0,,,0,0,0,0,0,0,0,0,0,0,0,0,0,0,0,0,0,0.0,0.0,0,0,0,0,0,0,0,0,0,0,0,0,0,0,0,0,0.0,,,0,2003-09-29,,,,,
2399101,2003,40,52,5,0,150107A201,150118,0,0,5,0,,,0,0,0,0,0,0,0,0,0,0,0,0,0,0,0,0,0,0.0,0.0,0,0,0,0,0,0,0,0,0,0,0,0,0,0,0,0,0.0,,,0,2003-10-06,,,,,
2399494,2003,41,52,5,0,150107A201,150118,0,1,3,0,,,0,0,0,0,0,0,0,0,0,0,0,0,0,0,0,0,0,0.0,0.0,0,0,0,0,0,0,0,0,0,0,0,0,0,0,0,0,0.0,,,0,2003-10-13,,,,,
2399827,2003,42,52,5,0,150107A201,150118,0,0,1,0,,,0,0,0,0,0,0,0,0,0,0,0,0,0,0,0,0,0,0.0,0.0,0,0,0,0,0,0,0,0,0,0,0,0,0,0,0,1,0.0,,,0,2003-10-20,,,,,
2400205,2003,43,52,5,0,150107A201,150118,0,0,3,0,,,0,0,0,0,0,0,0,0,0,0,0,0,0,0,0,0,0,0.0,0.0,0,0,0,0,0,0,0,0,0,0,0,0,0,0,1,0,0.0,,,0,2003-10-27,,,,,
2400586,2003,44,52,5,0,150107A201,150118,0,0,1,0,,,0,0,0,0,0,0,0,0,0,0,0,0,0,0,0,0,0,0.0,0.0,0,0,0,0,0,0,0,0,0,0,0,0,0,0,0,0,0.0,,,0,2003-11-03,,,,,
2400961,2003,45,52,5,0,150107A201,150118,0,0,5,0,,,0,0,0,0,0,0,0,0,0,0,0,0,0,0,0,0,0,0.0,0.0,0,0,0,0,0,0,0,0,0,0,0,0,0,0,0,0,0.0,,,0,2003-11-10,,,,,
2401303,2003,46,52,5,0,150107A201,150118,0,1,3,0,,,0,0,0,0,0,0,0,0,0,0,0,0,0,0,0,0,0,0.0,0.0,0,0,0,0,0,0,0,0,0,0,0,0,0,0,0,0,0.0,,,0,2003-11-17,,,,,
2401657,2003,47,52,5,0,150107A201,150118,0,0,1,0,,,0,0,0,0,0,0,0,0,0,0,0,0,0,0,0,0,0,0.0,0.0,0,0,0,0,0,0,0,0,0,0,0,0,0,0,0,0,0.0,,,0,2003-11-24,,,,,
2401975,2003,48,52,5,0,150107A201,150118,0,0,2,0,,,0,0,0,0,0,0,0,0,0,0,0,0,0,0,0,0,0,0.0,0.0,0,0,0,0,0,0,0,0,0,0,0,0,0,0,1,0,0.0,,,0,2003-12-01,,,,,
2402206,2003,49,52,5,0,150107A201,150118,0,0,1,0,,,0,0,0,0,0,0,0,0,0,0,0,0,0,0,0,0,0,0.0,0.0,0,0,0,0,0,0,0,0,0,0,0,0,0,0,0,0,0.0,,,0,2003-12-10,,,,,
2402509,2003,50,52,5,0,150107A201,150118,0,0,1,0,,,0,0,0,0,0,0,0,0,0,0,0,0,0,0,0,0,0,0.0,0.0,0,0,0,0,0,0,0,0,0,0,0,0,0,0,0,1,0.0,,,0,2003-12-16,,,,,
2402857,2003,51,52,5,0,150107A201,150118,0,0,5,0,,,0,0,0,0,0,0,0,0,0,0,0,0,0,0,0,0,0,0.0,0.0,0,0,0,0,0,0,0,0,0,0,0,0,0,0,0,0,0.0,,,0,2003-12-23,,,,,
2403217,2003,52,52,5,0,150107A201,150118,0,0,7,0,,,0,0,0,0,0,0,0,0,0,0,0,0,0,0,0,0,0,0.0,0.0,0,0,0,0,0,0,0,0,0,0,0,0,0,0,0,0,0.0,,,0,2003-12-30,,,,,
2383516,2003,42,52,5,0,150107A201,150137,0,1,0,0,,,0,0,0,0,0,0,0,0,0,0,0,0,0,0,0,0,0,0.0,0.0,0,0,0,0,0,0,0,0,0,0,0,0,0,0,0,0,0.0,,,0,2003-10-20,,,,,
2382976,2003,1,52,5,0,150107A201,150728,0,0,1,0,,,0,0,0,0,0,0,0,0,0,0,0,0,0,0,0,0,0,0.0,0.0,0,0,0,0,0,0,0,0,0,0,0,0,0,0,0,0,0.0,,,0,2003-01-06,,,,,
3220783,2004,1,52,5,0,150107A201,150103,0,0,1,0,,,0,0,0,0,0,0,0,0,0,0,0,0,0,0,0,0,0,0.0,0.0,0,0,0,0,0,0,0,0,0,0,0,0,0,0,0,0,0.0,,,0,2004-01-14,,,,,
3219766,2004,2,52,5,0,150107A201,150103,0,0,1,0,,,0,0,0,0,0,0,0,0,0,0,0,0,0,0,0,0,0,0.0,0.0,0,0,0,0,0,0,0,0,0,0,0,0,0,0,0,0,0.0,,,0,2004-01-19,,,,,
3219823,2004,6,52,5,0,150107A201,150103,0,1,0,0,,,0,0,0,0,0,0,0,0,0,0,0,0,0,0,0,0,0,0.0,0.0,0,0,0,0,0,0,0,0,0,0,0,0,0,0,0,0,0.0,,,0,2004-02-16,,,,,
3220231,2004,11,52,5,0,150107A201,150103,0,0,1,0,,,0,0,0,0,0,0,0,0,0,0,0,0,0,0,0,0,0,0.0,0.0,0,0,0,0,0,0,0,0,0,0,0,0,0,0,0,0,0.0,,,0,2004-03-23,,,,,
3224101,2004,12,52,5,0,150107A201,150103,0,1,0,0,,,0,0,0,0,0,0,0,0,0,0,0,0,0,0,0,0,0,0.0,0.0,0,0,0,0,0,0,0,0,0,0,0,0,0,0,0,0,0.0,,,0,2004-03-30,,,,,
3220285,2004,19,52,5,0,150107A201,150103,1,0,1,0,,,0,0,0,0,0,0,0,0,0,0,0,0,0,0,0,0,0,0.0,0.0,0,0,0,0,0,0,0,0,0,0,0,0,0,0,0,0,0.0,,,0,2004-05-17,,,,,
3227362,2004,23,52,5,0,150107A201,150103,0,1,0,0,,,0,0,0,0,0,0,0,0,0,0,0,0,0,0,0,0,0,0.0,0.0,0,0,0,0,0,0,0,0,0,0,0,0,0,0,0,0,0.0,,,0,2004-06-15,,,,,
3230812,2004,34,52,5,0,150107A201,150103,0,0,1,0,,,0,0,0,0,0,0,0,0,0,0,0,0,0,0,0,0,0,0.0,0.0,0,0,0,0,0,0,0,0,0,0,0,0,0,0,0,0,0.0,,,0,2004-08-31,,,,,
3231136,2004,35,52,5,0,150107A201,150103,0,1,2,0,,,0,0,0,0,0,0,0,0,0,0,0,0,0,0,0,0,0,0.0,0.0,0,0,0,0,0,0,0,0,0,0,0,0,0,0,0,0,0.0,,,0,2004-09-07,,,,,
3220402,2004,36,52,5,0,150107A201,150103,0,0,1,0,,,0,0,0,0,0,0,0,0,0,0,0,0,0,0,0,0,0,0.0,0.0,0,0,0,0,0,0,0,0,0,0,0,0,0,0,0,0,0.0,,,0,2004-09-14,,,,,
3232420,2004,39,52,5,0,150107A201,150103,0,0,3,0,,,0,0,0,0,0,0,0,0,0,0,0,0,0,0,0,0,0,0.0,0.0,0,0,0,0,0,0,0,0,0,0,0,0,0,0,0,0,0.0,,,0,2004-10-05,,,,,
3234055,2004,44,52,5,0,150107A201,150103,0,0,1,0,,,0,0,0,0,0,0,0,0,0,0,0,0,0,0,0,0,0,0.0,0.0,0,0,0,0,0,0,0,0,0,0,0,0,0,0,0,0,0.0,,,0,2004-11-09,,,,,
3220786,2004,1,52,5,0,150107A201,150107,1,4,18,0,,,0,0,0,0,0,0,0,0,0,0,0,0,0,0,0,0,0,0.0,0.0,0,0,0,0,0,0,0,0,0,0,0,0,0,0,0,0,0.0,,,0,2004-01-14,,,,,
3221170,2004,2,52,5,0,150107A201,150107,1,5,21,0,,,0,0,0,0,0,0,0,0,0,0,0,0,0,0,0,0,0,0.0,0.0,0,0,0,0,0,0,0,0,0,0,0,0,0,0,1,2,0.0,,,0,2004-01-19,,,,,
3221485,2004,3,52,5,0,150107A201,150107,1,2,9,0,,,0,0,0,0,0,0,0,0,0,0,0,0,0,0,0,0,0,0.0,0.0,0,0,0,0,0,0,0,0,0,0,0,0,0,0,1,0,0.0,,,0,2004-01-26,,,,,
3221809,2004,4,52,5,0,150107A201,150107,2,2,3,0,,,0,0,0,0,0,0,0,0,0,0,0,0,0,0,0,0,0,0.0,0.0,0,0,0,0,0,0,0,0,0,0,0,0,0,0,1,1,0.0,,,0,2004-02-03,,,,,
3222085,2004,5,52,5,0,150107A201,150107,2,3,32,0,,,0,0,0,0,0,0,0,0,0,0,0,0,0,0,0,0,0,0.0,0.0,0,0,0,0,0,0,0,0,0,0,0,0,0,0,1,0,0.0,,,0,2004-02-09,,,,,
3222331,2004,6,52,5,0,150107A201,150107,2,8,25,0,,,0,0,0,0,0,0,0,0,0,0,0,0,0,0,0,0,0,0.0,0.0,0,0,0,0,0,0,0,0,0,0,0,0,0,0,0,1,0.0,,,0,2004-02-16,,,,,
3222610,2004,7,52,5,0,150107A201,150107,0,4,21,0,,,0,0,0,0,0,0,0,0,0,0,0,0,0,0,0,0,0,0.0,0.0,0,0,0,0,0,0,0,0,0,0,0,0,0,0,0,0,0.0,,,0,2004-02-23,,,,,
3222931,2004,8,52,5,0,150107A201,150107,1,7,19,0,,,0,0,0,0,0,0,0,0,0,0,0,0,0,0,0,0,0,0.0,0.0,0,0,0,0,0,0,0,0,0,0,0,0,0,0,0,0,0.0,,,0,2004-03-01,,,,,
3223249,2004,9,52,5,0,150107A201,150107,3,3,13,0,,,0,0,0,0,0,0,0,0,0,0,0,0,0,0,0,0,0,0.0,0.0,0,0,0,0,0,0,0,0,0,0,0,0,0,0,0,0,0.0,,,0,2004-03-08,,,,,
3223540,2004,10,52,5,0,150107A201,150107,1,6,10,0,,,0,0,0,0,0,0,0,0,0,0,0,0,0,0,0,0,0,0.0,0.0,0,0,0,0,0,0,0,0,0,0,0,0,0,0,0,2,0.0,,,0,2004-03-15,,,,,
3223789,2004,11,52,5,0,150107A201,150107,2,3,9,0,,,0,0,0,0,0,0,0,0,0,0,0,0,0,0,0,0,0,0.0,0.0,0,0,0,0,0,0,0,0,0,0,0,0,0,0,1,1,0.0,,,0,2004-03-23,,,,,
3224104,2004,12,52,5,0,150107A201,150107,1,5,8,0,,,0,1,0,0,0,0,0,0,0,0,0,0,0,0,0,0,0,0.0,0.0,0,0,0,0,0,0,0,0,0,0,0,0,0,0,0,0,0.0,,,0,2004-03-30,,,,,
3224410,2004,13,52,5,0,150107A201,150107,1,0,13,0,,,0,0,0,0,0,0,0,0,0,0,0,0,0,0,0,0,0,0.0,0.0,0,0,0,0,0,0,0,0,0,0,0,0,0,0,0,1,0.0,,,0,2004-04-05,,,,,
3224731,2004,14,52,5,0,150107A201,150107,1,7,31,0,,,0,0,0,0,0,0,0,0,0,0,0,0,0,0,0,0,0,0.0,0.0,0,0,0,0,0,0,0,0,0,0,0,0,0,0,0,4,0.0,,,0,2004-04-12,,,,,
3225019,2004,15,52,5,0,150107A201,150107,0,2,5,0,,,0,0,0,0,0,0,0,0,0,0,0,0,0,0,0,0,0,0.0,0.0,0,0,0,0,0,0,0,0,0,0,0,0,0,0,0,0,0.0,,,0,2004-04-19,,,,,
3225274,2004,16,52,5,0,150107A201,150107,0,0,1,0,,,0,0,0,0,0,0,0,0,0,0,0,0,0,0,0,0,0,0.0,0.0,0,0,0,0,0,0,0,0,0,0,0,0,0,0,0,0,0.0,,,0,2004-04-26,,,,,
3225520,2004,17,52,5,0,150107A201,150107,0,1,3,0,,,0,0,0,0,0,0,0,0,0,0,0,0,0,0,0,0,0,0.0,0.0,0,0,0,0,0,0,0,0,0,0,0,0,0,0,0,1,0.0,,,0,2004-05-03,,,,,
3225799,2004,18,52,5,0,150107A201,150107,0,6,27,0,,,0,0,0,0,0,0,0,0,0,0,0,0,0,0,0,0,0,0.0,0.0,0,0,0,0,0,0,0,0,0,0,0,0,0,0,0,0,0.0,,,0,2004-05-10,,,,,
3226072,2004,19,52,5,0,150107A201,150107,2,10,29,0,,,0,0,0,0,0,0,0,0,0,0,0,0,0,0,0,0,0,0.0,0.0,0,0,0,0,0,0,0,0,0,0,0,0,0,0,1,2,0.0,,,0,2004-05-17,,,,,
3226402,2004,20,52,5,0,150107A201,150107,2,9,27,0,,,0,0,1,0,0,0,0,0,0,0,0,0,0,0,0,0,0,0.0,0.0,0,0,0,0,0,0,0,0,0,0,0,0,0,0,2,2,0.0,,,0,2004-05-26,,,,,
3226735,2004,21,52,5,0,150107A201,150107,2,10,33,0,,,0,0,0,0,0,0,0,0,0,0,0,0,0,0,0,0,0,0.0,0.0,0,0,0,0,0,0,0,0,0,0,0,0,0,0,2,4,0.0,,,0,2004-06-01,,,,,
3227068,2004,22,52,5,0,150107A201,150107,1,6,43,0,,,0,0,0,0,0,0,0,0,0,0,0,0,0,0,0,0,0,0.0,0.0,0,0,0,0,0,0,0,0,0,0,0,0,0,0,2,1,0.0,,,0,2004-06-08,,,,,
3227365,2004,23,52,5,0,150107A201,150107,2,2,23,0,,,0,0,0,0,0,0,0,0,0,0,0,0,0,0,0,0,0,0.0,0.0,0,0,0,0,0,0,0,0,0,0,0,0,0,0,2,1,0.0,,,0,2004-06-15,,,,,
3227680,2004,24,52,5,0,150107A201,150107,0,2,29,0,,,0,0,0,0,0,0,0,0,0,0,0,0,0,0,0,0,0,0.0,0.0,0,0,0,0,0,0,0,0,0,0,0,0,0,0,1,6,0.0,,,0,2004-06-22,,,,,
3228010,2004,25,52,5,0,150107A201,150107,2,11,35,0,,,0,0,0,0,0,0,0,0,0,0,0,0,0,0,0,0,0,0.0,0.0,0,0,0,0,0,0,0,0,0,0,0,0,0,0,1,3,0.0,,,0,2004-06-29,,,,,
3228379,2004,26,52,5,0,150107A201,150107,3,11,6,0,,,0,0,0,0,0,0,0,0,0,0,0,0,0,0,0,0,0,0.0,0.0,0,0,0,0,0,0,0,0,0,0,0,0,0,0,0,4,0.0,,,0,2004-07-05,,,,,
3228655,2004,27,52,5,0,150107A201,150107,5,9,24,0,,,0,0,0,0,0,0,0,0,0,0,0,0,0,0,0,0,0,0.0,0.0,0,0,0,0,0,0,0,0,0,0,0,0,0,0,1,2,0.0,,,0,2004-07-12,,,,,
3228940,2004,28,52,5,0,150107A201,150107,3,9,25,0,,,0,1,2,0,0,0,0,0,0,0,0,0,0,0,0,0,0,0.0,0.0,0,0,0,0,0,0,0,0,0,0,0,0,0,0,1,1,0.0,,,0,2004-07-20,,,,,
3229261,2004,29,52,5,0,150107A201,150107,0,9,16,0,,,0,0,0,0,0,0,0,0,0,0,0,0,0,0,0,0,0,0.0,0.0,0,0,0,0,0,0,0,0,0,0,0,0,0,0,0,2,0.0,,,0,2004-07-27,,,,,
3229585,2004,30,52,5,0,150107A201,150107,0,9,17,0,,,0,0,0,0,0,0,0,0,0,0,0,0,0,0,0,0,0,0.0,0.0,0,0,0,0,0,0,0,0,0,0,0,0,0,0,1,1,0.0,,,0,2004-08-03,,,,,
3229900,2004,31,52,5,0,150107A201,150107,1,7,23,0,,,0,0,0,0,0,0,0,0,0,0,0,0,0,0,0,0,0,0.0,0.0,0,0,0,0,0,0,0,0,0,0,0,0,0,0,1,4,0.0,,,0,2004-08-10,,,,,
3230218,2004,32,52,5,0,150107A201,150107,0,7,18,0,,,0,0,0,0,0,0,0,0,0,0,0,0,0,0,0,0,0,0.0,0.0,0,0,0,0,0,0,0,0,0,0,0,0,0,0,1,0,0.0,,,0,2004-08-17,,,,,
3230542,2004,33,52,5,0,150107A201,150107,2,10,21,0,,,0,0,0,0,0,0,0,0,0,0,0,0,0,0,0,0,0,0.0,0.0,0,0,0,0,0,0,0,0,0,0,0,0,0,0,0,0,0.0,,,0,2004-08-24,,,,,
3230815,2004,34,52,5,0,150107A201,150107,1,5,18,0,,,0,0,0,0,0,0,0,0,0,0,0,0,0,0,0,0,0,0.0,0.0,0,0,0,0,0,0,0,0,0,0,0,0,0,0,0,1,0.0,,,0,2004-08-31,,,,,
3231139,2004,35,52,5,0,150107A201,150107,0,4,23,0,,,0,0,0,0,0,0,0,0,0,0,0,0,0,0,0,0,0,0.0,0.0,0,0,0,0,0,0,0,0,0,0,0,0,0,0,1,0,0.0,,,0,2004-09-07,,,,,
3231463,2004,36,52,5,0,150107A201,150107,0,4,32,0,,,0,0,0,0,0,0,0,0,0,0,0,0,0,0,0,0,0,0.0,0.0,0,0,0,0,0,0,0,0,0,0,0,0,0,0,2,1,0.0,,,0,2004-09-14,,,,,
3231793,2004,37,52,5,0,150107A201,150107,0,7,29,0,,,0,0,1,0,0,0,0,0,0,0,0,0,0,0,0,0,0,0.0,0.0,0,0,0,0,0,0,0,0,0,0,0,0,0,0,0,2,0.0,,,0,2004-09-21,,,,,
3232120,2004,38,52,5,0,150107A201,150107,2,13,27,0,,,0,0,0,0,0,0,0,0,0,0,0,0,0,0,0,0,0,0.0,0.0,0,0,0,0,0,0,0,0,0,0,0,0,0,0,0,1,0.0,,,0,2004-09-28,,,,,
3232423,2004,39,52,5,0,150107A201,150107,0,13,22,0,,,0,0,0,0,0,0,0,0,0,0,0,0,0,0,0,0,0,0.0,0.0,0,0,0,0,0,0,0,0,0,0,0,0,0,0,1,1,0.0,,,0,2004-10-05,,,,,
3232735,2004,40,52,5,0,150107A201,150107,1,10,21,0,,,0,0,0,0,0,0,0,0,0,0,0,0,0,0,0,0,0,0.0,0.0,0,0,0,0,0,0,0,0,0,0,0,0,0,0,0,2,0.0,,,0,2004-10-12,,,,,
3233062,2004,41,52,5,0,150107A201,150107,2,10,30,0,,,0,0,0,0,0,0,0,0,0,0,0,0,0,0,0,0,0,0.0,0.0,0,0,0,0,0,0,0,0,0,0,0,0,0,0,1,5,0.0,,,0,2004-10-19,,,,,
3233380,2004,42,52,5,0,150107A201,150107,1,12,25,0,,,0,0,0,0,0,0,0,0,0,0,0,0,0,0,0,0,0,0.0,0.0,0,0,0,0,0,0,0,0,0,0,0,0,0,0,1,1,0.0,,,0,2004-10-26,,,,,
3233713,2004,43,52,5,0,150107A201,150107,1,10,15,0,,,0,0,0,0,0,0,0,0,0,0,0,0,0,0,0,0,0,0.0,0.0,0,0,0,0,0,0,0,0,0,0,0,0,0,0,2,1,0.0,,,0,2004-11-03,,,,,
3234058,2004,44,52,5,0,150107A201,150107,1,9,34,0,,,0,0,0,0,0,0,0,0,0,0,0,0,0,0,0,0,0,0.0,0.0,0,0,0,0,0,0,0,0,0,0,0,0,0,0,0,2,0.0,,,0,2004-11-09,,,,,
3234376,2004,45,52,5,0,150107A201,150107,0,12,27,0,,,0,0,0,0,0,0,0,0,0,0,0,0,0,0,0,0,0,0.0,0.0,0,0,0,0,0,0,0,0,0,0,0,0,0,0,0,2,0.0,,,0,2004-11-16,,,,,
3234694,2004,46,52,5,0,150107A201,150107,1,3,28,0,,,0,0,0,0,0,0,0,0,0,0,0,0,0,0,0,0,0,0.0,0.0,0,0,0,0,0,0,0,0,0,0,0,0,0,0,0,1,0.0,,,0,2004-11-23,,,,,
3235018,2004,47,52,5,0,150107A201,150107,0,8,22,0,,,0,0,0,0,0,0,0,0,0,0,0,0,0,0,0,0,0,0.0,0.0,0,0,0,0,0,0,0,0,0,0,0,0,0,0,0,2,0.0,,,0,2004-11-30,,,,,
3235327,2004,48,52,5,0,150107A201,150107,0,12,24,0,,,0,0,0,0,0,0,0,0,0,0,0,0,0,0,0,0,0,0.0,0.0,0,0,0,0,0,0,0,0,0,0,0,0,0,0,0,2,0.0,,,0,2004-12-07,,,,,
3235615,2004,49,52,5,0,150107A201,150107,1,7,17,0,,,0,0,0,0,0,0,0,0,0,0,0,0,0,0,0,0,0,0.0,0.0,0,0,0,0,0,0,0,0,0,0,0,0,0,0,0,0,0.0,,,0,2004-12-14,,,,,
3235918,2004,50,52,5,0,150107A201,150107,1,15,32,0,,,0,0,0,0,0,0,0,0,0,0,0,0,0,0,0,0,0,0.0,0.0,0,0,0,0,0,0,0,0,0,0,0,0,0,0,0,0,0.0,,,0,2004-12-21,,,,,
3236191,2004,51,52,5,0,150107A201,150107,1,9,23,0,,,0,0,0,0,0,0,0,0,0,0,0,0,0,0,0,0,0,0.0,0.0,0,0,0,0,0,0,0,0,0,0,0,0,0,0,0,1,0.0,,,0,2004-12-28,,,,,
3236503,2004,52,52,5,0,150107A201,150107,0,8,43,0,,,0,0,0,0,0,0,0,0,0,0,0,0,0,0,0,0,0,0.0,0.0,0,0,0,0,0,0,0,0,0,0,0,0,0,0,0,0,0.0,,,0,2005-01-04,,,,,
3220789,2004,1,52,5,0,150107A201,150118,0,0,4,0,,,0,0,0,0,0,0,0,0,0,0,0,0,0,0,0,0,0,0.0,0.0,0,0,0,0,0,0,0,0,0,0,0,0,0,0,0,0,0.0,,,0,2004-01-14,,,,,
3221173,2004,2,52,5,0,150107A201,150118,0,0,1,0,,,0,0,0,0,0,0,0,0,0,0,0,0,0,0,0,0,0,0.0,0.0,0,0,0,0,0,0,0,0,0,0,0,0,0,0,0,0,0.0,,,0,2004-01-19,,,,,
3220588,2004,4,52,5,0,150107A201,150118,0,0,2,0,,,0,0,0,0,0,0,0,0,0,0,0,0,0,0,0,0,0,0.0,0.0,0,0,0,0,0,0,0,0,0,0,0,0,0,0,0,0,0.0,,,0,2004-02-03,,,,,
3222088,2004,5,52,5,0,150107A201,150118,0,0,5,0,,,0,0,0,0,0,0,0,0,0,0,0,0,0,0,0,0,0,0.0,0.0,0,0,0,0,0,0,0,0,0,0,0,0,0,0,0,0,0.0,,,0,2004-02-09,,,,,
3222613,2004,7,52,5,0,150107A201,150118,0,0,2,0,,,0,0,0,0,0,0,0,0,0,0,0,0,0,0,0,0,0,0.0,0.0,0,0,0,0,0,0,0,0,0,0,0,0,0,0,0,0,0.0,,,0,2004-02-23,,,,,
3222934,2004,8,52,5,0,150107A201,150118,0,0,6,0,,,0,0,0,0,0,0,0,0,0,0,0,0,0,0,0,0,0,0.0,0.0,0,0,0,0,0,0,0,0,0,0,0,0,0,0,0,0,0.0,,,0,2004-03-01,,,,,
3223792,2004,11,52,5,0,150107A201,150118,1,0,3,0,,,0,0,0,0,0,0,0,0,0,0,0,0,0,0,0,0,0,0.0,0.0,0,0,0,0,0,0,0,0,0,0,0,0,0,0,0,1,0.0,,,0,2004-03-23,,,,,
3224107,2004,12,52,5,0,150107A201,150118,0,0,2,0,,,0,0,0,0,0,0,0,0,0,0,0,0,0,0,0,0,0,0.0,0.0,0,0,0,0,0,0,0,0,0,0,0,0,0,0,0,0,0.0,,,0,2004-03-30,,,,,
3224413,2004,13,52,5,0,150107A201,150118,0,0,1,0,,,0,0,0,0,0,0,0,0,0,0,0,0,0,0,0,0,0,0.0,0.0,0,0,0,0,0,0,0,0,0,0,0,0,0,0,0,0,0.0,,,0,2004-04-05,,,,,
3224734,2004,14,52,5,0,150107A201,150118,0,0,1,0,,,0,0,0,0,0,0,0,0,0,0,0,0,0,0,0,0,0,0.0,0.0,0,0,0,0,0,0,0,0,0,0,0,0,0,0,0,0,0.0,,,0,2004-04-12,,,,,
3225022,2004,15,52,5,0,150107A201,150118,0,0,1,0,,,0,0,0,0,0,0,0,0,0,0,0,0,0,0,0,0,0,0.0,0.0,0,0,0,0,0,0,0,0,0,0,0,0,0,0,0,0,0.0,,,0,2004-04-19,,,,,
3225277,2004,16,52,5,0,150107A201,150118,0,0,0,0,,,0,0,0,0,0,0,0,0,0,0,0,0,0,0,0,0,0,0.0,0.0,0,0,0,0,0,0,0,0,0,0,0,0,0,0,0,2,0.0,,,0,2004-04-26,,,,,
3225523,2004,17,52,5,0,150107A201,150118,0,2,1,0,,,0,0,0,0,0,0,0,0,0,0,0,0,0,0,0,0,0,0.0,0.0,0,0,0,0,0,0,0,0,0,0,0,0,0,0,0,0,0.0,,,0,2004-05-03,,,,,
3225802,2004,18,52,5,0,150107A201,150118,0,2,5,0,,,0,0,0,0,0,0,0,0,0,0,0,0,0,0,0,0,0,0.0,0.0,0,0,0,0,0,0,0,0,0,0,0,0,0,0,0,0,0.0,,,0,2004-05-10,,,,,
3226075,2004,19,52,5,0,150107A201,150118,1,1,3,0,,,0,0,0,0,0,0,0,0,0,0,0,0,0,0,0,0,0,0.0,0.0,0,0,0,0,0,0,0,0,0,0,0,0,0,0,0,0,0.0,,,0,2004-05-17,,,,,
3226405,2004,20,52,5,0,150107A201,150118,2,1,7,0,,,0,0,0,0,0,0,0,0,0,0,0,0,0,0,0,0,0,0.0,0.0,0,0,0,0,0,0,0,0,0,0,0,0,0,0,0,0,0.0,,,0,2004-05-26,,,,,
3226738,2004,21,52,5,0,150107A201,150118,0,0,0,0,,,0,0,0,0,0,0,0,0,0,0,0,0,0,0,0,0,0,0.0,0.0,0,0,0,0,0,0,0,0,0,0,0,0,0,0,0,1,0.0,,,0,2004-06-01,,,,,
3220306,2004,23,52,5,0,150107A201,150118,0,0,4,0,,,0,0,0,0,0,0,0,0,0,0,0,0,0,0,0,0,0,0.0,0.0,0,0,0,0,0,0,0,0,0,0,0,0,0,0,1,1,0.0,,,0,2004-06-15,,,,,
3227683,2004,24,52,5,0,150107A201,150118,0,1,3,0,,,0,0,0,0,0,0,0,0,0,0,0,0,0,0,0,0,0,0.0,0.0,0,0,0,0,0,0,0,0,0,0,0,0,0,0,0,0,0.0,,,0,2004-06-22,,,,,
3228013,2004,25,52,5,0,150107A201,150118,0,0,1,0,,,0,0,0,0,0,0,0,0,0,0,0,0,0,0,0,0,0,0.0,0.0,0,0,0,0,0,0,0,0,0,0,0,0,0,0,0,0,0.0,,,0,2004-06-29,,,,,
3228382,2004,26,52,5,0,150107A201,150118,0,0,2,0,,,0,0,0,0,0,0,0,0,0,0,0,0,0,0,0,0,0,0.0,0.0,0,0,0,0,0,0,0,0,0,0,0,0,0,0,2,0,0.0,,,0,2004-07-05,,,,,
3228943,2004,28,52,5,0,150107A201,150118,0,0,2,0,,,0,0,0,0,0,0,0,0,0,0,0,0,0,0,0,0,0,0.0,0.0,0,0,0,0,0,0,0,0,0,0,0,0,0,0,0,0,0.0,,,0,2004-07-20,,,,,
3229264,2004,29,52,5,0,150107A201,150118,1,1,4,0,,,0,0,0,0,0,0,0,0,0,0,0,0,0,0,0,0,0,0.0,0.0,0,0,0,0,0,0,0,0,0,0,0,0,0,0,0,0,0.0,,,0,2004-07-27,,,,,
3229588,2004,30,52,5,0,150107A201,150118,0,1,2,0,,,0,0,0,0,0,0,0,0,0,0,0,0,0,0,0,0,0,0.0,0.0,0,0,0,0,0,0,0,0,0,0,0,0,0,0,0,0,0.0,,,0,2004-08-03,,,,,
3229903,2004,31,52,5,0,150107A201,150118,0,2,1,0,,,0,0,0,0,0,0,0,0,0,0,0,0,0,0,0,0,0,0.0,0.0,0,0,0,0,0,0,0,0,0,0,0,0,0,0,0,0,0.0,,,0,2004-08-10,,,,,
3230221,2004,32,52,5,0,150107A201,150118,0,0,1,0,,,0,0,0,0,0,0,0,0,0,0,0,0,0,0,0,0,0,0.0,0.0,0,0,0,0,0,0,0,0,0,0,0,0,0,0,0,0,0.0,,,0,2004-08-17,,,,,
3230545,2004,33,52,5,0,150107A201,150118,0,0,1,0,,,0,0,0,0,0,0,0,0,0,0,0,0,0,0,0,0,0,0.0,0.0,0,0,0,0,0,0,0,0,0,0,0,0,0,0,0,0,0.0,,,0,2004-08-24,,,,,
3230818,2004,34,52,5,0,150107A201,150118,0,0,3,0,,,0,0,0,0,0,0,0,0,0,0,0,0,0,0,0,0,0,0.0,0.0,0,0,0,0,0,0,0,0,0,0,0,0,0,0,0,0,0.0,,,0,2004-08-31,,,,,
3231142,2004,35,52,5,0,150107A201,150118,0,0,1,0,,,0,0,0,0,0,0,0,0,0,0,0,0,0,0,0,0,0,0.0,0.0,0,0,0,0,0,0,0,0,0,0,0,0,0,0,0,0,0.0,,,0,2004-09-07,,,,,
3231466,2004,36,52,5,0,150107A201,150118,0,2,3,0,,,0,0,0,0,0,0,0,0,0,0,0,0,0,0,0,0,0,0.0,0.0,0,0,0,0,0,0,0,0,0,0,0,0,0,0,0,0,0.0,,,0,2004-09-14,,,,,
3231796,2004,37,52,5,0,150107A201,150118,0,2,4,0,,,0,0,0,0,0,0,0,0,0,0,0,0,0,0,0,0,0,0.0,0.0,0,0,0,0,0,0,0,0,0,0,0,0,0,0,1,0,0.0,,,0,2004-09-21,,,,,
3232123,2004,38,52,5,0,150107A201,150118,0,0,6,0,,,0,0,0,0,0,0,0,0,0,0,0,0,0,0,0,0,0,0.0,0.0,0,0,0,0,0,0,0,0,0,0,0,0,0,0,0,1,0.0,,,0,2004-09-28,,,,,
3232426,2004,39,52,5,0,150107A201,150118,0,0,5,0,,,0,0,0,0,0,0,0,0,0,0,0,0,0,0,0,0,0,0.0,0.0,0,0,0,0,0,0,0,0,0,0,0,0,0,0,0,0,0.0,,,0,2004-10-05,,,,,
3232738,2004,40,52,5,0,150107A201,150118,0,0,2,0,,,0,0,0,0,0,0,0,0,0,0,0,0,0,0,0,0,0,0.0,0.0,0,0,0,0,0,0,0,0,0,0,0,0,0,0,0,1,0.0,,,0,2004-10-12,,,,,
3233065,2004,41,52,5,0,150107A201,150118,1,4,6,0,,,0,0,0,0,0,0,0,0,0,0,0,0,0,0,0,0,0,0.0,0.0,0,0,0,0,0,0,0,0,0,0,0,0,0,0,0,1,0.0,,,0,2004-10-19,,,,,
3233383,2004,42,52,5,0,150107A201,150118,0,1,3,0,,,0,0,0,0,0,0,0,0,0,0,0,0,0,0,0,0,0,0.0,0.0,0,0,0,0,0,0,0,0,0,0,0,0,0,0,0,0,0.0,,,0,2004-10-26,,,,,
3233716,2004,43,52,5,0,150107A201,150118,0,0,1,0,,,0,0,0,0,0,0,0,0,0,0,0,0,0,0,0,0,0,0.0,0.0,0,0,0,0,0,0,0,0,0,0,0,0,0,0,1,1,0.0,,,0,2004-11-03,,,,,
3234061,2004,44,52,5,0,150107A201,150118,0,0,2,0,,,0,0,0,0,0,0,0,0,0,0,0,0,0,0,0,0,0,0.0,0.0,0,0,0,0,0,0,0,0,0,0,0,0,0,0,0,1,0.0,,,0,2004-11-09,,,,,
3234379,2004,45,52,5,0,150107A201,150118,0,0,1,0,,,0,0,0,0,0,0,0,0,0,0,0,0,0,0,0,0,0,0.0,0.0,0,0,0,0,0,0,0,0,0,0,0,0,0,0,0,0,0.0,,,0,2004-11-16,,,,,
3234697,2004,46,52,5,0,150107A201,150118,0,0,0,0,,,0,0,0,0,0,0,0,0,0,0,0,0,0,0,0,0,0,0.0,0.0,0,0,0,0,0,0,0,0,0,0,0,0,0,0,1,1,0.0,,,0,2004-11-23,,,,,
3235021,2004,47,52,5,0,150107A201,150118,1,2,1,0,,,0,0,0,0,0,0,0,0,0,0,0,0,0,0,0,0,0,0.0,0.0,0,0,0,0,0,0,0,0,0,0,0,0,0,0,0,0,0.0,,,0,2004-11-30,,,,,
3235330,2004,48,52,5,0,150107A201,150118,0,0,2,0,,,0,0,0,0,0,0,0,0,0,0,0,0,0,0,0,0,0,0.0,0.0,0,0,0,0,0,0,0,0,0,0,0,0,0,0,0,0,0.0,,,0,2004-12-07,,,,,
3235618,2004,49,52,5,0,150107A201,150118,0,3,0,0,,,0,0,0,0,0,0,0,0,0,0,0,0,0,0,0,0,0,0.0,0.0,0,0,0,0,0,0,0,0,0,0,0,0,0,0,0,0,0.0,,,0,2004-12-14,,,,,
3235921,2004,50,52,5,0,150107A201,150118,0,2,2,0,,,0,0,0,0,0,0,0,0,0,0,0,0,0,0,0,0,0,0.0,0.0,0,0,0,0,0,0,0,0,0,0,0,0,0,0,0,0,0.0,,,0,2004-12-21,,,,,
3236194,2004,51,52,5,0,150107A201,150118,0,0,3,0,,,0,0,0,0,0,0,0,0,0,0,0,0,0,0,0,0,0,0.0,0.0,0,0,0,0,0,0,0,0,0,0,0,0,0,0,0,0,0.0,,,0,2004-12-28,,,,,
3236506,2004,52,52,5,0,150107A201,150118,0,4,4,0,,,0,0,0,0,0,0,0,0,0,0,0,0,0,0,0,0,0,0.0,0.0,0,0,0,0,0,0,0,0,0,0,0,0,0,0,0,0,0.0,,,0,2005-01-04,,,,,
3220792,2004,1,52,5,0,150107A201,150137,0,0,1,0,,,0,0,0,0,0,0,0,0,0,0,0,0,0,0,0,0,0,0.0,0.0,0,0,0,0,0,0,0,0,0,0,0,0,0,0,0,0,0.0,,,0,2004-01-14,,,,,
3219994,2004,37,52,5,0,150107A201,150137,0,0,1,0,,,0,0,0,0,0,0,0,0,0,0,0,0,0,0,0,0,0,0.0,0.0,0,0,0,0,0,0,0,0,0,0,0,0,0,0,0,0,0.0,,,0,2004-09-21,,,,,
4081723,2005,25,52,5,0,150107A201,150101,0,0,1,0,,,0,0,0,0,0,0,0,0,0,0,0,0,0,0,0,0,0,0.0,0.0,0,0,0,0,0,0,0,0,0,0,0,0,0,0,0,0,0.0,,,0,2005-06-28,,,,,
4098154,2005,29,52,5,0,150107A201,150101,0,0,1,0,,,0,0,0,0,0,0,0,0,0,0,0,0,0,0,0,0,0,0.0,0.0,0,0,0,0,0,0,0,0,0,0,0,0,0,0,0,0,0.0,,,0,2005-07-26,,,,,
4082026,2005,3,52,5,0,150107A201,150103,0,1,0,0,,,0,0,0,0,0,0,0,0,0,0,0,0,0,0,0,0,0,0.0,0.0,0,0,0,0,0,0,0,0,0,0,0,0,0,0,0,0,0.0,,,0,2005-01-25,,,,,
4095796,2005,8,52,5,0,150107A201,150103,0,0,2,0,,,0,0,0,0,0,0,0,0,0,0,0,0,0,0,0,0,0,0.0,0.0,0,0,0,0,0,0,0,0,0,0,0,0,0,0,0,0,0.0,,,0,2005-02-28,,,,,
4081606,2005,9,52,5,0,150107A201,150103,0,1,1,0,,,0,0,0,0,0,0,0,0,0,0,0,0,0,0,0,0,0,0.0,0.0,0,0,0,0,0,0,0,0,0,0,0,0,0,0,0,0,0.0,,,0,2005-03-08,,,,,
4083709,2005,12,52,5,0,150107A201,150103,0,0,1,0,,,0,0,0,0,0,0,0,0,0,0,0,0,0,0,0,0,0,0.0,0.0,0,0,0,0,0,0,0,0,0,0,0,0,0,0,0,0,0.0,,,0,2005-03-29,,,,,
4084393,2005,15,52,5,0,150107A201,150103,0,0,1,0,,,0,0,0,0,0,0,0,0,0,0,0,0,0,0,0,0,0,0.0,0.0,0,0,0,0,0,0,0,0,0,0,0,0,0,0,1,0,0.0,,,0,2005-04-19,,,,,
4097101,2005,19,52,5,0,150107A201,150103,0,0,2,0,,,0,0,0,0,0,0,0,0,0,0,0,0,0,0,0,0,0,0.0,0.0,0,0,0,0,0,0,0,0,0,0,0,0,0,0,0,0,0.0,,,0,2005-05-17,,,,,
4097218,2005,20,52,5,0,150107A201,150103,0,1,0,0,,,0,0,0,0,0,0,0,0,0,0,0,0,0,0,0,0,0,0.0,0.0,0,0,0,0,0,0,0,0,0,0,0,0,0,0,0,0,0.0,,,0,2005-05-24,,,,,
4086292,2005,23,52,5,0,150107A201,150103,1,1,0,0,,,0,0,0,0,0,0,0,0,0,0,0,0,0,0,0,0,0,0.0,0.0,0,0,0,0,0,0,0,0,0,0,0,0,0,0,0,0,0.0,,,0,2005-06-14,,,,,
4086568,2005,24,52,5,0,150107A201,150103,0,2,0,0,,,0,0,0,0,0,0,0,0,0,0,0,0,0,0,0,0,0,0.0,0.0,0,0,0,0,0,0,0,0,0,0,0,0,0,0,0,0,0.0,,,0,2005-06-21,,,,,
4097890,2005,26,52,5,0,150107A201,150103,0,0,1,0,,,0,0,0,0,0,0,0,0,0,0,0,0,0,0,0,0,0,0.0,0.0,0,0,0,0,0,0,0,0,0,0,0,0,0,0,0,0,0.0,,,0,2005-07-05,,,,,
4087435,2005,27,52,5,0,150107A201,150103,0,1,1,0,,,0,0,0,0,0,0,0,0,0,0,0,0,0,0,0,0,0,0.0,0.0,0,0,0,0,0,0,0,0,0,0,0,0,0,0,0,0,0.0,,,0,2005-07-12,,,,,
4081765,2005,30,52,5,0,150107A201,150103,0,0,1,0,,,0,0,0,0,0,0,0,0,0,0,0,0,0,0,0,0,0,0.0,0.0,0,0,0,0,0,0,0,0,0,0,0,0,0,0,0,0,0.0,,,0,2005-08-02,,,,,
4098670,2005,36,52,5,0,150107A201,150103,1,0,0,0,,,0,0,0,0,0,0,0,0,0,0,0,0,0,0,0,0,0,0.0,0.0,0,0,0,0,0,0,0,0,0,0,0,0,0,0,0,0,0.0,,,0,2005-09-13,,,,,
4098778,2005,37,52,5,0,150107A201,150103,0,1,3,0,,,0,0,0,0,0,0,0,0,0,0,0,0,0,0,0,0,0,0.0,0.0,0,0,0,0,0,0,0,0,0,0,0,0,0,0,0,0,0.0,,,0,2005-09-20,,,,,
4098871,2005,38,52,5,0,150107A201,150103,0,0,0,0,,,0,0,0,0,0,0,0,0,0,0,0,0,0,0,0,0,0,0.0,0.0,0,0,0,0,0,0,0,0,0,0,0,0,0,0,1,0,0.0,,,0,2005-09-27,,,,,
4098982,2005,39,52,5,0,150107A201,150103,0,0,1,0,,,0,0,0,0,0,0,0,0,0,0,0,0,0,0,0,0,0,0.0,0.0,0,0,0,0,0,0,0,0,0,0,0,0,0,0,0,0,0.0,,,0,2005-10-04,,,,,
4099258,2005,42,52,5,0,150107A201,150103,0,1,0,0,,,0,0,0,0,0,0,0,0,0,0,0,0,0,0,0,0,0,0.0,0.0,0,0,0,0,0,0,0,0,0,0,0,0,0,0,0,0,0.0,,,0,2005-10-25,,,,,
4092313,2005,45,52,5,0,150107A201,150103,0,1,0,0,,,0,0,0,0,0,0,0,0,0,0,0,0,0,0,0,0,0,0.0,0.0,0,0,0,0,0,0,0,0,0,0,0,0,0,0,0,0,0.0,,,0,2005-11-15,,,,,
4099654,2005,46,52,5,0,150107A201,150103,0,1,0,0,,,0,0,0,0,0,0,0,0,0,0,0,0,0,0,0,0,0,0.0,0.0,0,0,0,0,0,0,0,0,0,0,0,0,0,0,0,0,0.0,,,0,2005-11-22,,,,,
4100191,2005,50,52,5,0,150107A201,150103,0,0,1,0,,,0,0,0,0,0,0,0,0,0,0,0,0,0,0,0,0,0,0.0,0.0,0,0,0,0,0,0,0,0,0,0,0,0,0,0,0,0,0.0,,,0,2005-12-19,,,,,
4094329,2005,1,52,5,0,150107A201,150107,1,13,38,0,,,0,0,0,0,0,0,0,0,0,0,0,0,0,0,0,0,0,0.0,0.0,0,0,0,0,0,0,0,0,0,0,0,0,0,0,0,1,0.0,,,0,2005-01-11,,,,,
4094683,2005,2,52,5,0,150107A201,150107,0,5,25,0,,,0,0,1,0,0,0,0,0,0,0,0,0,0,0,0,0,0,0.0,0.0,0,0,0,0,0,0,0,0,0,0,0,0,0,0,0,2,0.0,,,0,2005-01-18,,,,,
4095034,2005,3,52,5,0,150107A201,150107,0,2,10,0,,,0,0,0,0,0,0,0,0,0,0,0,0,0,0,0,0,0,0.0,0.0,0,0,0,0,0,0,0,0,0,0,0,0,0,0,0,2,0.0,,,0,2005-01-25,,,,,
4095307,2005,4,52,5,0,150107A201,150107,0,7,13,0,,,0,0,0,0,0,0,0,0,0,0,0,0,0,0,0,0,0,0.0,0.0,0,0,0,0,0,0,0,0,0,0,0,0,0,0,0,0,0.0,,,0,2005-02-01,,,,,
4082173,2005,5,52,5,0,150107A201,150107,0,4,24,0,,,0,0,0,0,0,0,0,0,0,0,0,0,0,0,0,0,0,0.0,0.0,0,0,0,0,0,0,0,0,0,0,0,0,0,0,1,0,0.0,,,0,2005-02-07,,,,,
4082467,2005,6,52,5,0,150107A201,150107,0,1,14,0,,,0,0,0,0,0,0,0,0,0,0,0,0,0,0,0,0,0,0.0,0.0,0,0,0,0,0,0,0,0,0,0,0,0,0,0,1,1,0.0,,,0,2005-02-15,,,,,
4082749,2005,7,52,5,0,150107A201,150107,1,4,10,0,,,0,0,0,0,0,0,0,0,0,0,0,0,0,0,0,0,0,0.0,0.0,0,0,0,0,0,0,0,0,0,0,0,0,0,0,1,0,0.0,,,0,2005-02-22,,,,,
4082965,2005,8,52,5,0,150107A201,150107,1,8,13,0,,,0,0,0,0,0,0,0,0,0,0,0,0,0,0,0,0,0,0.0,0.0,0,0,0,0,0,0,0,0,0,0,0,0,0,0,1,1,0.0,,,0,2005-02-28,,,,,
4083154,2005,9,52,5,0,150107A201,150107,0,1,4,0,,,0,0,0,0,0,0,0,0,0,0,0,0,0,0,0,0,0,0.0,0.0,0,0,0,0,0,0,0,0,0,0,0,0,0,0,0,1,0.0,,,0,2005-03-08,,,,,
4083274,2005,10,52,5,0,150107A201,150107,0,1,4,0,,,0,0,0,0,0,0,0,0,0,0,0,0,0,0,0,0,0,0.0,0.0,0,0,0,0,0,0,0,0,0,0,0,0,0,0,0,0,0.0,,,0,2005-03-14,,,,,
4083490,2005,11,52,5,0,150107A201,150107,0,3,4,0,,,0,0,0,0,0,0,0,0,0,0,0,0,0,0,0,0,0,0.0,0.0,0,0,0,0,0,0,0,0,0,0,0,0,0,0,0,0,0.0,,,0,2005-03-22,,,,,
4083712,2005,12,52,5,0,150107A201,150107,0,3,22,0,,,0,0,0,0,0,0,0,0,0,0,0,0,0,0,0,0,0,0.0,0.0,0,0,0,0,0,0,0,0,0,0,0,0,0,0,1,0,0.0,,,0,2005-03-29,,,,,
4083913,2005,13,52,5,0,150107A201,150107,1,6,17,0,,,0,0,0,0,0,0,0,0,0,0,0,0,0,0,0,0,0,0.0,0.0,0,0,0,0,0,0,0,0,0,0,0,0,0,0,0,0,0.0,,,0,2005-04-05,,,,,
4084141,2005,14,52,5,0,150107A201,150107,0,12,20,0,,,0,0,0,0,0,0,0,0,0,0,0,0,0,0,0,0,0,0.0,0.0,0,0,0,0,0,0,0,0,0,0,0,0,0,0,0,1,0.0,,,0,2005-04-12,,,,,
4084396,2005,15,52,5,0,150107A201,150107,0,9,20,0,,,0,0,0,0,0,0,0,0,0,0,0,0,0,0,0,0,0,0.0,0.0,0,0,0,0,0,0,0,0,0,0,0,0,0,0,0,5,0.0,,,0,2005-04-19,,,,,
4084624,2005,16,52,5,0,150107A201,150107,0,11,34,0,,,0,0,0,0,0,0,0,0,0,0,0,0,0,0,0,0,0,0.0,0.0,0,0,0,0,0,0,0,0,0,0,0,0,0,0,0,0,0.0,,,0,2005-04-26,,,,,
4084777,2005,17,52,5,0,150107A201,150107,1,7,22,0,,,0,0,0,0,0,0,0,0,0,0,0,0,0,0,0,0,0,0.0,0.0,0,0,0,0,0,0,0,0,0,0,0,0,0,0,1,0,0.0,,,0,2005-05-03,,,,,
4085044,2005,18,52,5,0,150107A201,150107,1,3,19,0,,,0,0,0,0,0,0,0,0,0,0,0,0,0,0,0,0,0,0.0,0.0,0,0,0,0,0,0,0,0,0,0,0,0,0,0,0,0,0.0,,,0,2005-05-10,,,,,
4085323,2005,19,52,5,0,150107A201,150107,1,5,35,0,,,0,0,0,0,0,0,0,0,0,0,0,0,0,0,0,0,0,0.0,0.0,0,0,0,0,0,0,0,0,0,0,0,0,0,0,0,1,0.0,,,0,2005-05-17,,,,,
4085593,2005,20,52,5,0,150107A201,150107,0,6,28,0,,,0,0,0,0,0,0,0,0,0,0,0,0,0,0,0,0,0,0.0,0.0,0,0,0,0,0,0,0,0,0,0,0,0,0,0,0,1,0.0,,,0,2005-05-24,,,,,
4085833,2005,21,52,5,0,150107A201,150107,0,1,19,0,,,0,0,0,0,0,0,0,0,0,0,0,0,0,0,0,0,0,0.0,0.0,0,0,0,0,0,0,0,0,0,0,0,0,0,0,0,0,0.0,,,0,2005-05-31,,,,,
4086085,2005,22,52,5,0,150107A201,150107,0,2,12,0,,,0,0,0,0,0,0,0,0,0,0,0,0,0,0,0,0,0,0.0,0.0,0,0,0,0,0,0,0,0,0,0,0,0,0,0,3,1,0.0,,,0,2005-06-07,,,,,
4086295,2005,23,52,5,0,150107A201,150107,2,5,32,0,,,0,0,0,0,0,0,0,0,0,0,0,0,0,0,0,0,0,0.0,0.0,0,0,0,0,0,0,0,0,0,0,0,0,0,0,1,1,0.0,,,0,2005-06-14,,,,,
4086571,2005,24,52,5,0,150107A201,150107,4,3,30,0,,,0,0,0,0,0,0,0,0,0,0,0,0,0,0,0,0,0,0.0,0.0,0,0,0,0,0,0,0,0,0,0,0,0,0,0,1,0,0.0,,,0,2005-06-21,,,,,
4086859,2005,25,52,5,0,150107A201,150107,0,9,24,0,,,0,0,0,0,0,0,0,0,0,0,0,0,0,0,0,0,0,0.0,0.0,0,0,0,0,0,0,0,0,0,0,0,0,0,0,1,0,0.0,,,0,2005-06-28,,,,,
4087099,2005,26,52,5,0,150107A201,150107,1,2,27,0,,,0,0,0,0,0,0,0,0,0,0,0,0,0,0,0,0,0,0.0,0.0,0,0,0,0,0,0,0,0,0,0,0,0,0,0,0,1,0.0,,,0,2005-07-05,,,,,
4087438,2005,27,52,5,0,150107A201,150107,0,3,25,0,,,0,0,0,0,0,0,0,0,0,0,0,0,0,0,0,0,0,0.0,0.0,0,0,0,0,0,0,0,0,0,0,0,0,0,0,0,2,0.0,,,0,2005-07-12,,,,,
4087651,2005,28,52,5,0,150107A201,150107,0,5,21,0,,,0,0,0,0,0,0,0,0,0,0,0,0,0,0,0,0,0,0.0,0.0,0,0,0,0,0,0,0,0,0,0,0,0,0,0,0,0,0.0,,,0,2005-07-19,,,,,
4087924,2005,29,52,5,0,150107A201,150107,0,3,9,0,,,0,0,0,0,0,0,0,0,0,0,0,0,0,0,0,0,0,0.0,0.0,0,0,0,0,0,0,0,0,0,0,0,0,0,0,0,1,0.0,,,0,2005-07-26,,,,,
4088188,2005,30,52,5,0,150107A201,150107,0,5,21,0,,,0,0,0,0,0,0,0,0,0,0,0,0,0,0,0,0,0,0.0,0.0,0,0,0,0,0,0,0,0,0,0,0,0,0,0,1,0,0.0,,,0,2005-08-02,,,,,
4088455,2005,31,52,5,0,150107A201,150107,0,2,22,0,,,0,0,0,0,0,0,0,0,0,0,0,0,0,0,0,0,0,0.0,0.0,0,0,0,0,0,0,0,0,0,0,0,0,0,0,0,0,0.0,,,0,2005-08-09,,,,,
4088686,2005,32,52,5,0,150107A201,150107,0,5,20,0,,,0,0,0,0,0,0,0,0,0,0,0,0,0,0,0,0,0,0.0,0.0,0,0,0,0,0,0,0,0,0,0,0,0,0,0,2,0,0.0,,,0,2005-08-16,,,,,
4089013,2005,33,52,5,0,150107A201,150107,0,9,25,0,,,0,0,0,0,0,0,0,0,0,0,0,0,0,0,0,0,0,0.0,0.0,0,0,0,0,0,0,0,0,0,0,0,0,0,0,1,1,0.0,,,0,2005-08-23,,,,,
4089280,2005,34,52,5,0,150107A201,150107,1,8,14,0,,,0,0,0,0,0,0,0,0,0,0,0,0,0,0,0,0,0,0.0,0.0,0,0,0,0,0,0,0,0,0,0,0,0,0,0,0,0,0.0,,,0,2005-08-31,,,,,
4089595,2005,35,52,5,0,150107A201,150107,0,3,22,0,,,0,0,0,0,0,0,0,0,0,0,0,0,0,0,0,0,0,0.0,0.0,0,0,0,0,0,0,0,0,0,0,0,0,0,0,0,1,0.0,,,0,2005-09-06,,,,,
4089919,2005,36,52,5,0,150107A201,150107,0,5,16,0,,,0,0,0,0,0,0,0,0,0,0,0,0,0,0,0,0,0,0.0,0.0,0,0,0,0,0,0,0,0,0,0,0,0,0,0,1,0,0.0,,,0,2005-09-13,,,,,
4090183,2005,37,52,5,0,150107A201,150107,2,8,16,0,,,0,0,0,0,0,0,0,0,0,0,0,0,0,0,0,0,0,0.0,0.0,0,0,0,0,0,0,0,0,0,0,0,0,0,0,0,1,0.0,,,0,2005-09-20,,,,,
4090444,2005,38,52,5,0,150107A201,150107,0,4,19,0,,,0,0,0,0,0,0,0,0,0,0,0,0,0,0,0,0,0,0.0,0.0,0,0,0,0,0,0,0,0,0,0,0,0,0,0,1,0,0.0,,,0,2005-09-27,,,,,
4090699,2005,39,52,5,0,150107A201,150107,1,2,19,0,,,0,0,0,0,0,0,0,0,0,0,0,0,0,0,0,0,0,0.0,0.0,0,0,0,0,0,0,0,0,0,0,0,0,0,0,0,1,0.0,,,0,2005-10-04,,,,,
4091017,2005,40,52,5,0,150107A201,150107,0,4,19,0,,,0,0,0,0,0,0,0,0,0,0,0,0,0,0,0,0,0,0.0,0.0,0,0,0,0,0,0,0,0,0,0,0,0,0,0,0,0,0.0,,,0,2005-10-11,,,,,
4091281,2005,41,52,5,0,150107A201,150107,0,6,21,0,,,0,0,1,0,0,0,0,0,0,0,0,0,0,0,0,0,0,0.0,0.0,0,0,0,0,0,0,0,0,0,0,0,0,0,0,1,0,0.0,,,0,2005-10-18,,,,,
4091530,2005,42,52,5,0,150107A201,150107,0,3,22,0,,,0,0,0,0,0,0,0,0,0,0,0,0,0,0,0,0,0,0.0,0.0,0,0,0,0,0,0,0,0,0,0,0,0,0,0,2,0,0.0,,,0,2005-10-25,,,,,
4091767,2005,43,52,5,0,150107A201,150107,1,7,29,0,,,0,0,0,0,0,0,0,0,0,0,0,0,0,0,0,0,0,0.0,0.0,0,0,0,0,0,0,0,0,0,0,0,0,0,0,4,0,0.0,,,0,2005-11-02,,,,,
4092049,2005,44,52,5,0,150107A201,150107,0,6,16,0,,,0,0,0,0,0,0,0,0,0,0,0,0,0,0,0,0,0,0.0,0.0,0,0,0,0,0,0,0,0,0,0,0,0,0,0,1,0,0.0,,,0,2005-11-08,,,,,
4092316,2005,45,52,5,0,150107A201,150107,0,4,30,0,,,0,0,0,0,0,0,0,0,0,0,0,0,0,0,0,0,0,0.0,0.0,0,0,0,0,0,0,0,0,0,0,0,0,0,0,2,0,0.0,,,0,2005-11-15,,,,,
4092589,2005,46,52,5,0,150107A201,150107,0,6,18,0,,,0,0,0,0,0,0,0,0,0,0,0,0,0,0,0,0,0,0.0,0.0,0,0,0,0,0,0,0,0,0,0,0,0,0,0,1,1,0.0,,,0,2005-11-22,,,,,
4092883,2005,47,52,5,0,150107A201,150107,1,10,18,0,,,0,0,0,0,0,0,0,0,0,0,0,0,0,0,0,0,0,0.0,0.0,0,0,0,0,0,0,0,0,0,0,0,0,0,0,1,0,0.0,,,0,2005-11-29,,,,,
4093129,2005,48,52,5,0,150107A201,150107,1,8,20,0,,,0,0,0,0,0,0,0,0,0,0,0,0,0,0,0,0,0,0.0,0.0,0,0,0,0,0,0,0,0,0,0,0,0,0,0,2,1,0.0,,,0,2005-12-06,,,,,
4093348,2005,49,52,5,0,150107A201,150107,2,3,19,0,,,0,0,0,0,0,0,0,0,0,0,0,0,0,0,0,0,0,0.0,0.0,0,0,0,0,0,0,0,0,0,0,0,0,0,0,2,0,0.0,,,0,2005-12-13,,,,,
4093531,2005,50,52,5,0,150107A201,150107,1,6,20,0,,,0,0,0,0,0,0,0,0,0,0,0,0,0,0,0,0,0,0.0,0.0,0,0,0,0,0,0,0,0,0,0,0,0,0,0,0,1,0.0,,,0,2005-12-19,,,,,
4093822,2005,51,52,5,0,150107A201,150107,0,4,15,0,,,0,0,0,0,0,0,0,0,0,0,0,0,0,0,0,0,0,0.0,0.0,0,0,0,0,0,0,0,0,0,0,0,0,0,0,0,0,0.0,,,0,2005-12-27,,,,,
4094089,2005,52,52,5,0,150107A201,150107,0,0,18,0,,,0,0,0,0,0,0,0,0,0,0,0,0,0,0,0,0,0,0.0,0.0,0,0,0,0,0,0,0,0,0,0,0,0,0,0,0,1,0.0,,,0,2006-01-03,,,,,
4094332,2005,1,52,5,0,150107A201,150118,0,1,5,0,,,0,0,0,0,0,0,0,0,0,0,0,0,0,0,0,0,0,0.0,0.0,0,0,0,0,0,0,0,0,0,0,0,0,0,0,1,0,0.0,,,0,2005-01-11,,,,,
4094686,2005,2,52,5,0,150107A201,150118,0,0,3,0,,,0,0,0,0,0,0,0,0,0,0,0,0,0,0,0,0,0,0.0,0.0,0,0,0,0,0,0,0,0,0,0,0,0,0,0,0,0,0.0,,,0,2005-01-18,,,,,
4095037,2005,3,52,5,0,150107A201,150118,0,1,8,0,,,0,0,0,0,0,0,0,0,0,0,0,0,0,0,0,0,0,0.0,0.0,0,0,0,0,0,0,0,0,0,0,0,0,0,0,0,0,0.0,,,0,2005-01-25,,,,,
4095310,2005,4,52,5,0,150107A201,150118,0,2,4,0,,,0,0,0,0,0,0,0,0,0,0,0,0,0,0,0,0,0,0.0,0.0,0,0,0,0,0,0,0,0,0,0,0,0,0,0,0,0,0.0,,,0,2005-02-01,,,,,
4082176,2005,5,52,5,0,150107A201,150118,0,0,3,0,,,0,0,0,0,0,0,0,0,0,0,0,0,0,0,0,0,0,0.0,0.0,0,0,0,0,0,0,0,0,0,0,0,0,0,0,0,0,0.0,,,0,2005-02-07,,,,,
4095559,2005,6,52,5,0,150107A201,150118,0,0,4,0,,,0,0,0,0,0,0,0,0,0,0,0,0,0,0,0,0,0,0.0,0.0,0,0,0,0,0,0,0,0,0,0,0,0,0,0,0,0,0.0,,,0,2005-02-15,,,,,
4082752,2005,7,52,5,0,150107A201,150118,0,1,1,0,,,0,0,0,0,0,0,0,0,0,0,0,0,0,0,0,0,0,0.0,0.0,0,0,0,0,0,0,0,0,0,0,0,0,0,0,0,0,0.0,,,0,2005-02-22,,,,,
4095928,2005,9,52,5,0,150107A201,150118,0,1,2,0,,,0,0,0,0,0,0,0,0,0,0,0,0,0,0,0,0,0,0.0,0.0,0,0,0,0,0,0,0,0,0,0,0,0,0,0,0,0,0.0,,,0,2005-03-08,,,,,
4083493,2005,11,52,5,0,150107A201,150118,0,2,2,0,,,0,0,0,0,0,0,0,0,0,0,0,0,0,0,0,0,0,0.0,0.0,0,0,0,0,0,0,0,0,0,0,0,0,0,0,0,0,0.0,,,0,2005-03-22,,,,,
4096189,2005,12,52,5,0,150107A201,150118,0,0,1,0,,,0,0,0,0,0,0,0,0,0,0,0,0,0,0,0,0,0,0.0,0.0,0,0,0,0,0,0,0,0,0,0,0,0,0,0,1,0,0.0,,,0,2005-03-29,,,,,
4096351,2005,13,52,5,0,150107A201,150118,0,0,6,0,,,0,0,0,0,0,0,0,0,0,0,0,0,0,0,0,0,0,0.0,0.0,0,0,0,0,0,0,0,0,0,0,0,0,0,0,1,0,0.0,,,0,2005-04-05,,,,,
4084144,2005,14,52,5,0,150107A201,150118,0,0,2,0,,,0,0,0,0,0,0,0,0,0,0,0,0,0,0,0,0,0,0.0,0.0,0,0,0,0,0,0,0,0,0,0,0,0,0,0,0,0,0.0,,,0,2005-04-12,,,,,
4084399,2005,15,52,5,0,150107A201,150118,1,2,4,0,,,0,0,0,0,0,0,0,0,0,0,0,0,0,0,0,0,0,0.0,0.0,0,0,0,0,0,0,0,0,0,0,0,0,0,0,0,0,0.0,,,0,2005-04-19,,,,,
4096753,2005,16,52,5,0,150107A201,150118,0,1,5,0,,,0,0,0,0,0,0,0,0,0,0,0,0,0,0,0,0,0,0.0,0.0,0,0,0,0,0,0,0,0,0,0,0,0,0,0,0,2,0.0,,,0,2005-04-26,,,,,
4096912,2005,17,52,5,0,150107A201,150118,0,0,8,0,,,0,0,0,0,0,0,0,0,0,0,0,0,0,0,0,0,0,0.0,0.0,0,0,0,0,0,0,0,0,0,0,0,0,0,0,0,1,0.0,,,0,2005-05-03,,,,,
4085047,2005,18,52,5,0,150107A201,150118,0,0,3,0,,,0,0,0,0,0,0,0,0,0,0,0,0,0,0,0,0,0,0.0,0.0,0,0,0,0,0,0,0,0,0,0,0,0,0,0,0,1,0.0,,,0,2005-05-10,,,,,
4097104,2005,19,52,5,0,150107A201,150118,0,1,7,0,,,0,0,0,0,0,0,0,0,0,0,0,0,0,0,0,0,0,0.0,0.0,0,0,0,0,0,0,0,0,0,0,0,0,0,0,0,0,0.0,,,0,2005-05-17,,,,,
4085596,2005,20,52,5,0,150107A201,150118,0,3,1,0,,,0,0,0,0,0,0,0,0,0,0,0,0,0,0,0,0,0,0.0,0.0,0,0,0,0,0,0,0,0,0,0,0,0,0,0,0,0,0.0,,,0,2005-05-24,,,,,
4085836,2005,21,52,5,0,150107A201,150118,0,2,1,0,,,0,0,0,0,0,0,0,0,0,0,0,0,0,0,0,0,0,0.0,0.0,0,0,0,0,0,0,0,0,0,0,0,0,0,0,0,0,0.0,,,0,2005-05-31,,,,,
4086574,2005,24,52,5,0,150107A201,150118,0,1,4,0,,,0,0,0,0,0,0,0,0,0,0,0,0,0,0,0,0,0,0.0,0.0,0,0,0,0,0,0,0,0,0,0,0,0,0,0,0,0,0.0,,,0,2005-06-21,,,,,
4097749,2005,25,52,5,0,150107A201,150118,1,3,5,0,,,0,0,0,0,0,0,0,0,0,0,0,0,0,0,0,0,0,0.0,0.0,0,0,0,0,0,0,0,0,0,0,0,0,0,0,0,1,0.0,,,0,2005-06-28,,,,,
4097893,2005,26,52,5,0,150107A201,150118,0,2,7,0,,,0,0,0,0,0,0,0,0,0,0,0,0,0,0,0,0,0,0.0,0.0,0,0,0,0,0,0,0,0,0,0,0,0,0,0,0,0,0.0,,,0,2005-07-05,,,,,
4087441,2005,27,52,5,0,150107A201,150118,1,1,4,0,,,0,0,0,0,0,0,0,0,0,0,0,0,0,0,0,0,0,0.0,0.0,0,0,0,0,0,0,0,0,0,0,0,0,0,0,0,1,0.0,,,0,2005-07-12,,,,,
4087654,2005,28,52,5,0,150107A201,150118,0,0,6,0,,,0,0,0,0,0,0,0,0,0,0,0,0,0,0,0,0,0,0.0,0.0,0,0,0,0,0,0,0,0,0,0,0,0,0,0,1,1,0.0,,,0,2005-07-19,,,,,
4098157,2005,29,52,5,0,150107A201,150118,0,0,6,0,,,0,0,0,0,0,0,0,0,0,0,0,0,0,0,0,0,0,0.0,0.0,0,0,0,0,0,0,0,0,0,0,0,0,0,0,0,0,0.0,,,0,2005-07-26,,,,,
4098250,2005,30,52,5,0,150107A201,150118,0,3,5,0,,,0,0,0,0,0,0,0,0,0,0,0,0,0,0,0,0,0,0.0,0.0,0,0,0,0,0,0,0,0,0,0,0,0,0,0,2,0,0.0,,,0,2005-08-02,,,,,
4088458,2005,31,52,5,0,150107A201,150118,0,1,2,0,,,0,0,0,0,0,0,0,0,0,0,0,0,0,0,0,0,0,0.0,0.0,0,0,0,0,0,0,0,0,0,0,0,0,0,0,0,0,0.0,,,0,2005-08-09,,,,,
4088689,2005,32,52,5,0,150107A201,150118,1,2,7,0,,,0,0,0,0,0,0,0,0,0,0,0,0,0,0,0,0,0,0.0,0.0,0,0,0,0,0,0,0,0,0,0,0,0,0,0,0,1,0.0,,,0,2005-08-16,,,,,
4098484,2005,33,52,5,0,150107A201,150118,0,0,2,0,,,0,0,0,0,0,0,0,0,0,0,0,0,0,0,0,0,0,0.0,0.0,0,0,0,0,0,0,0,0,0,0,0,0,0,0,0,0,0.0,,,0,2005-08-23,,,,,
4098574,2005,34,52,5,0,150107A201,150118,0,3,5,0,,,0,0,0,0,0,0,0,0,0,0,0,0,0,0,0,0,0,0.0,0.0,0,0,0,0,0,0,0,0,0,0,0,0,0,0,0,0,0.0,,,0,2005-08-31,,,,,
4089598,2005,35,52,5,0,150107A201,150118,0,0,6,0,,,0,0,0,0,0,0,0,0,0,0,0,0,0,0,0,0,0,0.0,0.0,0,0,0,0,0,0,0,0,0,0,0,0,0,0,0,0,0.0,,,0,2005-09-06,,,,,
4098673,2005,36,52,5,0,150107A201,150118,0,0,3,0,,,0,0,0,0,0,0,0,0,0,0,0,0,0,0,0,0,0,0.0,0.0,0,0,0,0,0,0,0,0,0,0,0,0,0,0,0,0,0.0,,,0,2005-09-13,,,,,
4090186,2005,37,52,5,0,150107A201,150118,0,1,5,0,,,0,0,0,0,0,0,0,0,0,0,0,0,0,0,0,0,0,0.0,0.0,0,0,0,0,0,0,0,0,0,0,0,0,0,0,0,1,0.0,,,0,2005-09-20,,,,,
4098874,2005,38,52,5,0,150107A201,150118,0,1,3,0,,,0,0,0,0,0,0,0,0,0,0,0,0,0,0,0,0,0,0.0,0.0,0,0,0,0,0,0,0,0,0,0,0,0,0,0,0,1,0.0,,,0,2005-09-27,,,,,
4098985,2005,39,52,5,0,150107A201,150118,0,0,5,0,,,0,0,0,0,0,0,0,0,0,0,0,0,0,0,0,0,0,0.0,0.0,0,0,0,0,0,0,0,0,0,0,0,0,0,0,0,0,0.0,,,0,2005-10-04,,,,,
4091020,2005,40,52,5,0,150107A201,150118,0,1,2,0,,,0,0,0,0,0,0,0,0,0,0,0,0,0,0,0,0,0,0.0,0.0,0,0,0,0,0,0,0,0,0,0,0,0,0,0,0,0,0.0,,,0,2005-10-11,,,,,
4099135,2005,41,52,5,0,150107A201,150118,0,2,3,0,,,0,0,0,0,0,0,0,0,0,0,0,0,0,0,0,0,0,0.0,0.0,0,0,0,0,0,0,0,0,0,0,0,0,0,0,0,0,0.0,,,0,2005-10-18,,,,,
4099261,2005,42,52,5,0,150107A201,150118,0,0,6,0,,,0,0,0,0,0,0,0,0,0,0,0,0,0,0,0,0,0,0.0,0.0,0,0,0,0,0,0,0,0,0,0,0,0,0,0,0,0,0.0,,,0,2005-10-25,,,,,
4099375,2005,43,52,5,0,150107A201,150118,0,0,6,0,,,0,0,0,0,0,0,0,0,0,0,0,0,0,0,0,0,0,0.0,0.0,0,0,0,0,0,0,0,0,0,0,0,0,0,0,0,0,0.0,,,0,2005-11-02,,,,,
4092052,2005,44,52,5,0,150107A201,150118,0,1,5,0,,,0,0,0,0,0,0,0,0,0,0,0,0,0,0,0,0,0,0.0,0.0,0,0,0,0,0,0,0,0,0,0,0,0,0,0,0,0,0.0,,,0,2005-11-08,,,,,
4099555,2005,45,52,5,0,150107A201,150118,0,0,6,0,,,0,0,0,0,0,0,0,0,0,0,0,0,0,0,0,0,0,0.0,0.0,0,0,0,0,0,0,0,0,0,0,0,0,0,0,0,0,0.0,,,0,2005-11-15,,,,,
4099657,2005,46,52,5,0,150107A201,150118,0,2,5,0,,,0,0,0,0,0,0,0,0,0,0,0,0,0,0,0,0,0,0.0,0.0,0,0,0,0,0,0,0,0,0,0,0,0,0,0,0,0,0.0,,,0,2005-11-22,,,,,
4099720,2005,47,52,5,0,150107A201,150118,0,0,2,0,,,0,0,0,0,0,0,0,0,0,0,0,0,0,0,0,0,0,0.0,0.0,0,0,0,0,0,0,0,0,0,0,0,0,0,0,0,0,0.0,,,0,2005-11-29,,,,,
4093132,2005,48,52,5,0,150107A201,150118,0,0,1,0,,,0,0,0,0,0,0,0,0,0,0,0,0,0,0,0,0,0,0.0,0.0,0,0,0,0,0,0,0,0,0,0,0,0,0,0,0,0,0.0,,,0,2005-12-06,,,,,
4093351,2005,49,52,5,0,150107A201,150118,0,0,2,0,,,0,0,0,0,0,0,0,0,0,0,0,0,0,0,0,0,0,0.0,0.0,0,0,0,0,0,0,0,0,0,0,0,0,0,0,0,0,0.0,,,0,2005-12-13,,,,,
4100194,2005,50,52,5,0,150107A201,150118,0,0,3,0,,,0,0,0,0,0,0,0,0,0,0,0,0,0,0,0,0,0,0.0,0.0,0,0,0,0,0,0,0,0,0,0,0,0,0,0,0,0,0.0,,,0,2005-12-19,,,,,
4093825,2005,51,52,5,0,150107A201,150118,0,0,7,0,,,0,0,0,0,0,0,0,0,0,0,0,0,0,0,0,0,0,0.0,0.0,0,0,0,0,0,0,0,0,0,0,0,0,0,0,0,0,0.0,,,0,2005-12-27,,,,,
4094092,2005,52,52,5,0,150107A201,150118,0,0,4,0,,,0,0,0,0,0,0,0,0,0,0,0,0,0,0,0,0,0,0.0,0.0,0,0,0,0,0,0,0,0,0,0,0,0,0,0,0,0,0.0,,,0,2006-01-03,,,,,
4981798,2006,8,52,5,0,150107A201,150101,0,0,1,0,,,0,0,0,0,0,0,0,0,0,0,0,0,0,0,0,0,0,0.0,0.0,0,0,0,0,0,0,0,0,0,0,0,0,0,0,0,0,0.0,,,0,2006-03-02,,,,,
4983193,2006,1,52,5,0,150107A201,150103,0,1,1,0,,,0,0,0,0,0,0,0,0,0,0,0,0,0,0,0,0,0,0.0,0.0,0,0,0,0,0,0,0,0,0,0,0,0,0,0,0,0,0.0,,,0,2006-01-10,,,,,
4981708,2006,4,52,5,0,150107A201,150103,0,0,1,0,,,0,0,0,0,0,0,0,0,0,0,0,0,0,0,0,0,0,0.0,0.0,0,0,0,0,0,0,0,0,0,0,0,0,0,0,0,0,0.0,,,0,2006-02-07,,,,,
4986460,2006,11,52,5,0,150107A201,150103,0,1,0,0,,,0,0,0,0,0,0,0,0,0,0,0,0,0,0,0,0,0,0.0,0.0,0,0,0,0,0,0,0,0,0,0,0,0,0,0,0,0,0.0,,,0,2006-03-22,,,,,
4986817,2006,12,52,5,0,150107A201,150103,0,0,1,0,,,0,0,0,0,0,0,0,0,0,0,0,0,0,0,0,0,0,0.0,0.0,0,0,0,0,0,0,0,0,0,0,0,0,0,0,0,0,0.0,,,0,2006-03-29,,,,,
4987870,2006,15,52,5,0,150107A201,150103,0,0,2,0,,,0,0,0,0,0,0,0,0,0,0,0,0,0,0,0,0,0,0.0,0.0,0,0,0,0,0,0,0,0,0,0,0,0,0,0,0,0,0.0,,,0,2006-04-18,,,,,
4982014,2006,16,52,5,0,150107A201,150103,0,0,1,0,,,0,0,0,0,0,0,0,0,0,0,0,0,0,0,0,0,0,0.0,0.0,0,0,0,0,0,0,0,0,0,0,0,0,0,0,0,0,0.0,,,0,2006-04-25,,,,,
4990672,2006,23,52,5,0,150107A201,150103,0,0,2,0,,,0,0,0,0,0,0,0,0,0,0,0,0,0,0,0,0,0,0.0,0.0,0,0,0,0,0,0,0,0,0,0,0,0,0,0,0,0,0.0,,,0,2006-06-13,,,,,
4991002,2006,24,52,5,0,150107A201,150103,0,2,2,0,,,0,0,0,0,0,0,0,0,0,0,0,0,0,0,0,0,0,0.0,0.0,0,0,0,0,0,0,0,0,0,0,0,0,0,0,0,0,0.0,,,0,2006-06-20,,,,,
4992070,2006,27,52,5,0,150107A201,150103,1,2,6,0,,,0,0,0,0,0,0,0,0,0,0,0,0,0,0,0,0,0,0.0,0.0,0,0,0,0,0,0,0,0,0,0,0,0,0,0,0,0,0.0,,,0,2006-07-11,,,,,
4992412,2006,28,52,5,0,150107A201,150103,0,1,2,0,,,0,0,0,0,0,0,0,0,0,0,0,0,0,0,0,0,0,0.0,0.0,0,0,0,0,0,0,0,0,0,0,0,0,0,0,1,0,0.0,,,0,2006-07-18,,,,,
4992763,2006,29,52,5,0,150107A201,150103,0,1,1,0,,,0,0,0,0,0,0,0,0,0,0,0,0,0,0,0,0,0,0.0,0.0,0,0,0,0,0,0,0,0,0,0,0,0,0,0,0,0,0.0,,,0,2006-07-25,,,,,
4993489,2006,31,52,5,0,150107A201,150103,0,1,0,0,,,0,0,0,0,0,0,0,0,0,0,0,0,0,0,0,0,0,0.0,0.0,0,0,0,0,0,0,0,0,0,0,0,0,0,0,0,0,0.0,,,0,2006-08-08,,,,,
4995973,2006,38,52,5,0,150107A201,150103,0,0,1,0,,,0,0,0,0,0,0,0,0,0,0,0,0,0,0,0,0,0,0.0,0.0,0,0,0,0,0,0,0,0,0,0,0,0,0,0,0,0,0.0,,,0,2006-09-25,,,,,
4996702,2006,40,52,5,0,150107A201,150103,0,1,2,0,,,0,0,0,0,0,0,0,0,0,0,0,0,0,0,0,0,0,0.0,0.0,0,0,0,0,0,0,0,0,0,0,0,0,0,0,0,0,0.0,,,0,2006-10-09,,,,,
4997419,2006,42,52,5,0,150107A201,150103,1,0,0,0,,,0,0,0,0,0,0,0,0,0,0,0,0,0,0,0,0,0,0.0,0.0,0,0,0,0,0,0,0,0,0,0,0,0,0,0,0,0,0.0,,,0,2006-10-28,,,,,
4997779,2006,43,52,5,0,150107A201,150103,0,1,0,0,,,0,0,0,0,0,0,0,0,0,0,0,0,0,0,0,0,0,0.0,0.0,0,0,0,0,0,0,0,0,0,0,0,0,0,0,0,0,0.0,,,0,2006-10-31,,,,,
4998133,2006,44,52,5,0,150107A201,150103,0,1,0,0,,,0,0,0,0,0,0,0,0,0,0,0,0,0,0,0,0,0,0.0,0.0,0,0,0,0,0,0,0,0,0,0,0,0,0,0,0,0,0.0,,,0,2006-11-06,,,,,
4998484,2006,45,52,5,0,150107A201,150103,0,0,1,0,,,0,0,0,0,0,0,0,0,0,0,0,0,0,0,0,0,0,0.0,0.0,0,0,0,0,0,0,0,0,0,0,0,0,0,0,1,0,0.0,,,0,2006-11-13,,,,,
4998838,2006,46,52,5,0,150107A201,150103,0,2,1,0,,,0,0,0,0,0,0,0,0,0,0,0,0,0,0,0,0,0,0.0,0.0,0,0,0,0,0,0,0,0,0,0,0,0,0,0,0,0,0.0,,,0,2006-11-20,,,,,
5000467,2006,51,52,5,0,150107A201,150103,0,1,0,0,,,0,0,0,0,0,0,0,0,0,0,0,0,0,0,0,0,0,0.0,0.0,0,0,0,0,0,0,0,0,0,0,0,0,0,0,1,0,0.0,,,0,2006-12-26,,,,,
4983196,2006,1,52,5,0,150107A201,150107,0,7,28,0,,,0,0,0,0,0,0,0,0,0,0,0,0,0,0,0,0,0,0.0,0.0,0,0,0,0,0,0,0,0,0,0,0,0,0,0,1,0,0.0,,,0,2006-01-10,,,,,
4983472,2006,2,52,5,0,150107A201,150107,0,8,19,0,,,0,0,0,0,0,0,0,0,0,0,0,0,0,0,0,0,0,0.0,0.0,0,0,0,0,0,0,0,0,0,0,0,0,0,0,0,0,0.0,,,0,2006-01-17,,,,,
4983775,2006,3,52,5,0,150107A201,150107,0,4,14,0,,,0,0,0,0,0,0,0,0,0,0,0,0,0,0,0,0,0,0.0,0.0,0,0,0,0,0,0,0,0,0,0,0,0,0,0,1,0,0.0,,,0,2006-01-24,,,,,
4984078,2006,4,52,5,0,150107A201,150107,0,4,12,0,,,0,0,0,0,0,0,0,0,0,0,0,0,0,0,0,0,0,0.0,0.0,0,0,0,0,0,0,0,0,0,0,0,0,0,0,0,0,0.0,,,0,2006-02-07,,,,,
4984432,2006,5,52,5,0,150107A201,150107,0,7,11,0,,,0,0,0,0,0,0,0,0,0,0,0,0,0,0,0,0,0,0.0,0.0,0,0,0,0,0,0,0,0,0,0,0,0,0,0,0,0,0.0,,,0,2006-02-09,,,,,
4984786,2006,6,52,5,0,150107A201,150107,1,9,17,0,,,0,0,0,0,0,0,0,0,0,0,0,0,0,0,0,0,0,0.0,0.0,0,0,0,0,0,0,0,0,0,0,0,0,0,0,0,0,0.0,,,0,2006-02-16,,,,,
4985137,2006,7,52,5,0,150107A201,150107,0,0,12,0,,,0,0,0,0,0,0,0,0,0,0,0,0,0,0,0,0,0,0.0,0.0,0,0,0,0,0,0,0,0,0,0,0,0,0,0,2,1,0.0,,,0,2006-02-21,,,,,
4985488,2006,8,52,5,0,150107A201,150107,0,9,11,0,,,0,0,0,0,0,0,0,0,0,0,0,0,0,0,0,0,0,0.0,0.0,0,0,0,0,0,0,0,0,0,0,0,0,0,0,0,0,0.0,,,0,2006-03-02,,,,,
4985821,2006,9,52,5,0,150107A201,150107,1,1,4,0,,,0,0,0,0,0,0,0,0,0,0,0,0,0,0,0,0,0,0.0,0.0,0,0,0,0,0,0,0,0,0,0,0,0,0,0,1,0,0.0,,,0,2006-03-13,,,,,
4986127,2006,10,52,5,0,150107A201,150107,0,7,11,0,,,0,0,0,0,0,0,0,0,0,0,0,0,0,0,0,0,0,0.0,0.0,0,0,0,0,0,0,0,0,0,0,0,0,0,0,1,0,0.0,,,0,2006-03-14,,,,,
4986463,2006,11,52,5,0,150107A201,150107,0,13,17,0,,,0,0,0,0,0,0,0,0,0,0,0,0,0,0,0,0,0,0.0,0.0,0,0,0,0,0,0,0,0,0,0,0,0,0,0,0,1,0.0,,,0,2006-03-22,,,,,
4986820,2006,12,52,5,0,150107A201,150107,0,8,17,0,,,0,0,0,0,0,0,0,0,0,0,0,0,0,0,0,0,0,0.0,0.0,0,0,0,0,0,0,0,0,0,0,0,0,0,0,1,2,0.0,,,0,2006-03-29,,,,,
4987156,2006,13,52,5,0,150107A201,150107,0,6,17,0,,,0,0,0,0,0,0,0,0,0,0,0,0,0,0,0,0,0,0.0,0.0,0,0,0,0,0,0,0,0,0,0,0,0,0,0,0,0,0.0,,,0,2006-04-04,,,,,
4987510,2006,14,52,5,0,150107A201,150107,0,4,24,0,,,0,0,0,0,0,0,0,0,0,0,0,0,0,0,0,0,0,0.0,0.0,0,0,0,0,0,0,0,0,0,0,0,0,0,0,1,0,0.0,,,0,2006-04-12,,,,,
4987873,2006,15,52,5,0,150107A201,150107,1,5,21,0,,,0,0,0,0,0,0,0,0,0,0,0,0,0,0,0,0,0,0.0,0.0,0,0,0,0,0,0,0,0,0,0,0,0,0,0,0,2,0.0,,,0,2006-04-18,,,,,
4988221,2006,16,52,5,0,150107A201,150107,1,3,28,0,,,0,0,0,0,0,0,0,0,0,0,0,0,0,0,0,0,0,0.0,0.0,0,0,0,0,0,0,0,0,0,0,0,0,0,0,2,0,0.0,,,0,2006-04-25,,,,,
4988545,2006,17,52,5,0,150107A201,150107,1,2,10,0,,,0,0,0,0,0,0,0,0,0,0,0,0,0,0,0,0,0,0.0,0.0,0,0,0,0,0,0,0,0,0,0,0,0,0,0,0,1,0.0,,,0,2006-05-04,,,,,
4988899,2006,18,52,5,0,150107A201,150107,0,9,33,0,,,0,0,0,0,0,0,0,0,0,0,0,0,0,0,0,0,0,0.0,0.0,0,0,0,0,0,0,0,0,0,0,0,0,0,0,2,2,0.0,,,0,2006-05-09,,,,,
4989280,2006,19,52,5,0,150107A201,150107,1,10,20,0,,,0,0,0,0,0,0,0,0,0,0,0,0,0,0,0,0,0,0.0,0.0,0,0,0,0,0,0,0,0,0,0,0,0,0,0,0,0,0.0,,,0,2006-05-16,,,,,
4989640,2006,20,52,5,0,150107A201,150107,1,6,29,0,,,0,0,0,0,0,0,0,0,0,0,0,0,0,0,0,0,0,0.0,0.0,0,0,0,0,0,0,0,0,0,0,0,0,0,0,2,1,0.0,,,0,2006-05-23,,,,,
4989988,2006,21,52,5,0,150107A201,150107,3,9,31,0,,,0,0,0,0,0,0,0,0,0,0,0,0,0,0,0,0,0,0.0,0.0,0,0,0,0,0,0,0,0,0,0,0,0,0,0,2,2,0.0,,,0,2006-05-30,,,,,
4990333,2006,22,52,5,0,150107A201,150107,3,10,41,0,,,0,0,0,0,0,0,0,0,0,0,0,0,0,0,0,0,0,0.0,0.0,0,0,0,0,0,0,0,0,0,0,0,0,0,0,2,0,0.0,,,0,2006-06-06,,,,,
4990675,2006,23,52,5,0,150107A201,150107,1,11,29,0,,,0,0,0,0,0,0,0,0,0,0,0,0,0,0,0,0,0,0.0,0.0,0,0,0,0,0,0,0,0,0,0,0,0,0,0,2,0,0.0,,,0,2006-06-13,,,,,
4991005,2006,24,52,5,0,150107A201,150107,1,7,33,0,,,0,0,0,0,0,0,0,0,0,0,0,0,0,0,0,0,0,0.0,0.0,0,0,0,0,0,0,0,0,0,0,0,0,0,0,0,2,0.0,,,0,2006-06-20,,,,,
4991380,2006,25,52,5,0,150107A201,150107,0,6,26,0,,,0,0,0,0,0,0,0,0,0,0,0,0,0,0,0,0,0,0.0,0.0,0,0,0,0,0,0,0,0,0,0,0,0,0,0,0,3,0.0,,,0,2006-06-27,,,,,
4991713,2006,26,52,5,0,150107A201,150107,0,6,13,0,,,0,0,0,0,0,0,0,0,0,0,0,0,0,0,0,0,0,0.0,0.0,0,0,0,0,0,0,0,0,0,0,0,0,0,0,3,1,0.0,,,0,2006-07-04,,,,,
4992073,2006,27,52,5,0,150107A201,150107,2,14,37,0,,,0,0,0,0,0,0,0,0,0,0,0,0,0,0,0,0,0,0.0,0.0,0,0,0,0,0,0,0,0,0,0,0,0,0,0,0,2,0.0,,,0,2006-07-11,,,,,
4992415,2006,28,52,5,0,150107A201,150107,0,6,25,0,,,0,0,0,0,0,0,0,0,0,0,0,0,0,0,0,0,0,0.0,0.0,0,0,0,0,0,0,0,0,0,0,0,0,0,0,1,0,0.0,,,0,2006-07-18,,,,,
4992766,2006,29,52,5,0,150107A201,150107,0,7,32,0,,,0,0,0,0,0,0,0,0,0,0,0,0,0,0,0,0,0,0.0,0.0,0,0,0,0,0,0,0,0,0,0,0,0,0,0,0,0,0.0,,,0,2006-07-25,,,,,
4993129,2006,30,52,5,0,150107A201,150107,1,4,27,0,,,0,0,0,0,0,0,0,0,0,0,0,0,0,0,0,0,0,0.0,0.0,0,0,0,0,0,0,0,0,0,0,0,0,0,0,1,0,0.0,,,0,2006-08-01,,,,,
4993492,2006,31,52,5,0,150107A201,150107,2,8,29,0,,,0,0,0,0,0,0,0,0,0,0,0,0,0,0,0,0,0,0.0,0.0,0,0,0,0,0,0,0,0,0,0,0,0,0,0,3,0,0.0,,,0,2006-08-08,,,,,
4993852,2006,32,52,5,0,150107A201,150107,1,0,22,0,,,0,0,0,0,0,0,0,0,0,0,0,0,0,0,0,0,0,0.0,0.0,0,0,0,0,0,0,0,0,0,0,0,0,0,0,3,0,0.0,,,0,2006-08-15,,,,,
4994212,2006,33,52,5,0,150107A201,150107,1,7,18,0,,,0,0,0,0,0,0,0,0,0,0,0,0,0,0,0,0,0,0.0,0.0,0,0,0,0,0,0,0,0,0,0,0,0,0,0,2,0,0.0,,,0,2006-08-22,,,,,
4994572,2006,34,52,5,0,150107A201,150107,0,10,34,0,,,0,0,0,0,0,0,0,0,0,0,0,0,0,0,0,0,0,0.0,0.0,0,0,0,0,0,0,0,0,0,0,0,0,0,0,2,0,0.0,,,0,2006-08-29,,,,,
4994914,2006,35,52,5,0,150107A201,150107,2,3,17,0,,,0,0,0,0,0,0,0,0,0,0,0,0,0,0,0,0,0,0.0,0.0,0,0,0,0,0,0,0,0,0,0,0,0,0,0,0,1,0.0,,,0,2006-09-05,,,,,
4995262,2006,36,52,5,0,150107A201,150107,1,7,18,0,,,0,0,0,0,0,0,0,0,0,0,0,0,0,0,0,0,0,0.0,0.0,0,0,0,0,0,0,0,0,0,0,0,0,0,0,0,0,0.0,,,0,2006-09-12,,,,,
4995616,2006,37,52,5,0,150107A201,150107,1,5,29,0,,,0,0,0,0,0,0,0,0,0,0,0,0,0,0,0,0,0,0.0,0.0,0,0,0,0,0,0,0,0,0,0,0,0,0,0,1,0,0.0,,,0,2006-09-18,,,,,
4995976,2006,38,52,5,0,150107A201,150107,1,5,22,0,,,0,0,0,0,0,0,0,0,0,0,0,0,0,0,0,0,0,0.0,0.0,0,0,0,0,0,0,0,0,0,0,0,0,0,0,0,0,0.0,,,0,2006-09-25,,,,,
4996342,2006,39,52,5,0,150107A201,150107,1,5,27,0,,,0,0,0,0,0,0,0,0,0,0,0,0,0,0,0,0,0,0.0,0.0,0,0,0,0,0,0,0,0,0,0,0,0,0,0,0,0,0.0,,,0,2006-10-02,,,,,
4996705,2006,40,52,5,0,150107A201,150107,1,10,35,0,,,0,0,0,0,0,0,0,0,0,0,0,0,0,0,0,0,0,0.0,0.0,0,0,0,0,0,0,0,0,0,0,0,0,0,0,2,1,0.0,,,0,2006-10-09,,,,,
4997068,2006,41,52,5,0,150107A201,150107,0,7,32,0,,,0,0,0,0,0,0,0,0,0,0,0,0,0,0,0,0,0,0.0,0.0,0,0,0,0,0,0,0,0,0,0,0,0,0,0,1,1,0.0,,,0,2006-10-16,,,,,
4997422,2006,42,52,5,0,150107A201,150107,2,7,15,0,,,0,0,0,0,0,0,0,0,0,0,0,0,0,0,0,0,0,0.0,0.0,0,0,0,0,0,0,0,0,0,0,0,0,0,0,1,1,0.0,,,0,2006-10-28,,,,,
4997782,2006,43,52,5,0,150107A201,150107,2,6,15,0,,,0,0,0,0,0,0,0,0,0,0,0,0,0,0,0,0,0,0.0,0.0,0,0,0,0,0,0,0,0,0,0,0,0,0,0,0,0,0.0,,,0,2006-10-31,,,,,
4998136,2006,44,52,5,0,150107A201,150107,0,8,23,0,,,0,0,0,0,0,0,0,0,0,0,0,0,0,0,0,0,0,0.0,0.0,0,0,0,0,0,0,0,0,0,0,0,0,0,0,1,1,0.0,,,0,2006-11-06,,,,,
4998487,2006,45,52,5,0,150107A201,150107,0,4,16,0,,,0,0,0,0,0,0,0,0,0,0,0,0,0,0,0,0,0,0.0,0.0,0,0,0,0,0,0,0,0,0,0,0,0,0,0,2,1,0.0,,,0,2006-11-13,,,,,
4998841,2006,46,52,5,0,150107A201,150107,0,8,10,0,,,0,0,0,0,0,0,0,0,0,0,0,0,0,0,0,0,0,0.0,0.0,0,0,0,0,0,0,0,0,0,0,0,0,0,0,0,0,0.0,,,0,2006-11-20,,,,,
4999189,2006,47,52,5,0,150107A201,150107,1,6,26,0,,,0,0,0,0,0,0,0,0,0,0,0,0,0,0,0,0,0,0.0,0.0,0,0,0,0,0,0,0,0,0,0,0,0,0,0,0,0,0.0,,,0,2006-11-28,,,,,
4999498,2006,48,52,5,0,150107A201,150107,0,6,20,0,,,0,0,0,0,0,0,0,0,0,0,0,0,0,0,0,0,0,0.0,0.0,0,0,0,0,0,0,0,0,0,0,0,0,0,0,1,0,0.0,,,0,2006-12-04,,,,,
4999783,2006,49,52,5,0,150107A201,150107,0,5,19,0,,,0,0,0,0,0,0,0,0,0,0,0,0,0,0,0,0,0,0.0,0.0,0,0,0,0,0,0,0,0,0,0,0,0,0,0,2,0,0.0,,,0,2006-12-11,,,,,
5000113,2006,50,52,5,0,150107A201,150107,0,4,23,0,,,0,0,0,0,0,0,0,0,0,0,0,0,0,0,0,0,0,0.0,0.0,0,0,0,0,0,0,0,0,0,0,0,0,0,0,0,0,0.0,,,0,2006-12-18,,,,,
5000470,2006,51,52,5,0,150107A201,150107,1,5,13,0,,,0,0,0,0,0,0,0,0,0,0,0,0,0,0,0,0,0,0.0,0.0,0,0,0,0,0,0,0,0,0,0,0,0,0,0,1,1,0.0,,,0,2006-12-26,,,,,
5000809,2006,52,52,5,0,150107A201,150107,0,7,20,0,,,0,0,0,0,0,0,0,0,0,0,0,0,0,0,0,0,0,0.0,0.0,0,0,0,0,0,0,0,0,0,0,0,0,0,0,0,1,0.0,,,0,2007-01-02,,,,,
4982842,2006,1,52,5,0,150107A201,150118,0,2,5,0,,,0,0,0,0,0,0,0,0,0,0,0,0,0,0,0,0,0,0.0,0.0,0,0,0,0,0,0,0,0,0,0,0,0,0,0,0,0,0.0,,,0,2006-01-10,,,,,
4983475,2006,2,52,5,0,150107A201,150118,1,2,2,0,,,0,0,0,0,0,0,0,0,0,0,0,0,0,0,0,0,0,0.0,0.0,0,0,0,0,0,0,0,0,0,0,0,0,0,0,0,0,0.0,,,0,2006-01-17,,,,,
4982980,2006,3,52,5,0,150107A201,150118,0,3,4,0,,,0,0,0,0,0,0,0,0,0,0,0,0,0,0,0,0,0,0.0,0.0,0,0,0,0,0,0,0,0,0,0,0,0,0,0,0,0,0.0,,,0,2006-01-24,,,,,
4984435,2006,5,52,5,0,150107A201,150118,0,0,2,0,,,0,0,0,0,0,0,0,0,0,0,0,0,0,0,0,0,0,0.0,0.0,0,0,0,0,0,0,0,0,0,0,0,0,0,0,0,0,0.0,,,0,2006-02-09,,,,,
4984789,2006,6,52,5,0,150107A201,150118,0,2,2,0,,,0,0,0,0,0,0,0,0,0,0,0,0,0,0,0,0,0,0.0,0.0,0,0,0,0,0,0,0,0,0,0,0,0,0,0,0,0,0.0,,,0,2006-02-16,,,,,
4985140,2006,7,52,5,0,150107A201,150118,0,1,2,0,,,0,0,0,0,0,0,0,0,0,0,0,0,0,0,0,0,0,0.0,0.0,0,0,0,0,0,0,0,0,0,0,0,0,0,0,0,0,0.0,,,0,2006-02-21,,,,,
4985491,2006,8,52,5,0,150107A201,150118,0,0,2,0,,,0,0,0,0,0,0,0,0,0,0,0,0,0,0,0,0,0,0.0,0.0,0,0,0,0,0,0,0,0,0,0,0,0,0,0,0,0,0.0,,,0,2006-03-02,,,,,
4985824,2006,9,52,5,0,150107A201,150118,0,1,3,0,,,0,0,0,0,0,0,0,0,0,0,0,0,0,0,0,0,0,0.0,0.0,0,0,0,0,0,0,0,0,0,0,0,0,0,0,0,0,0.0,,,0,2006-03-13,,,,,
4986466,2006,11,52,5,0,150107A201,150118,0,1,0,0,,,0,0,0,0,0,0,0,0,0,0,0,0,0,0,0,0,0,0.0,0.0,0,0,0,0,0,0,0,0,0,0,0,0,0,0,0,0,0.0,,,0,2006-03-22,,,,,
4986823,2006,12,52,5,0,150107A201,150118,0,0,3,0,,,0,0,0,0,0,0,0,0,0,0,0,0,0,0,0,0,0,0.0,0.0,0,0,0,0,0,0,0,0,0,0,0,0,0,0,0,0,0.0,,,0,2006-03-29,,,,,
4987159,2006,13,52,5,0,150107A201,150118,0,0,1,0,,,0,0,0,0,0,0,0,0,0,0,0,0,0,0,0,0,0,0.0,0.0,0,0,0,0,0,0,0,0,0,0,0,0,0,0,0,0,0.0,,,0,2006-04-04,,,,,
4987513,2006,14,52,5,0,150107A201,150118,0,1,2,0,,,0,0,0,0,0,0,0,0,0,0,0,0,0,0,0,0,0,0.0,0.0,0,0,0,0,0,0,0,0,0,0,0,0,0,0,0,0,0.0,,,0,2006-04-12,,,,,
4987876,2006,15,52,5,0,150107A201,150118,0,1,6,0,,,0,0,0,0,0,0,0,0,0,0,0,0,0,0,0,0,0,0.0,0.0,0,0,0,0,0,0,0,0,0,0,0,0,0,0,0,1,0.0,,,0,2006-04-18,,,,,
4988224,2006,16,52,5,0,150107A201,150118,0,1,0,0,,,0,0,0,0,0,0,0,0,0,0,0,0,0,0,0,0,0,0.0,0.0,0,0,0,0,0,0,0,0,0,0,0,0,0,0,0,0,0.0,,,0,2006-04-25,,,,,
4988548,2006,17,52,5,0,150107A201,150118,0,1,3,0,,,0,0,0,0,0,0,0,0,0,0,0,0,0,0,0,0,0,0.0,0.0,0,0,0,0,0,0,0,0,0,0,0,0,0,0,0,0,0.0,,,0,2006-05-04,,,,,
4988902,2006,18,52,5,0,150107A201,150118,1,1,7,0,,,0,0,0,0,0,0,0,0,0,0,0,0,0,0,0,0,0,0.0,0.0,0,0,0,0,0,0,0,0,0,0,0,0,0,0,0,0,0.0,,,0,2006-05-09,,,,,
4989283,2006,19,52,5,0,150107A201,150118,0,3,15,0,,,0,0,0,0,0,0,0,0,0,0,0,0,0,0,0,0,0,0.0,0.0,0,0,0,0,0,0,0,0,0,0,0,0,0,0,0,0,0.0,,,0,2006-05-16,,,,,
4989643,2006,20,52,5,0,150107A201,150118,0,1,12,0,,,0,0,0,0,0,0,0,0,0,0,0,0,0,0,0,0,0,0.0,0.0,0,0,0,0,0,0,0,0,0,0,0,0,0,0,0,0,0.0,,,0,2006-05-23,,,,,
4989991,2006,21,52,5,0,150107A201,150118,0,2,1,0,,,0,0,0,0,0,0,0,0,0,0,0,0,0,0,0,0,0,0.0,0.0,0,0,0,0,0,0,0,0,0,0,0,0,0,0,0,0,0.0,,,0,2006-05-30,,,,,
4990336,2006,22,52,5,0,150107A201,150118,0,1,1,0,,,0,0,0,0,0,0,0,0,0,0,0,0,0,0,0,0,0,0.0,0.0,0,0,0,0,0,0,0,0,0,0,0,0,0,0,0,0,0.0,,,0,2006-06-06,,,,,
4990678,2006,23,52,5,0,150107A201,150118,0,3,8,0,,,0,0,0,0,0,0,0,0,0,0,0,0,0,0,0,0,0,0.0,0.0,0,0,0,0,0,0,0,0,0,0,0,0,0,0,0,1,0.0,,,0,2006-06-13,,,,,
4991008,2006,24,52,5,0,150107A201,150118,0,0,3,0,,,0,0,0,0,0,0,0,0,0,0,0,0,0,0,0,0,0,0.0,0.0,0,0,0,0,0,0,0,0,0,0,0,0,0,0,0,0,0.0,,,0,2006-06-20,,,,,
4991383,2006,25,52,5,0,150107A201,150118,0,1,3,0,,,0,0,0,0,0,0,0,0,0,0,0,0,0,0,0,0,0,0.0,0.0,0,0,0,0,0,0,0,0,0,0,0,0,0,0,0,0,0.0,,,0,2006-06-27,,,,,
4991716,2006,26,52,5,0,150107A201,150118,0,0,2,0,,,0,0,0,0,0,0,0,0,0,0,0,0,0,0,0,0,0,0.0,0.0,0,0,0,0,0,0,0,0,0,0,0,0,0,0,0,0,0.0,,,0,2006-07-04,,,,,
4992076,2006,27,52,5,0,150107A201,150118,0,1,1,0,,,0,0,0,0,0,0,0,0,0,0,0,0,0,0,0,0,0,0.0,0.0,0,0,0,0,0,0,0,0,0,0,0,0,0,0,1,1,0.0,,,0,2006-07-11,,,,,
4992418,2006,28,52,5,0,150107A201,150118,0,0,1,0,,,0,0,0,0,0,0,0,0,0,0,0,0,0,0,0,0,0,0.0,0.0,0,0,0,0,0,0,0,0,0,0,0,0,0,0,0,0,0.0,,,0,2006-07-18,,,,,
4992769,2006,29,52,5,0,150107A201,150118,0,1,2,0,,,0,0,0,0,0,0,0,0,0,0,0,0,0,0,0,0,0,0.0,0.0,0,0,0,0,0,0,0,0,0,0,0,0,0,0,1,0,0.0,,,0,2006-07-25,,,,,
4993132,2006,30,52,5,0,150107A201,150118,0,3,3,0,,,0,0,0,0,0,0,0,0,0,0,0,0,0,0,0,0,0,0.0,0.0,0,0,0,0,0,0,0,0,0,0,0,0,0,0,0,0,0.0,,,0,2006-08-01,,,,,
4993495,2006,31,52,5,0,150107A201,150118,0,3,6,0,,,0,0,0,0,0,0,0,0,0,0,0,0,0,0,0,0,0,0.0,0.0,0,0,0,0,0,0,0,0,0,0,0,0,0,0,0,0,0.0,,,0,2006-08-08,,,,,
4993855,2006,32,52,5,0,150107A201,150118,0,2,2,0,,,0,0,0,0,0,0,0,0,0,0,0,0,0,0,0,0,0,0.0,0.0,0,0,0,0,0,0,0,0,0,0,0,0,0,0,0,0,0.0,,,0,2006-08-15,,,,,
4994215,2006,33,52,5,0,150107A201,150118,0,0,1,0,,,0,0,0,0,0,0,0,0,0,0,0,0,0,0,0,0,0,0.0,0.0,0,0,0,0,0,0,0,0,0,0,0,0,0,0,0,0,0.0,,,0,2006-08-22,,,,,
4994575,2006,34,52,5,0,150107A201,150118,0,2,3,0,,,0,0,0,0,0,0,0,0,0,0,0,0,0,0,0,0,0,0.0,0.0,0,0,0,0,0,0,0,0,0,0,0,0,0,0,0,0,0.0,,,0,2006-08-29,,,,,
4994917,2006,35,52,5,0,150107A201,150118,0,0,8,0,,,0,0,0,0,0,0,0,0,0,0,0,0,0,0,0,0,0,0.0,0.0,0,0,0,0,0,0,0,0,0,0,0,0,0,0,1,0,0.0,,,0,2006-09-05,,,,,
4995265,2006,36,52,5,0,150107A201,150118,0,2,3,0,,,0,0,0,0,0,0,0,0,0,0,0,0,0,0,0,0,0,0.0,0.0,0,0,0,0,0,0,0,0,0,0,0,0,0,0,0,0,0.0,,,0,2006-09-12,,,,,
4995619,2006,37,52,5,0,150107A201,150118,0,0,3,0,,,0,0,0,0,0,0,0,0,0,0,0,0,0,0,0,0,0,0.0,0.0,0,0,0,0,0,0,0,0,0,0,0,0,0,0,0,0,0.0,,,0,2006-09-18,,,,,
4995979,2006,38,52,5,0,150107A201,150118,0,1,11,0,,,0,0,0,0,0,0,0,0,0,0,0,0,0,0,0,0,0,0.0,0.0,0,0,0,0,0,0,0,0,0,0,0,0,0,0,0,0,0.0,,,0,2006-09-25,,,,,
4996345,2006,39,52,5,0,150107A201,150118,0,0,4,0,,,0,0,0,0,0,0,0,0,0,0,0,0,0,0,0,0,0,0.0,0.0,0,0,0,0,0,0,0,0,0,0,0,0,0,0,0,0,0.0,,,0,2006-10-02,,,,,
4996708,2006,40,52,5,0,150107A201,150118,0,3,1,0,,,0,0,0,0,0,0,0,0,0,0,0,0,0,0,0,0,0,0.0,0.0,0,0,0,0,0,0,0,0,0,0,0,0,0,0,0,0,0.0,,,0,2006-10-09,,,,,
4997071,2006,41,52,5,0,150107A201,150118,0,3,5,0,,,0,0,0,0,0,0,0,0,0,0,0,0,0,0,0,0,0,0.0,0.0,0,0,0,0,0,0,0,0,0,0,0,0,0,0,0,0,0.0,,,0,2006-10-16,,,,,
4997425,2006,42,52,5,0,150107A201,150118,1,1,9,0,,,0,0,0,0,0,0,0,0,0,0,0,0,0,0,0,0,0,0.0,0.0,0,0,0,0,0,0,0,0,0,0,0,0,0,0,0,0,0.0,,,0,2006-10-28,,,,,
4997785,2006,43,52,5,0,150107A201,150118,0,1,4,0,,,0,0,0,0,0,0,0,0,0,0,0,0,0,0,0,0,0,0.0,0.0,0,0,0,0,0,0,0,0,0,0,0,0,0,0,0,0,0.0,,,0,2006-10-31,,,,,
4998139,2006,44,52,5,0,150107A201,150118,0,2,7,0,,,0,0,0,0,0,0,0,0,0,0,0,0,0,0,0,0,0,0.0,0.0,0,0,0,0,0,0,0,0,0,0,0,0,0,0,1,0,0.0,,,0,2006-11-06,,,,,
4998490,2006,45,52,5,0,150107A201,150118,0,4,10,0,,,0,0,0,0,0,0,0,0,0,0,0,0,0,0,0,0,0,0.0,0.0,0,0,0,0,0,0,0,0,0,0,0,0,0,0,0,0,0.0,,,0,2006-11-13,,,,,
4998844,2006,46,52,5,0,150107A201,150118,0,2,8,0,,,0,0,0,0,0,0,0,0,0,0,0,0,0,0,0,0,0,0.0,0.0,0,0,0,0,0,0,0,0,0,0,0,0,0,0,0,1,0.0,,,0,2006-11-20,,,,,
4999192,2006,47,52,5,0,150107A201,150118,0,0,10,0,,,0,0,0,0,0,0,0,0,0,0,0,0,0,0,0,0,0,0.0,0.0,0,0,0,0,0,0,0,0,0,0,0,0,0,0,0,0,0.0,,,0,2006-11-28,,,,,
4999501,2006,48,52,5,0,150107A201,150118,0,3,5,0,,,0,0,0,0,0,0,0,0,0,0,0,0,0,0,0,0,0,0.0,0.0,0,0,0,0,0,0,0,0,0,0,0,0,0,0,0,0,0.0,,,0,2006-12-04,,,,,
4999786,2006,49,52,5,0,150107A201,150118,0,0,5,0,,,0,0,0,0,0,0,0,0,0,0,0,0,0,0,0,0,0,0.0,0.0,0,0,0,0,0,0,0,0,0,0,0,0,0,0,0,0,0.0,,,0,2006-12-11,,,,,
5000116,2006,50,52,5,0,150107A201,150118,0,1,5,0,,,0,0,0,0,0,0,0,0,0,0,0,0,0,0,0,0,0,0.0,0.0,0,0,0,0,0,0,0,0,0,0,0,0,0,0,0,0,0.0,,,0,2006-12-18,,,,,
5000473,2006,51,52,5,0,150107A201,150118,0,2,1,0,,,0,0,0,0,0,0,0,0,0,0,0,0,0,0,0,0,0,0.0,0.0,0,0,0,0,0,0,0,0,0,0,0,0,0,0,0,1,0.0,,,0,2006-12-26,,,,,
5000812,2006,52,52,5,0,150107A201,150118,0,3,4,0,,,0,0,0,0,0,0,0,0,0,0,0,0,0,0,0,0,0,0.0,0.0,0,0,0,0,0,0,0,0,0,0,0,0,0,0,0,0,0.0,,,0,2007-01-02,,,,,
4983199,2006,1,52,5,0,150107A201,150137,0,0,1,0,,,0,0,0,0,0,0,0,0,0,0,0,0,0,0,0,0,0,0.0,0.0,0,0,0,0,0,0,0,0,0,0,0,0,0,0,0,0,0.0,,,0,2006-01-10,,,,,
5940619,2007,3,52,5,0,150107A201,150103,0,1,0,0,,,0,0,0,0,0,0,0,0,0,0,0,0,0,0,0,0,0,0.0,0.0,0,0,0,0,0,0,0,0,0,0,0,0,0,0,0,0,0.0,,,0,2007-01-23,,,,,
5941819,2007,6,52,5,0,150107A201,150103,0,0,2,0,,,0,0,0,0,0,0,0,0,0,0,0,0,0,0,0,0,0,0.0,0.0,0,0,0,0,0,0,0,0,0,0,0,0,0,0,0,0,0.0,,,0,2007-02-12,,,,,
5942476,2007,8,52,5,0,150107A201,150103,0,0,3,0,,,0,0,0,0,0,0,0,0,0,0,0,0,0,0,0,0,0,0.0,0.0,0,0,0,0,0,0,0,0,0,0,0,0,0,0,0,1,0.0,,,0,2007-02-26,,,,,
5942890,2007,9,52,5,0,150107A201,150103,0,0,3,0,,,0,0,0,0,0,0,0,0,0,0,0,0,0,0,0,0,0,0.0,0.0,0,0,0,0,0,0,0,0,0,0,0,0,0,0,0,0,0.0,,,0,2007-03-05,,,,,
5943325,2007,10,52,5,0,150107A201,150103,0,2,8,0,,,0,0,0,0,0,0,0,0,0,0,0,0,0,0,0,0,0,0.0,0.0,0,0,0,0,0,0,0,0,0,0,0,0,0,0,0,0,0.0,,,0,2007-03-12,,,,,
5944264,2007,12,52,5,0,150107A201,150103,0,1,2,0,,,0,0,0,0,0,0,0,0,0,0,0,0,0,0,0,0,0,0.0,0.0,0,0,0,0,0,0,0,0,0,0,0,0,0,0,0,0,0.0,,,0,2007-03-26,,,,,
5945308,2007,15,52,5,0,150107A201,150103,0,0,3,0,,,0,0,0,0,0,0,0,0,0,0,0,0,0,0,0,0,0,0.0,0.0,0,0,0,0,0,0,0,0,0,0,0,0,0,0,0,0,0.0,,,0,2007-04-17,,,,,
5946154,2007,17,52,5,0,150107A201,150103,0,0,2,0,,,0,0,0,0,0,0,0,0,0,0,0,0,0,0,0,0,0,0.0,0.0,0,0,0,0,0,0,0,0,0,0,0,0,0,0,0,0,0.0,,,0,2007-04-30,,,,,
5948227,2007,22,52,5,0,150107A201,150103,0,0,2,0,,,0,0,0,0,0,0,0,0,0,0,0,0,0,0,0,0,0,0.0,0.0,0,0,0,0,0,0,0,0,0,0,0,0,0,0,0,0,0.0,,,0,2007-06-04,,,,,
5949340,2007,25,52,5,0,150107A201,150103,0,0,1,0,,,0,0,0,0,0,0,0,0,0,0,0,0,0,0,0,0,0,0.0,0.0,0,0,0,0,0,0,0,0,0,0,0,0,0,0,0,0,0.0,,,0,2007-06-26,,,,,
5949874,2007,26,52,5,0,150107A201,150103,0,0,1,0,,,0,0,0,0,0,0,0,0,0,0,0,0,0,0,0,0,0,0.0,0.0,0,0,0,0,0,0,0,0,0,0,0,0,0,0,0,0,0.0,,,0,2007-07-03,,,,,
5951113,2007,29,52,5,0,150107A201,150103,0,1,2,0,,,0,0,0,0,0,0,0,0,0,0,0,0,0,0,0,0,0,0.0,0.0,0,0,0,0,0,0,0,0,0,0,0,0,0,0,0,0,0.0,,,0,2007-07-23,,,,,
5953861,2007,36,52,5,0,150107A201,150103,0,0,1,0,,,0,0,0,0,0,0,0,0,0,0,0,0,0,0,0,0,0,0.0,0.0,0,0,0,0,0,0,0,0,0,0,0,0,0,0,0,0,0.0,,,0,2007-09-10,,,,,
5957038,2007,44,52,5,0,150107A201,150103,0,0,2,0,,,0,0,0,0,0,0,0,0,0,0,0,0,0,0,0,0,0,0.0,0.0,0,0,0,0,0,0,0,0,0,0,0,0,0,0,0,0,0.0,,,0,2007-11-05,,,,,
5958601,2007,48,52,5,0,150107A201,150103,0,1,2,0,,,0,0,0,0,0,0,0,0,0,0,0,0,0,0,0,0,0,0.0,0.0,0,0,0,0,0,0,0,0,0,0,0,0,0,0,0,0,0.0,,,0,2007-12-04,,,,,
5960332,2007,52,52,5,0,150107A201,150103,0,0,3,0,,,0,0,0,0,0,0,0,0,0,0,0,0,0,0,0,0,0,0.0,0.0,0,0,0,0,0,0,0,0,0,0,0,0,0,0,0,0,0.0,,,0,2008-01-02,,,,,
5939890,2007,1,52,5,0,150107A201,150107,0,5,15,0,,,0,0,0,0,0,0,0,0,0,0,0,0,0,0,0,0,0,0.0,0.0,0,0,0,0,0,0,0,0,0,0,0,0,0,0,0,0,0.0,,,0,2007-01-08,,,,,
5940256,2007,2,52,5,0,150107A201,150107,0,5,13,0,,,0,0,0,0,0,0,0,0,0,0,0,0,0,0,0,0,0,0.0,0.0,0,0,0,0,0,0,0,0,0,0,0,0,0,0,0,0,0.0,,,0,2007-01-16,,,,,
5940622,2007,3,52,5,0,150107A201,150107,0,3,14,0,,,0,0,0,0,0,0,0,0,0,0,0,0,0,0,0,0,0,0.0,0.0,0,0,0,0,0,0,0,0,0,0,0,0,0,0,0,0,0.0,,,0,2007-01-23,,,,,
5941000,2007,4,52,5,0,150107A201,150107,0,5,11,0,,,0,0,0,0,0,0,0,0,0,0,0,0,0,0,0,0,0,0.0,0.0,0,0,0,0,0,0,0,0,0,0,0,0,0,0,0,0,0.0,,,0,2007-01-29,,,,,
5941324,2007,5,52,5,0,150107A201,150107,4,4,16,0,,,0,0,0,0,0,0,0,0,0,0,0,0,0,0,0,0,0,0.0,0.0,0,0,0,0,0,0,0,0,0,0,0,0,0,0,0,0,0.0,,,0,2007-02-05,,,,,
5941816,2007,6,52,5,0,150107A201,150107,0,5,7,0,,,0,0,0,0,0,0,0,0,0,0,0,0,0,0,0,0,0,0.0,0.0,0,0,0,0,0,0,0,0,0,0,0,0,0,0,1,0,0.0,,,0,2007-02-12,,,,,
5942107,2007,7,52,5,0,150107A201,150107,0,2,17,0,,,0,0,0,0,0,0,0,0,0,0,0,0,0,0,0,0,0,0.0,0.0,0,0,0,0,0,0,0,0,0,0,0,0,0,0,1,1,0.0,,,0,2007-02-19,,,,,
5942470,2007,8,52,5,0,150107A201,150107,0,2,14,0,,,0,0,0,0,0,0,0,0,0,0,0,0,0,0,0,0,0,0.0,0.0,0,0,0,0,0,0,0,0,0,0,0,0,0,0,0,2,0.0,,,0,2007-02-26,,,,,
5942884,2007,9,52,5,0,150107A201,150107,0,3,10,0,,,0,0,0,0,0,0,0,0,0,0,0,0,0,0,0,0,0,0.0,0.0,0,0,0,0,0,0,0,0,0,0,0,0,0,0,0,0,0.0,,,0,2007-03-05,,,,,
5943292,2007,10,52,5,0,150107A201,150107,1,5,10,0,,,0,0,0,0,0,0,0,0,0,0,0,0,0,0,0,0,0,0.0,0.0,0,0,0,0,0,0,0,0,0,0,0,0,0,0,0,0,0.0,,,0,2007-03-12,,,,,
5954788,2007,11,52,5,0,150107A201,150107,1,8,33,0,,,0,0,0,0,0,0,0,0,0,0,0,0,0,0,0,0,0,0.0,0.0,0,0,0,0,0,0,0,0,0,0,0,0,0,0,0,0,0.0,,,0,2007-09-18,,,,,
5944258,2007,12,52,5,0,150107A201,150107,0,6,16,0,,,0,0,0,0,0,0,0,0,0,0,0,0,0,0,0,0,0,0.0,0.0,0,0,0,0,0,0,0,0,0,0,0,0,0,0,1,1,0.0,,,0,2007-03-26,,,,,
5944474,2007,13,52,5,0,150107A201,150107,0,5,13,0,,,0,0,0,0,0,0,0,0,0,0,0,0,0,0,0,0,0,0.0,0.0,0,0,0,0,0,0,0,0,0,0,0,0,0,0,0,1,0.0,,,0,2007-04-02,,,,,
5944921,2007,14,52,5,0,150107A201,150107,0,3,19,0,,,0,0,0,0,0,0,0,0,0,0,0,0,0,0,0,0,0,0.0,0.0,0,0,0,0,0,0,0,0,0,0,0,0,0,0,0,0,0.0,,,0,2007-04-09,,,,,
5945302,2007,15,52,5,0,150107A201,150107,1,3,23,0,,,0,0,0,0,0,0,0,0,0,0,0,0,0,0,0,0,0,0.0,0.0,0,0,0,0,0,0,0,0,0,0,0,0,0,0,1,1,0.0,,,0,2007-04-17,,,,,
5945746,2007,16,52,5,0,150107A201,150107,1,2,12,0,,,0,0,0,0,0,0,0,0,0,0,0,0,0,0,0,0,0,0.0,0.0,0,0,0,0,0,0,0,0,0,0,0,0,0,0,0,1,0.0,,,0,2007-04-22,,,,,
5946148,2007,17,52,5,0,150107A201,150107,0,5,26,0,,,0,0,0,0,0,0,0,0,0,0,0,0,0,0,0,0,0,0.0,0.0,0,0,0,0,0,0,0,0,0,0,0,0,0,0,0,0,0.0,,,0,2007-04-30,,,,,
5946562,2007,18,52,5,0,150107A201,150107,1,6,27,0,,,0,0,0,0,0,0,0,0,0,0,0,0,0,0,0,0,0,0.0,0.0,0,0,0,0,0,0,0,0,0,0,0,0,0,0,2,0,0.0,,,0,2007-05-07,,,,,
5946961,2007,19,52,5,0,150107A201,150107,0,3,23,0,,,0,0,0,0,0,0,0,0,0,0,0,0,0,0,0,0,0,0.0,0.0,0,0,0,0,0,0,0,0,0,0,0,0,0,0,2,0,0.0,,,0,2007-05-14,,,,,
5947378,2007,20,52,5,0,150107A201,150107,1,6,25,0,,,0,0,0,0,0,0,0,0,0,0,0,0,0,0,0,0,0,0.0,0.0,0,0,0,0,0,0,0,0,0,0,0,0,0,0,2,4,0.0,,,0,2007-05-21,,,,,
5947951,2007,21,52,5,0,150107A201,150107,1,5,26,0,,,0,0,0,0,0,0,0,0,0,0,0,0,0,0,0,0,0,0.0,0.0,0,0,0,0,0,0,0,0,0,0,0,0,0,0,1,2,0.0,,,0,2007-05-28,,,,,
5948221,2007,22,52,5,0,150107A201,150107,2,2,25,0,,,0,0,0,0,0,0,0,0,0,0,0,0,0,0,0,0,0,0.0,0.0,0,0,0,0,0,0,0,0,0,0,0,0,0,0,1,0,0.0,,,0,2007-06-04,,,,,
5948644,2007,23,52,5,0,150107A201,150107,0,7,25,0,,,0,0,0,0,0,0,0,0,0,0,0,0,0,0,0,0,0,0.0,0.0,0,0,0,0,0,0,0,0,0,0,0,0,0,0,1,0,0.0,,,0,2007-06-11,,,,,
5949058,2007,24,52,5,0,150107A201,150107,2,1,18,0,,,0,0,0,0,0,0,0,0,0,0,0,0,0,0,0,0,0,0.0,0.0,0,0,0,0,0,0,0,0,0,0,0,0,0,0,2,1,0.0,,,0,2007-06-18,,,,,
5949334,2007,25,52,5,0,150107A201,150107,1,5,20,0,,,0,0,0,0,0,0,0,0,0,0,0,0,0,0,0,0,0,0.0,0.0,0,0,0,0,0,0,0,0,0,0,0,0,0,0,1,6,0.0,,,0,2007-06-26,,,,,
5949868,2007,26,52,5,0,150107A201,150107,0,2,17,0,,,0,0,0,0,0,0,0,0,0,0,0,0,0,0,0,0,0,0.0,0.0,0,0,0,0,0,0,0,0,0,0,0,0,0,0,1,3,0.0,,,0,2007-07-03,,,,,
5950282,2007,27,52,5,0,150107A201,150107,1,3,33,0,,,0,0,0,0,0,0,0,0,0,0,0,0,0,0,0,0,0,0.0,0.0,0,0,0,0,0,0,0,0,0,0,0,0,0,0,2,0,0.0,,,0,2007-07-09,,,,,
5950699,2007,28,52,5,0,150107A201,150107,0,4,26,0,,,0,0,0,0,0,0,0,0,0,0,0,0,0,0,0,0,0,0.0,0.0,0,0,0,0,0,0,0,0,0,0,0,0,0,0,1,0,0.0,,,0,2007-07-16,,,,,
5951107,2007,29,52,5,0,150107A201,150107,1,7,19,0,,,0,0,0,0,0,0,0,0,0,0,0,0,0,0,0,0,0,0.0,0.0,0,0,0,0,0,0,0,0,0,0,0,0,0,0,1,2,0.0,,,0,2007-07-23,,,,,
5951521,2007,30,52,5,0,150107A201,150107,1,3,19,0,,,0,0,0,0,0,0,0,0,0,0,0,0,0,0,0,0,0,0.0,0.0,0,0,0,0,0,0,0,0,0,0,0,0,0,0,1,2,0.0,,,0,2007-07-31,,,,,
5951899,2007,31,52,5,0,150107A201,150107,1,6,25,0,,,0,0,0,0,0,0,0,0,0,0,0,0,0,0,0,0,0,0.0,0.0,0,0,0,0,0,0,0,0,0,0,0,0,0,0,0,0,0.0,,,0,2007-08-06,,,,,
5952310,2007,32,52,5,0,150107A201,150107,0,5,20,0,,,0,0,0,0,0,0,0,0,0,0,0,0,0,0,0,0,0,0.0,0.0,0,0,0,0,0,0,0,0,0,0,0,0,0,0,1,0,0.0,,,0,2007-08-13,,,,,
5952553,2007,33,52,5,0,150107A201,150107,0,6,18,0,,,0,0,0,0,0,0,0,0,0,0,0,0,0,0,0,0,0,0.0,0.0,0,0,0,0,0,0,0,0,0,0,0,0,0,0,1,0,0.0,,,0,2007-08-21,,,,,
5953096,2007,34,52,5,0,150107A201,150107,3,6,24,0,,,0,0,0,0,0,0,0,0,0,0,0,0,0,0,0,0,0,0.0,0.0,0,0,0,0,0,0,0,0,0,0,0,0,0,0,0,0,0.0,,,0,2007-08-27,,,,,
5953324,2007,35,52,5,0,150107A201,150107,1,6,19,0,,,0,0,0,0,0,0,0,0,0,0,0,0,0,0,0,0,0,0.0,0.0,0,0,0,0,0,0,0,0,0,0,0,0,0,0,0,0,0.0,,,0,2007-09-04,,,,,
5953855,2007,36,52,5,0,150107A201,150107,4,4,37,0,,,0,0,0,0,0,0,0,0,0,0,0,0,0,0,0,0,0,0.0,0.0,0,0,0,0,0,0,0,0,0,0,0,0,0,0,2,0,0.0,,,0,2007-09-10,,,,,
5954623,2007,38,52,5,0,150107A201,150107,2,4,32,0,,,0,0,0,0,0,0,0,0,0,0,0,0,0,0,0,0,0,0.0,0.0,0,0,0,0,0,0,0,0,0,0,0,0,0,0,0,4,0.0,,,0,2007-09-24,,,,,
5955049,2007,39,52,5,0,150107A201,150107,0,4,27,0,,,0,0,0,0,0,0,0,0,0,0,0,0,0,0,0,0,0,0.0,0.0,0,0,0,0,0,0,0,0,0,0,0,0,0,0,1,0,0.0,,,0,2007-10-01,,,,,
5955481,2007,40,52,5,0,150107A201,150107,0,2,31,0,,,0,0,0,0,0,0,0,0,0,0,0,0,0,0,0,0,0,0.0,0.0,0,0,0,0,0,0,0,0,0,0,0,0,0,0,0,0,0.0,,,0,2007-10-09,,,,,
5955853,2007,41,52,5,0,150107A201,150107,0,2,23,0,,,0,0,0,0,0,0,0,0,0,0,0,0,0,0,0,0,0,0.0,0.0,0,0,0,0,0,0,0,0,0,0,0,0,0,0,0,1,0.0,,,0,2007-10-15,,,,,
5956273,2007,42,52,5,0,150107A201,150107,0,4,24,0,,,0,0,0,0,0,0,0,0,0,0,0,0,0,0,0,0,0,0.0,0.0,0,0,0,0,0,0,0,0,0,0,0,0,0,0,0,0,0.0,,,0,2007-10-22,,,,,
5956669,2007,43,52,5,0,150107A201,150107,0,6,30,0,,,0,0,0,0,0,0,0,0,0,0,0,0,0,0,0,0,0,0.0,0.0,0,0,0,0,0,0,0,0,0,0,0,0,0,0,0,0,0.0,,,0,2007-10-29,,,,,
5957032,2007,44,52,5,0,150107A201,150107,0,3,24,0,,,0,0,0,0,0,0,0,0,0,0,0,0,0,0,0,0,0,0.0,0.0,0,0,0,0,0,0,0,0,0,0,0,0,0,0,0,0,0.0,,,0,2007-11-05,,,,,
5957428,2007,45,52,5,0,150107A201,150107,1,8,23,0,,,0,0,0,0,0,1,0,0,0,0,0,0,0,0,0,0,0,0.0,0.0,0,0,0,0,0,0,0,0,0,0,0,0,0,0,0,0,0.0,,,0,2007-11-12,,,,,
5957800,2007,46,52,5,0,150107A201,150107,2,3,25,0,,,0,0,0,0,0,0,0,0,0,0,0,0,0,0,0,0,0,0.0,0.0,0,0,0,0,0,0,0,0,0,0,0,0,0,0,0,0,0.0,,,0,2007-11-19,,,,,
5958190,2007,47,52,5,0,150107A201,150107,0,5,28,0,,,0,0,0,0,0,0,0,0,0,0,0,0,0,0,0,0,0,0.0,0.0,0,0,0,0,0,0,0,0,0,0,0,0,0,0,0,0,0.0,,,0,2007-11-26,,,,,
5958595,2007,48,52,5,0,150107A201,150107,1,4,18,0,,,0,0,0,0,0,0,0,0,0,0,0,0,0,0,0,0,0,0.0,0.0,0,0,0,0,0,0,0,0,0,0,0,0,0,0,2,0,0.0,,,0,2007-12-04,,,,,
5959024,2007,49,52,5,0,150107A201,150107,0,7,19,0,,,0,0,0,0,0,0,0,0,0,0,0,0,0,0,0,0,0,0.0,0.0,0,0,0,0,0,0,0,0,0,0,0,0,0,0,0,0,0.0,,,0,2007-12-10,,,,,
5959444,2007,50,52,5,0,150107A201,150107,1,10,29,0,,,0,0,0,0,0,0,0,0,0,0,0,0,0,0,0,0,0,0.0,0.0,0,0,0,0,0,0,0,0,0,0,0,0,0,0,0,0,0.0,,,0,2007-12-17,,,,,
5959837,2007,51,52,5,0,150107A201,150107,0,2,21,0,,,0,0,0,0,0,0,0,0,0,0,0,0,0,0,0,0,0,0.0,0.0,0,0,0,0,0,0,0,0,0,0,0,0,0,0,0,0,0.0,,,0,2007-12-26,,,,,
5960326,2007,52,52,5,0,150107A201,150107,1,4,15,0,,,0,0,0,0,0,0,0,0,0,0,0,0,0,0,0,0,0,0.0,0.0,0,0,0,0,0,0,0,0,0,0,0,0,0,0,0,0,0.0,,,0,2008-01-02,,,,,
5939893,2007,1,52,5,0,150107A201,150118,0,0,2,0,,,0,0,0,0,0,0,0,0,0,0,0,0,0,0,0,0,0,0.0,0.0,0,0,0,0,0,0,0,0,0,0,0,0,0,0,0,0,0.0,,,0,2007-01-08,,,,,
5940259,2007,2,52,5,0,150107A201,150118,0,1,3,0,,,0,0,0,0,0,0,0,0,0,0,0,0,0,0,0,0,0,0.0,0.0,0,0,0,0,0,0,0,0,0,0,0,0,0,0,0,0,0.0,,,0,2007-01-16,,,,,
5940625,2007,3,52,5,0,150107A201,150118,0,1,4,0,,,0,0,0,0,0,0,0,0,0,0,0,0,0,0,0,0,0,0.0,0.0,0,0,0,0,0,0,0,0,0,0,0,0,0,0,1,0,0.0,,,0,2007-01-23,,,,,
5941003,2007,4,52,5,0,150107A201,150118,0,1,2,0,,,0,0,0,0,0,0,0,0,0,0,0,0,0,0,0,0,0,0.0,0.0,0,0,0,0,0,0,0,0,0,0,0,0,0,0,0,0,0.0,,,0,2007-01-29,,,,,
5941327,2007,5,52,5,0,150107A201,150118,0,0,1,0,,,0,0,0,0,0,0,0,0,0,0,0,0,0,0,0,0,0,0.0,0.0,0,0,0,0,0,0,0,0,0,0,0,0,0,0,0,0,0.0,,,0,2007-02-05,,,,,
5942110,2007,7,52,5,0,150107A201,150118,0,1,6,0,,,0,0,0,0,0,0,0,0,0,0,0,0,0,0,0,0,0,0.0,0.0,0,0,0,0,0,0,0,0,0,0,0,0,0,0,0,2,0.0,,,0,2007-02-19,,,,,
5942473,2007,8,52,5,0,150107A201,150118,0,1,5,0,,,0,0,0,0,0,0,0,0,0,0,0,0,0,0,0,0,0,0.0,0.0,0,0,0,0,0,0,0,0,0,0,0,0,0,0,0,0,0.0,,,0,2007-02-26,,,,,
5942887,2007,9,52,5,0,150107A201,150118,0,0,4,0,,,0,0,0,0,0,0,0,0,0,0,0,0,0,0,0,0,0,0.0,0.0,0,0,0,0,0,0,0,0,0,0,0,0,0,0,0,0,0.0,,,0,2007-03-05,,,,,
5943295,2007,10,52,5,0,150107A201,150118,0,1,2,0,,,0,0,0,0,0,0,0,0,0,0,0,0,0,0,0,0,0,0.0,0.0,0,0,0,0,0,0,0,0,0,0,0,0,0,0,1,0,0.0,,,0,2007-03-12,,,,,
5943649,2007,11,52,5,0,150107A201,150118,0,0,4,0,,,0,0,0,0,0,0,0,0,0,0,0,0,0,0,0,0,0,0.0,0.0,0,0,0,0,0,0,0,0,0,0,0,0,0,0,0,0,0.0,,,0,2007-03-20,,,,,
5944261,2007,12,52,5,0,150107A201,150118,0,2,2,0,,,0,0,0,0,0,0,0,0,0,0,0,0,0,0,0,0,0,0.0,0.0,0,0,0,0,0,0,0,0,0,0,0,0,0,0,0,0,0.0,,,0,2007-03-26,,,,,
5944477,2007,13,52,5,0,150107A201,150118,0,0,2,0,,,0,0,0,0,0,0,0,0,0,0,0,0,0,0,0,0,0,0.0,0.0,0,0,0,0,0,0,0,0,0,0,0,0,0,0,0,0,0.0,,,0,2007-04-02,,,,,
5944924,2007,14,52,5,0,150107A201,150118,0,0,1,0,,,0,0,0,0,0,0,0,0,0,0,0,0,0,0,0,0,0,0.0,0.0,0,0,0,0,0,0,0,0,0,0,0,0,0,0,1,0,0.0,,,0,2007-04-09,,,,,
5945305,2007,15,52,5,0,150107A201,150118,0,2,9,0,,,0,0,0,0,0,0,0,0,0,0,0,0,0,0,0,0,0,0.0,0.0,0,0,0,0,0,0,0,0,0,0,0,0,0,0,3,1,0.0,,,0,2007-04-17,,,,,
5945749,2007,16,52,5,0,150107A201,150118,0,1,2,0,,,0,0,0,0,0,1,0,0,0,0,0,0,0,0,0,0,0,0.0,0.0,0,0,0,0,0,0,0,0,0,0,0,0,0,0,0,0,0.0,,,0,2007-04-22,,,,,
5946151,2007,17,52,5,0,150107A201,150118,0,1,2,0,,,0,0,0,0,0,0,0,0,0,0,0,0,0,0,0,0,0,0.0,0.0,0,0,0,0,0,0,0,0,0,0,0,0,0,0,0,1,0.0,,,0,2007-04-30,,,,,
5946565,2007,18,52,5,0,150107A201,150118,0,0,10,0,,,0,0,0,0,0,0,0,0,0,0,0,0,0,0,0,0,0,0.0,0.0,0,0,0,0,0,0,0,0,0,0,0,0,0,0,0,0,0.0,,,0,2007-05-07,,,,,
5946964,2007,19,52,5,0,150107A201,150118,0,1,2,0,,,0,0,0,0,0,0,0,0,0,0,0,0,0,0,0,0,0,0.0,0.0,0,0,0,0,0,0,0,0,0,0,0,0,0,0,0,0,0.0,,,0,2007-05-14,,,,,
5947381,2007,20,52,5,0,150107A201,150118,0,2,2,0,,,0,0,0,0,0,0,0,0,0,0,0,0,0,0,0,0,0,0.0,0.0,0,0,0,0,0,0,0,0,0,0,0,0,0,0,0,0,0.0,,,0,2007-05-21,,,,,
5947954,2007,21,52,5,0,150107A201,150118,0,1,6,0,,,0,0,0,0,0,0,0,0,0,0,0,0,0,0,0,0,0,0.0,0.0,0,0,0,0,0,0,0,0,0,0,0,0,0,0,0,0,0.0,,,0,2007-05-28,,,,,
5948224,2007,22,52,5,0,150107A201,150118,0,2,10,0,,,0,0,0,0,0,0,0,0,0,0,0,0,0,0,0,0,0,0.0,0.0,0,0,0,0,0,0,0,0,0,0,0,0,0,0,0,0,0.0,,,0,2007-06-04,,,,,
5948647,2007,23,52,5,0,150107A201,150118,0,0,13,0,,,0,0,0,0,0,0,0,0,0,0,0,0,0,0,0,0,0,0.0,0.0,0,0,0,0,0,0,0,0,0,0,0,0,0,0,0,0,0.0,,,0,2007-06-11,,,,,
5949061,2007,24,52,5,0,150107A201,150118,0,0,8,0,,,0,0,0,0,0,0,0,0,0,0,0,0,0,0,0,0,0,0.0,0.0,0,0,0,0,0,0,0,0,0,0,0,0,0,0,0,0,0.0,,,0,2007-06-18,,,,,
5949337,2007,25,52,5,0,150107A201,150118,0,2,2,0,,,0,0,0,0,0,0,0,0,0,0,0,0,0,0,0,0,0,0.0,0.0,0,0,0,0,0,0,0,0,0,0,0,0,0,0,0,2,0.0,,,0,2007-06-26,,,,,
5949871,2007,26,52,5,0,150107A201,150118,0,0,1,0,,,0,0,0,0,0,0,0,0,0,0,0,0,0,0,0,0,0,0.0,0.0,0,0,0,0,0,0,0,0,0,0,0,0,0,0,0,0,0.0,,,0,2007-07-03,,,,,
5950285,2007,27,52,5,0,150107A201,150118,0,0,7,0,,,0,0,0,0,0,0,0,0,0,0,0,0,0,0,0,0,0,0.0,0.0,0,0,0,0,0,0,0,0,0,0,0,0,0,0,0,0,0.0,,,0,2007-07-09,,,,,
5950702,2007,28,52,5,0,150107A201,150118,0,0,8,0,,,0,0,0,0,0,0,0,0,0,0,0,0,0,0,0,0,0,0.0,0.0,0,0,0,0,0,0,0,0,0,0,0,0,0,0,0,0,0.0,,,0,2007-07-16,,,,,
5951110,2007,29,52,5,0,150107A201,150118,0,1,7,0,,,0,0,0,0,0,0,0,0,0,0,0,0,0,0,0,0,0,0.0,0.0,0,0,0,0,0,0,0,0,0,0,0,0,0,0,0,0,0.0,,,0,2007-07-23,,,,,
5951524,2007,30,52,5,0,150107A201,150118,0,0,2,0,,,0,0,0,0,0,0,0,0,0,0,0,0,0,0,0,0,0,0.0,0.0,0,0,0,0,0,0,0,0,0,0,0,0,0,0,0,0,0.0,,,0,2007-07-31,,,,,
5951902,2007,31,52,5,0,150107A201,150118,0,3,11,0,,,0,0,0,0,0,0,0,0,0,0,0,0,0,0,0,0,0,0.0,0.0,0,0,0,0,0,0,0,0,0,0,0,0,0,0,0,0,0.0,,,0,2007-08-06,,,,,
5952313,2007,32,52,5,0,150107A201,150118,0,2,7,0,,,0,0,0,0,0,0,0,0,0,0,0,0,0,0,0,0,0,0.0,0.0,0,0,0,0,0,0,0,0,0,0,0,0,0,0,0,0,0.0,,,0,2007-08-13,,,,,
5952556,2007,33,52,5,0,150107A201,150118,0,2,2,0,,,0,0,0,0,0,0,0,0,0,0,0,0,0,0,0,0,0,0.0,0.0,0,0,0,0,0,0,0,0,0,0,0,0,0,0,0,0,0.0,,,0,2007-08-21,,,,,
5953099,2007,34,52,5,0,150107A201,150118,0,2,3,0,,,0,0,0,0,0,0,0,0,0,0,0,0,0,0,0,0,0,0.0,0.0,0,0,0,0,0,0,0,0,0,0,0,0,0,0,0,0,0.0,,,0,2007-08-27,,,,,
5953327,2007,35,52,5,0,150107A201,150118,0,0,4,0,,,0,0,0,0,0,0,0,0,0,0,0,0,0,0,0,0,0,0.0,0.0,0,0,0,0,0,0,0,0,0,0,0,0,0,0,0,0,0.0,,,0,2007-09-04,,,,,
5953858,2007,36,52,5,0,150107A201,150118,0,0,5,0,,,0,0,0,0,0,0,0,0,0,0,0,0,0,0,0,0,0,0.0,0.0,0,0,0,0,0,0,0,0,0,0,0,0,0,0,0,0,0.0,,,0,2007-09-10,,,,,
5954263,2007,37,52,5,0,150107A201,150118,0,0,3,0,,,0,0,0,0,0,0,0,0,0,0,0,0,0,0,0,0,0,0.0,0.0,0,0,0,0,0,0,0,0,0,0,0,0,0,0,0,0,0.0,,,0,2007-09-18,,,,,
5954626,2007,38,52,5,0,150107A201,150118,0,2,3,0,,,0,0,0,0,0,0,0,0,0,0,0,0,0,0,0,0,0,0.0,0.0,0,0,0,0,0,0,0,0,0,0,0,0,0,0,0,0,0.0,,,0,2007-09-24,,,,,
5955052,2007,39,52,5,0,150107A201,150118,0,0,5,0,,,0,0,0,0,0,0,0,0,0,0,0,0,0,0,0,0,0,0.0,0.0,0,0,0,0,0,0,0,0,0,0,0,0,0,0,0,0,0.0,,,0,2007-10-01,,,,,
5955484,2007,40,52,5,0,150107A201,150118,0,2,3,0,,,0,0,0,0,0,0,0,0,0,0,0,0,0,0,0,0,0,0.0,0.0,0,0,0,0,0,0,0,0,0,0,0,0,0,0,1,0,0.0,,,0,2007-10-09,,,,,
5955856,2007,41,52,5,0,150107A201,150118,0,0,3,0,,,0,0,0,0,0,0,0,0,0,0,0,0,0,0,0,0,0,0.0,0.0,0,0,0,0,0,0,0,0,0,0,0,0,0,0,0,0,0.0,,,0,2007-10-15,,,,,
5956276,2007,42,52,5,0,150107A201,150118,0,1,2,0,,,0,0,0,0,0,0,0,0,0,0,0,0,0,0,0,0,0,0.0,0.0,0,0,0,0,0,0,0,0,0,0,0,0,0,0,0,0,0.0,,,0,2007-10-22,,,,,
5956672,2007,43,52,5,0,150107A201,150118,0,2,3,0,,,0,0,0,0,0,0,0,0,0,0,0,0,0,0,0,0,0,0.0,0.0,0,0,0,0,0,0,0,0,0,0,0,0,0,0,0,0,0.0,,,0,2007-10-29,,,,,
5957035,2007,44,52,5,0,150107A201,150118,0,0,9,0,,,0,0,0,0,0,0,0,0,0,0,0,0,0,0,0,0,0,0.0,0.0,0,0,0,0,0,0,0,0,0,0,0,0,0,0,0,0,0.0,,,0,2007-11-05,,,,,
5957431,2007,45,52,5,0,150107A201,150118,0,2,4,0,,,0,0,0,0,0,0,0,0,0,0,0,0,0,0,0,0,0,0.0,0.0,0,0,0,0,0,0,0,0,0,0,0,0,0,0,0,0,0.0,,,0,2007-11-12,,,,,
5957803,2007,46,52,5,0,150107A201,150118,0,1,3,0,,,0,0,0,0,0,0,0,0,0,0,0,0,0,0,0,0,0,0.0,0.0,0,0,0,0,0,0,0,0,0,0,0,0,0,0,0,0,0.0,,,0,2007-11-19,,,,,
5958193,2007,47,52,5,0,150107A201,150118,0,2,3,0,,,0,0,0,0,0,0,0,0,0,0,0,0,0,0,0,0,0,0.0,0.0,0,0,0,0,0,0,0,0,0,0,0,0,0,0,0,0,0.0,,,0,2007-11-26,,,,,
5958598,2007,48,52,5,0,150107A201,150118,0,0,3,0,,,0,0,0,0,0,0,0,0,0,0,0,0,0,0,0,0,0,0.0,0.0,0,0,0,0,0,0,0,0,0,0,0,0,0,0,0,0,0.0,,,0,2007-12-04,,,,,
5959027,2007,49,52,5,0,150107A201,150118,0,2,2,0,,,0,0,0,0,0,0,0,0,0,0,0,0,0,0,0,0,0,0.0,0.0,0,0,0,0,0,0,0,0,0,0,0,0,0,0,0,0,0.0,,,0,2007-12-10,,,,,
5959447,2007,50,52,5,0,150107A201,150118,0,2,3,0,,,0,0,0,0,0,0,0,0,0,0,0,0,0,0,0,0,0,0.0,0.0,0,0,0,0,0,0,0,0,0,0,0,0,0,0,0,0,0.0,,,0,2007-12-17,,,,,
5959834,2007,51,52,5,0,150107A201,150118,0,1,9,0,,,0,0,0,0,0,0,0,0,0,0,0,0,0,0,0,0,0,0.0,0.0,0,0,0,0,0,0,0,0,0,0,0,0,0,0,0,1,0.0,,,0,2007-12-26,,,,,
5960329,2007,52,52,5,0,150107A201,150118,0,1,14,0,,,0,0,0,0,0,0,0,0,0,0,0,0,0,0,0,0,0,0.0,0.0,0,0,0,0,0,0,0,0,0,0,0,0,0,0,0,0,0.0,,,0,2008-01-02,,,,,
5954266,2007,37,52,5,0,150107A201,150130,0,0,1,0,,,0,0,0,0,0,0,0,0,0,0,0,0,0,0,0,0,0,0.0,0.0,0,0,0,0,0,0,0,0,0,0,0,0,0,0,0,0,0.0,,,0,2007-09-18,,,,,
17038552,2008,1,52,5,0,150107A201,150103,0,0,1,0,,,0,0,0,0,0,0,0,0,0,0,0,0,0,0,0,0,0,0.0,0.0,0,0,0,0,0,0,0,0,0,0,0,0,0,0,0,0,0.0,,,0,2008-01-07,,,,,
17036941,2008,5,52,5,0,150107A201,150103,0,0,2,0,,,0,0,0,0,0,0,0,0,0,0,0,0,0,0,0,0,0,0.0,0.0,0,0,0,0,0,0,0,0,0,0,0,0,0,0,0,0,0.0,,,0,2008-02-04,,,,,
17035729,2008,8,52,5,0,150107A201,150103,0,0,1,0,,,0,0,0,0,0,0,0,0,0,0,0,0,0,0,0,0,0,0.0,0.0,0,0,0,0,0,0,0,0,0,0,0,0,0,0,0,0,0.0,,,0,2008-02-25,,,,,
17034916,2008,10,52,5,0,150107A201,150103,0,0,2,0,,,0,0,0,0,0,0,0,0,0,0,0,0,0,0,0,0,0,0.0,0.0,0,0,0,0,0,0,0,0,0,0,0,0,0,0,0,0,0.0,,,0,2008-03-10,,,,,
17034064,2008,12,52,5,0,150107A201,150103,0,0,1,0,,,0,0,0,0,0,0,0,0,0,0,0,0,0,0,0,0,0,0.0,0.0,0,0,0,0,0,0,0,0,0,0,0,0,0,0,0,0,0.0,,,0,2008-03-25,,,,,
17033326,2008,14,52,5,0,150107A201,150103,0,1,1,0,,,0,0,0,0,0,0,0,0,0,0,0,0,0,0,0,0,0,0.0,0.0,0,0,0,0,0,0,0,0,0,0,0,0,0,0,0,0,0.0,,,0,2008-04-07,,,,,
17032417,2008,16,52,5,0,150107A201,150103,0,0,2,0,,,0,0,0,0,0,0,0,0,0,0,0,0,0,0,0,0,0,0.0,0.0,0,0,0,0,0,0,0,0,0,0,0,0,0,0,0,0,0.0,,,0,2008-04-21,,,,,
17031265,2008,19,52,5,0,150107A201,150103,0,0,2,0,,,0,0,0,0,0,0,0,0,0,0,0,0,0,0,0,0,0,0.0,0.0,0,0,0,0,0,0,0,0,0,0,0,0,0,0,0,0,0.0,,,0,2008-05-12,,,,,
17029972,2008,22,52,5,0,150107A201,150103,0,0,10,0,,,0,0,0,0,0,0,0,0,0,0,0,0,0,0,0,0,0,0.0,0.0,0,0,0,0,0,0,0,0,0,0,0,0,0,0,0,0,0.0,,,0,2008-06-02,,,,,
17028700,2008,25,52,5,0,150107A201,150103,0,2,2,0,,,0,0,0,0,0,0,0,0,0,0,0,0,0,0,0,0,0,0.0,0.0,0,0,0,0,0,0,0,0,0,0,0,0,0,0,0,0,0.0,,,0,2008-06-23,,,,,
17028277,2008,26,52,5,0,150107A201,150103,0,0,1,0,,,0,0,0,0,0,0,0,0,0,0,0,0,0,0,0,0,0,0.0,0.0,0,0,0,0,0,0,0,0,0,0,0,0,0,0,0,0,0.0,,,0,2008-06-30,,,,,
17027971,2008,27,52,5,0,150107A201,150103,0,1,0,0,,,0,0,0,0,0,0,0,0,0,0,0,0,0,0,0,0,0,0.0,0.0,0,0,0,0,0,0,0,0,0,0,0,0,0,0,0,0,0.0,,,0,2008-07-07,,,,,
17027452,2008,28,52,5,0,150107A201,150103,0,0,3,0,,,0,0,0,0,0,0,0,0,0,0,0,0,0,0,0,0,0,0.0,0.0,0,0,0,0,0,0,0,0,0,0,0,0,0,0,0,0,0.0,,,0,2008-07-14,,,,,
17027056,2008,29,52,5,0,150107A201,150103,0,1,2,0,,,0,0,0,0,0,0,0,0,0,0,0,0,0,0,0,0,0,0.0,0.0,0,0,0,0,0,0,0,0,0,0,0,0,0,0,0,0,0.0,,,0,2008-07-21,,,,,
17026807,2008,30,52,5,0,150107A201,150103,0,2,1,0,,,0,0,0,0,0,0,0,0,0,0,0,0,0,0,0,0,0,0.0,0.0,0,0,0,0,0,0,0,0,0,0,0,0,0,0,1,0,0.0,,,0,2008-07-30,,,,,
17026375,2008,31,52,5,0,150107A201,150103,0,0,1,0,,,0,0,0,0,0,0,0,0,0,0,0,0,0,0,0,0,0,0.0,0.0,0,0,0,0,0,0,0,0,0,0,0,0,0,0,0,0,0.0,,,0,2008-08-05,,,,,
17025853,2008,32,52,5,0,150107A201,150103,0,1,1,0,,,0,0,0,0,0,0,0,0,0,0,0,0,0,0,0,0,0,0.0,0.0,0,0,0,0,0,0,0,0,0,0,0,0,0,0,0,0,0.0,,,0,2008-08-12,,,,,
17025442,2008,33,52,5,0,150107A201,150103,0,0,1,0,,,0,0,0,0,0,0,0,0,0,0,0,0,0,0,0,0,0,0.0,0.0,0,0,0,0,0,0,0,0,0,0,0,0,0,0,0,0,0.0,,,0,2008-08-18,,,,,
17025088,2008,34,52,5,0,150107A201,150103,0,0,1,0,,,0,0,0,0,0,0,0,0,0,0,0,0,0,0,0,0,0,0.0,0.0,0,0,0,0,0,0,0,0,0,0,0,0,0,0,0,0,0.0,,,0,2008-08-25,,,,,
17024653,2008,35,52,5,0,150107A201,150103,0,0,1,0,,,0,0,0,0,0,0,0,0,0,0,0,0,0,0,0,0,0,0.0,0.0,0,0,0,0,0,0,0,0,0,0,0,0,0,0,0,0,0.0,,,0,2008-09-02,,,,,
17023822,2008,37,52,5,0,150107A201,150103,0,1,0,0,,,0,0,0,0,0,0,0,0,0,0,0,0,0,0,0,0,0,0.0,0.0,0,0,0,0,0,0,0,0,0,0,0,0,0,0,0,0,0.0,,,0,2008-09-16,,,,,
17022613,2008,40,52,5,0,150107A201,150103,0,0,2,0,,,0,0,0,0,0,0,0,0,0,0,0,0,0,0,0,0,0,0.0,0.0,0,0,0,0,0,0,0,0,0,0,0,0,0,0,0,0,0.0,,,0,2008-10-06,,,,,
17022367,2008,41,52,5,0,150107A201,150103,0,0,1,0,,,0,0,0,0,0,0,0,0,0,0,0,0,0,0,0,0,0,0.0,0.0,0,0,0,0,0,0,0,0,0,0,0,0,0,0,0,0,0.0,,,0,2008-10-14,,,,,
17021443,2008,43,52,5,0,150107A201,150103,0,0,2,0,,,0,0,0,0,0,0,0,0,0,0,0,0,0,0,0,0,0,0.0,0.0,0,0,0,0,0,0,0,0,0,0,0,0,0,0,0,0,0.0,,,0,2008-10-27,,,,,
17021029,2008,44,52,5,0,150107A201,150103,0,0,3,0,,,0,0,0,0,0,0,0,0,0,0,0,0,0,0,0,0,0,0.0,0.0,0,0,0,0,0,0,0,0,0,0,0,0,0,0,0,0,0.0,,,0,2008-11-03,,,,,
17020624,2008,45,52,5,0,150107A201,150103,0,1,0,0,,,0,0,0,0,0,0,0,0,0,0,0,0,0,0,0,0,0,0.0,0.0,0,0,0,0,0,0,0,0,0,0,0,0,0,0,0,0,0.0,,,0,2008-11-10,,,,,
17020309,2008,46,52,5,0,150107A201,150103,0,1,2,0,,,0,0,0,0,0,0,0,0,0,0,0,0,0,0,0,0,0,0.0,0.0,0,0,0,0,0,0,0,0,0,0,0,0,0,0,0,0,0.0,,,0,2008-11-17,,,,,
17019889,2008,47,52,5,0,150107A201,150103,0,0,2,0,,,0,0,0,0,0,0,0,0,0,0,0,0,0,0,0,0,0,0.0,0.0,0,0,0,0,0,0,0,0,0,0,0,0,0,0,0,0,0.0,,,0,2008-11-24,,,,,
17019376,2008,48,52,5,0,150107A201,150103,0,0,1,0,,,0,0,0,0,0,0,0,0,0,0,0,0,0,0,0,0,0,0.0,0.0,0,0,0,0,0,0,0,0,0,0,0,0,0,0,0,0,0.0,,,0,2008-12-01,,,,,
17019055,2008,49,52,5,0,150107A201,150103,0,1,3,0,,,0,0,0,0,0,0,0,0,0,0,0,0,0,0,0,0,0,0.0,0.0,0,0,0,0,0,0,0,0,0,0,0,0,0,0,0,0,0.0,,,0,2008-12-09,,,,,
17018566,2008,50,52,5,0,150107A201,150103,0,0,2,0,,,0,0,0,0,0,0,0,0,0,0,0,0,0,0,0,0,0,0.0,0.0,0,0,0,0,0,0,0,0,0,0,0,0,0,0,0,0,0.0,,,0,2008-12-16,,,,,
17017867,2008,52,52,5,0,150107A201,150103,0,0,2,0,,,0,0,0,0,0,0,0,0,0,0,0,0,0,0,0,0,0,0.0,0.0,0,0,0,0,0,0,0,0,0,0,0,0,0,0,1,0,0.0,,,0,2008-12-30,,,,,
17038558,2008,1,52,5,0,150107A201,150107,0,1,16,0,,,0,0,0,0,0,0,0,0,0,0,0,0,0,0,0,0,0,0.0,0.0,0,0,0,0,0,0,0,0,0,0,0,0,0,0,0,0,0.0,,,0,2008-01-07,,,,,
17038153,2008,2,52,5,0,150107A201,150107,0,6,17,0,,,0,0,0,0,0,1,0,0,0,0,0,0,0,0,0,0,0,0.0,0.0,0,0,0,0,0,0,0,0,0,0,0,0,0,0,0,0,0.0,,,0,2008-01-14,,,,,
17037757,2008,3,52,5,0,150107A201,150107,0,2,16,0,,,0,0,0,0,0,0,0,0,0,0,0,0,0,0,0,0,0,0.0,0.0,0,0,0,0,0,0,0,0,0,0,0,0,0,0,0,0,0.0,,,0,2008-01-21,,,,,
17037355,2008,4,52,5,0,150107A201,150107,1,6,8,0,,,0,0,0,0,0,0,0,0,0,0,0,0,0,0,0,0,0,0.0,0.0,0,0,0,0,0,0,0,0,0,0,0,0,0,0,0,0,0.0,,,0,2008-01-28,,,,,
17036947,2008,5,52,5,0,150107A201,150107,2,3,18,0,,,0,0,0,0,0,0,0,0,0,0,0,0,0,0,0,0,0,0.0,0.0,0,0,0,0,0,0,0,0,0,0,0,0,0,0,0,0,0.0,,,0,2008-02-04,,,,,
17036554,2008,6,52,5,0,150107A201,150107,0,3,24,0,,,0,0,0,0,0,0,0,0,0,0,0,0,0,0,0,0,0,0.0,0.0,0,0,0,0,0,0,0,0,0,0,0,0,0,0,0,0,0.0,,,0,2008-02-11,,,,,
17036176,2008,7,52,5,0,150107A201,150107,2,2,12,0,,,0,0,1,0,0,0,0,0,0,0,0,0,0,0,0,0,0,0.0,0.0,0,0,0,0,0,0,0,0,0,0,0,0,0,0,2,0,0.0,,,0,2008-02-18,,,,,
17035735,2008,8,52,5,0,150107A201,150107,1,10,19,0,,,0,0,0,0,0,0,0,0,0,0,0,0,0,0,0,0,0,0.0,0.0,0,0,0,0,0,0,0,0,0,0,0,0,0,0,0,0,0.0,,,0,2008-02-25,,,,,
17035294,2008,9,52,5,0,150107A201,150107,1,8,14,0,,,0,0,0,0,1,0,0,0,0,0,0,0,0,0,0,0,0,0.0,0.0,0,0,0,0,0,0,0,0,0,0,0,0,0,0,0,0,0.0,,,0,2008-03-03,,,,,
17034922,2008,10,52,5,0,150107A201,150107,1,5,21,0,,,0,0,0,0,0,0,0,0,0,0,0,0,0,0,0,0,0,0.0,0.0,0,0,0,0,0,0,0,0,0,0,0,0,0,0,0,1,0.0,,,0,2008-03-10,,,,,
17034460,2008,11,52,5,0,150107A201,150107,1,4,35,0,,,0,0,0,0,0,0,0,0,0,0,0,0,0,0,0,0,0,0.0,0.0,0,0,0,0,0,0,0,0,0,0,0,0,0,0,1,0,0.0,,,0,2008-03-17,,,,,
17034070,2008,12,52,5,0,150107A201,150107,0,5,31,0,,,0,0,0,0,0,0,0,0,0,0,0,0,0,0,0,0,0,0.0,0.0,0,0,0,0,0,0,0,0,0,0,0,0,0,0,0,3,0.0,,,0,2008-03-25,,,,,
17033746,2008,13,52,5,0,150107A201,150107,0,4,27,0,,,0,0,0,0,0,0,0,0,0,0,0,0,0,0,0,0,0,0.0,0.0,0,0,0,0,0,0,0,0,0,0,0,0,0,0,0,0,0.0,,,0,2008-03-31,,,,,
17033332,2008,14,52,5,0,150107A201,150107,3,12,24,0,,,0,0,0,0,0,0,0,0,0,0,0,0,0,0,0,0,0,0.0,0.0,0,0,0,0,0,0,0,0,0,0,0,0,0,0,1,1,0.0,,,0,2008-04-07,,,,,
17032864,2008,15,52,5,0,150107A201,150107,0,8,18,0,,,0,0,0,0,0,0,0,0,0,0,0,0,0,0,0,0,0,0.0,0.0,0,0,0,0,0,0,0,0,0,0,0,0,0,0,3,0,0.0,,,0,2008-04-14,,,,,
17032423,2008,16,52,5,0,150107A201,150107,2,6,33,0,,,0,0,0,0,0,0,0,0,0,0,0,0,0,0,0,0,0,0.0,0.0,0,0,0,0,0,0,0,0,0,0,0,0,0,0,0,1,0.0,,,0,2008-04-21,,,,,
17032087,2008,17,52,5,0,150107A201,150107,1,2,35,0,,,0,0,0,0,0,0,0,0,0,0,0,0,0,0,0,0,0,0.0,0.0,0,0,0,0,0,0,0,0,0,0,0,0,0,0,0,3,0.0,,,0,2008-04-28,,,,,
17031601,2008,18,52,5,0,150107A201,150107,0,9,34,0,,,0,0,0,0,0,0,0,0,0,0,0,0,0,0,0,0,0,0.0,0.0,0,0,0,0,0,0,0,0,0,0,0,0,0,0,1,0,0.0,,,0,2008-05-05,,,,,
17031271,2008,19,52,5,0,150107A201,150107,1,9,20,0,,,0,0,0,0,0,0,0,0,0,0,0,0,0,0,0,0,0,0.0,0.0,0,0,0,0,0,0,0,0,0,0,0,0,0,0,2,0,0.0,,,0,2008-05-12,,,,,
17030779,2008,20,52,5,0,150107A201,150107,2,7,32,0,,,0,0,0,0,0,0,0,0,0,0,0,0,0,0,0,0,0,0.0,0.0,0,0,0,0,0,0,0,0,0,0,0,0,0,0,0,0,0.0,,,0,2008-05-19,,,,,
17030503,2008,21,52,5,0,150107A201,150107,1,13,28,0,,,0,0,0,0,0,0,0,0,0,0,0,0,0,0,0,0,0,0.0,0.0,0,0,0,0,0,0,0,0,0,0,0,0,0,0,1,1,0.0,,,0,2008-05-26,,,,,
17029978,2008,22,52,5,0,150107A201,150107,0,9,21,0,,,0,0,0,0,0,0,0,0,0,0,0,0,0,0,0,0,0,0.0,0.0,0,0,0,0,0,0,0,0,0,0,0,0,0,0,1,1,0.0,,,0,2008-06-02,,,,,
17029555,2008,23,52,5,0,150107A201,150107,2,2,34,0,,,0,0,0,0,0,0,0,0,0,0,0,0,0,0,0,0,0,0.0,0.0,0,0,0,0,0,0,0,0,0,0,0,0,0,0,2,0,0.0,,,0,2008-06-09,,,,,
17029129,2008,24,52,5,0,150107A201,150107,2,7,30,0,,,0,0,0,0,0,0,0,0,0,0,0,0,0,0,0,0,0,0.0,0.0,0,0,0,0,0,0,0,0,0,0,0,0,0,0,0,0,0.0,,,0,2008-06-17,,,,,
17028706,2008,25,52,5,0,150107A201,150107,0,9,20,0,,,0,0,0,0,0,0,0,0,0,0,0,0,0,0,0,0,0,0.0,0.0,0,0,0,0,0,0,0,0,0,0,0,0,0,0,1,1,0.0,,,0,2008-06-23,,,,,
17028283,2008,26,52,5,0,150107A201,150107,2,7,23,0,,,0,0,0,0,0,0,0,0,0,0,0,0,0,0,0,0,0,0.0,0.0,0,0,0,0,0,0,0,0,0,0,0,0,0,0,0,0,0.0,,,0,2008-06-30,,,,,
17027977,2008,27,52,5,0,150107A201,150107,2,3,29,0,,,0,0,0,0,0,0,0,0,0,0,0,0,0,0,0,0,0,0.0,0.0,0,0,0,0,0,0,0,0,0,0,0,0,0,0,1,2,0.0,,,0,2008-07-07,,,,,
17027458,2008,28,52,5,0,150107A201,150107,0,11,28,0,,,0,0,0,0,0,0,0,0,0,0,0,0,0,0,0,0,0,0.0,0.0,0,0,0,0,0,0,0,0,0,0,0,0,0,0,0,1,0.0,,,0,2008-07-14,,,,,
17027062,2008,29,52,5,0,150107A201,150107,0,5,28,0,,,0,0,0,0,0,0,0,0,0,0,0,0,0,0,0,0,0,0.0,0.0,0,0,0,0,0,0,0,0,0,0,0,0,0,0,0,1,0.0,,,0,2008-07-21,,,,,
17026813,2008,30,52,5,0,150107A201,150107,2,4,22,0,,,0,0,0,0,0,0,0,0,0,0,0,0,0,0,0,0,0,0.0,0.0,0,0,0,0,0,0,0,0,0,0,0,0,0,0,1,0,0.0,,,0,2008-07-30,,,,,
17026381,2008,31,52,5,0,150107A201,150107,0,11,16,0,,,0,0,0,0,0,0,0,0,0,0,0,0,0,0,0,0,0,0.0,0.0,0,0,0,0,0,0,0,0,0,0,0,0,0,0,0,0,0.0,,,0,2008-08-05,,,,,
17025859,2008,32,52,5,0,150107A201,150107,0,10,20,0,,,0,0,0,0,0,0,0,0,0,0,0,0,0,0,0,0,0,0.0,0.0,0,0,0,0,0,0,0,0,0,0,0,0,0,0,0,3,0.0,,,0,2008-08-12,,,,,
17025448,2008,33,52,5,0,150107A201,150107,0,5,14,0,,,0,0,0,0,0,0,0,0,0,0,0,0,0,0,0,0,0,0.0,0.0,0,0,0,0,0,0,0,0,0,0,0,0,0,0,0,0,0.0,,,0,2008-08-18,,,,,
17025094,2008,34,52,5,0,150107A201,150107,0,5,24,0,,,0,0,0,0,0,0,0,0,0,0,0,0,0,0,0,0,0,0.0,0.0,0,0,0,0,0,0,0,0,0,0,0,0,0,0,0,1,0.0,,,0,2008-08-25,,,,,
17024659,2008,35,52,5,0,150107A201,150107,1,8,21,0,,,0,0,0,0,0,0,0,0,0,0,0,0,0,0,0,0,0,0.0,0.0,0,0,0,0,0,0,0,0,0,0,0,0,0,0,1,0,0.0,,,0,2008-09-02,,,,,
17024245,2008,36,52,5,0,150107A201,150107,1,5,22,0,,,0,0,0,0,0,0,0,0,0,0,0,0,0,0,0,0,0,0.0,0.0,0,0,0,0,0,0,0,0,0,0,0,0,0,0,0,1,0.0,,,0,2008-09-08,,,,,
17023828,2008,37,52,5,0,150107A201,150107,0,13,22,0,,,0,0,0,0,0,0,0,0,0,0,0,0,0,0,0,0,0,0.0,0.0,0,0,0,0,0,0,0,0,0,0,0,0,0,0,0,0,0.0,,,0,2008-09-16,,,,,
17023420,2008,38,52,5,0,150107A201,150107,0,4,23,0,,,0,0,0,0,0,0,0,0,0,0,0,0,0,0,0,0,0,0.0,0.0,0,0,0,0,0,0,0,0,0,0,0,0,0,0,0,0,0.0,,,0,2008-09-22,,,,,
17023027,2008,39,52,5,0,150107A201,150107,0,6,18,0,,,0,0,0,0,0,0,0,0,0,0,0,0,0,0,0,0,0,0.0,0.0,0,0,0,0,0,0,0,0,0,0,0,0,0,0,1,3,0.0,,,0,2008-09-29,,,,,
17022619,2008,40,52,5,0,150107A201,150107,1,13,25,0,,,0,0,0,0,0,0,0,0,0,0,0,0,0,0,0,0,0,0.0,0.0,0,0,0,0,0,0,0,0,0,0,0,0,0,0,0,2,0.0,,,0,2008-10-06,,,,,
17022373,2008,41,52,5,0,150107A201,150107,0,9,18,0,,,0,0,0,0,0,0,0,0,0,0,0,0,0,0,0,0,0,0.0,0.0,0,0,0,0,0,0,0,0,0,0,0,0,0,0,0,0,0.0,,,0,2008-10-14,,,,,
17021806,2008,42,52,5,0,150107A201,150107,0,5,35,0,,,0,0,0,0,0,0,0,0,0,0,0,0,0,0,0,0,0,0.0,0.0,0,0,0,0,0,0,0,0,0,0,0,0,0,0,1,1,0.0,,,0,2008-10-20,,,,,
17021449,2008,43,52,5,0,150107A201,150107,2,6,27,0,,,0,0,0,0,0,0,0,0,0,0,0,0,0,0,0,0,0,0.0,0.0,0,0,0,0,0,0,0,0,0,0,0,0,0,0,1,2,0.0,,,0,2008-10-27,,,,,
17021035,2008,44,52,5,0,150107A201,150107,0,10,25,0,,,0,0,0,0,0,0,0,0,0,0,0,0,0,0,0,0,0,0.0,0.0,0,0,0,0,0,0,0,0,0,0,0,0,0,0,0,0,0.0,,,0,2008-11-03,,,,,
17020630,2008,45,52,5,0,150107A201,150107,2,10,26,0,,,0,0,0,0,0,0,0,0,0,0,0,0,0,0,0,0,0,0.0,0.0,0,0,0,0,0,0,0,0,0,0,0,0,0,0,2,0,0.0,,,0,2008-11-10,,,,,
17020315,2008,46,52,5,0,150107A201,150107,1,13,29,0,,,0,0,0,0,0,0,0,0,0,0,0,0,0,0,0,0,0,0.0,0.0,0,0,0,0,0,0,0,0,0,0,0,0,0,0,1,0,0.0,,,0,2008-11-17,,,,,
17019895,2008,47,52,5,0,150107A201,150107,0,9,24,0,,,0,0,0,0,0,0,0,0,0,0,0,0,0,0,0,0,0,0.0,0.0,0,0,0,0,0,0,0,0,0,0,0,0,0,0,0,0,0.0,,,0,2008-11-24,,,,,
17019382,2008,48,52,5,0,150107A201,150107,0,5,25,0,,,0,0,0,0,0,0,0,0,0,0,0,0,0,0,0,0,0,0.0,0.0,0,0,0,0,0,0,0,0,0,0,0,0,0,0,0,2,0.0,,,0,2008-12-01,,,,,
17019061,2008,49,52,5,0,150107A201,150107,0,8,27,0,,,0,0,0,0,0,0,0,0,0,0,0,0,0,0,0,0,0,0.0,0.0,0,0,0,0,0,0,0,0,0,0,0,0,0,0,0,1,0.0,,,0,2008-12-09,,,,,
17018572,2008,50,52,5,0,150107A201,150107,2,5,29,0,,,0,0,0,0,0,0,0,0,0,0,0,0,0,0,0,0,0,0.0,0.0,0,0,0,0,0,0,0,0,0,0,0,0,0,0,0,1,0.0,,,0,2008-12-16,,,,,
17018170,2008,51,52,5,0,150107A201,150107,1,5,16,0,,,0,0,0,0,0,0,0,0,0,0,0,0,0,0,0,0,0,0.0,0.0,0,0,0,0,0,0,0,0,0,0,0,0,0,0,0,1,0.0,,,0,2008-12-23,,,,,
17017873,2008,52,52,5,0,150107A201,150107,0,10,16,0,,,0,0,0,0,0,0,0,0,0,0,0,0,0,0,0,0,0,0.0,0.0,0,0,0,0,0,0,0,0,0,0,0,0,0,0,0,0,0.0,,,0,2008-12-30,,,,,
17017513,2008,53,52,5,0,150107A201,150107,0,2,16,0,,,0,0,0,0,0,0,0,0,0,0,0,0,0,0,0,0,0,0.0,0.0,0,0,0,0,0,0,0,0,0,0,0,0,0,0,0,0,0.0,,,0,2009-01-06,,,,,
17038555,2008,1,52,5,0,150107A201,150118,0,0,4,0,,,0,0,0,0,0,0,0,0,0,0,0,0,0,0,0,0,0,0.0,0.0,0,0,0,0,0,0,0,0,0,0,0,0,0,0,0,0,0.0,,,0,2008-01-07,,,,,
17038150,2008,2,52,5,0,150107A201,150118,0,0,0,0,,,0,0,0,0,0,1,0,0,0,0,0,0,0,0,0,0,0,0.0,0.0,0,0,0,0,0,0,0,0,0,0,0,0,0,0,0,0,0.0,,,0,2008-01-14,,,,,
17037754,2008,3,52,5,0,150107A201,150118,0,0,2,0,,,0,0,0,0,0,0,0,0,0,0,0,0,0,0,0,0,0,0.0,0.0,0,0,0,0,0,0,0,0,0,0,0,0,0,0,0,0,0.0,,,0,2008-01-21,,,,,
17037352,2008,4,52,5,0,150107A201,150118,0,2,2,0,,,0,0,0,0,0,0,0,0,0,0,0,0,0,0,0,0,0,0.0,0.0,0,0,0,0,0,0,0,0,0,0,0,0,0,0,0,0,0.0,,,0,2008-01-28,,,,,
17036944,2008,5,52,5,0,150107A201,150118,1,0,0,0,,,0,0,0,0,0,0,0,0,0,0,0,0,0,0,0,0,0,0.0,0.0,0,0,0,0,0,0,0,0,0,0,0,0,0,0,1,0,0.0,,,0,2008-02-04,,,,,
17036173,2008,7,52,5,0,150107A201,150118,1,0,3,0,,,0,0,0,0,0,0,0,0,0,0,0,0,0,0,0,0,0,0.0,0.0,0,0,0,0,0,0,0,0,0,0,0,0,0,0,0,0,0.0,,,0,2008-02-18,,,,,
17035732,2008,8,52,5,0,150107A201,150118,0,2,4,0,,,0,0,0,0,0,0,0,0,0,0,0,0,0,0,0,0,0,0.0,0.0,0,0,0,0,0,0,0,0,0,0,0,0,0,0,0,0,0.0,,,0,2008-02-25,,,,,
17035291,2008,9,52,5,0,150107A201,150118,0,0,5,0,,,0,0,0,0,0,0,0,0,0,0,0,0,0,0,0,0,0,0.0,0.0,0,0,0,0,0,0,0,0,0,0,0,0,0,0,0,0,0.0,,,0,2008-03-03,,,,,
17034919,2008,10,52,5,0,150107A201,150118,0,1,8,0,,,0,0,0,0,0,0,0,0,0,0,0,0,0,0,0,0,0,0.0,0.0,0,0,0,0,0,0,0,0,0,0,0,0,0,0,0,0,0.0,,,0,2008-03-10,,,,,
17034457,2008,11,52,5,0,150107A201,150118,0,2,4,0,,,0,0,0,0,0,0,0,0,0,0,0,0,0,0,0,0,0,0.0,0.0,0,0,0,0,0,0,0,0,0,0,0,0,0,0,0,0,0.0,,,0,2008-03-17,,,,,
17034067,2008,12,52,5,0,150107A201,150118,1,0,4,0,,,0,0,0,0,0,0,0,0,0,0,0,0,0,0,0,0,0,0.0,0.0,0,0,0,0,0,0,0,0,0,0,0,0,0,0,0,1,0.0,,,0,2008-03-25,,,,,
17033743,2008,13,52,5,0,150107A201,150118,0,2,5,0,,,0,0,0,0,0,0,0,0,0,0,0,0,0,0,0,0,0,0.0,0.0,0,0,0,0,0,0,0,0,0,0,0,0,0,0,0,0,0.0,,,0,2008-03-31,,,,,
17033329,2008,14,52,5,0,150107A201,150118,0,3,3,0,,,0,0,0,0,0,0,0,0,0,0,0,0,0,0,0,0,0,0.0,0.0,0,0,0,0,0,0,0,0,0,0,0,0,0,0,0,0,0.0,,,0,2008-04-07,,,,,
17032861,2008,15,52,5,0,150107A201,150118,0,0,11,0,,,0,0,0,0,0,0,0,0,0,0,0,0,0,0,0,0,0,0.0,0.0,0,0,0,0,0,0,0,0,0,0,0,0,0,0,0,0,0.0,,,0,2008-04-14,,,,,
17032420,2008,16,52,5,0,150107A201,150118,0,1,13,0,,,0,0,0,0,0,0,0,0,0,0,0,0,0,0,0,0,0,0.0,0.0,0,0,0,0,0,0,0,0,0,0,0,0,0,0,0,0,0.0,,,0,2008-04-21,,,,,
17032084,2008,17,52,5,0,150107A201,150118,0,1,3,0,,,0,0,0,0,0,0,0,0,0,0,0,0,0,0,0,0,0,0.0,0.0,0,0,0,0,0,0,0,0,0,0,0,0,0,0,0,0,0.0,,,0,2008-04-28,,,,,
17031598,2008,18,52,5,0,150107A201,150118,0,1,5,0,,,0,0,0,0,0,0,0,0,0,0,0,0,0,0,0,0,0,0.0,0.0,0,0,0,0,0,0,0,0,0,0,0,0,0,0,0,0,0.0,,,0,2008-05-05,,,,,
17031268,2008,19,52,5,0,150107A201,150118,0,0,10,0,,,0,0,0,0,0,0,0,0,0,0,0,0,0,0,0,0,0,0.0,0.0,0,0,0,0,0,0,0,0,0,0,0,0,0,0,0,0,0.0,,,0,2008-05-12,,,,,
17030776,2008,20,52,5,0,150107A201,150118,0,0,5,0,,,0,0,0,0,0,0,0,0,0,0,0,0,0,0,0,0,0,0.0,0.0,0,0,0,0,0,0,0,0,0,0,0,0,0,0,0,0,0.0,,,0,2008-05-19,,,,,
17030500,2008,21,52,5,0,150107A201,150118,2,1,10,0,,,0,0,0,0,0,0,0,0,0,0,0,0,0,0,0,0,0,0.0,0.0,0,0,0,0,0,0,0,0,0,0,0,0,0,0,0,0,0.0,,,0,2008-05-26,,,,,
17029975,2008,22,52,5,0,150107A201,150118,0,1,1,0,,,0,0,0,0,0,0,0,0,0,0,0,0,0,0,0,0,0,0.0,0.0,0,0,0,0,0,0,0,0,0,0,0,0,0,0,0,0,0.0,,,0,2008-06-02,,,,,
17029552,2008,23,52,5,0,150107A201,150118,0,0,11,0,,,0,0,0,0,0,0,0,0,0,0,0,0,0,0,0,0,0,0.0,0.0,0,0,0,0,0,0,0,0,0,0,0,0,0,0,0,0,0.0,,,0,2008-06-09,,,,,
17029126,2008,24,52,5,0,150107A201,150118,0,2,3,0,,,0,0,0,0,0,0,0,0,0,0,0,0,0,0,0,0,0,0.0,0.0,0,0,0,0,0,0,0,0,0,0,0,0,0,0,0,0,0.0,,,0,2008-06-17,,,,,
17028703,2008,25,52,5,0,150107A201,150118,0,1,6,0,,,0,0,0,0,0,0,0,0,0,0,0,0,0,0,0,0,0,0.0,0.0,0,0,0,0,0,0,0,0,0,0,0,0,0,0,0,0,0.0,,,0,2008-06-23,,,,,
17028280,2008,26,52,5,0,150107A201,150118,0,0,3,0,,,0,0,0,0,0,0,0,0,0,0,0,0,0,0,0,0,0,0.0,0.0,0,0,0,0,0,0,0,0,0,0,0,0,0,0,0,0,0.0,,,0,2008-06-30,,,,,
17027974,2008,27,52,5,0,150107A201,150118,0,0,10,0,,,0,0,0,0,0,0,0,0,0,0,0,0,0,0,0,0,0,0.0,0.0,0,0,0,0,0,0,0,0,0,0,0,0,0,0,0,0,0.0,,,0,2008-07-07,,,,,
17027455,2008,28,52,5,0,150107A201,150118,0,1,4,0,,,0,0,0,0,0,0,0,0,0,0,0,0,0,0,0,0,0,0.0,0.0,0,0,0,0,0,0,0,0,0,0,0,0,0,0,1,0,0.0,,,0,2008-07-14,,,,,
17027059,2008,29,52,5,0,150107A201,150118,0,1,3,0,,,0,0,0,0,0,0,0,0,0,0,0,0,0,0,0,0,0,0.0,0.0,0,0,0,0,0,0,0,0,0,0,0,0,0,0,0,0,0.0,,,0,2008-07-21,,,,,
17026810,2008,30,52,5,0,150107A201,150118,0,1,3,0,,,0,0,0,0,0,0,0,0,0,0,0,0,0,0,0,0,0,0.0,0.0,0,0,0,0,0,0,0,0,0,0,0,0,0,0,0,0,0.0,,,0,2008-07-30,,,,,
17026378,2008,31,52,5,0,150107A201,150118,0,1,5,0,,,0,0,0,0,0,0,0,0,0,0,0,0,0,0,0,0,0,0.0,0.0,0,0,0,0,0,0,0,0,0,0,0,0,0,0,0,0,0.0,,,0,2008-08-05,,,,,
17025856,2008,32,52,5,0,150107A201,150118,0,1,4,0,,,0,0,0,0,0,0,0,0,0,0,0,0,0,0,0,0,0,0.0,0.0,0,0,0,0,0,0,0,0,0,0,0,0,0,0,0,1,0.0,,,0,2008-08-12,,,,,
17025445,2008,33,52,5,0,150107A201,150118,1,2,3,0,,,0,0,0,0,0,0,0,0,0,0,0,0,0,0,0,0,0,0.0,0.0,0,0,0,0,0,0,0,0,0,0,0,0,0,0,0,0,0.0,,,0,2008-08-18,,,,,
17025091,2008,34,52,5,0,150107A201,150118,0,0,3,0,,,0,0,0,0,0,0,0,0,0,0,0,0,0,0,0,0,0,0.0,0.0,0,0,0,0,0,0,0,0,0,0,0,0,0,0,0,0,0.0,,,0,2008-08-25,,,,,
17024656,2008,35,52,5,0,150107A201,150118,0,0,2,0,,,0,0,0,0,0,0,0,0,0,0,0,0,0,0,0,0,0,0.0,0.0,0,0,0,0,0,0,0,0,0,0,0,0,0,0,0,0,0.0,,,0,2008-09-02,,,,,
17024242,2008,36,52,5,0,150107A201,150118,0,2,3,0,,,0,0,0,0,0,0,0,0,0,0,0,0,0,0,0,0,0,0.0,0.0,0,0,0,0,0,0,0,0,0,0,0,0,0,0,0,0,0.0,,,0,2008-09-08,,,,,
17023825,2008,37,52,5,0,150107A201,150118,1,2,6,0,,,0,0,0,0,0,0,0,0,0,0,0,0,0,0,0,0,0,0.0,0.0,0,0,0,0,0,0,0,0,0,0,0,0,0,0,1,0,0.0,,,0,2008-09-16,,,,,
17023417,2008,38,52,5,0,150107A201,150118,0,1,3,0,,,0,0,0,0,0,0,0,0,0,0,0,0,0,0,0,0,0,0.0,0.0,0,0,0,0,0,0,0,0,0,0,0,0,0,0,0,0,0.0,,,0,2008-09-22,,,,,
17023024,2008,39,52,5,0,150107A201,150118,0,1,2,0,,,0,0,0,0,0,0,0,0,0,0,0,0,0,0,0,0,0,0.0,0.0,0,0,0,0,0,0,0,0,0,0,0,0,0,0,0,0,0.0,,,0,2008-09-29,,,,,
17022616,2008,40,52,5,0,150107A201,150118,0,0,5,0,,,0,0,0,0,0,0,0,0,0,0,0,0,0,0,0,0,0,0.0,0.0,0,0,0,0,0,0,0,0,0,0,0,0,0,0,0,0,0.0,,,0,2008-10-06,,,,,
17022370,2008,41,52,5,0,150107A201,150118,0,2,1,0,,,0,0,0,0,0,0,0,0,0,0,0,0,0,0,0,0,0,0.0,0.0,0,0,0,0,0,0,0,0,0,0,0,0,0,0,0,0,0.0,,,0,2008-10-14,,,,,
17021803,2008,42,52,5,0,150107A201,150118,0,0,3,0,,,0,0,0,0,0,0,0,0,0,0,0,0,0,0,0,0,0,0.0,0.0,0,0,0,0,0,0,0,0,0,0,0,0,0,0,0,0,0.0,,,0,2008-10-20,,,,,
17021446,2008,43,52,5,0,150107A201,150118,0,2,1,0,,,0,0,0,0,0,0,0,0,0,0,0,0,0,0,0,0,0,0.0,0.0,0,0,0,0,0,0,0,0,0,0,0,0,0,0,0,0,0.0,,,0,2008-10-27,,,,,
17021032,2008,44,52,5,0,150107A201,150118,0,2,4,0,,,0,0,0,0,0,0,0,0,0,0,0,0,0,0,0,0,0,0.0,0.0,0,0,0,0,0,0,0,0,0,0,0,0,0,0,0,1,0.0,,,0,2008-11-03,,,,,
17020627,2008,45,52,5,0,150107A201,150118,0,0,6,0,,,0,0,0,0,0,0,0,0,0,0,0,0,0,0,0,0,0,0.0,0.0,0,0,0,0,0,0,0,0,0,0,0,0,0,0,1,0,0.0,,,0,2008-11-10,,,,,
17020312,2008,46,52,5,0,150107A201,150118,0,1,5,0,,,0,0,0,0,0,0,0,0,0,0,0,0,0,0,0,0,0,0.0,0.0,0,0,0,0,0,0,0,0,0,0,0,0,0,0,0,0,0.0,,,0,2008-11-17,,,,,
17019892,2008,47,52,5,0,150107A201,150118,0,1,5,0,,,0,0,0,0,0,0,0,0,0,0,0,0,0,0,0,0,0,0.0,0.0,0,0,0,0,0,0,0,0,0,0,0,0,0,0,1,0,0.0,,,0,2008-11-24,,,,,
17019379,2008,48,52,5,0,150107A201,150118,0,2,2,0,,,0,0,0,0,0,0,0,0,0,0,0,0,0,0,0,0,0,0.0,0.0,0,0,0,0,0,0,0,0,0,0,0,0,0,0,0,0,0.0,,,0,2008-12-01,,,,,
17019058,2008,49,52,5,0,150107A201,150118,0,2,2,0,,,0,0,0,0,0,0,0,0,0,0,0,0,0,0,0,0,0,0.0,0.0,0,0,0,0,0,0,0,0,0,0,0,0,0,0,0,0,0.0,,,0,2008-12-09,,,,,
17018569,2008,50,52,5,0,150107A201,150118,0,1,7,0,,,0,0,0,0,0,0,0,0,0,0,0,0,0,0,0,0,0,0.0,0.0,0,0,0,0,0,0,0,0,0,0,0,0,0,0,0,0,0.0,,,0,2008-12-16,,,,,
17018167,2008,51,52,5,0,150107A201,150118,0,2,8,0,,,0,0,0,0,0,0,0,0,0,0,0,0,0,0,0,0,0,0.0,0.0,0,0,0,0,0,0,0,0,0,0,0,0,0,0,0,0,0.0,,,0,2008-12-23,,,,,
17017870,2008,52,52,5,0,150107A201,150118,0,3,9,0,,,0,0,0,0,0,0,0,0,0,0,0,0,0,0,0,0,0,0.0,0.0,0,0,0,0,0,0,0,0,0,0,0,0,0,0,0,0,0.0,,,0,2008-12-30,,,,,
17017510,2008,53,52,5,0,150107A201,150118,0,1,3,0,,,0,0,0,0,0,0,0,0,0,0,0,0,0,0,0,0,0,0.0,0.0,0,0,0,0,0,0,0,0,0,0,0,0,0,0,1,0,0.0,,,0,2009-01-06,,,,,
6935257,2009,1,52,5,0,150107A201,150103,0,0,1,0,,,0,0,0,0,0,0,0,0,0,0,0,0,0,0,0,0,0,0.0,0.0,0,0,0,0,0,0,0,0,0,0,0,0,0,0,0,0,0.0,,,0,2009-01-10,,,,,
6935689,2009,2,52,5,0,150107A201,150103,0,0,1,0,,,0,0,0,0,0,0,0,0,0,0,0,0,0,0,0,0,0,0.0,0.0,0,0,0,0,0,0,0,0,0,0,0,0,0,0,0,0,0.0,,,0,2009-01-19,,,,,
6936076,2009,3,52,5,0,150107A201,150103,0,0,1,0,,,0,0,0,0,0,0,0,0,0,0,0,0,0,0,0,0,0,0.0,0.0,0,0,0,0,0,0,0,0,0,0,0,0,0,0,0,0,0.0,,,0,2009-01-26,,,,,
6936841,2009,5,52,5,0,150107A201,150103,0,0,3,0,,,0,0,0,0,0,0,0,0,0,0,0,0,0,0,0,0,0,0.0,0.0,0,0,0,0,0,0,0,0,0,0,0,0,0,0,0,0,0.0,,,0,2009-02-09,,,,,
6938449,2009,9,52,5,0,150107A201,150103,0,1,0,0,,,0,0,0,0,0,0,0,0,0,0,0,0,0,0,0,0,0,0.0,0.0,0,0,0,0,0,0,0,0,0,0,0,0,0,0,0,0,0.0,,,0,2009-03-09,,,,,
6940009,2009,13,52,5,0,150107A201,150103,0,0,1,0,,,0,0,0,0,0,0,0,0,0,0,0,0,0,0,0,0,0,0.0,0.0,0,0,0,0,0,0,0,0,0,0,0,0,0,0,0,0,0.0,,,0,2009-04-07,,,,,
6940423,2009,14,52,5,0,150107A201,150103,0,1,0,0,,,0,0,0,0,0,0,0,0,0,0,0,0,0,0,0,0,0,0.0,0.0,0,0,0,0,0,0,0,0,0,0,0,0,0,0,0,0,0.0,,,0,2009-04-13,,,,,
6941281,2009,16,52,5,0,150107A201,150103,1,0,0,0,,,0,0,0,0,0,0,0,0,0,0,0,0,0,0,0,0,0,0.0,0.0,0,0,0,0,0,0,0,0,0,0,0,0,0,0,0,0,0.0,,,0,2009-04-28,,,,,
6941644,2009,17,52,5,0,150107A201,150103,0,1,0,0,,,0,0,0,0,0,0,0,0,0,0,0,0,0,0,0,0,0,0.0,0.0,0,0,0,0,0,0,0,0,0,0,0,0,0,0,0,0,0.0,,,0,2009-05-04,,,,,
6942046,2009,18,52,5,0,150107A201,150103,0,3,0,0,,,0,0,0,0,0,0,0,0,0,0,0,0,0,0,0,0,0,0.0,0.0,0,0,0,0,0,0,0,0,0,0,0,0,0,0,0,0,0.0,,,0,2009-05-11,,,,,
6942454,2009,19,52,5,0,150107A201,150103,0,0,1,0,,,0,0,0,0,0,0,0,0,0,0,0,0,0,0,0,0,0,0.0,0.0,0,0,0,0,0,0,0,0,0,0,0,0,0,0,0,0,0.0,,,0,2009-05-17,,,,,
6942865,2009,20,52,5,0,150107A201,150103,0,1,0,0,,,0,0,0,0,0,0,0,0,0,0,0,0,0,0,0,0,0,0.0,0.0,0,0,0,0,0,0,0,0,0,0,0,0,0,0,0,0,0.0,,,0,2009-05-25,,,,,
6943282,2009,21,52,5,0,150107A201,150103,0,0,1,0,,,0,0,0,0,0,0,0,0,0,0,0,0,0,0,0,0,0,0.0,0.0,0,0,0,0,0,0,0,0,0,0,0,0,0,0,0,0,0.0,,,0,2009-06-01,,,,,
6943678,2009,22,52,5,0,150107A201,150103,0,1,4,0,,,0,0,0,0,0,0,0,0,0,0,0,0,0,0,0,0,0,0.0,0.0,0,0,0,0,0,0,0,0,0,0,0,0,0,0,0,0,0.0,,,0,2009-06-08,,,,,
6944218,2009,23,52,5,0,150107A201,150103,0,1,0,0,,,0,0,0,0,0,0,0,0,0,0,0,0,0,0,0,0,0,0.0,0.0,0,0,0,0,0,0,0,0,0,0,0,0,0,0,0,0,0.0,,,0,2009-06-16,,,,,
6944611,2009,24,52,5,0,150107A201,150103,0,1,0,0,,,0,0,0,0,0,0,0,0,0,0,0,0,0,0,0,0,0,0.0,0.0,0,0,0,0,0,0,0,0,0,0,0,0,0,0,0,0,0.0,,,0,2009-06-22,,,,,
6944998,2009,25,52,5,0,150107A201,150103,0,1,14,0,,,0,0,0,0,0,0,0,0,0,0,0,0,0,0,0,0,0,0.0,0.0,0,0,0,0,0,0,0,0,0,0,0,0,0,0,0,0,0.0,,,0,2009-06-29,,,,,
6945421,2009,26,52,5,0,150107A201,150103,0,0,1,0,,,0,0,0,0,0,0,0,0,0,0,0,0,0,0,0,0,0,0.0,0.0,0,0,0,0,0,0,0,0,0,0,0,0,0,0,0,0,0.0,,,0,2009-07-05,,,,,
6945835,2009,27,52,5,0,150107A201,150103,0,1,3,0,,,0,0,0,0,0,0,0,0,0,0,0,0,0,0,0,0,0,0.0,0.0,0,0,0,0,0,0,0,0,0,0,0,0,0,0,0,0,0.0,,,0,2009-07-13,,,,,
6946138,2009,28,52,5,0,150107A201,150103,0,0,2,0,,,0,0,0,0,0,0,0,0,0,0,0,0,0,0,0,0,0,0.0,0.0,0,0,0,0,0,0,0,0,0,0,0,0,0,0,0,0,0.0,,,0,2009-07-21,,,,,
6946681,2009,29,52,5,0,150107A201,150103,0,1,2,0,,,0,0,0,0,0,0,0,0,0,0,0,0,0,0,0,0,0,0.0,0.0,0,0,0,0,0,0,0,0,0,0,0,0,0,0,0,0,0.0,,,0,2009-07-30,,,,,
6947056,2009,30,52,5,0,150107A201,150103,0,0,2,0,,,0,0,0,0,0,0,0,0,0,0,0,0,0,0,0,0,0,0.0,0.0,0,0,0,0,0,0,0,0,0,0,0,0,0,0,0,0,0.0,,,0,2009-08-03,,,,,
6947518,2009,31,52,5,0,150107A201,150103,0,0,2,0,,,0,0,0,0,0,0,0,0,0,0,0,0,0,0,0,0,0,0.0,0.0,0,0,0,0,0,0,0,0,0,0,0,0,0,0,0,0,0.0,,,0,2009-08-11,,,,,
6947839,2009,32,52,5,0,150107A201,150103,0,1,1,0,,,0,0,0,0,0,0,0,0,0,0,0,0,0,0,0,0,0,0.0,0.0,0,0,0,0,0,0,0,0,0,0,0,0,0,0,0,0,0.0,,,0,2009-08-18,,,,,
6948277,2009,33,52,5,0,150107A201,150103,0,0,2,0,,,0,0,0,0,0,0,0,0,0,0,0,0,0,0,0,0,0,0.0,0.0,0,0,0,0,0,0,0,0,0,0,0,0,0,0,0,0,0.0,,,0,2009-08-24,,,,,
6950326,2009,38,52,5,0,150107A201,150103,0,0,1,0,,,0,0,0,0,0,0,0,0,0,0,0,0,0,0,0,0,0,0.0,0.0,0,0,0,0,0,0,0,0,0,0,0,0,0,0,1,0,0.0,,,0,2009-09-29,,,,,
6950710,2009,39,52,5,0,150107A201,150103,0,0,1,0,,,0,0,0,0,0,0,0,0,0,0,0,0,0,0,0,0,0,0.0,0.0,0,0,0,0,0,0,0,0,0,0,0,0,0,0,0,0,0.0,,,0,2009-10-05,,,,,
6951820,2009,42,52,5,0,150107A201,150103,0,0,2,0,,,0,0,0,0,0,0,0,0,0,0,0,0,0,0,0,0,0,0.0,0.0,0,0,0,0,0,0,0,0,0,0,0,0,0,0,0,0,0.0,,,0,2009-10-27,,,,,
6952417,2009,43,52,5,0,150107A201,150103,0,0,4,0,,,0,0,0,0,0,0,0,0,0,0,0,0,0,0,0,0,0,0.0,0.0,0,0,0,0,0,0,0,0,0,0,0,0,0,0,0,0,0.0,,,0,2009-11-02,,,,,
6952855,2009,44,52,5,0,150107A201,150103,0,0,1,0,,,0,0,0,0,0,0,0,0,0,0,0,0,0,0,0,0,0,0.0,0.0,0,0,0,0,0,0,0,0,0,0,0,0,0,0,0,0,0.0,,,0,2009-11-09,,,,,
6953272,2009,45,52,5,0,150107A201,150103,0,1,3,0,,,0,0,0,0,0,0,0,0,0,0,0,0,0,0,0,0,0,0.0,0.0,0,0,0,0,0,0,0,0,0,0,0,0,0,0,0,0,0.0,,,0,2009-11-16,,,,,
6953683,2009,46,52,5,0,150107A201,150103,0,1,1,0,,,0,0,0,0,0,0,0,0,0,0,0,0,0,0,0,0,0,0.0,0.0,0,0,0,0,0,0,0,0,0,0,0,0,0,0,0,0,0.0,,,0,2009-11-23,,,,,
6954013,2009,47,52,5,0,150107A201,150103,0,0,2,0,,,0,0,0,0,0,0,0,0,0,0,0,0,0,0,0,0,0,0.0,0.0,0,0,0,0,0,0,0,0,0,0,0,0,0,0,0,0,0.0,,,0,2009-11-30,,,,,
6954445,2009,48,52,5,0,150107A201,150103,0,1,2,0,,,0,0,0,0,0,0,0,0,0,0,0,0,0,0,0,0,0,0.0,0.0,0,0,0,0,0,0,0,0,0,0,0,0,0,0,0,0,0.0,,,0,2009-12-07,,,,,
6954871,2009,49,52,5,0,150107A201,150103,0,0,1,0,,,0,0,0,0,0,0,0,0,0,0,0,0,0,0,0,0,0,0.0,0.0,0,0,0,0,0,0,0,0,0,0,0,0,0,0,0,0,0.0,,,0,2009-12-14,,,,,
6955285,2009,50,52,5,0,150107A201,150103,0,0,1,0,,,0,0,0,0,0,0,0,0,0,0,0,0,0,0,0,0,0,0.0,0.0,0,0,0,0,0,0,0,0,0,0,0,0,0,0,0,0,0.0,,,0,2009-12-21,,,,,
6955696,2009,51,52,5,0,150107A201,150103,0,1,1,0,,,0,0,0,0,0,0,0,0,0,0,0,0,0,0,0,0,0,0.0,0.0,0,0,0,0,0,0,0,0,0,0,0,0,0,0,0,0,0.0,,,0,2009-12-28,,,,,
6956110,2009,52,52,5,0,150107A201,150103,0,1,1,0,,,0,0,0,0,0,0,0,0,0,0,0,0,0,0,0,0,0,0.0,0.0,0,0,0,0,0,0,0,0,0,0,0,0,0,0,0,0,0.0,,,0,2010-01-04,,,,,
6935251,2009,1,52,5,0,150107A201,150107,2,8,22,0,,,0,0,0,0,0,0,0,0,0,0,0,0,0,0,0,0,0,0.0,0.0,0,0,0,0,0,0,0,0,0,0,0,0,0,0,1,0,0.0,,,0,2009-01-10,,,,,
6935683,2009,2,52,5,0,150107A201,150107,0,5,11,0,,,0,0,0,0,0,0,0,0,0,0,0,0,0,0,0,0,0,0.0,0.0,0,0,0,0,0,0,0,0,0,0,0,0,0,0,0,1,0.0,,,0,2009-01-19,,,,,
6936070,2009,3,52,5,0,150107A201,150107,1,0,0,0,,,0,0,0,0,0,0,0,0,0,0,0,0,0,0,0,0,0,0.0,0.0,0,0,0,0,0,0,0,0,0,0,0,0,0,0,0,1,0.0,,,0,2009-01-26,,,,,
6936460,2009,4,52,5,0,150107A201,150107,0,2,12,0,,,0,0,0,0,0,0,0,0,0,0,0,0,0,0,0,0,0,0.0,0.0,0,0,0,0,0,0,0,0,0,0,0,0,0,0,1,1,0.0,,,0,2009-02-03,,,,,
6936844,2009,5,52,5,0,150107A201,150107,0,2,20,0,,,0,0,0,0,0,0,0,0,0,0,0,0,0,0,0,0,0,0.0,0.0,0,0,0,0,0,0,0,0,0,0,0,0,0,0,1,1,0.0,,,0,2009-02-09,,,,,
6937252,2009,6,52,5,0,150107A201,150107,1,4,17,0,,,0,0,0,0,0,0,1,0,0,0,0,0,0,0,0,0,0,0.0,0.0,0,0,0,0,0,0,0,0,0,0,0,0,0,0,1,1,0.0,,,0,2009-02-16,,,,,
6937642,2009,7,52,5,0,150107A201,150107,1,4,17,0,,,0,0,0,0,0,0,1,0,0,0,0,0,0,0,0,0,0,0.0,0.0,0,0,0,0,0,0,0,0,0,0,0,0,0,0,1,0,0.0,,,0,2009-02-23,,,,,
6938038,2009,8,52,5,0,150107A201,150107,1,6,10,0,,,0,0,0,0,0,0,0,0,0,0,0,0,0,0,0,0,0,0.0,0.0,0,0,0,0,0,0,0,0,0,0,0,0,0,0,0,0,0.0,,,0,2009-03-02,,,,,
6938443,2009,9,52,5,0,150107A201,150107,0,4,16,0,,,0,0,0,0,0,0,0,0,0,0,0,0,0,0,0,0,0,0.0,0.0,0,0,0,0,0,0,0,0,0,0,0,0,0,0,1,0,0.0,,,0,2009-03-09,,,,,
6938830,2009,10,52,5,0,150107A201,150107,3,5,30,0,,,0,0,0,0,0,0,0,0,0,0,0,0,0,0,0,0,0,0.0,0.0,0,0,0,0,0,0,0,0,0,0,0,0,0,0,1,0,0.0,,,0,2009-03-16,,,,,
6939232,2009,11,52,5,0,150107A201,150107,1,3,22,0,,,0,0,0,0,0,0,0,0,0,0,0,0,0,0,0,0,0,0.0,0.0,0,0,0,0,0,0,0,0,0,0,0,0,0,0,0,0,0.0,,,0,2009-03-24,,,,,
6939634,2009,12,52,5,0,150107A201,150107,1,4,20,0,,,0,0,0,0,0,0,0,0,0,0,0,0,0,0,0,0,0,0.0,0.0,0,0,0,0,0,0,0,0,0,0,0,0,0,0,2,1,0.0,,,0,2009-03-30,,,,,
6940003,2009,13,52,5,0,150107A201,150107,1,5,21,0,,,0,0,0,0,0,0,0,0,0,0,0,0,0,0,0,0,0,0.0,0.0,0,0,0,0,0,0,0,0,0,0,0,0,0,0,0,0,0.0,,,0,2009-04-07,,,,,
6940417,2009,14,52,5,0,150107A201,150107,2,7,23,0,,,0,0,0,0,0,0,0,0,0,0,0,0,0,0,0,0,0,0.0,0.0,0,0,0,0,0,0,0,0,0,0,0,0,0,0,0,0,0.0,,,0,2009-04-13,,,,,
6940843,2009,15,52,5,0,150107A201,150107,0,2,35,0,,,0,0,0,0,0,0,0,0,0,0,0,0,0,0,0,0,0,0.0,0.0,0,0,0,0,0,0,0,0,0,0,0,0,0,0,0,0,0.0,,,0,2009-04-20,,,,,
6941275,2009,16,52,5,0,150107A201,150107,3,2,23,0,,,0,0,0,0,0,0,0,0,0,0,0,0,0,0,0,0,0,0.0,0.0,0,0,0,0,0,0,0,0,0,0,0,0,0,0,0,0,0.0,,,0,2009-04-28,,,,,
6941638,2009,17,52,5,0,150107A201,150107,2,9,24,0,,,0,0,0,0,0,0,0,0,0,0,0,0,0,0,0,0,0,0.0,0.0,0,0,0,0,0,0,0,0,0,0,0,0,0,0,1,1,0.0,,,0,2009-05-04,,,,,
6942040,2009,18,52,5,0,150107A201,150107,0,7,19,0,,,0,0,0,0,0,0,0,0,0,0,0,0,0,0,0,0,0,0.0,0.0,0,0,0,0,0,0,0,0,0,0,0,0,0,0,0,0,0.0,,,0,2009-05-11,,,,,
6942448,2009,19,52,5,0,150107A201,150107,0,4,24,0,,,0,0,0,0,0,0,0,0,0,0,0,0,0,0,0,0,0,0.0,0.0,0,0,0,0,0,0,0,0,0,0,0,0,0,0,0,0,0.0,,,0,2009-05-17,,,,,
6942859,2009,20,52,5,0,150107A201,150107,0,6,33,0,,,0,0,0,0,0,0,0,0,0,0,0,0,0,0,0,0,0,0.0,0.0,0,0,0,0,0,0,0,0,0,0,0,0,0,0,2,1,0.0,,,0,2009-05-25,,,,,
6943276,2009,21,52,5,0,150107A201,150107,0,8,20,0,,,0,0,0,0,0,0,0,0,0,0,0,0,0,0,0,0,0,0.0,0.0,0,0,0,0,0,0,0,0,0,0,0,0,0,0,2,0,0.0,,,0,2009-06-01,,,,,
6943672,2009,22,52,5,0,150107A201,150107,0,7,38,0,,,0,0,0,0,0,0,0,0,0,0,0,0,0,0,0,0,0,0.0,0.0,0,0,0,0,0,0,0,0,0,0,0,0,0,0,0,1,0.0,,,0,2009-06-08,,,,,
6944212,2009,23,52,5,0,150107A201,150107,0,4,22,0,,,0,0,0,0,0,0,0,0,0,0,0,0,0,0,0,0,0,0.0,0.0,0,0,0,0,0,0,0,0,0,0,0,0,0,0,0,0,0.0,,,0,2009-06-16,,,,,
6944605,2009,24,52,5,0,150107A201,150107,2,8,24,0,,,0,0,0,0,0,0,0,0,0,0,0,0,0,0,0,0,0,0.0,0.0,0,0,0,0,0,0,0,0,0,0,0,0,0,0,0,0,0.0,,,0,2009-06-22,,,,,
6944992,2009,25,52,5,0,150107A201,150107,0,11,50,0,,,0,0,0,0,0,0,0,0,0,0,0,0,0,0,0,0,0,0.0,0.0,0,0,0,0,0,0,0,0,0,0,0,0,0,0,1,0,0.0,,,0,2009-06-29,,,,,
6945415,2009,26,52,5,0,150107A201,150107,0,2,22,0,,,0,0,0,0,0,0,0,0,0,0,0,0,0,0,0,0,0,0.0,0.0,0,0,0,0,0,0,0,0,0,0,0,0,0,0,2,0,0.0,,,0,2009-07-05,,,,,
6945829,2009,27,52,5,0,150107A201,150107,0,7,28,0,,,0,0,0,0,0,0,0,0,0,0,0,0,0,0,0,0,0,0.0,0.0,0,0,0,0,0,0,0,0,0,0,0,0,0,0,0,0,0.0,,,0,2009-07-13,,,,,
6946132,2009,28,52,5,0,150107A201,150107,2,8,40,0,,,0,0,0,0,0,0,0,0,0,0,0,0,0,0,0,0,0,0.0,0.0,0,0,0,0,0,0,0,0,0,0,0,0,0,0,0,2,0.0,,,0,2009-07-21,,,,,
6946684,2009,29,52,5,0,150107A201,150107,0,3,15,0,,,0,0,0,0,0,0,0,0,0,0,0,0,0,0,0,0,0,0.0,0.0,0,0,0,0,0,0,0,0,0,0,0,0,0,0,1,1,0.0,,,0,2009-07-30,,,,,
6947050,2009,30,52,5,0,150107A201,150107,0,2,11,0,,,0,0,0,0,0,0,0,0,0,0,0,0,0,0,0,0,0,0.0,0.0,0,0,0,0,0,0,0,0,0,0,0,0,0,0,0,0,0.0,,,0,2009-08-03,,,,,
6947512,2009,31,52,5,0,150107A201,150107,2,2,19,0,,,0,0,0,0,0,1,0,0,0,0,0,0,0,0,0,0,0,0.0,0.0,0,0,0,0,0,0,0,0,0,0,0,0,0,0,0,0,0.0,,,0,2009-08-11,,,,,
6947833,2009,32,52,5,0,150107A201,150107,1,4,11,0,,,0,0,0,0,0,0,0,0,0,0,0,0,0,0,0,0,0,0.0,0.0,0,0,0,0,0,0,0,0,0,0,0,0,0,0,0,0,0.0,,,0,2009-08-18,,,,,
6948271,2009,33,52,5,0,150107A201,150107,0,6,20,0,,,0,0,0,0,0,0,0,0,0,0,0,0,0,0,0,0,0,0.0,0.0,0,0,0,0,0,0,0,0,0,0,0,0,0,0,0,1,0.0,,,0,2009-08-24,,,,,
6948490,2009,34,52,5,0,150107A201,150107,0,7,22,0,,,0,0,0,0,0,0,0,0,0,0,0,0,0,0,0,0,0,0.0,0.0,0,0,0,0,0,0,0,0,0,0,0,0,0,0,0,1,0.0,,,0,2009-09-01,,,,,
6949048,2009,35,52,5,0,150107A201,150107,2,8,20,0,,,0,0,0,0,0,0,0,0,0,0,0,0,0,0,0,0,0,0.0,0.0,0,0,0,0,0,0,0,0,0,0,0,0,0,0,4,0,0.0,,,0,2009-09-07,,,,,
6949408,2009,36,52,5,0,150107A201,150107,6,4,21,0,,,0,0,0,0,0,0,0,0,0,0,0,0,0,0,0,0,0,0.0,0.0,0,0,0,0,0,0,0,0,0,0,0,0,0,0,0,0,0.0,,,0,2009-09-14,,,,,
6949873,2009,37,52,5,0,150107A201,150107,0,2,13,0,,,0,0,0,0,0,0,0,0,0,0,0,0,0,0,0,0,0,0.0,0.0,0,0,0,0,0,0,0,0,0,0,0,0,0,0,1,2,0.0,,,0,2009-09-21,,,,,
6950323,2009,38,52,5,0,150107A201,150107,0,7,17,0,,,0,0,0,0,0,0,0,0,0,0,0,0,0,0,0,0,0,0.0,0.0,0,0,0,0,0,0,0,0,0,0,0,0,0,0,0,3,0.0,,,0,2009-09-29,,,,,
6950704,2009,39,52,5,0,150107A201,150107,1,10,35,0,,,0,0,0,0,0,0,0,0,0,0,0,0,0,0,0,0,0,0.0,0.0,0,0,0,0,0,0,0,0,0,0,0,0,0,0,2,0,0.0,,,0,2009-10-05,,,,,
6951124,2009,40,52,5,0,150107A201,150107,0,3,15,0,,,0,0,0,0,0,0,0,0,0,0,0,0,0,0,0,0,0,0.0,0.0,0,0,0,0,0,0,0,0,0,0,0,0,0,0,0,0,0.0,,,0,2009-10-12,,,,,
6951544,2009,41,52,5,0,150107A201,150107,2,12,40,0,,,0,0,0,0,0,0,0,0,0,0,0,0,0,0,0,0,0,0.0,0.0,0,0,0,0,0,0,0,0,0,0,0,0,0,0,1,1,0.0,,,0,2009-10-19,,,,,
6951814,2009,42,52,5,0,150107A201,150107,1,6,23,0,,,0,0,0,0,0,0,0,0,0,0,0,0,0,0,0,0,0,0.0,0.0,0,0,0,0,0,0,0,0,0,0,0,0,0,0,0,2,0.0,,,0,2009-10-27,,,,,
6952411,2009,43,52,5,0,150107A201,150107,0,8,25,0,,,0,0,0,0,0,0,0,0,0,0,0,0,0,0,0,0,0,0.0,0.0,0,0,0,0,0,0,0,0,0,0,0,0,0,0,1,0,0.0,,,0,2009-11-02,,,,,
6952849,2009,44,52,5,0,150107A201,150107,0,10,21,0,,,0,0,0,0,0,0,0,0,0,0,0,0,0,0,0,0,0,0.0,0.0,0,0,0,0,0,0,0,0,0,0,0,0,0,0,0,1,0.0,,,0,2009-11-09,,,,,
6953266,2009,45,52,5,0,150107A201,150107,1,5,43,0,,,0,0,0,0,0,0,0,0,0,0,0,0,0,0,0,0,0,0.0,0.0,0,0,0,0,0,0,0,0,0,0,0,0,0,0,1,0,0.0,,,0,2009-11-16,,,,,
6953677,2009,46,52,5,0,150107A201,150107,0,7,24,0,,,0,0,0,0,0,0,0,0,0,0,0,0,0,0,0,0,0,0.0,0.0,0,0,0,0,0,0,0,0,0,0,0,0,0,0,1,0,0.0,,,0,2009-11-23,,,,,
6954007,2009,47,52,5,0,150107A201,150107,1,6,28,0,,,0,0,0,0,0,0,0,0,0,0,0,0,0,0,0,0,0,0.0,0.0,0,0,0,0,0,0,0,0,0,0,0,0,0,0,0,0,0.0,,,0,2009-11-30,,,,,
6954439,2009,48,52,5,0,150107A201,150107,0,8,56,0,,,0,0,0,0,0,0,0,0,0,0,0,0,0,0,0,0,0,0.0,0.0,0,0,0,0,0,0,0,0,0,0,0,0,0,0,0,0,0.0,,,0,2009-12-07,,,,,
6954865,2009,49,52,5,0,150107A201,150107,0,10,20,0,,,0,0,0,0,0,0,0,0,0,0,0,0,0,0,0,0,0,0.0,0.0,0,0,0,0,0,0,0,0,0,0,0,0,0,0,1,1,0.0,,,0,2009-12-14,,,,,
6955279,2009,50,52,5,0,150107A201,150107,0,7,48,0,,,0,0,0,0,0,0,0,0,0,0,0,0,0,0,0,0,0,0.0,0.0,0,0,0,0,0,0,0,0,0,0,0,0,0,0,0,0,0.0,,,0,2009-12-21,,,,,
6955690,2009,51,52,5,0,150107A201,150107,0,13,34,0,,,0,0,0,0,0,0,1,0,0,0,0,0,0,0,0,0,0,0.0,0.0,0,0,0,0,0,0,0,0,0,0,0,0,0,0,0,0,0.0,,,0,2009-12-28,,,,,
6956104,2009,52,52,5,0,150107A201,150107,0,11,22,0,,,0,0,0,0,0,0,0,0,0,0,0,0,0,0,0,0,0,0.0,0.0,0,0,0,0,0,0,0,0,0,0,0,0,0,0,0,1,0.0,,,0,2010-01-04,,,,,
6935254,2009,1,52,5,0,150107A201,150118,0,1,2,0,,,0,0,0,0,0,0,0,0,0,0,0,0,0,0,0,0,0,0.0,0.0,0,0,0,0,0,0,0,0,0,0,0,0,0,0,0,0,0.0,,,0,2009-01-10,,,,,
6935686,2009,2,52,5,0,150107A201,150118,0,1,1,0,,,0,0,0,0,0,0,0,0,0,0,0,0,0,0,0,0,0,0.0,0.0,0,0,0,0,0,0,0,0,0,0,0,0,0,0,0,0,0.0,,,0,2009-01-19,,,,,
6936073,2009,3,52,5,0,150107A201,150118,0,3,0,0,,,0,0,0,0,0,0,0,0,0,0,0,0,0,0,0,0,0,0.0,0.0,0,0,0,0,0,0,0,0,0,0,0,0,0,0,0,0,0.0,,,0,2009-01-26,,,,,
6936463,2009,4,52,5,0,150107A201,150118,0,2,1,0,,,0,0,0,0,0,0,0,0,0,0,0,0,0,0,0,0,0,0.0,0.0,0,0,0,0,0,0,0,0,0,0,0,0,0,0,0,0,0.0,,,0,2009-02-03,,,,,
6936847,2009,5,52,5,0,150107A201,150118,0,0,3,0,,,0,0,0,0,0,0,0,0,0,0,0,0,0,0,0,0,0,0.0,0.0,0,0,0,0,0,0,0,0,0,0,0,0,0,0,0,0,0.0,,,0,2009-02-09,,,,,
6937645,2009,7,52,5,0,150107A201,150118,0,0,1,0,,,0,0,0,0,0,0,0,0,0,0,0,0,0,0,0,0,0,0.0,0.0,0,0,0,0,0,0,0,0,0,0,0,0,0,0,0,0,0.0,,,0,2009-02-23,,,,,
6938041,2009,8,52,5,0,150107A201,150118,0,1,1,0,,,0,0,0,0,0,0,0,0,0,0,0,0,0,0,0,0,0,0.0,0.0,0,0,0,0,0,0,0,0,0,0,0,0,0,0,0,0,0.0,,,0,2009-03-02,,,,,
6938446,2009,9,52,5,0,150107A201,150118,0,0,3,0,,,0,0,0,0,0,0,0,0,0,0,0,0,0,0,0,0,0,0.0,0.0,0,0,0,0,0,0,0,0,0,0,0,0,0,0,0,0,0.0,,,0,2009-03-09,,,,,
6939235,2009,11,52,5,0,150107A201,150118,0,1,7,0,,,0,0,0,0,0,0,0,0,0,0,0,0,0,0,0,0,0,0.0,0.0,0,0,0,0,0,0,0,0,0,0,0,0,0,0,0,0,0.0,,,0,2009-03-24,,,,,
6939637,2009,12,52,5,0,150107A201,150118,1,1,5,0,,,0,0,0,0,0,0,0,0,0,0,0,0,0,0,0,0,0,0.0,0.0,0,0,0,0,0,0,0,0,0,0,0,0,0,0,0,0,0.0,,,0,2009-03-30,,,,,
6940006,2009,13,52,5,0,150107A201,150118,0,0,4,0,,,0,0,0,0,0,0,0,0,0,0,0,0,0,0,0,0,0,0.0,0.0,0,0,0,0,0,0,0,0,0,0,0,0,0,0,0,0,0.0,,,0,2009-04-07,,,,,
6940420,2009,14,52,5,0,150107A201,150118,0,0,2,0,,,0,0,0,0,0,0,0,0,0,0,0,0,0,0,0,0,0,0.0,0.0,0,0,0,0,0,0,0,0,0,0,0,0,0,0,0,0,0.0,,,0,2009-04-13,,,,,
6940846,2009,15,52,5,0,150107A201,150118,0,0,1,0,,,0,0,0,0,0,0,0,0,0,0,0,0,0,0,0,0,0,0.0,0.0,0,0,0,0,0,0,0,0,0,0,0,0,0,0,0,0,0.0,,,0,2009-04-20,,,,,
6941278,2009,16,52,5,0,150107A201,150118,2,0,0,0,,,0,0,0,0,0,0,0,0,0,0,0,0,0,0,0,0,0,0.0,0.0,0,0,0,0,0,0,0,0,0,0,0,0,0,0,0,0,0.0,,,0,2009-04-28,,,,,
6941641,2009,17,52,5,0,150107A201,150118,1,2,10,0,,,0,0,0,0,0,0,0,0,0,0,0,0,0,0,0,0,0,0.0,0.0,0,0,0,0,0,0,0,0,0,0,0,0,0,0,0,0,0.0,,,0,2009-05-04,,,,,
6942043,2009,18,52,5,0,150107A201,150118,0,0,2,0,,,0,0,0,0,0,0,0,0,0,0,0,0,0,0,0,0,0,0.0,0.0,0,0,0,0,0,0,0,0,0,0,0,0,0,0,0,0,0.0,,,0,2009-05-11,,,,,
6942451,2009,19,52,5,0,150107A201,150118,0,1,10,0,,,0,0,0,0,0,0,0,0,0,0,0,0,0,0,0,0,0,0.0,0.0,0,0,0,0,0,0,0,0,0,0,0,0,0,0,0,0,0.0,,,0,2009-05-17,,,,,
6942862,2009,20,52,5,0,150107A201,150118,0,1,7,0,,,0,0,0,0,0,0,0,0,0,0,0,0,0,0,0,0,0,0.0,0.0,0,0,0,0,0,0,0,0,0,0,0,0,0,0,1,0,0.0,,,0,2009-05-25,,,,,
6943279,2009,21,52,5,0,150107A201,150118,0,0,7,0,,,0,0,0,0,0,0,0,0,0,0,0,0,0,0,0,0,0,0.0,0.0,0,0,0,0,0,0,0,0,0,0,0,0,0,0,0,0,0.0,,,0,2009-06-01,,,,,
6943675,2009,22,52,5,0,150107A201,150118,0,0,4,0,,,0,0,0,0,0,0,0,0,0,0,0,0,0,0,0,0,0,0.0,0.0,0,0,0,0,0,0,0,0,0,0,0,0,0,0,1,0,0.0,,,0,2009-06-08,,,,,
6944215,2009,23,52,5,0,150107A201,150118,0,1,2,0,,,0,0,0,0,0,0,0,0,0,0,0,0,0,0,0,0,0,0.0,0.0,0,0,0,0,0,0,0,0,0,0,0,0,0,0,0,0,0.0,,,0,2009-06-16,,,,,
6944608,2009,24,52,5,0,150107A201,150118,0,1,1,0,,,0,0,0,0,0,0,0,0,0,0,0,0,0,0,0,0,0,0.0,0.0,0,0,0,0,0,0,0,0,0,0,0,0,0,0,0,0,0.0,,,0,2009-06-22,,,,,
6944995,2009,25,52,5,0,150107A201,150118,0,8,22,0,,,0,0,0,0,0,0,0,0,0,0,0,0,0,0,0,0,0,0.0,0.0,0,0,0,0,0,0,0,0,0,0,0,0,0,0,0,1,0.0,,,0,2009-06-29,,,,,
6945418,2009,26,52,5,0,150107A201,150118,0,1,7,0,,,0,0,0,0,0,0,0,0,0,0,0,0,0,0,0,0,0,0.0,0.0,0,0,0,0,0,0,0,0,0,0,0,0,0,0,0,0,0.0,,,0,2009-07-05,,,,,
6945832,2009,27,52,5,0,150107A201,150118,0,0,2,0,,,0,0,0,0,0,0,0,0,0,0,0,0,0,0,0,0,0,0.0,0.0,0,0,0,0,0,0,0,0,0,0,0,0,0,0,0,0,0.0,,,0,2009-07-13,,,,,
6946135,2009,28,52,5,0,150107A201,150118,0,2,7,0,,,0,0,0,0,0,0,0,0,0,0,0,0,0,0,0,0,0,0.0,0.0,0,0,0,0,0,0,0,0,0,0,0,0,0,0,0,0,0.0,,,0,2009-07-21,,,,,
6946687,2009,29,52,5,0,150107A201,150118,0,0,3,0,,,0,0,0,0,0,0,0,0,0,0,0,0,0,0,0,0,0,0.0,0.0,0,0,0,0,0,0,0,0,0,0,0,0,0,0,0,0,0.0,,,0,2009-07-30,,,,,
6947053,2009,30,52,5,0,150107A201,150118,0,2,5,0,,,0,0,0,0,0,0,0,0,0,0,0,0,0,0,0,0,0,0.0,0.0,0,0,0,0,0,0,0,0,0,0,0,0,0,0,0,0,0.0,,,0,2009-08-03,,,,,
6947515,2009,31,52,5,0,150107A201,150118,0,1,6,0,,,0,0,0,0,0,0,0,0,0,0,0,0,0,0,0,0,0,0.0,0.0,0,0,0,0,0,0,0,0,0,0,0,0,0,0,0,0,0.0,,,0,2009-08-11,,,,,
6947836,2009,32,52,5,0,150107A201,150118,0,1,3,0,,,0,0,0,0,0,0,0,0,0,0,0,0,0,0,0,0,0,0.0,0.0,0,0,0,0,0,0,0,0,0,0,0,0,0,0,0,0,0.0,,,0,2009-08-18,,,,,
6948274,2009,33,52,5,0,150107A201,150118,0,4,6,0,,,0,0,0,0,0,0,0,0,0,0,0,0,0,0,0,0,0,0.0,0.0,0,0,0,0,0,0,0,0,0,0,0,0,0,0,0,0,0.0,,,0,2009-08-24,,,,,
6948493,2009,34,52,5,0,150107A201,150118,0,1,6,0,,,0,0,0,0,0,0,0,0,0,0,0,0,0,0,0,0,0,0.0,0.0,0,0,0,0,0,0,0,0,0,0,0,0,0,0,0,0,0.0,,,0,2009-09-01,,,,,
6949051,2009,35,52,5,0,150107A201,150118,0,0,3,0,,,0,0,0,0,0,0,0,0,0,0,0,0,0,0,0,0,0,0.0,0.0,0,0,0,0,0,0,0,0,0,0,0,0,0,0,0,0,0.0,,,0,2009-09-07,,,,,
6949411,2009,36,52,5,0,150107A201,150118,1,1,2,0,,,0,0,0,0,0,0,0,0,0,0,0,0,0,0,0,0,0,0.0,0.0,0,0,0,0,0,0,0,0,0,0,0,0,0,0,0,0,0.0,,,0,2009-09-14,,,,,
6949876,2009,37,52,5,0,150107A201,150118,0,1,0,0,,,0,0,0,0,0,0,0,0,0,0,0,0,0,0,0,0,0,0.0,0.0,0,0,0,0,0,0,0,0,0,0,0,0,0,0,0,0,0.0,,,0,2009-09-21,,,,,
6950707,2009,39,52,5,0,150107A201,150118,0,0,5,0,,,0,0,0,0,0,0,0,0,0,0,0,0,0,0,0,0,0,0.0,0.0,0,0,0,0,0,0,0,0,0,0,0,0,0,0,0,0,0.0,,,0,2009-10-05,,,,,
6951127,2009,40,52,5,0,150107A201,150118,0,0,3,0,,,0,0,0,0,0,0,0,0,0,0,0,0,0,0,0,0,0,0.0,0.0,0,0,0,0,0,0,0,0,0,0,0,0,0,0,0,0,0.0,,,0,2009-10-12,,,,,
6951547,2009,41,52,5,0,150107A201,150118,0,1,7,0,,,0,0,0,0,0,0,0,0,0,0,0,0,0,0,0,0,0,0.0,0.0,0,0,0,0,0,0,0,0,0,0,0,0,0,0,0,0,0.0,,,0,2009-10-19,,,,,
6951817,2009,42,52,5,0,150107A201,150118,0,0,5,0,,,0,0,0,0,0,0,0,0,0,0,0,0,0,0,0,0,0,0.0,0.0,0,0,0,0,0,0,0,0,0,0,0,0,0,0,0,0,0.0,,,0,2009-10-27,,,,,
6952414,2009,43,52,5,0,150107A201,150118,0,3,12,0,,,0,0,0,0,0,0,0,0,0,0,0,0,0,0,0,0,0,0.0,0.0,0,0,0,0,0,0,0,0,0,0,0,0,0,0,0,0,0.0,,,0,2009-11-02,,,,,
6952852,2009,44,52,5,0,150107A201,150118,0,0,10,0,,,0,0,0,0,0,0,0,0,0,0,0,0,0,0,0,0,0,0.0,0.0,0,0,0,0,0,0,0,0,0,0,0,0,0,0,0,0,0.0,,,0,2009-11-09,,,,,
6953269,2009,45,52,5,0,150107A201,150118,0,2,5,0,,,0,0,0,0,0,0,0,0,0,0,0,0,0,0,0,0,0,0.0,0.0,0,0,0,0,0,0,0,0,0,0,0,0,0,0,0,0,0.0,,,0,2009-11-16,,,,,
6953680,2009,46,52,5,0,150107A201,150118,0,3,9,0,,,0,0,0,0,0,0,0,0,0,0,0,0,0,0,0,0,0,0.0,0.0,0,0,0,0,0,0,0,0,0,0,0,0,0,0,0,0,0.0,,,0,2009-11-23,,,,,
6954010,2009,47,52,5,0,150107A201,150118,0,0,6,0,,,0,0,0,0,0,0,0,0,0,0,0,0,0,0,0,0,0,0.0,0.0,0,0,0,0,0,0,0,0,0,0,0,0,0,0,0,0,0.0,,,0,2009-11-30,,,,,
6954442,2009,48,52,5,0,150107A201,150118,0,4,9,0,,,0,0,0,0,0,0,0,0,0,0,0,0,0,0,0,0,0,0.0,0.0,0,0,0,0,0,0,0,0,0,0,0,0,0,0,0,0,0.0,,,0,2009-12-07,,,,,
6954868,2009,49,52,5,0,150107A201,150118,0,4,6,0,,,0,0,0,0,0,0,0,0,0,0,0,0,0,0,0,0,0,0.0,0.0,0,0,0,0,0,0,0,0,0,0,0,0,0,0,0,0,0.0,,,0,2009-12-14,,,,,
6955282,2009,50,52,5,0,150107A201,150118,0,0,5,0,,,0,0,0,0,0,0,0,0,0,0,0,0,0,0,0,0,0,0.0,0.0,0,0,0,0,0,0,0,0,0,0,0,0,0,0,0,0,0.0,,,0,2009-12-21,,,,,
6955693,2009,51,52,5,0,150107A201,150118,0,1,7,0,,,0,0,0,0,0,0,0,0,0,0,0,0,0,0,0,0,0,0.0,0.0,0,0,0,0,0,0,0,0,0,0,0,0,0,0,0,0,0.0,,,0,2009-12-28,,,,,
6956107,2009,52,52,5,0,150107A201,150118,0,0,5,0,,,0,0,0,0,0,0,0,0,0,0,0,0,0,0,0,0,0,0.0,0.0,0,0,0,0,0,0,0,0,0,0,0,0,0,0,1,0,0.0,,,0,2010-01-04,,,,,
6951823,2009,42,52,5,0,150107A201,150722,0,0,1,0,,,0,0,0,0,0,0,0,0,0,0,0,0,0,0,0,0,0,0.0,0.0,0,0,0,0,0,0,0,0,0,0,0,0,0,0,0,0,0.0,,,0,2009-10-27,,,,,
7974712,2010,28,52,5,0,150107A201,150101,0,0,1,0,,,0,0,0,0,0,0,0,0,0,0,0,0,0,0,0,0,0,0.0,0.0,0,0,0,0,0,0,0,0,0,0,0,0,0,0,0,0,0.0,,,0,2010-07-19,,,,,
7985209,2010,52,52,5,0,150107A201,150101,0,0,1,0,,,0,0,0,0,0,0,0,0,0,0,0,0,0,0,0,0,0,0.0,0.0,0,0,0,0,0,0,0,0,0,0,0,0,0,0,0,0,0.0,,,0,2011-01-03,,,,,
7963609,2010,1,52,5,0,150107A201,150103,0,4,2,0,,,0,0,0,0,0,0,0,0,0,0,0,0,0,0,0,0,0,0.0,0.0,0,0,0,0,0,0,0,0,0,0,0,0,0,0,0,0,0.0,,,0,2010-01-09,,,,,
7964836,2010,4,52,5,0,150107A201,150103,0,0,1,0,,,0,0,0,0,0,0,0,0,0,0,0,0,0,0,0,0,0,0.0,0.0,0,0,0,0,0,0,0,0,0,0,0,0,0,0,0,0,0.0,,,0,2010-02-01,,,,,
7966444,2010,8,52,5,0,150107A201,150103,0,0,2,0,,,0,0,0,0,0,0,0,0,0,0,0,0,0,0,0,0,0,0.0,0.0,0,0,0,0,0,0,0,0,0,0,0,0,0,0,0,0,0.0,,,0,2010-03-01,,,,,
7966849,2010,9,52,5,0,150107A201,150103,0,2,0,0,,,0,0,0,0,0,0,0,0,0,0,0,0,0,0,0,0,0,0.0,0.0,0,0,0,0,0,0,0,0,0,0,0,0,0,0,0,0,0.0,,,0,2010-03-08,,,,,
7967245,2010,10,52,5,0,150107A201,150103,0,2,0,0,,,0,0,0,0,0,0,0,0,0,0,0,0,0,0,0,0,0,0.0,0.0,0,0,0,0,0,0,0,0,0,0,0,0,0,0,0,0,0.0,,,0,2010-03-15,,,,,
7967686,2010,11,52,5,0,150107A201,150103,0,0,1,0,,,0,0,0,0,0,0,0,0,0,0,0,0,0,0,0,0,0,0.0,0.0,0,0,0,0,0,0,0,0,0,0,0,0,0,0,0,0,0.0,,,0,2010-03-22,,,,,
7968286,2010,12,52,5,0,150107A201,150103,0,0,3,0,,,0,0,0,0,0,0,0,0,0,0,0,0,0,0,0,0,0,0.0,0.0,0,0,0,0,0,0,0,0,0,0,0,0,0,0,0,0,0.0,,,0,2010-03-30,,,,,
7968916,2010,14,52,5,0,150107A201,150103,0,1,1,0,,,0,0,0,0,0,0,0,0,0,0,0,0,0,0,0,0,0,0.0,0.0,0,0,0,0,0,0,0,0,0,0,0,0,0,0,0,0,0.0,,,0,2010-04-12,,,,,
7969348,2010,15,52,5,0,150107A201,150103,0,0,4,0,,,0,0,0,0,0,0,0,0,0,0,0,0,0,0,0,0,0,0.0,0.0,0,0,0,0,0,0,0,0,0,0,0,0,0,0,0,0,0.0,,,0,2010-04-19,,,,,
7969744,2010,16,52,5,0,150107A201,150103,0,0,4,0,,,0,0,0,0,0,0,0,0,0,0,0,0,0,0,0,0,0,0.0,0.0,0,0,0,0,0,0,0,0,0,0,0,0,0,0,0,0,0.0,,,0,2010-04-25,,,,,
7970386,2010,17,52,5,0,150107A201,150103,0,0,2,0,,,0,0,0,0,0,0,0,0,0,0,0,0,0,0,0,0,0,0.0,0.0,0,0,0,0,0,0,0,0,0,0,0,0,0,0,0,0,0.0,,,0,2010-05-03,,,,,
7971457,2010,20,52,5,0,150107A201,150103,0,0,1,0,,,0,0,0,0,0,0,0,0,0,0,0,0,0,0,0,0,0,0.0,0.0,0,0,0,0,0,0,0,0,0,0,0,0,0,0,1,0,0.0,,,0,2010-05-24,,,,,
7971913,2010,21,52,5,0,150107A201,150103,0,0,2,0,,,0,0,0,0,0,0,0,0,0,0,0,0,0,0,0,0,0,0.0,0.0,0,0,0,0,0,0,0,0,0,0,0,0,0,0,0,0,0.0,,,0,2010-05-31,,,,,
7972318,2010,22,52,5,0,150107A201,150103,0,0,2,0,,,0,0,0,0,0,0,0,0,0,0,0,0,0,0,0,0,0,0.0,0.0,0,0,0,0,0,0,0,0,0,0,0,0,0,0,0,0,0.0,,,0,2010-06-07,,,,,
7972714,2010,23,52,5,0,150107A201,150103,0,0,1,0,,,0,0,0,0,0,0,0,0,0,0,0,0,0,0,0,0,0,0.0,0.0,0,0,0,0,0,0,0,0,0,0,0,0,0,0,0,0,0.0,,,0,2010-06-14,,,,,
7973911,2010,26,52,5,0,150107A201,150103,0,1,0,0,,,0,0,0,0,0,0,0,0,0,0,0,0,0,0,0,0,0,0.0,0.0,0,0,0,0,0,0,0,0,0,0,0,0,0,0,0,0,0.0,,,0,2010-07-05,,,,,
7974289,2010,27,52,5,0,150107A201,150103,1,0,2,0,,,0,0,0,0,0,0,0,0,0,0,0,0,0,0,0,0,0,0.0,0.0,0,0,0,0,0,0,0,0,0,0,0,0,0,0,0,0,0.0,,,0,2010-07-13,,,,,
7975072,2010,29,52,5,0,150107A201,150103,0,0,1,0,,,0,0,0,0,0,0,0,0,0,0,0,0,0,0,0,0,0,0.0,0.0,0,0,0,0,0,0,0,0,0,0,0,0,0,0,0,0,0.0,,,0,2010-07-26,,,,,
7976866,2010,33,52,5,0,150107A201,150103,0,0,1,0,,,0,0,0,0,0,0,0,0,0,0,0,0,0,0,0,0,0,0.0,0.0,0,0,0,0,0,0,0,0,0,0,0,0,0,0,0,0,0.0,,,0,2010-08-23,,,,,
7977250,2010,34,52,5,0,150107A201,150103,0,2,1,0,,,0,0,0,0,0,0,0,0,0,0,0,0,0,0,0,0,0,0.0,0.0,0,0,0,0,0,0,0,0,0,0,0,0,0,0,0,0,0.0,,,0,2010-08-31,,,,,
7978438,2010,37,52,5,0,150107A201,150103,0,1,0,0,,,0,0,0,0,0,0,0,0,0,0,0,0,0,0,0,0,0,0.0,0.0,0,0,0,0,0,0,0,0,0,0,0,0,0,0,0,0,0.0,,,0,2010-09-21,,,,,
7979458,2010,39,52,5,0,150107A201,150103,0,0,3,0,,,0,0,0,0,0,0,0,0,0,0,0,0,0,0,0,0,0,0.0,0.0,0,0,0,0,0,0,0,0,0,0,0,0,0,0,0,0,0.0,,,0,2010-10-04,,,,,
7981963,2010,45,52,5,0,150107A201,150103,1,0,2,0,,,0,0,0,0,0,0,0,0,0,0,0,0,0,0,0,0,0,0.0,0.0,0,0,0,0,0,0,0,0,0,0,0,0,0,0,0,0,0.0,,,0,2010-11-15,,,,,
7982674,2010,46,52,5,0,150107A201,150103,0,0,4,0,,,0,0,0,0,0,0,0,0,0,0,0,0,0,0,0,0,0,0.0,0.0,0,0,0,0,0,0,0,0,0,0,0,0,0,0,0,0,0.0,,,0,2010-11-23,,,,,
7983019,2010,47,52,5,0,150107A201,150103,0,0,1,0,,,0,0,0,0,0,0,0,0,0,0,0,0,0,0,0,0,0,0.0,0.0,0,0,0,0,0,0,0,0,0,0,0,0,0,0,0,0,0.0,,,0,2010-11-30,,,,,
7983904,2010,49,52,5,0,150107A201,150103,0,0,1,0,,,0,0,0,0,0,0,0,0,0,0,0,0,0,0,0,0,0,0.0,0.0,0,0,0,0,0,0,0,0,0,0,0,0,0,0,0,0,0.0,,,0,2010-12-13,,,,,
7984372,2010,50,52,5,0,150107A201,150103,0,0,1,0,,,0,0,0,0,0,0,0,0,0,0,0,0,0,0,0,0,0,0.0,0.0,0,0,0,0,0,0,0,0,0,0,0,0,0,0,0,0,0.0,,,0,2010-12-20,,,,,
7984849,2010,51,52,5,0,150107A201,150103,0,0,3,0,,,0,0,0,0,0,0,0,0,0,0,0,0,0,0,0,0,0,0.0,0.0,0,0,0,0,0,0,0,0,0,0,0,0,0,0,0,0,0.0,,,0,2010-12-27,,,,,
7985206,2010,52,52,5,0,150107A201,150103,0,0,2,0,,,0,0,0,0,0,0,0,0,0,0,0,0,0,0,0,0,0,0.0,0.0,0,0,0,0,0,0,0,0,0,0,0,0,0,0,0,0,0.0,,,0,2011-01-03,,,,,
7963603,2010,1,52,5,0,150107A201,150107,0,9,20,0,,,0,0,0,0,0,0,0,0,0,0,0,0,0,0,0,0,0,0.0,0.0,0,0,0,0,0,0,0,0,0,0,0,0,0,0,0,0,0.0,,,0,2010-01-09,,,,,
7964029,2010,2,52,5,0,150107A201,150107,0,6,7,0,,,0,0,0,0,0,0,0,0,0,0,0,0,0,0,0,0,0,0.0,0.0,0,0,0,0,0,0,0,0,0,0,0,0,0,0,1,0,0.0,,,0,2010-01-18,,,,,
7964449,2010,3,52,5,0,150107A201,150107,0,4,9,0,,,0,0,0,0,0,0,0,0,0,0,0,0,0,0,0,0,0,0.0,0.0,0,0,0,0,0,0,0,0,0,0,0,0,0,0,1,0,0.0,,,0,2010-01-24,,,,,
7964830,2010,4,52,5,0,150107A201,150107,1,8,18,0,,,0,0,0,0,0,0,0,0,0,0,0,0,0,0,0,0,0,0.0,0.0,0,0,0,0,0,0,0,0,0,0,0,0,0,0,2,2,0.0,,,0,2010-02-01,,,,,
7965238,2010,5,52,5,0,150107A201,150107,0,6,22,0,,,0,0,0,0,0,0,0,0,0,0,0,0,0,0,0,0,0,0.0,0.0,0,0,0,0,0,0,0,0,0,0,0,0,0,0,0,1,0.0,,,0,2010-02-08,,,,,
7965646,2010,6,52,5,0,150107A201,150107,1,5,13,0,,,0,0,0,0,0,0,0,0,0,0,0,0,0,0,0,0,0,0.0,0.0,0,0,0,0,0,0,0,0,0,0,0,0,0,0,0,0,0.0,,,0,2010-02-15,,,,,
7966051,2010,7,52,5,0,150107A201,150107,0,2,29,0,,,0,0,0,0,0,0,0,0,0,0,0,0,0,0,0,0,0,0.0,0.0,0,0,0,0,0,0,0,0,0,0,0,0,0,0,0,4,0.0,,,0,2010-02-22,,,,,
7966438,2010,8,52,5,0,150107A201,150107,0,0,19,0,,,0,0,0,0,0,0,0,0,0,0,0,0,0,0,0,0,0,0.0,0.0,0,0,0,0,0,0,0,0,0,0,0,0,0,0,0,0,0.0,,,0,2010-03-01,,,,,
7966843,2010,9,52,5,0,150107A201,150107,0,3,9,0,,,0,0,0,0,0,0,0,0,0,0,0,0,0,0,0,0,0,0.0,0.0,0,0,0,0,0,0,0,0,0,0,0,0,0,0,0,0,0.0,,,0,2010-03-08,,,,,
7967239,2010,10,52,5,0,150107A201,150107,0,6,31,0,,,0,0,0,0,0,0,0,0,0,0,0,0,0,0,0,0,0,0.0,0.0,0,0,0,0,0,0,0,0,0,0,0,0,0,0,2,3,0.0,,,0,2010-03-15,,,,,
7967680,2010,11,52,5,0,150107A201,150107,0,6,36,0,,,0,0,0,0,0,0,0,0,0,0,0,0,0,0,0,0,0,0.0,0.0,0,0,0,0,0,0,0,0,0,0,0,0,0,0,0,4,0.0,,,0,2010-03-22,,,,,
7968280,2010,12,52,5,0,150107A201,150107,0,11,35,0,,,0,0,0,0,0,0,0,0,0,0,0,0,0,0,0,0,0,0.0,0.0,0,0,0,0,0,0,0,0,0,0,0,0,0,0,0,0,0.0,,,0,2010-03-30,,,,,
7968499,2010,13,52,5,0,150107A201,150107,0,5,19,0,,,0,0,0,0,0,0,0,0,0,0,0,0,0,0,0,0,0,0.0,0.0,0,0,0,0,0,0,0,0,0,0,0,0,0,0,0,0,0.0,,,0,2010-04-06,,,,,
7968910,2010,14,52,5,0,150107A201,150107,0,7,43,0,,,0,0,0,0,0,0,0,0,0,0,0,0,0,0,0,0,0,0.0,0.0,0,0,0,0,0,0,0,0,0,0,0,0,0,0,1,1,0.0,,,0,2010-04-12,,,,,
7969342,2010,15,52,5,0,150107A201,150107,0,6,32,0,,,0,0,0,0,0,0,0,0,0,0,0,0,0,0,0,0,0,0.0,0.0,0,0,0,0,0,0,0,0,0,0,0,0,0,0,1,0,0.0,,,0,2010-04-19,,,,,
7969738,2010,16,52,5,0,150107A201,150107,1,7,37,0,,,0,0,0,0,0,0,0,0,0,0,0,0,0,0,0,0,0,0.0,0.0,0,0,0,0,0,0,0,0,0,0,0,0,0,0,0,0,0.0,,,0,2010-04-25,,,,,
7970380,2010,17,52,5,0,150107A201,150107,0,7,37,0,,,0,0,0,0,0,0,0,0,0,0,0,0,0,0,0,0,0,0.0,0.0,0,0,0,0,0,0,0,0,0,0,0,0,0,0,0,0,0.0,,,0,2010-05-03,,,,,
7970617,2010,18,52,5,0,150107A201,150107,0,4,19,0,,,0,0,0,0,0,0,0,0,0,0,0,0,0,0,0,0,0,0.0,0.0,0,0,0,0,0,0,0,0,0,0,0,0,0,0,0,0,0.0,,,0,2010-05-11,,,,,
7970992,2010,19,52,5,0,150107A201,150107,0,1,28,0,,,0,0,0,0,0,0,0,0,0,0,0,0,0,0,0,0,0,0.0,0.0,0,0,0,0,0,0,0,0,0,0,0,0,0,0,0,1,0.0,,,0,2010-05-17,,,,,
7971451,2010,20,52,5,0,150107A201,150107,1,12,24,0,,,0,0,0,0,0,0,0,0,0,0,0,0,0,0,0,0,0,0.0,0.0,0,0,0,0,0,0,0,0,0,0,0,0,0,0,1,2,0.0,,,0,2010-05-24,,,,,
7971907,2010,21,52,5,0,150107A201,150107,0,4,32,0,,,0,0,0,0,0,0,0,0,0,0,0,0,0,0,0,0,0,0.0,0.0,0,0,0,0,0,0,0,0,0,0,0,0,0,0,0,2,0.0,,,0,2010-05-31,,,,,
7972312,2010,22,52,5,0,150107A201,150107,0,0,26,0,,,0,0,0,0,0,0,0,0,0,0,0,0,0,0,0,0,0,0.0,0.0,0,0,0,0,0,0,0,0,0,0,0,0,0,0,1,1,0.0,,,0,2010-06-07,,,,,
7972708,2010,23,52,5,0,150107A201,150107,1,3,24,0,,,0,0,0,0,0,0,0,0,0,0,0,0,0,0,0,0,0,0.0,0.0,0,0,0,0,0,0,0,0,0,0,0,0,0,0,0,0,0.0,,,0,2010-06-14,,,,,
7973137,2010,24,52,5,0,150107A201,150107,0,10,49,0,,,0,0,0,0,0,0,0,0,0,0,0,0,0,0,0,0,0,0.0,0.0,0,0,0,0,0,0,0,0,0,0,0,0,0,0,1,0,0.0,,,0,2010-06-22,,,,,
7973449,2010,25,52,5,0,150107A201,150107,0,10,27,0,,,0,0,0,0,0,0,0,0,0,0,0,0,0,0,0,0,0,0.0,0.0,0,0,0,0,0,0,0,0,0,0,0,0,0,0,0,0,0.0,,,0,2010-06-28,,,,,
7973905,2010,26,52,5,0,150107A201,150107,0,4,22,0,,,0,0,0,0,0,0,0,0,0,0,0,0,0,0,0,0,0,0.0,0.0,0,0,0,0,0,0,0,0,0,0,0,0,0,0,1,1,0.0,,,0,2010-07-05,,,,,
7974283,2010,27,52,5,0,150107A201,150107,0,3,18,0,,,0,0,0,0,0,0,0,0,0,0,0,0,0,0,0,0,0,0.0,0.0,0,0,0,0,0,0,0,0,0,0,0,0,0,0,0,0,0.0,,,0,2010-07-13,,,,,
7974706,2010,28,52,5,0,150107A201,150107,0,10,55,0,,,0,0,0,0,0,0,0,0,0,0,0,0,0,0,0,0,0,0.0,0.0,0,0,0,0,0,0,0,0,0,0,0,0,0,0,0,1,0.0,,,0,2010-07-19,,,,,
7975066,2010,29,52,5,0,150107A201,150107,0,6,20,0,,,0,0,0,0,0,0,0,0,0,0,0,0,0,0,0,0,0,0.0,0.0,0,0,0,0,0,0,0,0,0,0,0,0,0,0,0,0,0.0,,,0,2010-07-26,,,,,
7975564,2010,30,52,5,0,150107A201,150107,0,4,15,0,,,0,0,0,0,0,0,0,0,0,0,0,0,0,0,0,0,0,0.0,0.0,0,0,0,0,0,0,0,0,0,0,0,0,0,0,1,1,0.0,,,0,2010-08-02,,,,,
7976029,2010,31,52,5,0,150107A201,150107,2,7,25,0,,,0,0,0,0,0,0,0,0,0,0,0,0,0,0,0,0,0,0.0,0.0,0,0,0,0,0,0,0,0,0,0,0,0,0,0,0,1,0.0,,,0,2010-08-10,,,,,
7976455,2010,32,52,5,0,150107A201,150107,0,4,15,0,,,0,0,0,0,0,0,0,0,0,0,0,0,0,0,0,0,0,0.0,0.0,0,0,0,0,0,0,0,0,0,0,0,0,0,0,0,1,0.0,,,0,2010-08-16,,,,,
7976860,2010,33,52,5,0,150107A201,150107,0,6,22,0,,,0,0,0,0,0,0,0,0,0,0,0,0,0,0,0,0,0,0.0,0.0,0,0,0,0,0,0,0,0,0,0,0,0,0,0,1,1,0.0,,,0,2010-08-23,,,,,
7977244,2010,34,52,5,0,150107A201,150107,0,9,22,0,,,0,0,0,0,0,0,0,0,0,0,0,0,0,0,0,0,0,0.0,0.0,0,0,0,0,0,0,0,0,0,0,0,0,0,0,0,0,0.0,,,0,2010-08-31,,,,,
7977724,2010,35,52,5,0,150107A201,150107,0,5,12,0,,,0,0,0,0,0,0,0,0,0,0,0,0,0,0,0,0,0,0.0,0.0,0,0,0,0,0,0,0,0,0,0,0,0,0,0,0,0,0.0,,,0,2010-09-06,,,,,
7977997,2010,36,52,5,0,150107A201,150107,0,12,26,0,,,0,0,0,0,0,0,0,0,0,0,0,0,0,0,0,0,0,0.0,0.0,0,0,0,0,0,0,0,0,0,0,0,0,0,0,0,0,0.0,,,0,2010-09-14,,,,,
7978432,2010,37,52,5,0,150107A201,150107,0,3,31,0,,,0,0,0,0,0,0,0,0,0,0,0,0,0,0,0,0,0,0.0,0.0,0,0,0,0,0,0,0,0,0,0,0,0,0,0,0,0,0.0,,,0,2010-09-21,,,,,
7979044,2010,38,52,5,0,150107A201,150107,2,5,19,0,,,0,0,0,0,0,0,0,0,0,0,0,0,0,0,0,0,0,0.0,0.0,0,0,0,0,0,0,0,0,0,0,0,0,0,0,0,0,0.0,,,0,2010-09-27,,,,,
7979452,2010,39,52,5,0,150107A201,150107,1,2,12,0,,,0,0,0,0,0,0,0,0,0,0,0,0,0,0,0,0,0,0.0,0.0,0,0,0,0,0,0,0,0,0,0,0,0,0,0,1,0,0.0,,,0,2010-10-04,,,,,
7979866,2010,40,52,5,0,150107A201,150107,1,8,19,0,,,0,0,0,0,0,0,0,0,0,0,0,0,0,0,0,0,0,0.0,0.0,0,0,0,0,0,0,0,0,0,0,0,0,0,0,0,1,0.0,,,0,2010-10-11,,,,,
7980271,2010,41,52,5,0,150107A201,150107,0,6,24,0,,,0,0,0,0,0,0,0,0,0,0,0,0,0,0,0,0,0,0.0,0.0,0,0,0,0,0,0,0,0,0,0,0,0,0,0,0,1,0.0,,,0,2010-10-18,,,,,
7980703,2010,42,52,5,0,150107A201,150107,0,1,25,0,,,0,0,0,0,0,0,0,0,0,0,0,0,0,0,0,0,0,0.0,0.0,0,0,0,0,0,0,0,0,0,0,0,0,0,0,0,0,0.0,,,0,2010-10-25,,,,,
7981060,2010,43,52,5,0,150107A201,150107,0,2,23,0,,,0,0,0,0,0,0,0,0,0,0,0,0,0,0,0,0,0,0.0,0.0,0,0,0,0,0,0,0,0,0,0,0,0,0,0,0,0,0.0,,,0,2010-11-02,,,,,
7981519,2010,44,52,5,0,150107A201,150107,0,3,18,0,,,0,0,0,0,0,0,0,0,0,0,0,0,0,0,0,0,0,0.0,0.0,0,0,0,0,0,0,0,0,0,0,0,0,0,0,0,0,0.0,,,0,2010-11-08,,,,,
7981957,2010,45,52,5,0,150107A201,150107,0,3,48,0,,,0,0,0,0,0,0,0,0,0,0,0,0,0,0,0,0,0,0.0,0.0,0,0,0,0,0,0,0,0,0,0,0,0,0,0,0,0,0.0,,,0,2010-11-15,,,,,
7982668,2010,46,52,5,0,150107A201,150107,0,2,32,0,,,0,0,0,0,0,0,0,0,0,0,0,0,0,0,0,0,0,0.0,0.0,0,0,0,0,0,0,0,0,0,0,0,0,0,0,1,2,0.0,,,0,2010-11-23,,,,,
7983013,2010,47,52,5,0,150107A201,150107,0,2,18,0,,,0,0,0,0,0,0,0,0,0,0,0,0,0,0,0,0,0,0.0,0.0,0,0,0,0,0,0,0,0,0,0,0,0,0,0,0,0,0.0,,,0,2010-11-30,,,,,
7983469,2010,48,52,5,0,150107A201,150107,0,5,23,0,,,0,0,0,0,0,0,0,0,0,0,0,0,0,0,0,0,0,0.0,0.0,0,0,0,0,0,0,0,0,0,0,0,0,0,0,0,0,0.0,,,0,2010-12-06,,,,,
7983898,2010,49,52,5,0,150107A201,150107,0,3,18,0,,,0,0,0,0,0,0,0,0,0,0,0,0,0,0,0,0,0,0.0,0.0,0,0,0,0,0,0,0,0,0,0,0,0,0,0,0,1,0.0,,,0,2010-12-13,,,,,
7984366,2010,50,52,5,0,150107A201,150107,0,13,17,0,,,0,0,0,0,0,0,0,0,0,0,0,0,0,0,0,0,0,0.0,0.0,0,0,0,0,0,0,0,0,0,0,0,0,0,0,0,0,0.0,,,0,2010-12-20,,,,,
7984843,2010,51,52,5,0,150107A201,150107,0,2,34,0,,,0,0,0,0,0,0,0,0,0,0,0,0,0,0,0,0,0,0.0,0.0,0,0,0,0,0,0,0,0,0,0,0,0,0,0,1,1,0.0,,,0,2010-12-27,,,,,
7985200,2010,52,52,5,0,150107A201,150107,0,4,31,0,,,0,0,0,0,0,0,0,0,0,0,0,0,0,0,0,0,0,0.0,0.0,0,0,0,0,0,0,0,0,0,0,0,0,0,0,1,1,0.0,,,0,2011-01-03,,,,,
7963606,2010,1,52,5,0,150107A201,150118,1,4,6,0,,,0,0,0,0,0,0,0,0,0,0,0,0,0,0,0,0,0,0.0,0.0,0,0,0,0,0,0,0,0,0,0,0,0,0,0,0,0,0.0,,,0,2010-01-09,,,,,
7964032,2010,2,52,5,0,150107A201,150118,0,0,3,0,,,0,0,0,0,0,0,0,0,0,0,0,0,0,0,0,0,0,0.0,0.0,0,0,0,0,0,0,0,0,0,0,0,0,0,0,0,0,0.0,,,0,2010-01-18,,,,,
7964452,2010,3,52,5,0,150107A201,150118,0,1,4,0,,,0,0,0,0,0,0,0,0,0,0,0,0,0,0,0,0,0,0.0,0.0,0,0,0,0,0,0,0,0,0,0,0,0,0,0,0,0,0.0,,,0,2010-01-24,,,,,
7964833,2010,4,52,5,0,150107A201,150118,0,3,5,0,,,0,0,0,0,0,0,0,0,0,0,0,0,0,0,0,0,0,0.0,0.0,0,0,0,0,0,0,0,0,0,0,0,0,0,0,0,0,0.0,,,0,2010-02-01,,,,,
7966441,2010,8,52,5,0,150107A201,150118,0,0,8,0,,,0,0,0,0,0,0,0,0,0,0,0,0,0,0,0,0,0,0.0,0.0,0,0,0,0,0,0,0,0,0,0,0,0,0,0,0,0,0.0,,,0,2010-03-01,,,,,
7966846,2010,9,52,5,0,150107A201,150118,1,0,2,0,,,0,0,0,0,0,0,0,0,0,0,0,0,0,0,0,0,0,0.0,0.0,0,0,0,0,0,0,0,0,0,0,0,0,0,0,0,0,0.0,,,0,2010-03-08,,,,,
7967242,2010,10,52,5,0,150107A201,150118,0,4,4,0,,,0,0,0,0,0,0,0,0,0,0,0,0,0,0,0,0,0,0.0,0.0,0,0,0,0,0,0,0,0,0,0,0,0,0,0,0,0,0.0,,,0,2010-03-15,,,,,
7967683,2010,11,52,5,0,150107A201,150118,0,2,11,0,,,0,0,0,0,0,0,0,0,0,0,0,0,0,0,0,0,0,0.0,0.0,0,0,0,0,0,0,0,0,0,0,0,0,0,0,0,0,0.0,,,0,2010-03-22,,,,,
7968283,2010,12,52,5,0,150107A201,150118,0,4,3,0,,,0,0,0,0,0,0,0,0,0,0,0,0,0,0,0,0,0,0.0,0.0,0,0,0,0,0,0,0,0,0,0,0,0,0,0,0,0,0.0,,,0,2010-03-30,,,,,
7968502,2010,13,52,5,0,150107A201,150118,0,2,7,0,,,0,0,0,0,0,0,0,0,0,0,0,0,0,0,0,0,0,0.0,0.0,0,0,0,0,0,0,0,0,0,0,0,0,0,0,0,0,0.0,,,0,2010-04-06,,,,,
7968913,2010,14,52,5,0,150107A201,150118,0,2,14,0,,,0,0,0,0,0,0,0,0,0,0,0,0,0,0,0,0,0,0.0,0.0,0,0,0,0,0,0,0,0,0,0,0,0,0,0,0,0,0.0,,,0,2010-04-12,,,,,
7969345,2010,15,52,5,0,150107A201,150118,0,2,11,0,,,0,0,0,0,0,0,0,0,0,0,0,0,0,0,0,0,0,0.0,0.0,0,0,0,0,0,0,0,0,0,0,0,0,0,0,0,0,0.0,,,0,2010-04-19,,,,,
7969741,2010,16,52,5,0,150107A201,150118,0,0,7,0,,,0,0,0,0,0,0,0,0,0,0,0,0,0,0,0,0,0,0.0,0.0,0,0,0,0,0,0,0,0,0,0,0,0,0,0,0,0,0.0,,,0,2010-04-25,,,,,
7970383,2010,17,52,5,0,150107A201,150118,0,0,4,0,,,0,0,0,0,0,0,0,0,0,0,0,0,0,0,0,0,0,0.0,0.0,0,0,0,0,0,0,0,0,0,0,0,0,0,0,0,0,0.0,,,0,2010-05-03,,,,,
7970620,2010,18,52,5,0,150107A201,150118,1,6,4,0,,,0,0,0,0,0,0,0,0,0,0,0,0,0,0,0,0,0,0.0,0.0,0,0,0,0,0,0,0,0,0,0,0,0,0,0,0,0,0.0,,,0,2010-05-11,,,,,
7970995,2010,19,52,5,0,150107A201,150118,0,0,1,0,,,0,0,0,0,0,0,0,0,0,0,0,0,0,0,0,0,0,0.0,0.0,0,0,0,0,0,0,0,0,0,0,0,0,0,0,0,0,0.0,,,0,2010-05-17,,,,,
7971454,2010,20,52,5,0,150107A201,150118,0,5,4,0,,,0,0,0,0,0,0,0,0,0,0,0,0,0,0,0,0,0,0.0,0.0,0,0,0,0,0,0,0,0,0,0,0,0,0,0,0,0,0.0,,,0,2010-05-24,,,,,
7971910,2010,21,52,5,0,150107A201,150118,0,1,2,0,,,0,0,0,0,0,0,0,0,0,0,0,0,0,0,0,0,0,0.0,0.0,0,0,0,0,0,0,0,0,0,0,0,0,0,0,1,0,0.0,,,0,2010-05-31,,,,,
7972315,2010,22,52,5,0,150107A201,150118,0,1,2,0,,,0,0,0,0,0,0,0,0,0,0,0,0,0,0,0,0,0,0.0,0.0,0,0,0,0,0,0,0,0,0,0,0,0,0,0,0,0,0.0,,,0,2010-06-07,,,,,
7972711,2010,23,52,5,0,150107A201,150118,0,2,7,0,,,0,0,0,0,0,0,0,0,0,0,0,0,0,0,0,0,0,0.0,0.0,0,0,0,0,0,0,0,0,0,0,0,0,0,0,0,0,0.0,,,0,2010-06-14,,,,,
7973140,2010,24,52,5,0,150107A201,150118,0,1,9,0,,,0,0,0,0,0,0,0,0,0,0,0,0,0,0,0,0,0,0.0,0.0,0,0,0,0,0,0,0,0,0,0,0,0,0,0,0,0,0.0,,,0,2010-06-22,,,,,
7973908,2010,26,52,5,0,150107A201,150118,0,1,8,0,,,0,0,0,0,0,0,0,0,0,0,0,0,0,0,0,0,0,0.0,0.0,0,0,0,0,0,0,0,0,0,0,0,0,0,0,0,0,0.0,,,0,2010-07-05,,,,,
7974286,2010,27,52,5,0,150107A201,150118,1,0,5,0,,,0,0,0,0,0,0,0,0,0,0,0,0,0,0,0,0,0,0.0,0.0,0,0,0,0,0,0,0,0,0,0,0,0,0,0,0,0,0.0,,,0,2010-07-13,,,,,
7974709,2010,28,52,5,0,150107A201,150118,0,1,9,0,,,0,0,0,0,0,0,0,0,0,0,0,0,0,0,0,0,0,0.0,0.0,0,0,0,0,0,0,0,0,0,0,0,0,0,0,0,0,0.0,,,0,2010-07-19,,,,,
7975069,2010,29,52,5,0,150107A201,150118,0,5,12,0,,,0,0,0,0,0,0,0,0,0,0,0,0,0,0,0,0,0,0.0,0.0,0,0,0,0,0,0,0,0,0,0,0,0,0,0,0,0,0.0,,,0,2010-07-26,,,,,
7976032,2010,31,52,5,0,150107A201,150118,0,0,1,0,,,0,0,0,0,0,0,0,0,0,0,0,0,0,0,0,0,0,0.0,0.0,0,0,0,0,0,0,0,0,0,0,0,0,0,0,0,1,0.0,,,0,2010-08-10,,,,,
7976458,2010,32,52,5,0,150107A201,150118,0,0,6,0,,,0,0,0,0,0,0,0,0,0,0,0,0,0,0,0,0,0,0.0,0.0,0,0,0,0,0,0,0,0,0,0,0,0,0,0,0,0,0.0,,,0,2010-08-16,,,,,
7976863,2010,33,52,5,0,150107A201,150118,1,2,5,0,,,0,0,0,0,0,0,0,0,0,0,0,0,0,0,0,0,0,0.0,0.0,0,0,0,0,0,0,0,0,0,0,0,0,0,0,0,0,0.0,,,0,2010-08-23,,,,,
7977247,2010,34,52,5,0,150107A201,150118,0,2,0,0,,,0,0,0,0,0,0,0,0,0,0,0,0,0,0,0,0,0,0.0,0.0,0,0,0,0,0,0,0,0,0,0,0,0,0,0,0,0,0.0,,,0,2010-08-31,,,,,
7978000,2010,36,52,5,0,150107A201,150118,0,0,2,0,,,0,0,0,0,0,0,0,0,0,0,0,0,0,0,0,0,0,0.0,0.0,0,0,0,0,0,0,0,0,0,0,0,0,0,0,0,0,0.0,,,0,2010-09-14,,,,,
7978435,2010,37,52,5,0,150107A201,150118,0,1,1,0,,,0,0,0,0,0,0,0,0,0,0,0,0,0,0,0,0,0,0.0,0.0,0,0,0,0,0,0,0,0,0,0,0,0,0,0,0,0,0.0,,,0,2010-09-21,,,,,
7979047,2010,38,52,5,0,150107A201,150118,0,1,4,0,,,0,0,0,0,0,0,0,0,0,0,0,0,0,0,0,0,0,0.0,0.0,0,0,0,0,0,0,0,0,0,0,0,0,0,0,0,0,0.0,,,0,2010-09-27,,,,,
7979455,2010,39,52,5,0,150107A201,150118,0,1,7,0,,,0,0,0,0,0,0,0,0,0,0,0,0,0,0,0,0,0,0.0,0.0,0,0,0,0,0,0,0,0,0,0,0,0,0,0,0,0,0.0,,,0,2010-10-04,,,,,
7979869,2010,40,52,5,0,150107A201,150118,0,1,7,0,,,0,0,0,0,0,0,0,0,0,0,0,0,0,0,0,0,0,0.0,0.0,0,0,0,0,0,0,0,0,0,0,0,0,0,0,0,0,0.0,,,0,2010-10-11,,,,,
7980274,2010,41,52,5,0,150107A201,150118,0,2,6,0,,,0,0,0,0,0,0,0,0,0,0,0,0,0,0,0,0,0,0.0,0.0,0,0,0,0,0,0,0,0,0,0,0,0,0,0,0,0,0.0,,,0,2010-10-18,,,,,
7981063,2010,43,52,5,0,150107A201,150118,0,2,1,0,,,0,0,0,0,0,0,0,0,0,0,0,0,0,0,0,0,0,0.0,0.0,0,0,0,0,0,0,0,0,0,0,0,0,0,0,0,0,0.0,,,0,2010-11-02,,,,,
7981522,2010,44,52,5,0,150107A201,150118,0,0,3,0,,,0,0,0,0,0,0,0,0,0,0,0,0,0,0,0,0,0,0.0,0.0,0,0,0,0,0,0,0,0,0,0,0,0,0,0,0,0,0.0,,,0,2010-11-08,,,,,
7981960,2010,45,52,5,0,150107A201,150118,0,2,2,0,,,0,0,0,0,0,0,0,0,0,0,0,0,0,0,0,0,0,0.0,0.0,0,0,0,0,0,0,0,0,0,0,0,0,0,0,0,0,0.0,,,0,2010-11-15,,,,,
7982671,2010,46,52,5,0,150107A201,150118,0,0,5,0,,,0,0,0,0,0,0,0,0,0,0,0,0,0,0,0,0,0,0.0,0.0,0,0,0,0,0,0,0,0,0,0,0,0,0,0,0,0,0.0,,,0,2010-11-23,,,,,
7983016,2010,47,52,5,0,150107A201,150118,1,2,1,0,,,0,0,0,0,0,0,0,0,0,0,0,0,0,0,0,0,0,0.0,0.0,0,0,0,0,0,0,0,0,0,0,0,0,0,0,1,0,0.0,,,0,2010-11-30,,,,,
7983472,2010,48,52,5,0,150107A201,150118,0,0,4,0,,,0,0,0,0,0,0,0,0,0,0,0,0,0,0,0,0,0,0.0,0.0,0,0,0,0,0,0,0,0,0,0,0,0,0,0,0,0,0.0,,,0,2010-12-06,,,,,
7983901,2010,49,52,5,0,150107A201,150118,0,1,0,0,,,0,0,0,0,0,0,0,0,0,0,0,0,0,0,0,0,0,0.0,0.0,0,0,0,0,0,0,0,0,0,0,0,0,0,0,0,0,0.0,,,0,2010-12-13,,,,,
7984369,2010,50,52,5,0,150107A201,150118,0,0,4,0,,,0,0,0,0,0,0,0,0,0,0,0,0,0,0,0,0,0,0.0,0.0,0,0,0,0,0,0,0,0,0,0,0,0,0,0,0,0,0.0,,,0,2010-12-20,,,,,
7984846,2010,51,52,5,0,150107A201,150118,0,1,7,0,,,0,0,0,0,0,0,0,0,0,0,0,0,0,0,0,0,0,0.0,0.0,0,0,0,0,0,0,0,0,0,0,0,0,0,0,0,1,0.0,,,0,2010-12-27,,,,,
7985203,2010,52,52,5,0,150107A201,150118,0,1,4,0,,,0,0,0,0,0,0,0,0,0,0,0,0,0,0,0,0,0,0.0,0.0,0,0,0,0,0,0,0,0,0,0,0,0,0,0,0,0,0.0,,,0,2011-01-03,,,,,
8986192,2011,11,52,5,0,150107A201,150101,0,0,2,0,,,0,0,0,0,0,0,0,0,0,0,0,0,0,0,0,0,0,0.0,0.0,0,0,0,0,0,0,0,0,0,0,0,0,0,0,0,0,0.0,,,0,2011-03-21,,,,,
8987023,2011,13,52,5,0,150107A201,150101,0,0,1,0,,,0,0,0,0,0,0,0,0,0,0,0,0,0,0,0,0,0,0.0,0.0,0,0,0,0,0,0,0,0,0,0,0,0,0,0,0,0,0.0,,,0,2011-04-04,,,,,
8981866,2011,1,52,5,0,150107A201,150103,0,1,0,0,,,0,0,0,0,0,0,0,0,0,0,0,0,0,0,0,0,0,0.0,0.0,0,0,0,0,0,0,0,0,0,0,0,0,0,0,0,0,0.0,,,0,2011-01-10,,,,,
8982826,2011,3,52,5,0,150107A201,150103,0,0,2,0,,,0,0,0,0,0,0,0,0,0,0,0,0,0,0,0,0,0,0.0,0.0,0,0,0,0,0,0,0,0,0,0,0,0,0,0,0,0,0.0,,,0,2011-01-24,,,,,
8983240,2011,4,52,5,0,150107A201,150103,0,0,1,0,,,0,0,0,0,0,0,0,0,0,0,0,0,0,0,0,0,0,0.0,0.0,0,0,0,0,0,0,0,0,0,0,0,0,0,0,0,0,0.0,,,0,2011-01-31,,,,,
8983681,2011,5,52,5,0,150107A201,150103,0,0,1,0,,,0,0,0,0,0,0,0,0,0,0,0,0,0,0,0,0,0,0.0,0.0,0,0,0,0,0,0,0,0,0,0,0,0,0,0,0,0,0.0,,,0,2011-02-07,,,,,
8984098,2011,6,52,5,0,150107A201,150103,0,1,1,0,,,0,0,0,0,0,0,0,0,0,0,0,0,0,0,0,0,0,0.0,0.0,0,0,0,0,0,0,0,0,0,0,0,0,0,0,0,0,0.0,,,0,2011-02-14,,,,,
8984893,2011,8,52,5,0,150107A201,150103,0,1,0,0,,,0,0,0,0,0,0,0,0,0,0,0,0,0,0,0,0,0,0.0,0.0,0,0,0,0,0,0,0,0,0,0,0,0,0,0,0,0,0.0,,,0,2011-02-28,,,,,
8985346,2011,9,52,5,0,150107A201,150103,0,0,2,0,,,0,0,0,0,0,0,0,0,0,0,0,0,0,0,0,0,0,0.0,0.0,0,0,0,0,0,0,0,0,0,0,0,0,0,0,0,0,0.0,,,0,2011-03-07,,,,,
8985781,2011,10,52,5,0,150107A201,150103,0,0,3,0,,,0,0,0,0,0,0,0,0,0,0,0,0,0,0,0,0,0,0.0,0.0,0,0,0,0,0,0,0,0,0,0,0,0,0,0,0,0,0.0,,,0,2011-03-14,,,,,
8986186,2011,11,52,5,0,150107A201,150103,0,0,2,0,,,0,0,0,0,0,0,0,0,0,0,0,0,0,0,0,0,0,0.0,0.0,0,0,0,0,0,0,0,0,0,0,0,0,0,0,0,0,0.0,,,0,2011-03-21,,,,,
8986606,2011,12,52,5,0,150107A201,150103,0,0,1,0,,,0,0,0,0,0,0,0,0,0,0,0,0,0,0,0,0,0,0.0,0.0,0,0,0,0,0,0,0,0,0,0,0,0,0,0,0,0,0.0,,,0,2011-03-28,,,,,
8988313,2011,16,52,5,0,150107A201,150103,0,1,2,0,,,0,0,0,0,0,0,0,0,0,0,0,0,0,0,0,0,0,0.0,0.0,0,0,0,0,0,0,0,0,0,0,0,0,0,0,0,0,0.0,,,0,2011-04-25,,,,,
8988742,2011,17,52,5,0,150107A201,150103,0,0,1,0,,,0,0,0,0,0,0,0,0,0,0,0,0,0,0,0,0,0,0.0,0.0,0,0,0,0,0,0,0,0,0,0,0,0,0,0,0,0,0.0,,,0,2011-05-02,,,,,
8989186,2011,18,52,5,0,150107A201,150103,0,0,3,0,,,0,0,0,0,0,0,0,0,0,0,0,0,0,0,0,0,0,0.0,0.0,0,0,0,0,0,0,0,0,0,0,0,0,0,0,0,0,0.0,,,0,2011-05-09,,,,,
8994088,2011,29,52,5,0,150107A201,150103,0,0,1,0,,,0,0,0,0,0,0,0,0,0,0,0,0,0,0,0,0,0,0.0,0.0,0,0,0,0,0,0,0,0,0,0,0,0,0,0,0,0,0.0,,,0,2011-07-25,,,,,
8994577,2011,30,52,5,0,150107A201,150103,0,0,1,0,,,0,0,0,0,0,0,0,0,0,0,0,0,0,0,0,0,0,0.0,0.0,0,0,0,0,0,0,0,0,0,0,0,0,0,0,0,0,0.0,,,0,2011-08-01,,,,,
8995012,2011,31,52,5,0,150107A201,150103,0,0,4,0,,,0,0,0,0,0,0,0,0,0,0,0,0,0,0,0,0,0,0.0,0.0,0,0,0,0,0,0,0,0,0,0,0,0,0,0,0,0,0.0,,,0,2011-08-08,,,,,
8996893,2011,35,52,5,0,150107A201,150103,0,0,3,0,,,0,0,0,0,0,0,0,0,0,0,0,0,0,0,0,0,0,0.0,0.0,0,0,0,0,0,0,0,0,0,0,0,0,0,0,0,0,0.0,,,0,2011-09-05,,,,,
8997151,2011,36,52,5,0,150107A201,150103,0,0,2,0,,,0,0,0,0,0,0,0,0,0,0,0,0,0,0,0,0,0,0.0,0.0,0,0,0,0,0,0,0,0,0,0,0,0,0,0,0,0,0.0,,,0,2011-09-12,,,,,
8997601,2011,37,52,5,0,150107A201,150103,0,0,0,0,,,0,0,0,0,0,0,0,0,0,0,0,0,0,0,0,0,0,0.0,0.0,0,0,0,0,0,0,0,0,0,0,0,0,0,0,1,0,0.0,,,0,2011-09-19,,,,,
8998060,2011,38,52,5,0,150107A201,150103,0,0,1,0,,,0,0,0,0,0,0,0,0,0,0,0,0,0,0,0,0,0,0.0,0.0,0,0,0,0,0,0,0,0,0,0,0,0,0,0,0,0,0.0,,,0,2011-09-26,,,,,
8999422,2011,41,52,5,0,150107A201,150103,1,0,0,0,,,0,0,0,0,0,0,0,0,0,0,0,0,0,0,0,0,0,0.0,0.0,0,0,0,0,0,0,0,0,0,0,0,0,0,0,0,0,0.0,,,0,2011-10-17,,,,,
9000232,2011,43,52,5,0,150107A201,150103,0,1,0,0,,,0,0,0,0,0,0,0,0,0,0,0,0,0,0,0,0,0,0.0,0.0,0,0,0,0,0,0,0,0,0,0,0,0,0,0,0,0,0.0,,,0,2011-11-02,,,,,
9002104,2011,47,52,5,0,150107A201,150103,0,0,2,0,,,0,0,0,0,0,0,0,0,0,0,0,0,0,0,0,0,0,0.0,0.0,0,0,0,0,0,0,0,0,0,0,0,0,0,0,0,0,0.0,,,0,2011-11-28,,,,,
8981860,2011,1,52,5,0,150107A201,150107,0,6,25,0,,,0,0,0,0,0,0,0,0,0,0,0,0,0,0,0,0,0,0.0,0.0,0,0,0,0,0,0,0,0,0,0,0,0,0,0,0,0,0.0,,,0,2011-01-10,,,,,
8982391,2011,2,52,5,0,150107A201,150107,0,3,17,0,,,0,0,0,0,0,0,0,0,0,0,0,0,0,0,0,0,0,0.0,0.0,0,0,0,0,0,0,0,0,0,0,0,0,0,0,1,2,0.0,,,0,2011-01-17,,,,,
8982820,2011,3,52,5,0,150107A201,150107,0,4,8,0,,,0,0,0,0,0,0,0,0,0,0,0,0,0,0,0,0,0,0.0,0.0,0,0,0,0,0,0,0,0,0,0,0,0,0,0,0,0,0.0,,,0,2011-01-24,,,,,
8983234,2011,4,52,5,0,150107A201,150107,0,3,10,0,,,0,0,0,0,0,0,0,0,0,0,0,0,0,0,0,0,0,0.0,0.0,0,0,0,0,0,0,0,0,0,0,0,0,0,0,0,0,0.0,,,0,2011-01-31,,,,,
8983675,2011,5,52,5,0,150107A201,150107,0,3,11,0,,,0,0,0,0,0,0,0,0,0,0,0,0,0,0,0,0,0,0.0,0.0,0,0,0,0,0,0,0,0,0,0,0,0,0,0,0,0,0.0,,,0,2011-02-07,,,,,
8984095,2011,6,52,5,0,150107A201,150107,0,0,13,0,,,0,0,0,0,0,0,0,0,0,0,0,0,0,0,0,0,0,0.0,0.0,0,0,0,0,0,0,0,0,0,0,0,0,0,0,0,0,0.0,,,0,2011-02-14,,,,,
8984497,2011,7,52,5,0,150107A201,150107,0,2,18,0,,,0,0,0,0,0,0,0,0,0,0,0,0,0,0,0,0,0,0.0,0.0,0,0,0,0,0,0,0,0,0,0,0,0,0,0,0,0,0.0,,,0,2011-02-21,,,,,
8984887,2011,8,52,5,0,150107A201,150107,2,5,14,0,,,0,0,0,0,0,0,0,0,0,0,0,0,0,0,0,0,0,0.0,0.0,0,0,0,0,0,0,0,0,0,0,0,0,0,0,0,0,0.0,,,0,2011-02-28,,,,,
8985340,2011,9,52,5,0,150107A201,150107,1,3,8,0,,,0,0,0,0,0,0,0,0,0,0,0,0,0,0,0,0,0,0.0,0.0,0,0,0,0,0,0,0,0,0,0,0,0,0,0,0,1,0.0,,,0,2011-03-07,,,,,
8985775,2011,10,52,5,0,150107A201,150107,1,2,17,0,,,0,0,0,0,0,0,0,0,0,0,0,0,0,0,0,0,0,0.0,0.0,0,0,0,0,0,0,0,0,0,0,0,0,0,0,0,0,0.0,,,0,2011-03-14,,,,,
8986180,2011,11,52,5,0,150107A201,150107,0,2,10,0,,,0,0,0,0,0,0,0,0,0,0,0,0,0,0,0,0,0,0.0,0.0,0,0,0,0,0,0,0,0,0,0,0,0,0,0,0,0,0.0,,,0,2011-03-21,,,,,
8986600,2011,12,52,5,0,150107A201,150107,0,1,26,0,,,0,0,0,0,0,0,0,0,0,0,0,0,0,0,0,0,0,0.0,0.0,0,0,0,0,0,0,0,0,0,0,0,0,0,0,0,0,0.0,,,0,2011-03-28,,,,,
8987017,2011,13,52,5,0,150107A201,150107,0,4,26,0,,,0,0,0,0,0,0,0,0,0,0,0,0,0,0,0,0,0,0.0,0.0,0,0,0,0,0,0,0,0,0,0,0,0,0,0,0,2,0.0,,,0,2011-04-04,,,,,
8987446,2011,14,52,5,0,150107A201,150107,0,3,27,0,,,0,0,1,0,0,0,0,0,0,0,0,0,0,0,0,0,0,0.0,0.0,0,0,0,0,0,0,0,0,0,0,0,0,0,0,0,0,0.0,,,0,2011-04-11,,,,,
8987899,2011,15,52,5,0,150107A201,150107,1,6,41,0,,,0,0,0,0,0,0,0,0,0,0,0,0,0,0,0,0,0,0.0,0.0,0,0,0,0,0,0,0,0,0,0,0,0,0,0,0,0,0.0,,,0,2011-04-18,,,,,
8988307,2011,16,52,5,0,150107A201,150107,2,3,20,0,,,0,0,0,0,0,0,0,0,0,0,0,0,0,0,0,0,0,0.0,0.0,0,0,0,0,0,0,0,0,0,0,0,0,0,0,1,1,0.0,,,0,2011-04-25,,,,,
8988736,2011,17,52,5,0,150107A201,150107,4,0,23,0,,,0,0,0,0,0,0,0,0,0,0,0,0,0,0,0,0,0,0.0,0.0,0,0,0,0,0,0,0,0,0,0,0,0,0,0,0,1,0.0,,,0,2011-05-02,,,,,
8989180,2011,18,52,5,0,150107A201,150107,1,5,31,0,,,0,0,0,0,0,0,0,0,0,0,0,0,0,0,0,0,0,0.0,0.0,0,0,0,0,0,0,0,0,0,0,0,0,0,0,0,0,0.0,,,0,2011-05-09,,,,,
8989723,2011,19,52,5,0,150107A201,150107,0,13,43,0,,,0,0,0,0,0,0,0,0,0,0,0,0,0,0,0,0,0,0.0,0.0,0,0,0,0,0,0,0,0,0,0,0,0,0,0,0,0,0.0,,,0,2011-05-16,,,,,
8990122,2011,20,52,5,0,150107A201,150107,0,2,28,0,,,0,0,0,0,0,0,0,0,0,0,0,0,0,0,0,0,0,0.0,0.0,0,0,0,0,0,0,0,0,0,0,0,0,0,0,0,0,0.0,,,0,2011-05-23,,,,,
8990569,2011,21,52,5,0,150107A201,150107,0,8,21,0,,,0,0,0,0,0,0,0,0,0,0,0,0,0,0,0,0,0,0.0,0.0,0,0,0,0,0,0,0,0,0,0,0,0,0,0,2,2,0.0,,,0,2011-05-30,,,,,
8991025,2011,22,52,5,0,150107A201,150107,1,5,35,0,,,0,0,0,0,0,0,0,0,0,0,0,0,0,0,0,0,0,0.0,0.0,0,0,0,0,0,0,0,0,0,0,0,0,0,0,1,1,0.0,,,0,2011-06-06,,,,,
8991472,2011,23,52,5,0,150107A201,150107,1,8,36,0,,,0,0,0,0,0,0,0,0,0,0,0,0,0,0,0,0,0,0.0,0.0,0,0,0,0,0,0,0,0,0,0,0,0,0,0,1,1,0.0,,,0,2011-06-13,,,,,
8991898,2011,24,52,5,0,150107A201,150107,0,5,22,0,,,0,0,0,0,0,0,0,0,0,0,0,0,0,0,0,0,0,0.0,0.0,0,0,0,0,0,0,0,0,0,0,0,0,0,0,1,1,0.0,,,0,2011-06-20,,,,,
8992300,2011,25,52,5,0,150107A201,150107,0,6,28,0,,,0,0,0,0,0,0,0,0,0,0,0,0,0,0,0,0,0,0.0,0.0,0,0,0,0,0,0,0,0,0,0,0,0,0,0,0,0,0.0,,,0,2011-06-27,,,,,
8992792,2011,26,52,5,0,150107A201,150107,0,1,32,0,,,0,0,0,0,0,0,0,0,0,0,0,0,0,0,0,0,0,0.0,0.0,0,0,0,0,0,0,0,0,0,0,0,0,0,0,1,0,0.0,,,0,2011-07-04,,,,,
8993218,2011,27,52,5,0,150107A201,150107,0,2,16,0,,,0,0,0,0,0,0,0,0,0,0,0,0,0,0,0,0,0,0.0,0.0,0,0,0,0,0,0,0,0,0,0,0,0,0,0,0,0,0.0,,,0,2011-07-10,,,,,
8993734,2011,28,52,5,0,150107A201,150107,0,2,21,0,,,0,0,0,0,0,0,0,0,0,0,0,0,0,0,0,0,0,0.0,0.0,0,0,0,0,0,0,0,0,0,0,0,0,0,0,1,0,0.0,,,0,2011-07-18,,,,,
8994082,2011,29,52,5,0,150107A201,150107,6,1,20,0,,,0,0,0,0,0,0,0,0,0,0,0,0,0,0,0,0,0,0.0,0.0,0,0,0,0,0,0,0,0,0,0,0,0,0,0,1,0,0.0,,,0,2011-07-25,,,,,
8994571,2011,30,52,5,0,150107A201,150107,1,2,20,0,,,0,0,0,0,0,0,0,0,0,0,0,0,0,0,0,0,0,0.0,0.0,0,0,0,0,0,0,0,0,0,0,0,0,0,0,1,0,0.0,,,0,2011-08-01,,,,,
8995006,2011,31,52,5,0,150107A201,150107,0,3,15,0,,,0,0,0,0,0,0,0,0,0,0,0,0,0,0,0,0,0,0.0,0.0,0,0,0,0,0,0,0,0,0,0,0,0,0,0,0,0,0.0,,,0,2011-08-08,,,,,
8995447,2011,32,52,5,0,150107A201,150107,2,4,11,0,,,0,0,0,0,0,0,0,0,0,0,0,0,0,0,0,0,0,0.0,0.0,0,0,0,0,0,0,0,0,0,0,0,0,0,0,2,0,0.0,,,0,2011-08-15,,,,,
8995864,2011,33,52,5,0,150107A201,150107,0,3,11,0,,,0,0,0,0,0,0,0,0,0,0,0,0,0,0,0,0,0,0.0,0.0,0,0,0,0,0,0,0,0,0,0,0,0,0,0,0,0,0.0,,,0,2011-08-23,,,,,
8996278,2011,34,52,5,0,150107A201,150107,0,6,31,0,,,0,0,0,0,0,0,0,0,0,0,0,0,0,0,0,0,0,0.0,0.0,0,0,0,0,0,0,0,0,0,0,0,0,0,0,0,2,0.0,,,0,2011-08-29,,,,,
8996887,2011,35,52,5,0,150107A201,150107,1,1,34,0,,,0,0,0,0,0,0,0,0,0,0,0,0,0,0,0,0,0,0.0,0.0,0,0,0,0,0,0,0,0,0,0,0,0,0,0,0,2,0.0,,,0,2011-09-05,,,,,
8997145,2011,36,52,5,0,150107A201,150107,0,4,27,0,,,0,0,0,0,0,0,0,0,0,0,0,0,0,0,0,0,0,0.0,0.0,0,0,0,0,0,0,0,0,0,0,0,0,0,0,0,0,0.0,,,0,2011-09-12,,,,,
8997580,2011,37,52,5,0,150107A201,150107,1,1,22,0,,,0,0,0,0,0,0,0,0,0,0,0,0,0,0,0,0,0,0.0,0.0,0,0,0,0,0,0,0,0,0,0,0,0,0,0,1,1,0.0,,,0,2011-09-19,,,,,
8998054,2011,38,52,5,0,150107A201,150107,0,6,27,0,,,0,0,0,0,0,0,0,0,0,0,0,0,0,0,0,0,0,0.0,0.0,0,0,0,0,0,0,0,0,0,0,0,0,0,0,1,0,0.0,,,0,2011-09-26,,,,,
8998495,2011,39,52,5,0,150107A201,150107,0,3,37,0,,,0,0,0,0,0,0,0,0,0,0,0,0,0,0,0,0,0,0.0,0.0,0,0,0,0,0,0,0,0,0,0,0,0,0,0,1,0,0.0,,,0,2011-10-03,,,,,
8998933,2011,40,52,5,0,150107A201,150107,0,3,19,0,,,0,0,0,0,0,0,0,0,0,0,0,0,0,0,0,0,0,0.0,0.0,0,0,0,0,0,0,0,0,0,0,0,0,0,0,0,1,0.0,,,0,2011-10-10,,,,,
8999416,2011,41,52,5,0,150107A201,150107,0,3,16,0,,,0,0,0,0,0,0,0,0,0,0,0,0,0,0,0,0,0,0.0,0.0,0,0,0,0,0,0,0,0,0,0,0,0,0,0,2,1,0.0,,,0,2011-10-17,,,,,
8999830,2011,42,52,5,0,150107A201,150107,0,3,22,0,,,0,0,0,0,0,0,0,0,0,0,0,0,0,0,0,0,0,0.0,0.0,0,0,0,0,0,0,0,0,0,0,0,0,0,0,1,0,0.0,,,0,2011-10-24,,,,,
9000226,2011,43,52,5,0,150107A201,150107,0,1,12,0,,,0,0,0,0,0,0,0,0,0,0,0,0,0,0,0,0,0,0.0,0.0,0,0,0,0,0,0,0,0,0,0,0,0,0,0,0,0,0.0,,,0,2011-11-02,,,,,
9000640,2011,44,52,5,0,150107A201,150107,1,5,13,0,,,0,0,0,0,0,0,0,0,0,0,0,0,0,0,0,0,0,0.0,0.0,0,0,0,0,0,0,0,0,0,0,0,0,0,0,2,1,0.0,,,0,2011-11-07,,,,,
9001057,2011,45,52,5,0,150107A201,150107,0,4,17,0,,,0,0,0,0,0,0,0,0,0,0,0,0,0,0,0,0,0,0.0,0.0,0,0,0,0,0,0,0,0,0,0,0,0,0,0,2,1,0.0,,,0,2011-11-14,,,,,
9001486,2011,46,52,5,0,150107A201,150107,0,3,9,0,,,0,0,0,0,0,0,0,0,0,0,0,0,0,0,0,0,0,0.0,0.0,0,0,0,0,0,0,0,0,0,0,0,0,0,0,1,0,0.0,,,0,2011-11-21,,,,,
9002098,2011,47,52,5,0,150107A201,150107,2,1,22,0,,,0,0,0,0,0,0,0,0,0,0,0,0,0,0,0,0,0,0.0,0.0,0,0,0,0,0,0,0,0,0,0,0,0,0,0,1,0,0.0,,,0,2011-11-28,,,,,
9002377,2011,48,52,5,0,150107A201,150107,0,2,12,0,,,0,0,0,0,0,0,0,0,0,0,0,0,0,0,0,0,0,0.0,0.0,0,0,0,0,0,0,0,0,0,0,0,0,0,0,0,0,0.0,,,0,2011-12-06,,,,,
9002782,2011,49,52,5,0,150107A201,150107,3,0,10,0,,,0,0,0,0,0,0,0,0,0,0,0,0,0,0,0,0,0,0.0,0.0,0,0,0,0,0,0,0,0,0,0,0,0,0,0,1,0,0.0,,,0,2011-12-12,,,,,
9003208,2011,50,52,5,0,150107A201,150107,0,3,20,0,,,0,0,0,0,0,0,0,0,0,0,0,0,0,0,0,0,0,0.0,0.0,0,0,0,0,0,0,0,0,0,0,0,0,0,0,1,3,0.0,,,0,2011-12-19,,,,,
9003628,2011,51,52,5,0,150107A201,150107,0,3,22,0,,,0,0,0,0,0,0,0,0,0,0,0,0,0,0,0,0,0,0.0,0.0,0,0,0,0,0,0,0,0,0,0,0,0,0,0,1,0,0.0,,,0,2011-12-26,,,,,
9004027,2011,52,52,5,0,150107A201,150107,0,4,24,0,,,0,0,0,0,0,0,0,0,0,0,0,0,0,0,0,0,0,0.0,0.0,0,0,0,0,0,0,0,0,0,0,0,0,0,0,2,0,0.0,,,0,2011-12-31,,,,,
8981863,2011,1,52,5,0,150107A201,150118,0,0,3,0,,,0,0,0,0,0,0,0,0,0,0,0,0,0,0,0,0,0,0.0,0.0,0,0,0,0,0,0,0,0,0,0,0,0,0,0,0,0,0.0,,,0,2011-01-10,,,,,
8982394,2011,2,52,5,0,150107A201,150118,0,0,2,0,,,0,0,0,0,0,0,0,0,0,0,0,0,0,0,0,0,0,0.0,0.0,0,0,0,0,0,0,0,0,0,0,0,0,0,0,0,0,0.0,,,0,2011-01-17,,,,,
8982823,2011,3,52,5,0,150107A201,150118,0,1,3,0,,,0,0,0,0,0,0,0,0,0,0,0,0,0,0,0,0,0,0.0,0.0,0,0,0,0,0,0,0,0,0,0,0,0,0,0,0,0,0.0,,,0,2011-01-24,,,,,
8983237,2011,4,52,5,0,150107A201,150118,0,0,2,0,,,0,0,0,0,0,0,0,0,0,0,0,0,0,0,0,0,0,0.0,0.0,0,0,0,0,0,0,0,0,0,0,0,0,0,0,0,0,0.0,,,0,2011-01-31,,,,,
8983678,2011,5,52,5,0,150107A201,150118,0,0,2,0,,,0,0,0,0,0,0,0,0,0,0,0,0,0,0,0,0,0,0.0,0.0,0,0,0,0,0,0,0,0,0,0,0,0,0,0,0,0,0.0,,,0,2011-02-07,,,,,
8984500,2011,7,52,5,0,150107A201,150118,0,0,5,0,,,0,0,0,0,0,0,0,0,0,0,0,0,0,0,0,0,0,0.0,0.0,0,0,0,0,0,0,0,0,0,0,0,0,0,0,0,0,0.0,,,0,2011-02-21,,,,,
8984890,2011,8,52,5,0,150107A201,150118,0,0,2,0,,,0,0,0,0,0,0,0,0,0,0,0,0,0,0,0,0,0,0.0,0.0,0,0,0,0,0,0,0,0,0,0,0,0,0,0,0,0,0.0,,,0,2011-02-28,,,,,
8985343,2011,9,52,5,0,150107A201,150118,0,2,0,0,,,0,0,0,0,0,0,0,0,0,0,0,0,0,0,0,0,0,0.0,0.0,0,0,0,0,0,0,0,0,0,0,0,0,0,0,0,0,0.0,,,0,2011-03-07,,,,,
8985778,2011,10,52,5,0,150107A201,150118,0,0,4,0,,,0,0,0,0,0,0,0,0,0,0,0,0,0,0,0,0,0,0.0,0.0,0,0,0,0,0,0,0,0,0,0,0,0,0,0,0,0,0.0,,,0,2011-03-14,,,,,
8986183,2011,11,52,5,0,150107A201,150118,0,0,3,0,,,0,0,0,0,0,0,0,0,0,0,0,0,0,0,0,0,0,0.0,0.0,0,0,0,0,0,0,0,0,0,0,0,0,0,0,0,0,0.0,,,0,2011-03-21,,,,,
8986603,2011,12,52,5,0,150107A201,150118,0,0,2,0,,,0,0,0,0,0,0,0,0,0,0,0,0,0,0,0,0,0,0.0,0.0,0,0,0,0,0,0,0,0,0,0,0,0,0,0,0,0,0.0,,,0,2011-03-28,,,,,
8987020,2011,13,52,5,0,150107A201,150118,0,3,1,0,,,0,0,0,0,0,0,0,0,0,0,0,0,0,0,0,0,0,0.0,0.0,0,0,0,0,0,0,0,0,0,0,0,0,0,0,0,1,0.0,,,0,2011-04-04,,,,,
8987902,2011,15,52,5,0,150107A201,150118,1,0,1,0,,,0,0,0,0,0,0,0,0,0,0,0,0,0,0,0,0,0,0.0,0.0,0,0,0,0,0,0,0,0,0,0,0,0,0,0,0,0,0.0,,,0,2011-04-18,,,,,
8988310,2011,16,52,5,0,150107A201,150118,0,0,0,0,,,0,0,0,0,0,0,0,0,0,0,0,0,0,0,0,0,0,0.0,0.0,0,0,0,0,0,0,0,0,0,0,0,0,0,0,1,0,0.0,,,0,2011-04-25,,,,,
8988739,2011,17,52,5,0,150107A201,150118,1,0,5,0,,,0,0,0,0,0,0,0,0,0,0,0,0,0,0,0,0,0,0.0,0.0,0,0,0,0,0,0,0,0,0,0,0,0,0,0,0,0,0.0,,,0,2011-05-02,,,,,
8989183,2011,18,52,5,0,150107A201,150118,0,0,4,0,,,0,0,0,0,0,0,0,0,0,0,0,0,0,0,0,0,0,0.0,0.0,0,0,0,0,0,0,0,0,0,0,0,0,0,0,0,0,0.0,,,0,2011-05-09,,,,,
8989726,2011,19,52,5,0,150107A201,150118,0,0,0,0,,,0,0,0,0,0,0,0,0,0,0,0,0,0,0,0,0,0,0.0,0.0,0,0,0,0,0,0,0,0,0,0,0,0,0,0,1,0,0.0,,,0,2011-05-16,,,,,
8990125,2011,20,52,5,0,150107A201,150118,0,1,2,0,,,0,0,0,0,0,0,0,0,0,0,0,0,0,0,0,0,0,0.0,0.0,0,0,0,0,0,0,0,0,0,0,0,0,0,0,0,0,0.0,,,0,2011-05-23,,,,,
8990572,2011,21,52,5,0,150107A201,150118,0,0,20,0,,,0,0,0,0,0,0,0,0,0,0,0,0,0,0,0,0,0,0.0,0.0,0,0,0,0,0,0,0,0,0,0,0,0,0,0,0,0,0.0,,,0,2011-05-30,,,,,
8991028,2011,22,52,5,0,150107A201,150118,0,1,5,0,,,0,0,0,0,0,0,0,0,0,0,0,0,0,0,0,0,0,0.0,0.0,0,0,0,0,0,0,0,0,0,0,0,0,0,0,0,0,0.0,,,0,2011-06-06,,,,,
8991901,2011,24,52,5,0,150107A201,150118,0,0,2,0,,,0,0,0,0,0,0,0,0,0,0,0,0,0,0,0,0,0,0.0,0.0,0,0,0,0,0,0,0,0,0,0,0,0,0,0,0,0,0.0,,,0,2011-06-20,,,,,
8992795,2011,26,52,5,0,150107A201,150118,0,0,4,0,,,0,0,0,0,0,0,0,0,0,0,0,0,0,0,0,0,0,0.0,0.0,0,0,0,0,0,0,0,0,0,0,0,0,0,0,0,0,0.0,,,0,2011-07-04,,,,,
8993221,2011,27,52,5,0,150107A201,150118,0,0,2,0,,,0,0,0,0,0,0,0,0,0,0,0,0,0,0,0,0,0,0.0,0.0,0,0,0,0,0,0,0,0,0,0,0,0,0,0,1,0,0.0,,,0,2011-07-10,,,,,
8993737,2011,28,52,5,0,150107A201,150118,0,0,5,0,,,0,0,0,0,0,0,0,0,0,0,0,0,0,0,0,0,0,0.0,0.0,0,0,0,0,0,0,0,0,0,0,0,0,0,0,0,0,0.0,,,0,2011-07-18,,,,,
8994085,2011,29,52,5,0,150107A201,150118,1,0,4,0,,,0,0,0,0,0,0,0,0,0,0,0,0,0,0,0,0,0,0.0,0.0,0,0,0,0,0,0,0,0,0,0,0,0,0,0,0,0,0.0,,,0,2011-07-25,,,,,
8994574,2011,30,52,5,0,150107A201,150118,0,0,1,0,,,0,0,0,0,0,0,0,0,0,0,0,0,0,0,0,0,0,0.0,0.0,0,0,0,0,0,0,0,0,0,0,0,0,0,0,0,0,0.0,,,0,2011-08-01,,,,,
8995009,2011,31,52,5,0,150107A201,150118,0,0,1,0,,,0,0,0,0,0,0,0,0,0,0,0,0,0,0,0,0,0,0.0,0.0,0,0,0,0,0,0,0,0,0,0,0,0,0,0,0,0,0.0,,,0,2011-08-08,,,,,
8995450,2011,32,52,5,0,150107A201,150118,0,0,2,0,,,0,0,0,0,0,0,0,0,0,0,0,0,0,0,0,0,0,0.0,0.0,0,0,0,0,0,0,0,0,0,0,0,0,0,0,0,0,0.0,,,0,2011-08-15,,,,,
8996281,2011,34,52,5,0,150107A201,150118,0,1,3,0,,,0,0,0,0,0,0,0,0,0,0,0,0,0,0,0,0,0,0.0,0.0,0,0,0,0,0,0,0,0,0,0,0,0,0,0,0,0,0.0,,,0,2011-08-29,,,,,
8996890,2011,35,52,5,0,150107A201,150118,2,0,3,0,,,0,0,0,0,0,0,0,0,0,0,0,0,0,0,0,0,0,0.0,0.0,0,0,0,0,0,0,0,0,0,0,0,0,0,0,0,0,0.0,,,0,2011-09-05,,,,,
8997148,2011,36,52,5,0,150107A201,150118,0,0,3,0,,,0,0,0,0,0,0,0,0,0,0,0,0,0,0,0,0,0,0.0,0.0,0,0,0,0,0,0,0,0,0,0,0,0,0,0,0,0,0.0,,,0,2011-09-12,,,,,
8997583,2011,37,52,5,0,150107A201,150118,1,1,3,0,,,0,0,0,0,0,0,0,0,0,0,0,0,0,0,0,0,0,0.0,0.0,0,0,0,0,0,0,0,0,0,0,0,0,0,0,0,0,0.0,,,0,2011-09-19,,,,,
8998057,2011,38,52,5,0,150107A201,150118,0,0,4,0,,,0,0,0,0,0,0,0,0,0,0,0,0,0,0,0,0,0,0.0,0.0,0,0,0,0,0,0,0,0,0,0,0,0,0,0,0,1,0.0,,,0,2011-09-26,,,,,
8998498,2011,39,52,5,0,150107A201,150118,0,0,3,0,,,0,0,0,0,0,0,0,0,0,0,0,0,0,0,0,0,0,0.0,0.0,0,0,0,0,0,0,0,0,0,0,0,0,0,0,0,1,0.0,,,0,2011-10-03,,,,,
8998936,2011,40,52,5,0,150107A201,150118,0,1,0,0,,,0,0,0,0,0,0,0,0,0,0,0,0,0,0,0,0,0,0.0,0.0,0,0,0,0,0,0,0,0,0,0,0,0,0,0,0,0,0.0,,,0,2011-10-10,,,,,
8999419,2011,41,52,5,0,150107A201,150118,0,1,2,0,,,0,0,0,0,0,0,0,0,0,0,0,0,0,0,0,0,0,0.0,0.0,0,0,0,0,0,0,0,0,0,0,0,0,0,0,0,0,0.0,,,0,2011-10-17,,,,,
8999833,2011,42,52,5,0,150107A201,150118,0,2,3,0,,,0,0,0,0,0,0,0,0,0,0,0,0,0,0,0,0,0,0.0,0.0,0,0,0,0,0,0,0,0,0,0,0,0,0,0,0,0,0.0,,,0,2011-10-24,,,,,
9000229,2011,43,52,5,0,150107A201,150118,0,2,2,0,,,0,0,0,0,0,0,0,0,0,0,0,0,0,0,0,0,0,0.0,0.0,0,0,0,0,0,0,0,0,0,0,0,0,0,0,0,0,0.0,,,0,2011-11-02,,,,,
9000643,2011,44,52,5,0,150107A201,150118,0,1,3,0,,,0,0,0,0,0,0,0,0,0,0,0,0,0,0,0,0,0,0.0,0.0,0,0,0,0,0,0,0,0,0,0,0,0,0,0,0,0,0.0,,,0,2011-11-07,,,,,
9001060,2011,45,52,5,0,150107A201,150118,0,2,4,0,,,0,0,0,0,0,0,0,0,0,0,0,0,0,0,0,0,0,0.0,0.0,0,0,0,0,0,0,0,0,0,0,0,0,0,0,0,0,0.0,,,0,2011-11-14,,,,,
9001489,2011,46,52,5,0,150107A201,150118,0,3,3,0,,,0,0,0,0,0,0,0,0,0,0,0,0,0,0,0,0,0,0.0,0.0,0,0,0,0,0,0,0,0,0,0,0,0,0,0,0,0,0.0,,,0,2011-11-21,,,,,
9002101,2011,47,52,5,0,150107A201,150118,0,0,2,0,,,0,0,0,0,0,0,0,0,0,0,0,0,0,0,0,0,0,0.0,0.0,0,0,0,0,0,0,0,0,0,0,0,0,0,0,0,0,0.0,,,0,2011-11-28,,,,,
9002380,2011,48,52,5,0,150107A201,150118,0,0,3,0,,,0,0,0,0,0,0,0,0,0,0,0,0,0,0,0,0,0,0.0,0.0,0,0,0,0,0,0,0,0,0,0,0,0,0,0,0,0,0.0,,,0,2011-12-06,,,,,
9002785,2011,49,52,5,0,150107A201,150118,0,0,3,0,,,0,0,0,0,0,0,0,0,0,0,0,0,0,0,0,0,0,0.0,0.0,0,0,0,0,0,0,0,0,0,0,0,0,0,0,0,0,0.0,,,0,2011-12-12,,,,,
9004030,2011,52,52,5,0,150107A201,150118,0,2,2,0,,,0,0,0,0,0,0,0,0,0,0,0,0,0,0,0,0,0,0.0,0.0,0,0,0,0,0,0,0,0,0,0,0,0,0,0,0,0,0.0,,,0,2011-12-31,,,,,
10001224,2012,2,52,5,0,150107A201,150103,0,1,0,0,,,0,0,0,0,0,0,0,0,0,0,0,0,0,0,0,0,0,0.0,0.0,0,0,0,0,0,0,0,0,0,0,0,0,0,0,0,0,0.0,,,0,2012-01-16,,,,,
10003357,2012,7,52,5,0,150107A201,150103,0,1,1,0,,,0,0,0,0,0,0,0,0,0,0,0,0,0,0,0,0,0,0.0,0.0,0,0,0,0,0,0,0,0,0,0,0,0,0,0,0,0,0.0,,,0,2012-02-20,,,,,
10003735,2012,8,52,5,0,150107A201,150103,0,0,1,0,,,0,0,0,0,0,0,0,0,0,0,0,0,0,0,0,0,0,0.0,0.0,0,0,0,0,0,0,0,0,0,0,0,0,0,0,0,0,0.0,,,0,2012-02-27,,,,,
10004599,2012,10,52,5,0,150107A201,150103,0,0,1,0,,,0,0,0,0,0,0,0,0,0,0,0,0,0,0,0,0,0,0.0,0.0,0,0,0,0,0,0,0,0,0,0,0,0,0,0,0,0,0.0,,,0,2012-03-12,,,,,
10005421,2012,12,52,5,0,150107A201,150103,0,1,0,0,,,0,0,0,0,0,0,0,0,0,0,0,0,0,0,0,0,0,0.0,0.0,0,0,0,0,0,0,0,0,0,0,0,0,0,0,0,0,0.0,,,0,2012-03-26,,,,,
10007509,2012,17,52,5,0,150107A201,150103,0,0,3,0,,,0,0,0,0,0,0,0,0,0,0,0,0,0,0,0,0,0,0.0,0.0,0,0,0,0,0,0,0,0,0,0,0,0,0,0,1,0,0.0,,,0,2012-05-01,,,,,
10007878,2012,18,52,5,0,150107A201,150103,0,1,1,0,,,0,0,0,0,0,0,0,0,0,0,0,0,0,0,0,0,0,0.0,0.0,0,0,0,0,0,0,0,0,0,0,0,0,0,0,0,0,0.0,,,0,2012-05-07,,,,,
10008346,2012,19,52,5,0,150107A201,150103,0,1,1,0,,,0,0,0,0,0,0,0,0,0,0,0,0,0,0,0,0,0,0.0,0.0,0,0,0,0,0,0,0,0,0,0,0,0,0,0,0,0,0.0,,,0,2012-05-14,,,,,
10009828,2012,22,52,5,0,150107A201,150103,1,0,1,0,,,0,0,0,0,0,0,0,0,0,0,0,0,0,0,0,0,0,0.0,0.0,0,0,0,0,0,0,0,0,0,0,0,0,0,0,0,0,0.0,,,0,2012-06-04,,,,,
10010272,2012,23,52,5,0,150107A201,150103,0,1,0,0,,,0,0,0,0,0,0,0,0,0,0,0,0,0,0,0,0,0,0.0,0.0,0,0,0,0,0,0,0,0,0,0,0,0,0,0,0,0,0.0,,,0,2012-06-11,,,,,
10011142,2012,25,52,5,0,150107A201,150103,0,1,0,0,,,0,0,0,0,0,0,0,0,0,0,0,0,0,0,0,0,0,0.0,0.0,0,0,0,0,0,0,0,0,0,0,0,0,0,0,0,0,0.0,,,0,2012-06-25,,,,,
10011595,2012,26,52,5,0,150107A201,150103,0,2,2,0,,,0,0,0,0,0,0,0,0,0,0,0,0,0,0,0,0,0,0.0,0.0,0,0,0,0,0,0,0,0,0,0,0,0,0,0,0,0,0.0,,,0,2012-07-02,,,,,
10012483,2012,28,52,5,0,150107A201,150103,0,0,4,0,,,0,0,0,0,0,0,0,0,0,0,0,0,0,0,0,0,0,0.0,0.0,0,0,0,0,0,0,0,0,0,0,0,0,0,0,0,0,0.0,,,0,2012-07-16,,,,,
10012960,2012,29,52,5,0,150107A201,150103,0,1,0,0,,,0,0,0,0,0,0,0,0,0,0,0,0,0,0,0,0,0,0.0,0.0,0,0,0,0,0,0,0,0,0,0,0,0,0,0,0,0,0.0,,,0,2012-07-23,,,,,
10013356,2012,30,52,5,0,150107A201,150103,0,0,2,0,,,0,0,0,0,0,0,0,0,0,0,0,0,0,0,0,0,0,0.0,0.0,0,0,0,0,0,0,0,0,0,0,0,0,0,0,0,0,0.0,,,0,2012-07-30,,,,,
10013800,2012,31,52,5,0,150107A201,150103,0,0,1,0,,,0,0,0,0,0,0,0,0,0,0,0,0,0,0,0,0,0,0.0,0.0,0,0,0,0,0,0,0,0,0,0,0,0,0,0,0,0,0.0,,,0,2012-08-06,,,,,
10015528,2012,35,52,5,0,150107A201,150103,0,1,0,0,,,0,0,0,0,0,0,0,0,0,0,0,0,0,0,0,0,0,0.0,0.0,0,0,0,0,0,0,0,0,0,0,0,0,0,0,0,0,0.0,,,0,2012-09-03,,,,,
10018372,2012,43,52,5,0,150107A201,150103,0,0,1,0,,,0,0,0,0,0,0,0,0,0,0,0,0,0,0,0,0,0,0.0,0.0,0,0,0,0,0,0,0,0,0,0,0,0,0,0,0,0,0.0,,,0,2012-10-30,,,,,
10000738,2012,1,52,5,0,150107A201,150107,0,1,21,0,,,0,0,0,0,0,0,0,0,0,0,0,0,0,0,0,0,0,0.0,0.0,0,0,0,0,0,0,0,0,0,0,0,0,0,0,0,0,0.0,,,0,2012-01-09,,,,,
10001218,2012,2,52,5,0,150107A201,150107,0,4,13,0,,,0,0,0,0,0,0,0,0,0,0,0,0,0,0,0,0,0,0.0,0.0,0,0,0,0,0,0,0,0,0,0,0,0,0,0,1,1,0.0,,,0,2012-01-16,,,,,
10001614,2012,3,52,5,0,150107A201,150107,0,2,10,0,,,0,0,0,0,0,0,0,0,0,0,0,0,0,0,0,0,0,0.0,0.0,0,0,0,0,0,0,0,0,0,0,0,0,0,0,0,0,0.0,,,0,2012-01-23,,,,,
10002079,2012,4,52,5,0,150107A201,150107,0,1,10,0,,,0,0,0,0,0,0,0,0,0,0,0,0,0,0,0,0,0,0.0,0.0,0,0,0,0,0,0,0,0,0,0,0,0,0,0,1,0,0.0,,,0,2012-01-30,,,,,
10002508,2012,5,52,5,0,150107A201,150107,0,2,13,0,,,0,0,0,0,0,0,0,0,0,0,0,0,0,0,0,0,0,0.0,0.0,0,0,0,0,0,0,0,0,0,0,0,0,0,0,0,0,0.0,,,0,2012-02-06,,,,,
10002901,2012,6,52,5,0,150107A201,150107,2,4,13,0,,,0,0,0,0,0,0,0,0,0,0,0,0,0,0,0,0,0,0.0,0.0,0,0,0,0,0,0,0,0,0,0,0,0,0,0,0,0,0.0,,,0,2012-02-13,,,,,
10003351,2012,7,52,5,0,150107A201,150107,0,1,12,0,,,0,0,0,0,0,0,0,0,0,0,0,0,0,0,0,0,0,0.0,0.0,0,0,0,0,0,0,0,0,0,0,0,0,0,0,0,0,0.0,,,0,2012-02-20,,,,,
10003729,2012,8,52,5,0,150107A201,150107,0,2,16,0,,,0,0,0,0,0,0,0,0,0,0,0,0,0,0,0,0,0,0.0,0.0,0,0,0,0,0,0,0,0,0,0,0,0,0,0,0,0,0.0,,,0,2012-02-27,,,,,
10004197,2012,9,52,5,0,150107A201,150107,0,1,5,0,,,0,0,0,0,0,0,0,0,0,0,0,0,0,0,0,0,0,0.0,0.0,0,0,0,0,0,0,0,0,0,0,0,0,0,0,0,0,0.0,,,0,2012-03-05,,,,,
10004593,2012,10,52,5,0,150107A201,150107,0,0,14,0,,,0,0,0,0,0,0,0,0,0,0,0,0,0,0,0,0,0,0.0,0.0,0,0,0,0,0,0,0,0,0,0,0,0,0,0,1,0,0.0,,,0,2012-03-12,,,,,
10005001,2012,11,52,5,0,150107A201,150107,0,5,31,0,,,0,0,0,0,0,0,0,0,0,0,0,0,0,0,0,0,0,0.0,0.0,0,0,0,0,0,0,0,0,0,0,0,0,0,0,0,0,0.0,,,0,2012-03-19,,,,,
10005415,2012,12,52,5,0,150107A201,150107,0,2,22,0,,,0,0,0,0,0,0,0,0,0,0,0,0,0,0,0,0,0,0.0,0.0,0,0,0,0,0,0,0,0,0,0,0,0,0,0,0,0,0.0,,,0,2012-03-26,,,,,
10005829,2012,13,52,5,0,150107A201,150107,0,3,22,0,,,0,0,0,0,0,0,0,0,0,0,0,0,0,0,0,0,0,0.0,0.0,0,0,0,0,0,0,0,0,0,0,0,0,0,0,1,0,0.0,,,0,2012-04-02,,,,,
10006249,2012,14,52,5,0,150107A201,150107,0,7,31,0,,,0,0,0,0,0,0,0,0,0,0,0,0,0,0,0,0,0,0.0,0.0,0,0,0,0,0,0,0,0,0,0,0,0,0,0,0,0,0.0,,,0,2012-04-09,,,,,
10006672,2012,15,52,5,0,150107A201,150107,0,5,17,0,,,0,0,0,0,0,0,0,0,0,0,0,0,0,0,0,0,0,0.0,0.0,0,0,0,0,0,0,0,0,0,0,0,0,0,0,0,0,0.0,,,0,2012-04-16,,,,,
10007116,2012,16,52,5,0,150107A201,150107,1,5,27,0,,,0,0,0,0,0,0,0,0,0,0,0,0,0,0,0,0,0,0.0,0.0,0,0,0,0,0,0,0,0,0,0,0,0,0,0,0,0,0.0,,,0,2012-04-23,,,,,
10007503,2012,17,52,5,0,150107A201,150107,1,6,20,0,,,0,0,0,0,0,0,0,0,0,0,0,0,0,0,0,0,0,0.0,0.0,0,0,0,0,0,0,0,0,0,0,0,0,0,0,0,0,0.0,,,0,2012-05-01,,,,,
10007872,2012,18,52,5,0,150107A201,150107,0,8,32,0,,,0,0,0,0,0,0,0,0,0,0,0,0,0,0,0,0,0,0.0,0.0,0,0,0,0,0,0,0,0,0,0,0,0,0,0,0,0,0.0,,,0,2012-05-07,,,,,
10008340,2012,19,52,5,0,150107A201,150107,0,5,24,0,,,0,0,0,0,0,0,0,0,0,0,0,0,0,0,0,0,0,0.0,0.0,0,0,0,0,0,0,0,0,0,0,0,0,0,0,0,0,0.0,,,0,2012-05-14,,,,,
10008886,2012,20,52,5,0,150107A201,150107,0,6,36,0,,,0,0,0,0,0,0,0,0,0,0,0,0,0,0,0,0,0,0.0,0.0,0,0,0,0,0,0,0,0,0,0,0,0,0,0,0,1,0.0,,,0,2012-05-21,,,,,
10009357,2012,21,52,5,0,150107A201,150107,0,8,17,0,,,0,0,0,0,0,0,0,0,0,0,0,0,0,0,0,0,0,0.0,0.0,0,0,0,0,0,0,0,0,0,0,0,0,0,0,0,0,0.0,,,0,2012-05-29,,,,,
10009822,2012,22,52,5,0,150107A201,150107,1,3,18,0,,,0,0,0,0,0,0,0,0,0,0,0,0,0,0,0,0,0,0.0,0.0,0,0,0,0,0,0,0,0,0,0,0,0,0,0,0,0,0.0,,,0,2012-06-04,,,,,
10010266,2012,23,52,5,0,150107A201,150107,1,0,33,0,,,0,0,0,0,0,0,0,0,0,0,0,0,0,0,0,0,0,0.0,0.0,0,0,0,0,0,0,0,0,0,0,0,0,0,0,1,2,0.0,,,0,2012-06-11,,,,,
10010719,2012,24,52,5,0,150107A201,150107,0,8,42,0,,,0,0,0,0,0,0,0,0,0,0,0,0,0,0,0,0,0,0.0,0.0,0,0,0,0,0,0,0,0,0,0,0,0,0,0,1,0,0.0,,,0,2012-06-18,1.0,,1.0,,
10011136,2012,25,52,5,0,150107A201,150107,1,2,27,0,,,0,0,0,0,0,0,0,0,0,0,0,0,0,0,0,0,0,0.0,0.0,0,0,0,0,0,0,0,0,0,0,0,0,0,0,1,0,0.0,,,0,2012-06-25,,,,,
10011589,2012,26,52,5,0,150107A201,150107,1,6,26,0,,,0,0,0,0,0,0,0,0,0,0,0,0,0,0,0,0,0,0.0,0.0,0,0,0,0,0,0,0,0,0,0,0,0,0,0,0,1,0.0,,,0,2012-07-02,,,,,
10012030,2012,27,52,5,0,150107A201,150107,1,5,25,0,,,0,0,0,0,0,0,0,0,0,0,0,0,0,0,0,0,0,0.0,0.0,0,0,0,0,0,0,0,0,0,0,0,0,0,0,1,0,0.0,,,0,2012-07-09,,,,,
10012477,2012,28,52,5,0,150107A201,150107,0,2,20,0,,,0,0,0,0,0,0,0,0,0,0,0,0,0,0,0,0,0,0.0,0.0,0,0,0,0,0,0,0,0,0,0,0,0,0,0,0,0,0.0,,,0,2012-07-16,,,,,
10012954,2012,29,52,5,0,150107A201,150107,0,4,18,0,,,0,0,0,0,0,0,0,0,0,0,0,0,0,0,0,0,0,0.0,0.0,0,0,0,0,0,0,0,0,0,0,0,0,0,0,0,0,0.0,,,0,2012-07-23,,,,,
10013350,2012,30,52,5,0,150107A201,150107,4,13,0,0,,,0,0,0,0,0,0,0,0,0,0,0,0,0,0,0,0,0,0.0,0.0,0,0,0,0,0,0,0,0,0,0,0,0,0,0,0,0,0.0,,,0,2012-07-30,,,,,
10013794,2012,31,52,5,0,150107A201,150107,0,4,16,0,,,0,0,0,0,0,0,0,0,0,0,0,0,0,0,0,0,0,0.0,0.0,0,0,0,0,0,0,0,0,0,0,0,0,0,0,1,0,0.0,,,0,2012-08-06,,,,,
10014256,2012,32,52,5,0,150107A201,150107,0,1,18,0,,,0,0,0,0,0,0,0,0,0,0,0,0,0,0,0,0,0,0.0,0.0,0,0,0,0,0,0,0,0,0,0,0,0,0,0,1,0,0.0,,,0,2012-08-13,,,,,
10014640,2012,33,52,5,0,150107A201,150107,1,4,7,0,,,0,0,0,0,0,0,0,0,0,0,0,0,0,0,0,0,0,0.0,0.0,0,0,0,0,0,0,0,0,0,0,0,0,0,0,1,0,0.0,,,0,2012-08-20,,,,,
10015117,2012,34,52,5,0,150107A201,150107,2,3,20,0,,,0,0,0,0,0,0,0,0,0,0,0,0,0,0,0,0,0,0.0,0.0,0,0,0,0,0,0,0,0,0,0,0,0,0,0,0,0,0.0,,,0,2012-08-27,,,,,
10015522,2012,35,52,5,0,150107A201,150107,1,3,15,0,,,0,0,0,0,0,0,0,0,0,0,0,0,0,0,0,0,0,0.0,0.0,0,0,0,0,0,0,0,0,0,0,0,0,0,0,1,0,0.0,,,0,2012-09-03,,,,,
10015939,2012,36,52,5,0,150107A201,150107,2,13,17,0,,,0,0,0,0,0,0,0,0,0,0,0,0,0,0,0,0,0,0.0,0.0,0,0,0,0,0,0,0,0,0,0,0,0,0,0,0,0,0.0,,,0,2012-09-10,,,,,
10016338,2012,37,52,5,0,150107A201,150107,3,17,0,0,,,0,0,0,0,0,0,0,0,0,0,0,0,0,0,0,0,0,0.0,0.0,0,0,0,0,0,0,0,0,0,0,0,0,0,0,1,0,0.0,,,0,2012-09-17,,,,,
10016809,2012,38,52,5,0,150107A201,150107,0,3,7,0,,,0,0,0,0,0,0,0,0,0,0,0,0,0,0,0,0,0,0.0,0.0,0,0,0,0,0,0,0,0,0,0,0,0,0,0,0,0,0.0,,,0,2012-09-24,,,,,
10017187,2012,39,52,5,0,150107A201,150107,5,11,0,0,,,0,0,0,0,0,0,0,0,0,0,0,0,0,0,0,0,0,0.0,0.0,0,0,0,0,0,0,0,0,0,0,0,0,0,0,1,0,0.0,,,0,2012-10-01,,,,,
10017487,2012,40,52,5,0,150107A201,150107,0,0,2,0,,,0,0,0,0,0,0,0,0,0,0,0,0,0,0,0,0,0,0.0,0.0,0,0,0,0,0,0,0,0,0,0,0,0,0,0,0,0,0.0,,,0,2012-10-09,,,,,
10017799,2012,41,52,5,0,150107A201,150107,0,0,5,0,,,0,0,0,0,0,0,0,0,0,0,0,0,0,0,0,0,0,0.0,0.0,0,0,0,0,0,0,0,0,0,0,0,0,0,0,1,0,0.0,,,0,2012-10-15,1.0,,1.0,,
10018114,2012,42,52,5,0,150107A201,150107,0,1,0,0,,,0,0,0,0,0,0,0,0,0,0,0,0,0,0,0,0,0,0.0,0.0,0,0,0,0,0,0,0,0,0,0,0,0,0,0,0,1,0.0,,,0,2012-10-22,1.0,,1.0,,
10018366,2012,43,52,5,0,150107A201,150107,0,3,16,0,,,0,0,0,0,0,0,0,0,0,0,0,0,0,0,0,0,0,0.0,0.0,0,0,0,0,0,0,0,0,0,0,0,0,0,0,0,0,0.0,,,0,2012-10-30,,,,,
10018906,2012,44,52,5,0,150107A201,150107,1,6,18,0,,,0,0,0,0,0,0,0,0,0,0,0,0,0,0,0,0,0,0.0,0.0,0,0,0,0,0,0,0,0,0,0,0,0,0,0,0,0,0.0,,,0,2012-11-05,1.0,,1.0,,
10019314,2012,45,52,5,0,150107A201,150107,0,2,23,0,,,0,0,0,0,0,0,0,0,0,0,0,0,0,0,0,0,0,0.0,0.0,0,0,0,0,0,0,0,0,0,0,0,0,0,0,0,0,0.0,,,0,2012-11-12,,,,,
10019800,2012,46,52,5,0,150107A201,150107,0,11,11,0,,,0,0,0,0,0,0,0,0,0,0,0,0,0,0,0,0,0,0.0,0.0,0,0,0,0,0,0,0,0,0,0,0,0,0,0,0,0,0.0,,,0,2012-11-19,1.0,,1.0,,
10020238,2012,47,52,5,0,150107A201,150107,0,4,23,0,,,0,0,0,0,0,0,0,0,0,0,0,0,0,0,0,0,0,0.0,0.0,0,0,0,0,0,0,0,0,0,0,0,0,0,0,1,0,0.0,,,0,2012-11-26,1.0,,1.0,,
10020898,2012,48,52,5,0,150107A201,150107,1,1,13,0,,,0,0,0,0,0,0,0,0,0,0,0,0,0,0,0,0,0,0.0,0.0,0,0,0,0,0,0,0,0,0,0,0,0,0,0,1,0,0.0,,,0,2012-12-04,,,,,
10021093,2012,49,52,5,0,150107A201,150107,2,4,18,0,,,0,0,0,0,0,0,0,0,0,0,0,0,0,0,0,0,0,0.0,0.0,0,0,0,0,0,0,0,0,0,0,0,0,0,0,0,0,0.0,,,0,2012-12-10,,,,,
10021537,2012,50,52,5,0,150107A201,150107,0,6,18,0,,,0,0,0,0,0,0,0,0,0,0,0,0,0,0,0,0,0,0.0,0.0,0,0,0,0,0,0,0,0,0,0,0,0,0,0,0,0,0.0,,,0,2012-12-17,,,,,
10021951,2012,51,52,5,0,150107A201,150107,0,8,26,0,,,0,0,0,0,0,0,0,0,0,0,0,0,0,0,0,0,0,0.0,0.0,0,0,0,0,0,0,0,0,0,0,0,0,0,0,2,0,0.0,,,0,2012-12-26,1.0,,1.0,,
10022353,2012,52,52,5,0,150107A201,150107,0,3,5,0,,,0,0,0,0,0,0,0,0,0,0,0,0,0,0,0,0,0,0.0,0.0,0,0,0,0,0,0,0,0,0,0,0,0,0,0,1,0,0.0,,,0,2012-12-31,1.0,,1.0,,
10000741,2012,1,52,5,0,150107A201,150118,0,0,4,0,,,0,0,0,0,0,0,0,0,0,0,0,0,0,0,0,0,0,0.0,0.0,0,0,0,0,0,0,0,0,0,0,0,0,0,0,0,0,0.0,,,0,2012-01-09,,,,,
10001221,2012,2,52,5,0,150107A201,150118,0,1,4,0,,,0,0,0,0,0,0,0,0,0,0,0,0,0,0,0,0,0,0.0,0.0,0,0,0,0,0,0,0,0,0,0,0,0,0,0,0,0,0.0,,,0,2012-01-16,,,,,
10001617,2012,3,52,5,0,150107A201,150118,0,2,1,0,,,0,0,0,0,0,0,0,0,0,0,0,0,0,0,0,0,0,0.0,0.0,0,0,0,0,0,0,0,0,0,0,0,0,0,0,0,0,0.0,,,0,2012-01-23,,,,,
10002082,2012,4,52,5,0,150107A201,150118,0,2,2,0,,,0,0,0,0,0,0,0,0,0,0,0,0,0,0,0,0,0,0.0,0.0,0,0,0,0,0,0,0,0,0,0,0,0,0,0,0,0,0.0,,,0,2012-01-30,,,,,
10002904,2012,6,52,5,0,150107A201,150118,0,1,3,0,,,0,0,0,0,0,0,0,0,0,0,0,0,0,0,0,0,0,0.0,0.0,0,0,0,0,0,0,0,0,0,0,0,0,0,0,0,0,0.0,,,0,2012-02-13,,,,,
10003354,2012,7,52,5,0,150107A201,150118,0,0,3,0,,,0,0,0,0,0,0,0,0,0,0,0,0,0,0,0,0,0,0.0,0.0,0,0,0,0,0,0,0,0,0,0,0,0,0,0,0,0,0.0,,,0,2012-02-20,,,,,
10003732,2012,8,52,5,0,150107A201,150118,0,0,3,0,,,0,0,0,0,0,0,0,0,0,0,0,0,0,0,0,0,0,0.0,0.0,0,0,0,0,0,0,0,0,0,0,0,0,0,0,0,0,0.0,,,0,2012-02-27,,,,,
10004596,2012,10,52,5,0,150107A201,150118,0,0,1,0,,,0,0,0,0,0,0,0,0,0,0,0,0,0,0,0,0,0,0.0,0.0,0,0,0,0,0,0,0,0,0,0,0,0,0,0,0,0,0.0,,,0,2012-03-12,,,,,
10005004,2012,11,52,5,0,150107A201,150118,2,0,0,0,,,0,0,0,0,0,0,0,0,0,0,0,0,0,0,0,0,0,0.0,0.0,0,0,0,0,0,0,0,0,0,0,0,0,0,0,0,0,0.0,,,0,2012-03-19,,,,,
10005418,2012,12,52,5,0,150107A201,150118,0,2,6,0,,,0,0,0,0,0,0,0,0,0,0,0,0,0,0,0,0,0,0.0,0.0,0,0,0,0,0,0,0,0,0,0,0,0,0,0,0,0,0.0,,,0,2012-03-26,,,,,
10005832,2012,13,52,5,0,150107A201,150118,0,1,7,0,,,0,0,0,0,0,0,0,0,0,0,0,0,0,0,0,0,0,0.0,0.0,0,0,0,0,0,0,0,0,0,0,0,0,0,0,0,0,0.0,,,0,2012-04-02,,,,,
10006252,2012,14,52,5,0,150107A201,150118,0,3,8,0,,,0,0,0,0,0,0,0,0,0,0,0,0,0,0,0,0,0,0.0,0.0,0,0,0,0,0,0,0,0,0,0,0,0,0,0,0,0,0.0,,,0,2012-04-09,,,,,
10006675,2012,15,52,5,0,150107A201,150118,0,0,7,0,,,0,0,0,0,0,0,0,0,0,0,0,0,0,0,0,0,0,0.0,0.0,0,0,0,0,0,0,0,0,0,0,0,0,0,0,0,0,0.0,,,0,2012-04-16,,,,,
10007119,2012,16,52,5,0,150107A201,150118,0,1,6,0,,,0,0,0,0,0,0,0,0,0,0,0,0,0,0,0,0,0,0.0,0.0,0,0,0,0,0,0,0,0,0,0,0,0,0,0,0,0,0.0,,,0,2012-04-23,,,,,
10007506,2012,17,52,5,0,150107A201,150118,0,2,4,0,,,0,0,0,0,0,0,0,0,0,0,0,0,0,0,0,0,0,0.0,0.0,0,0,0,0,0,0,0,0,0,0,0,0,0,0,0,0,0.0,,,0,2012-05-01,,,,,
10007875,2012,18,52,5,0,150107A201,150118,0,3,8,0,,,0,0,0,0,0,0,0,0,0,0,0,0,0,0,0,0,0,0.0,0.0,0,0,0,0,0,0,0,0,0,0,0,0,0,0,0,0,0.0,,,0,2012-05-07,,,,,
10008343,2012,19,52,5,0,150107A201,150118,0,0,9,0,,,0,0,0,0,0,0,0,0,0,0,0,0,0,0,0,0,0,0.0,0.0,0,0,0,0,0,0,0,0,0,0,0,0,0,0,0,0,0.0,,,0,2012-05-14,,,,,
10008889,2012,20,52,5,0,150107A201,150118,0,1,6,0,,,0,0,0,0,0,0,0,0,0,0,0,0,0,0,0,0,0,0.0,0.0,0,0,0,0,0,0,0,0,0,0,0,0,0,0,0,0,0.0,,,0,2012-05-21,,,,,
10009360,2012,21,52,5,0,150107A201,150118,0,3,6,0,,,0,0,0,0,0,0,0,0,0,0,0,0,0,0,0,0,0,0.0,0.0,0,0,0,0,0,0,0,0,0,0,0,0,0,0,0,0,0.0,,,0,2012-05-29,,,,,
10009825,2012,22,52,5,0,150107A201,150118,0,3,2,0,,,0,0,0,0,0,0,0,0,0,0,0,0,0,0,0,0,0,0.0,0.0,0,0,0,0,0,0,0,0,0,0,0,0,0,0,0,0,0.0,,,0,2012-06-04,,,,,
10010269,2012,23,52,5,0,150107A201,150118,0,0,10,0,,,0,0,0,0,0,0,0,0,0,0,0,0,0,0,0,0,0,0.0,0.0,0,0,0,0,0,0,0,0,0,0,0,0,0,0,0,1,0.0,,,0,2012-06-11,,,,,
10010722,2012,24,52,5,0,150107A201,150118,0,0,10,0,,,0,0,0,0,0,0,0,0,0,0,0,0,0,0,0,0,0,0.0,0.0,0,0,0,0,0,0,0,0,0,0,0,0,0,0,0,0,0.0,,,0,2012-06-18,1.0,,1.0,,
10011139,2012,25,52,5,0,150107A201,150118,0,1,7,0,,,0,0,0,0,0,0,0,0,0,0,0,0,0,0,0,0,0,0.0,0.0,0,0,0,0,0,0,0,0,0,0,0,0,0,0,0,0,0.0,,,0,2012-06-25,,,,,
10011592,2012,26,52,5,0,150107A201,150118,0,3,4,0,,,0,0,0,0,0,0,0,0,0,0,0,0,0,0,0,0,0,0.0,0.0,0,0,0,0,0,0,0,0,0,0,0,0,0,0,0,0,0.0,,,0,2012-07-02,,,,,
10012033,2012,27,52,5,0,150107A201,150118,0,1,5,0,,,0,0,0,0,0,0,0,0,0,0,0,0,0,0,0,0,0,0.0,0.0,0,0,0,0,0,0,0,0,0,0,0,0,0,0,0,0,0.0,,,0,2012-07-09,,,,,
10012480,2012,28,52,5,0,150107A201,150118,0,0,4,0,,,0,0,0,0,0,0,0,0,0,0,0,0,0,0,0,0,0,0.0,0.0,0,0,0,0,0,0,0,0,0,0,0,0,0,0,0,0,0.0,,,0,2012-07-16,,,,,
10012957,2012,29,52,5,0,150107A201,150118,0,1,0,0,,,0,0,0,0,0,0,0,0,0,0,0,0,0,0,0,0,0,0.0,0.0,0,0,0,0,0,0,0,0,0,0,0,0,0,0,0,0,0.0,,,0,2012-07-23,,,,,
10013353,2012,30,52,5,0,150107A201,150118,0,3,7,0,,,0,0,0,0,0,0,0,0,0,0,0,0,0,0,0,0,0,0.0,0.0,0,0,0,0,0,0,0,0,0,0,0,0,0,0,0,0,0.0,,,0,2012-07-30,,,,,
10013797,2012,31,52,5,0,150107A201,150118,0,0,8,0,,,0,0,0,0,0,0,0,0,0,0,0,0,0,0,0,0,0,0.0,0.0,0,0,0,0,0,0,0,0,0,0,0,0,0,0,0,0,0.0,,,0,2012-08-06,,,,,
10014259,2012,32,52,5,0,150107A201,150118,0,0,6,0,,,0,0,0,0,0,0,0,0,0,0,0,0,0,0,0,0,0,0.0,0.0,0,0,0,0,0,0,0,0,0,0,0,0,0,0,0,0,0.0,,,0,2012-08-13,,,,,
10014643,2012,33,52,5,0,150107A201,150118,2,2,3,0,,,0,0,0,0,0,0,0,0,0,0,0,0,0,0,0,0,0,0.0,0.0,0,0,0,0,0,0,0,0,0,0,0,0,0,0,0,0,0.0,,,0,2012-08-20,,,,,
10015120,2012,34,52,5,0,150107A201,150118,0,0,3,0,,,0,0,0,0,0,0,0,0,0,0,0,0,0,0,0,0,0,0.0,0.0,0,0,0,0,0,0,0,0,0,0,0,0,0,0,0,0,0.0,,,0,2012-08-27,,,,,
10015525,2012,35,52,5,0,150107A201,150118,0,3,5,0,,,0,0,0,0,0,0,0,0,0,0,0,0,0,0,0,0,0,0.0,0.0,0,0,0,0,0,0,0,0,0,0,0,0,0,0,0,0,0.0,,,0,2012-09-03,,,,,
10015942,2012,36,52,5,0,150107A201,150118,0,0,2,0,,,0,0,0,0,0,0,0,0,0,0,0,0,0,0,0,0,0,0.0,0.0,0,0,0,0,0,0,0,0,0,0,0,0,0,0,0,0,0.0,,,0,2012-09-10,,,,,
10016341,2012,37,52,5,0,150107A201,150118,0,1,0,0,,,0,0,0,0,0,0,0,0,0,0,0,0,0,0,0,0,0,0.0,0.0,0,0,0,0,0,0,0,0,0,0,0,0,0,0,0,0,0.0,,,0,2012-09-17,,,,,
10016812,2012,38,52,5,0,150107A201,150118,0,0,1,0,,,0,0,0,0,0,0,0,0,0,0,0,0,0,0,0,0,0,0.0,0.0,0,0,0,0,0,0,0,0,0,0,0,0,0,0,0,0,0.0,,,0,2012-09-24,,,,,
10017190,2012,39,52,5,0,150107A201,150118,0,0,1,0,,,0,0,0,0,0,0,0,0,0,0,0,0,0,0,0,0,0,0.0,0.0,0,0,0,0,0,0,0,0,0,0,0,0,0,0,0,0,0.0,,,0,2012-10-01,,,,,
10017490,2012,40,52,5,0,150107A201,150118,0,0,3,0,,,0,0,0,0,0,0,0,0,0,0,0,0,0,0,0,0,0,0.0,0.0,0,0,0,0,0,0,0,0,0,0,0,0,0,0,0,0,0.0,,,0,2012-10-09,,,,,
10017802,2012,41,52,5,0,150107A201,150118,0,0,1,0,,,0,0,0,0,0,0,0,0,0,0,0,0,0,0,0,0,0,0.0,0.0,0,0,0,0,0,0,0,0,0,0,0,0,0,0,0,0,0.0,,,0,2012-10-15,1.0,,1.0,,
10018369,2012,43,52,5,0,150107A201,150118,0,0,5,0,,,0,0,0,0,0,0,0,0,0,0,0,0,0,0,0,0,0,0.0,0.0,0,0,0,0,0,0,0,0,0,0,0,0,0,0,0,0,0.0,,,0,2012-10-30,,,,,
10018909,2012,44,52,5,0,150107A201,150118,0,1,7,0,,,0,0,0,0,0,0,0,0,0,0,0,0,0,0,0,0,0,0.0,0.0,0,0,0,0,0,0,0,0,0,0,0,0,0,0,0,0,0.0,,,0,2012-11-05,1.0,,1.0,,
10019317,2012,45,52,5,0,150107A201,150118,0,2,2,0,,,0,0,0,0,0,0,0,0,0,0,0,0,0,0,0,0,0,0.0,0.0,0,0,0,0,0,0,0,0,0,0,0,0,0,0,0,0,0.0,,,0,2012-11-12,,,,,
10019803,2012,46,52,5,0,150107A201,150118,0,0,1,0,,,0,0,0,0,0,0,0,0,0,0,0,0,0,0,0,0,0,0.0,0.0,0,0,0,0,0,0,0,0,0,0,0,0,0,0,0,0,0.0,,,0,2012-11-19,1.0,,1.0,,
10020901,2012,48,52,5,0,150107A201,150118,0,1,0,0,,,0,0,0,0,0,0,0,0,0,0,0,0,0,0,0,0,0,0.0,0.0,0,0,0,0,0,0,0,0,0,0,0,0,0,0,0,0,0.0,,,0,2012-12-04,,,,,
10021096,2012,49,52,5,0,150107A201,150118,0,0,3,0,,,0,0,0,0,0,0,0,0,0,0,0,0,0,0,0,0,0,0.0,0.0,0,0,0,0,0,0,0,0,0,0,0,0,0,0,0,0,0.0,,,0,2012-12-10,,,,,
10021954,2012,51,52,5,0,150107A201,150118,0,1,0,0,,,0,0,0,0,0,0,0,0,0,0,0,0,0,0,0,0,0,0.0,0.0,0,0,0,0,0,0,0,0,0,0,0,0,0,0,0,0,0.0,,,0,2012-12-26,1.0,,1.0,,
10022356,2012,52,52,5,0,150107A201,150118,0,0,5,0,,,0,0,0,0,0,0,0,0,0,0,0,0,0,0,0,0,0,0.0,0.0,0,0,0,0,0,0,0,0,0,0,0,0,0,0,0,0,0.0,,,0,2012-12-31,1.0,,1.0,,
11061151,2013,6,52,5,0,150107A201,150103,0,1,0,0,,,0,0,0,0,0,0,0,0,0,0,0,0,0,0,0,0,0,0.0,0.0,0,0,0,0,0,0,0,0,0,0,0,0,0,0,0,0,0.0,,,0,2013-02-11,,,,,
11064256,2013,13,52,5,0,150107A201,150103,0,0,1,0,,,0,0,0,0,0,0,0,0,0,0,0,0,0,0,0,0,0,0.0,0.0,0,0,0,0,0,0,0,0,0,0,0,0,0,0,0,0,0.0,,,0,2013-04-01,,,,,
11064691,2013,14,52,5,0,150107A201,150103,0,0,1,0,,,0,0,0,0,0,0,0,0,0,0,0,0,0,0,0,0,0,0.0,0.0,0,0,0,0,0,0,0,0,0,0,0,0,0,0,0,0,0.0,,,0,2013-04-08,,,,,
11065144,2013,15,52,5,0,150107A201,150103,0,0,3,0,,,0,0,0,0,0,0,0,0,0,0,0,0,0,0,0,0,0,0.0,0.0,0,0,0,0,0,0,0,0,0,0,0,0,0,0,0,0,0.0,,,0,2013-04-15,,,,,
11065603,2013,16,52,5,0,150107A201,150103,0,0,2,0,,,0,0,0,0,0,0,0,0,0,0,0,0,0,0,0,0,0,0.0,0.0,0,0,0,0,0,0,0,0,0,0,0,0,0,0,0,0,0.0,,,0,2013-04-22,,,,,
11067454,2013,20,52,5,0,150107A201,150103,0,0,1,0,,,0,0,0,0,0,0,0,0,0,0,0,0,0,0,0,0,0,0.0,0.0,0,0,0,0,0,0,0,0,0,0,0,0,0,0,0,0,0.0,,,0,2013-05-20,,,,,
11067913,2013,21,52,5,0,150107A201,150103,0,0,1,0,,,0,0,0,0,0,0,0,0,0,0,0,0,0,0,0,0,0,0.0,0.0,0,0,0,0,0,0,0,0,0,0,0,0,0,0,0,1,0.0,,,0,2013-05-27,,,,,
11068858,2013,23,52,5,0,150107A201,150103,1,0,1,0,,,0,0,0,0,0,0,0,0,0,0,0,0,0,0,0,0,0,0.0,0.0,0,0,0,0,0,0,0,0,0,0,0,0,0,0,0,0,0.0,,,0,2013-06-10,,,,,
11069764,2013,25,52,5,0,150107A201,150103,0,1,2,0,,,0,0,0,0,0,0,0,0,0,0,0,0,0,0,0,0,0,0.0,0.0,0,0,0,0,0,0,0,0,0,0,0,0,0,0,0,0,0.0,,,0,2013-06-24,,,,,
11070253,2013,26,52,5,0,150107A201,150103,0,0,1,0,,,0,0,0,0,0,0,0,0,0,0,0,0,0,0,0,0,0,0.0,0.0,0,0,0,0,0,0,0,0,0,0,0,0,0,0,0,0,0.0,,,0,2013-07-01,,,,,
11071222,2013,28,52,5,0,150107A201,150103,0,0,2,0,,,0,0,0,0,0,0,0,0,0,0,0,0,0,0,0,0,0,0.0,0.0,0,0,0,0,0,0,0,0,0,0,0,0,0,0,0,0,0.0,,,0,2013-07-15,1.0,,1.0,,
11075716,2013,39,52,5,0,150107A201,150103,0,0,1,0,,,0,0,0,0,0,0,0,0,0,0,0,0,0,0,0,0,0,0.0,0.0,0,0,0,0,0,0,0,0,0,0,0,0,0,0,0,0,0.0,,,0,2013-10-01,1.0,,1.0,,
11076157,2013,40,52,5,0,150107A201,150103,0,0,1,0,,,0,0,0,0,0,0,0,0,0,0,0,0,0,0,0,0,0,0.0,0.0,0,0,0,0,0,0,0,0,0,0,0,0,0,0,0,0,0.0,,,0,2013-10-07,1.0,,1.0,,
11076616,2013,41,52,5,0,150107A201,150103,0,0,1,0,,,0,0,0,0,0,0,0,0,0,0,0,0,0,0,0,0,0,0.0,0.0,0,0,0,0,0,0,0,0,0,0,0,0,0,0,0,0,0.0,,,0,2013-10-14,1.0,,1.0,,
11078914,2013,46,52,5,0,150107A201,150103,0,1,1,0,,,0,0,0,0,0,0,0,0,0,0,0,0,0,0,0,0,0,0.0,0.0,0,0,0,0,0,0,0,0,0,0,0,0,0,0,0,0,0.0,,,0,2013-11-18,1.0,,1.0,,
11079379,2013,47,52,5,0,150107A201,150103,0,1,0,0,,,0,0,0,0,0,0,0,0,0,0,0,0,0,0,0,0,0,0.0,0.0,0,0,0,0,0,0,0,0,0,0,0,0,0,0,0,0,0.0,,,0,2013-11-25,1.0,,1.0,,
11079823,2013,48,52,5,0,150107A201,150103,0,1,1,0,,,0,0,0,0,0,0,0,0,0,0,0,0,0,0,0,0,0,0.0,0.0,0,0,0,0,0,0,0,0,0,0,0,0,0,0,0,0,0.0,,,0,2013-12-02,1.0,,1.0,,
11080270,2013,49,52,5,0,150107A201,150103,0,0,2,0,,,0,0,0,0,0,0,0,0,0,0,0,0,0,0,0,0,0,0.0,0.0,0,0,0,0,0,0,0,0,0,0,0,0,0,0,0,0,0.0,,,0,2013-12-09,1.0,,1.0,,
11080714,2013,50,52,5,0,150107A201,150103,0,1,3,0,,,0,0,0,0,0,0,0,0,0,0,0,0,0,0,0,0,0,0.0,0.0,0,0,0,0,0,0,0,0,0,0,0,0,0,0,0,0,0.0,,,0,2013-12-16,1.0,,1.0,,
11081143,2013,51,52,5,0,150107A201,150103,0,0,1,0,,,0,0,0,0,0,0,0,0,0,0,0,0,0,0,0,0,0,0.0,0.0,0,0,0,0,0,0,0,0,0,0,0,0,0,0,0,0,0.0,,,0,2013-12-23,,,,,
11058934,2013,1,52,5,0,150107A201,150107,0,5,10,0,,,0,0,0,0,0,0,0,0,0,0,0,0,0,0,0,0,0,0.0,0.0,0,0,0,0,0,0,0,0,0,0,0,0,0,0,0,1,0.0,,,0,2013-01-07,,,,,
11059357,2013,2,52,5,0,150107A201,150107,0,6,20,0,,,0,0,0,0,0,0,0,0,0,0,0,0,0,0,0,0,0,0.0,0.0,0,0,0,0,0,0,0,0,0,0,0,0,0,0,0,0,0.0,,,0,2013-01-14,,,,,
11059819,2013,3,52,5,0,150107A201,150107,0,6,8,0,,,0,0,0,0,0,0,0,0,0,0,0,0,0,0,0,0,0,0.0,0.0,0,0,0,0,0,0,0,0,0,0,0,0,0,0,1,0,0.0,,,0,2013-01-21,,,,,
11060260,2013,4,52,5,0,150107A201,150107,0,1,14,0,,,0,0,0,0,0,0,0,0,0,0,0,0,0,0,0,0,0,0.0,0.0,0,0,0,0,0,0,0,0,0,0,0,0,0,0,0,0,0.0,,,0,2013-01-28,,,,,
11060713,2013,5,52,5,0,150107A201,150107,0,2,11,0,,,0,0,0,0,0,0,0,0,0,0,0,0,0,0,0,0,0,0.0,0.0,0,0,0,0,0,0,0,0,0,0,0,0,0,0,0,0,0.0,,,0,2013-02-04,,,,,
11061154,2013,6,52,5,0,150107A201,150107,0,2,11,0,,,0,0,0,0,0,0,0,0,0,0,0,0,0,0,0,0,0,0.0,0.0,0,0,0,0,0,0,0,0,0,0,0,0,0,0,0,0,0.0,,,0,2013-02-11,,,,,
11061580,2013,7,52,5,0,150107A201,150107,0,1,11,0,,,0,0,0,0,0,0,0,0,0,0,0,0,0,0,0,0,0,0.0,0.0,0,0,0,0,0,0,0,0,0,0,0,0,0,0,0,0,0.0,,,0,2013-02-18,,,,,
11062021,2013,8,52,5,0,150107A201,150107,0,4,3,0,,,0,0,0,0,0,0,0,0,0,0,0,0,0,0,0,0,0,0.0,0.0,0,0,0,0,0,0,0,0,0,0,0,0,0,0,0,0,0.0,,,0,2013-02-25,,,,,
11062450,2013,9,52,5,0,150107A201,150107,2,0,11,0,,,0,0,0,0,0,0,0,0,0,0,0,0,0,0,0,0,0,0.0,0.0,0,0,0,0,0,0,0,0,0,0,0,0,0,0,0,0,0.0,,,0,2013-03-04,,,,,
11062903,2013,10,52,5,0,150107A201,150107,0,4,11,0,,,0,0,0,0,0,0,0,0,0,0,0,0,0,0,0,0,0,0.0,0.0,0,0,0,0,0,0,0,0,0,0,0,0,0,0,0,0,0.0,,,0,2013-03-12,,,,,
11063347,2013,11,52,5,0,150107A201,150107,1,4,13,0,,,0,0,0,0,0,0,0,0,0,0,0,0,0,0,0,0,0,0.0,0.0,0,0,0,0,0,0,0,0,0,0,0,0,0,0,0,0,0.0,,,0,2013-03-19,,,,,
11063803,2013,12,52,5,0,150107A201,150107,2,3,9,0,,,0,0,0,0,0,0,0,0,0,0,0,0,0,0,0,0,0,0.0,0.0,0,0,0,0,0,0,0,0,0,0,0,0,0,0,0,0,0.0,,,0,2013-03-25,,,,,
11064259,2013,13,52,5,0,150107A201,150107,1,5,12,0,,,0,0,0,0,0,0,0,0,0,0,0,0,0,0,0,0,0,0.0,0.0,0,0,0,0,0,0,0,0,0,0,0,0,0,0,0,0,0.0,,,0,2013-04-01,,,,,
11064694,2013,14,52,5,0,150107A201,150107,1,4,22,0,,,0,0,0,0,0,0,0,0,0,0,0,0,0,0,0,0,0,0.0,0.0,0,0,0,0,0,0,0,0,0,0,0,0,0,0,0,0,0.0,,,0,2013-04-08,,,,,
11065147,2013,15,52,5,0,150107A201,150107,1,1,21,0,,,0,0,0,0,0,0,0,0,0,0,0,0,0,0,0,0,0,0.0,0.0,0,0,0,0,0,0,0,0,0,0,0,0,0,0,1,2,0.0,,,0,2013-04-15,,,,,
11065606,2013,16,52,5,0,150107A201,150107,0,7,23,0,,,0,0,0,0,0,0,0,0,0,0,0,0,0,0,0,0,0,0.0,0.0,0,0,0,0,0,0,0,0,0,0,0,0,0,0,0,0,0.0,,,0,2013-04-22,,,,,
11066080,2013,17,52,5,0,150107A201,150107,0,7,19,0,,,0,0,0,0,0,0,0,0,0,0,0,0,0,0,0,0,0,0.0,0.0,0,0,0,0,0,0,0,0,0,0,0,0,0,0,0,0,0.0,,,0,2013-04-29,,,,,
11066530,2013,18,52,5,0,150107A201,150107,0,2,21,0,,,0,0,0,0,0,0,0,0,0,0,0,0,0,0,0,0,0,0.0,0.0,0,0,0,0,0,0,0,0,0,0,0,0,0,0,0,0,0.0,,,0,2013-05-06,,,,,
11066995,2013,19,52,5,0,150107A201,150107,1,6,19,0,,,0,0,0,0,0,0,0,0,0,0,0,0,0,0,0,0,0,0.0,0.0,0,0,0,0,0,0,0,0,0,0,0,0,0,0,0,0,0.0,,,0,2013-05-13,,,,,
11067457,2013,20,52,5,0,150107A201,150107,0,11,23,0,,,0,0,0,0,0,0,0,0,0,0,0,0,0,0,0,0,0,0.0,0.0,0,0,0,0,0,0,0,0,0,0,0,0,0,0,0,0,0.0,,,0,2013-05-20,,,,,
11067916,2013,21,52,5,0,150107A201,150107,0,5,9,0,,,0,0,0,0,0,0,0,0,0,0,0,0,0,0,0,0,0,0.0,0.0,0,0,0,0,0,0,0,0,0,0,0,0,0,0,0,0,0.0,,,0,2013-05-27,,,,,
11068387,2013,22,52,5,0,150107A201,150107,0,6,22,0,,,0,0,0,0,0,0,0,0,0,0,0,0,0,0,0,0,0,0.0,0.0,0,0,0,0,0,0,0,0,0,0,0,0,0,0,0,0,0.0,,,0,2013-06-03,,,,,
11068861,2013,23,52,5,0,150107A201,150107,0,6,18,0,,,0,0,0,0,0,0,0,0,0,0,0,0,0,0,0,0,0,0.0,0.0,0,0,0,0,0,0,0,0,0,0,0,0,0,0,0,0,0.0,,,0,2013-06-10,,,,,
11069311,2013,24,52,5,0,150107A201,150107,0,6,9,0,,,0,0,0,0,0,0,0,0,0,0,0,0,0,0,0,0,0,0.0,0.0,0,0,0,0,0,0,0,0,0,0,0,0,0,0,0,0,0.0,,,0,2013-06-17,,,,,
11069767,2013,25,52,5,0,150107A201,150107,0,5,19,0,,,0,0,0,0,0,0,0,0,0,0,0,0,0,0,0,0,0,0.0,0.0,0,0,0,0,0,0,0,0,0,0,0,0,0,0,0,0,0.0,,,0,2013-06-24,,,,,
11070256,2013,26,52,5,0,150107A201,150107,1,2,17,0,,,0,0,0,0,0,0,0,0,0,0,0,0,0,0,0,0,0,0.0,0.0,0,0,0,0,0,0,0,0,0,0,0,0,0,0,0,0,0.0,,,0,2013-07-01,,,,,
11070748,2013,27,52,5,0,150107A201,150107,1,4,27,0,,,0,0,0,0,0,0,0,0,0,0,0,0,0,0,0,0,0,0.0,0.0,0,0,0,0,0,0,0,0,0,0,0,0,0,0,1,0,0.0,,,0,2013-07-08,,,,,
11071225,2013,28,52,5,0,150107A201,150107,2,6,28,0,,,0,0,0,0,0,0,0,0,0,0,0,0,0,0,0,0,0,0.0,0.0,0,0,0,0,0,0,0,0,0,0,0,0,0,0,0,1,0.0,,,0,2013-07-15,1.0,,1.0,,
11071669,2013,29,52,5,0,150107A201,150107,0,2,12,0,,,0,0,0,0,0,0,0,0,0,0,0,0,0,0,0,0,0,0.0,0.0,0,0,0,0,0,0,0,0,0,0,0,0,0,0,1,1,0.0,,,0,2013-07-22,1.0,,1.0,,
11072053,2013,30,52,5,0,150107A201,150107,0,0,4,0,,,0,0,0,0,0,0,0,0,0,0,0,0,0,0,0,0,0,0.0,0.0,0,0,0,0,0,0,0,0,0,0,0,0,0,0,0,1,0.0,,,0,2013-07-30,1.0,,1.0,,
11072374,2013,31,52,5,0,150107A201,150107,0,0,5,0,,,0,0,0,0,0,0,0,0,0,0,0,0,0,0,0,0,0,0.0,0.0,0,0,0,0,0,0,0,0,0,0,0,0,0,0,0,0,0.0,,,0,2013-08-05,1.0,,1.0,,
11072704,2013,32,52,5,0,150107A201,150107,0,1,1,0,,,0,0,0,0,0,0,0,0,0,0,0,0,0,0,0,0,0,0.0,0.0,0,0,0,0,0,0,0,0,0,0,0,0,0,0,0,0,0.0,,,0,2013-08-12,1.0,,1.0,,
11073091,2013,33,52,5,0,150107A201,150107,0,2,5,0,,,0,0,0,0,0,0,0,0,0,0,0,0,0,0,0,0,0,0.0,0.0,0,0,0,0,0,0,0,0,0,0,0,0,0,0,0,0,0.0,,,0,2013-08-19,1.0,,1.0,,
11073532,2013,34,52,5,0,150107A201,150107,0,3,15,0,,,0,0,0,0,0,0,0,0,0,0,0,0,0,0,0,0,0,0.0,0.0,0,0,0,0,0,0,0,0,0,0,0,0,0,0,0,0,0.0,,,0,2013-08-26,1.0,,1.0,,
11073955,2013,35,52,5,0,150107A201,150107,0,0,6,0,,,0,0,0,0,0,0,0,0,0,0,0,0,0,0,0,0,0,0.0,0.0,0,0,0,0,0,0,0,0,0,0,0,0,0,0,0,0,0.0,,,0,2013-09-02,1.0,,1.0,,
11074396,2013,36,52,5,0,150107A201,150107,0,2,12,0,,,0,0,0,0,0,0,0,0,0,0,0,0,0,0,0,0,0,0.0,0.0,0,0,0,0,0,0,0,0,0,0,0,0,0,0,0,0,0.0,,,0,2013-09-09,1.0,,1.0,,
11074843,2013,37,52,5,0,150107A201,150107,0,2,15,0,,,0,0,0,0,0,0,0,0,0,0,0,0,0,0,0,0,0,0.0,0.0,0,0,0,0,0,0,0,0,0,0,0,0,0,0,0,0,0.0,,,0,2013-09-16,1.0,,1.0,,
11075287,2013,38,52,5,0,150107A201,150107,0,3,17,0,,,0,0,0,0,0,0,0,0,0,0,0,0,0,0,0,0,0,0.0,0.0,0,0,0,0,0,0,0,0,0,0,0,0,0,0,0,0,0.0,,,0,2013-09-24,1.0,,1.0,,
11075719,2013,39,52,5,0,150107A201,150107,0,4,13,0,,,0,0,0,0,0,0,0,0,0,0,0,0,0,0,0,0,0,0.0,0.0,0,0,0,0,0,0,0,0,0,0,0,0,0,0,0,0,0.0,,,0,2013-10-01,1.0,,1.0,,
11076160,2013,40,52,5,0,150107A201,150107,0,4,13,0,,,0,0,0,0,0,0,0,0,0,0,0,0,0,0,0,0,0,0.0,0.0,0,0,0,0,0,0,0,0,0,0,0,0,0,0,0,0,0.0,,,0,2013-10-07,1.0,,1.0,,
11076619,2013,41,52,5,0,150107A201,150107,0,3,20,0,,,0,0,0,0,0,0,0,0,0,0,0,0,0,0,0,0,0,0.0,0.0,0,0,0,0,0,0,0,0,0,0,0,0,0,0,0,0,0.0,,,0,2013-10-14,1.0,,1.0,,
11077069,2013,42,52,5,0,150107A201,150107,0,4,4,0,,,0,0,0,0,0,0,0,0,0,0,0,0,0,0,0,0,0,0.0,0.0,0,0,0,0,0,0,0,0,0,0,0,0,0,0,0,0,0.0,,,0,2013-10-21,1.0,,1.0,,
11077528,2013,43,52,5,0,150107A201,150107,1,4,10,0,,,0,0,0,0,0,0,0,0,0,0,0,0,0,0,0,0,0,0.0,0.0,0,0,0,0,0,0,0,0,0,0,0,0,0,0,0,1,0.0,,,0,2013-10-28,1.0,,1.0,,
11077996,2013,44,52,5,0,150107A201,150107,2,3,8,0,,,0,0,0,0,0,0,0,0,0,0,0,0,0,0,0,0,0,0.0,0.0,0,0,0,0,0,0,0,0,0,0,0,0,0,0,0,0,0.0,,,0,2013-11-04,1.0,,1.0,,
11078452,2013,45,52,5,0,150107A201,150107,2,8,18,0,,,0,0,0,0,0,0,0,0,0,0,0,0,0,0,0,0,0,0.0,0.0,0,0,0,0,0,0,0,0,0,0,0,0,0,0,0,0,0.0,,,0,2013-11-11,1.0,,1.0,,
11078917,2013,46,52,5,0,150107A201,150107,0,5,19,0,,,0,0,0,0,0,0,0,0,0,0,0,0,0,0,0,0,0,0.0,0.0,0,0,0,0,0,0,0,0,0,0,0,0,0,0,0,0,0.0,,,0,2013-11-18,1.0,,1.0,,
11079382,2013,47,52,5,0,150107A201,150107,0,2,14,0,,,0,0,0,0,0,0,0,0,0,0,0,0,0,0,0,0,0,0.0,0.0,0,0,0,0,0,0,0,0,0,0,0,0,0,0,0,0,0.0,,,0,2013-11-25,1.0,,1.0,,
11079826,2013,48,52,5,0,150107A201,150107,0,6,18,0,,,0,0,0,0,0,0,0,0,0,0,0,0,0,0,0,0,0,0.0,0.0,0,0,0,0,0,0,0,0,0,0,0,0,0,0,1,0,0.0,,,0,2013-12-02,1.0,,1.0,,
11080273,2013,49,52,5,0,150107A201,150107,0,6,24,0,,,0,0,0,0,0,0,0,0,0,0,0,0,0,0,0,0,0,0.0,0.0,0,0,0,0,0,0,0,0,0,0,0,0,0,0,1,0,0.0,,,0,2013-12-09,1.0,,1.0,,
11080717,2013,50,52,5,0,150107A201,150107,0,1,20,0,,,0,0,0,0,0,0,0,0,0,0,0,0,0,0,0,0,0,0.0,0.0,0,0,0,0,0,0,0,0,0,0,0,0,0,0,1,0,0.0,,,0,2013-12-16,1.0,,1.0,,
11081146,2013,51,52,5,0,150107A201,150107,0,5,9,0,,,0,0,0,0,0,0,0,0,0,0,0,0,0,0,0,0,0,0.0,0.0,0,0,0,0,0,0,0,0,0,0,0,0,0,0,1,0,0.0,,,0,2013-12-23,,,,,
11081587,2013,52,52,5,0,150107A201,150107,0,1,5,0,,,0,0,0,0,0,0,0,0,0,0,0,0,0,0,0,0,0,0.0,0.0,0,0,0,0,0,0,0,0,0,0,0,0,0,0,0,0,0.0,,,0,2013-12-30,1.0,,1.0,,
11058937,2013,1,52,5,0,150107A201,150118,0,0,3,0,,,0,0,0,0,0,0,0,0,0,0,0,0,0,0,0,0,0,0.0,0.0,0,0,0,0,0,0,0,0,0,0,0,0,0,0,0,0,0.0,,,0,2013-01-07,,,,,
11059360,2013,2,52,5,0,150107A201,150118,0,0,2,0,,,0,0,0,0,0,0,0,0,0,0,0,0,0,0,0,0,0,0.0,0.0,0,0,0,0,0,0,0,0,0,0,0,0,0,0,0,0,0.0,,,0,2013-01-14,,,,,
11059822,2013,3,52,5,0,150107A201,150118,0,1,3,0,,,0,0,0,0,0,0,0,0,0,0,0,0,0,0,0,0,0,0.0,0.0,0,0,0,0,0,0,0,0,0,0,0,0,0,0,0,0,0.0,,,0,2013-01-21,,,,,
11060263,2013,4,52,5,0,150107A201,150118,0,0,1,0,,,0,0,0,0,0,0,0,0,0,0,0,0,0,0,0,0,0,0.0,0.0,0,0,0,0,0,0,0,0,0,0,0,0,0,0,0,0,0.0,,,0,2013-01-28,,,,,
11061157,2013,6,52,5,0,150107A201,150118,0,1,1,0,,,0,0,0,0,0,0,0,0,0,0,0,0,0,0,0,0,0,0.0,0.0,0,0,0,0,0,0,0,0,0,0,0,0,0,0,0,0,0.0,,,0,2013-02-11,,,,,
11061583,2013,7,52,5,0,150107A201,150118,0,0,4,0,,,0,0,0,0,0,0,0,0,0,0,0,0,0,0,0,0,0,0.0,0.0,0,0,0,0,0,0,0,0,0,0,0,0,0,0,0,0,0.0,,,0,2013-02-18,,,,,
11062024,2013,8,52,5,0,150107A201,150118,0,0,4,0,,,0,0,0,0,0,0,0,0,0,0,0,0,0,0,0,0,0,0.0,0.0,0,0,0,0,0,0,0,0,0,0,0,0,0,0,0,0,0.0,,,0,2013-02-25,,,,,
11062453,2013,9,52,5,0,150107A201,150118,0,1,0,0,,,0,0,0,0,0,0,0,0,0,0,0,0,0,0,0,0,0,0.0,0.0,0,0,0,0,0,0,0,0,0,0,0,0,0,0,0,0,0.0,,,0,2013-03-04,,,,,
11062906,2013,10,52,5,0,150107A201,150118,0,0,2,0,,,0,0,0,0,0,0,0,0,0,0,0,0,0,0,0,0,0,0.0,0.0,0,0,0,0,0,0,0,0,0,0,0,0,0,0,0,0,0.0,,,0,2013-03-12,,,,,
11064262,2013,13,52,5,0,150107A201,150118,1,5,8,0,,,0,0,0,0,0,0,0,0,0,0,0,0,0,0,0,0,0,0.0,0.0,0,0,0,0,0,0,0,0,0,0,0,0,0,0,0,0,0.0,,,0,2013-04-01,,,,,
11064697,2013,14,52,5,0,150107A201,150118,0,2,6,0,,,0,0,0,0,0,0,0,0,0,0,0,0,0,0,0,0,0,0.0,0.0,0,0,0,0,0,0,0,0,0,0,0,0,0,0,0,0,0.0,,,0,2013-04-08,,,,,
11065150,2013,15,52,5,0,150107A201,150118,0,0,8,0,,,0,0,0,0,0,0,0,0,0,0,0,0,0,0,0,0,0,0.0,0.0,0,0,0,0,0,0,0,0,0,0,0,0,0,0,0,0,0.0,,,0,2013-04-15,,,,,
11065609,2013,16,52,5,0,150107A201,150118,1,2,6,0,,,0,0,0,0,0,0,0,0,0,0,0,0,0,0,0,0,0,0.0,0.0,0,0,0,0,0,0,0,0,0,0,0,0,0,0,0,0,0.0,,,0,2013-04-22,,,,,
11066083,2013,17,52,5,0,150107A201,150118,0,0,3,0,,,0,0,0,0,0,0,0,0,0,0,0,0,0,0,0,0,0,0.0,0.0,0,0,0,0,0,0,0,0,0,0,0,0,0,0,0,0,0.0,,,0,2013-04-29,,,,,
11066533,2013,18,52,5,0,150107A201,150118,0,0,5,0,,,0,0,0,0,0,0,0,0,0,0,0,0,0,0,0,0,0,0.0,0.0,0,0,0,0,0,0,0,0,0,0,0,0,0,0,0,0,0.0,,,0,2013-05-06,,,,,
11066998,2013,19,52,5,0,150107A201,150118,0,0,9,0,,,0,0,0,0,0,0,0,0,0,0,0,0,0,0,0,0,0,0.0,0.0,0,0,0,0,0,0,0,0,0,0,0,0,0,0,0,0,0.0,,,0,2013-05-13,,,,,
11067460,2013,20,52,5,0,150107A201,150118,0,1,5,0,,,0,0,0,0,0,0,0,0,0,0,0,0,0,0,0,0,0,0.0,0.0,0,0,0,0,0,0,0,0,0,0,0,0,0,0,0,0,0.0,,,0,2013-05-20,,,,,
11067919,2013,21,52,5,0,150107A201,150118,0,1,2,0,,,0,0,0,0,0,0,0,0,0,0,0,0,0,0,0,0,0,0.0,0.0,0,0,0,0,0,0,0,0,0,0,0,0,0,0,0,0,0.0,,,0,2013-05-27,,,,,
11068390,2013,22,52,5,0,150107A201,150118,0,0,6,0,,,0,0,0,0,0,0,0,0,0,0,0,0,0,0,0,0,0,0.0,0.0,0,0,0,0,0,0,0,0,0,0,0,0,0,0,0,0,0.0,,,0,2013-06-03,,,,,
11068864,2013,23,52,5,0,150107A201,150118,0,0,5,0,,,0,0,0,0,0,0,0,0,0,0,0,0,0,0,0,0,0,0.0,0.0,0,0,0,0,0,0,0,0,0,0,0,0,0,0,0,0,0.0,,,0,2013-06-10,,,,,
11069314,2013,24,52,5,0,150107A201,150118,0,0,4,0,,,0,0,0,0,0,0,0,0,0,0,0,0,0,0,0,0,0,0.0,0.0,0,0,0,0,0,0,0,0,0,0,0,0,0,0,0,0,0.0,,,0,2013-06-17,,,,,
11069770,2013,25,52,5,0,150107A201,150118,0,1,1,0,,,0,0,0,0,0,0,0,0,0,0,0,0,0,0,0,0,0,0.0,0.0,0,0,0,0,0,0,0,0,0,0,0,0,0,0,0,0,0.0,,,0,2013-06-24,,,,,
11070259,2013,26,52,5,0,150107A201,150118,0,1,4,0,,,0,0,0,0,0,0,0,0,0,0,0,0,0,0,0,0,0,0.0,0.0,0,0,0,0,0,0,0,0,0,0,0,0,0,0,0,0,0.0,,,0,2013-07-01,,,,,
11070751,2013,27,52,5,0,150107A201,150118,0,3,8,0,,,0,0,0,0,0,0,0,0,0,0,0,0,0,0,0,0,0,0.0,0.0,0,0,0,0,0,0,0,0,0,0,0,0,0,0,0,0,0.0,,,0,2013-07-08,,,,,
11071228,2013,28,52,5,0,150107A201,150118,0,0,9,0,,,0,0,0,0,0,0,0,0,0,0,0,0,0,0,0,0,0,0.0,0.0,0,0,0,0,0,0,0,0,0,0,0,0,0,0,0,0,0.0,,,0,2013-07-15,1.0,,1.0,,
11071672,2013,29,52,5,0,150107A201,150118,0,0,4,0,,,0,0,0,0,0,0,0,0,0,0,0,0,0,0,0,0,0,0.0,0.0,0,0,0,0,0,0,0,0,0,0,0,0,0,0,0,0,0.0,,,0,2013-07-22,1.0,,1.0,,
11072056,2013,30,52,5,0,150107A201,150118,0,0,3,0,,,0,0,0,0,0,0,0,0,0,0,0,0,0,0,0,0,0,0.0,0.0,0,0,0,0,0,0,0,0,0,0,0,0,0,0,0,0,0.0,,,0,2013-07-30,1.0,,1.0,,
11073535,2013,34,52,5,0,150107A201,150118,0,2,4,0,,,0,0,0,0,0,0,0,0,0,0,0,0,0,0,0,0,0,0.0,0.0,0,0,0,0,0,0,0,0,0,0,0,0,0,0,0,0,0.0,,,0,2013-08-26,1.0,,1.0,,
11073958,2013,35,52,5,0,150107A201,150118,0,1,3,0,,,0,0,0,0,0,0,0,0,0,0,0,0,0,0,0,0,0,0.0,0.0,0,0,0,0,0,0,0,0,0,0,0,0,0,0,0,1,0.0,,,0,2013-09-02,1.0,,1.0,,
11074399,2013,36,52,5,0,150107A201,150118,0,1,3,0,,,0,0,0,0,0,0,0,0,0,0,0,0,0,0,0,0,0,0.0,0.0,0,0,0,0,0,0,0,0,0,0,0,0,0,0,0,0,0.0,,,0,2013-09-09,1.0,,1.0,,
11074846,2013,37,52,5,0,150107A201,150118,0,0,1,0,,,0,0,0,0,0,0,0,0,0,0,0,0,0,0,0,0,0,0.0,0.0,0,0,0,0,0,0,0,0,0,0,0,0,0,0,0,0,0.0,,,0,2013-09-16,1.0,,1.0,,
11075290,2013,38,52,5,0,150107A201,150118,0,1,0,0,,,0,0,0,0,0,0,0,0,0,0,0,0,0,0,0,0,0,0.0,0.0,0,0,0,0,0,0,0,0,0,0,0,0,0,0,1,0,0.0,,,0,2013-09-24,1.0,,1.0,,
11075722,2013,39,52,5,0,150107A201,150118,0,3,0,0,,,0,0,0,0,0,0,0,0,0,0,0,0,0,0,0,0,0,0.0,0.0,0,0,0,0,0,0,0,0,0,0,0,0,0,0,0,0,0.0,,,0,2013-10-01,1.0,,1.0,,
11076163,2013,40,52,5,0,150107A201,150118,0,0,3,0,,,0,0,0,0,0,0,0,0,0,0,0,0,0,0,0,0,0,0.0,0.0,0,0,0,0,0,0,0,0,0,0,0,0,0,0,0,0,0.0,,,0,2013-10-07,1.0,,1.0,,
11076622,2013,41,52,5,0,150107A201,150118,0,0,4,0,,,0,0,0,0,0,0,0,0,0,0,0,0,0,0,0,0,0,0.0,0.0,0,0,0,0,0,0,0,0,0,0,0,0,0,0,0,0,0.0,,,0,2013-10-14,1.0,,1.0,,
11077531,2013,43,52,5,0,150107A201,150118,0,1,2,0,,,0,0,0,0,0,0,0,0,0,0,0,0,0,0,0,0,0,0.0,0.0,0,0,0,0,0,0,0,0,0,0,0,0,0,0,0,0,0.0,,,0,2013-10-28,1.0,,1.0,,
11077999,2013,44,52,5,0,150107A201,150118,0,4,4,0,,,0,0,0,0,0,0,0,0,0,0,0,0,0,0,0,0,0,0.0,0.0,0,0,0,0,0,0,0,0,0,0,0,0,0,0,0,0,0.0,,,0,2013-11-04,1.0,,1.0,,
11078455,2013,45,52,5,0,150107A201,150118,0,2,2,0,,,0,0,0,0,0,0,0,0,0,0,0,0,0,0,0,0,0,0.0,0.0,0,0,0,0,0,0,0,0,0,0,0,0,0,0,0,0,0.0,,,0,2013-11-11,1.0,,1.0,,
11078920,2013,46,52,5,0,150107A201,150118,1,1,2,0,,,0,0,0,0,0,0,0,0,0,0,0,0,0,0,0,0,0,0.0,0.0,0,0,0,0,0,0,0,0,0,0,0,0,0,0,0,0,0.0,,,0,2013-11-18,1.0,,1.0,,
11079385,2013,47,52,5,0,150107A201,150118,0,2,4,0,,,0,0,0,0,0,0,0,0,0,0,0,0,0,0,0,0,0,0.0,0.0,0,0,0,0,0,0,0,0,0,0,0,0,0,0,0,0,0.0,,,0,2013-11-25,1.0,,1.0,,
11079829,2013,48,52,5,0,150107A201,150118,0,2,5,0,,,0,0,0,0,0,0,0,0,0,0,0,0,0,0,0,0,0,0.0,0.0,0,0,0,0,0,0,0,0,0,0,0,0,0,0,0,0,0.0,,,0,2013-12-02,1.0,,1.0,,
11080276,2013,49,52,5,0,150107A201,150118,0,1,3,0,,,0,0,0,0,0,0,0,0,0,0,0,0,0,0,0,0,0,0.0,0.0,0,0,0,0,0,0,0,0,0,0,0,0,0,0,0,0,0.0,,,0,2013-12-09,1.0,,1.0,,
11080720,2013,50,52,5,0,150107A201,150118,0,2,3,0,,,0,0,0,0,0,0,0,0,0,0,0,0,0,0,0,0,0,0.0,0.0,0,0,0,0,0,0,0,0,0,0,0,0,0,0,0,0,0.0,,,0,2013-12-16,1.0,,1.0,,
11081149,2013,51,52,5,0,150107A201,150118,0,0,4,0,,,0,0,0,0,0,0,0,0,0,0,0,0,0,0,0,0,0,0.0,0.0,0,0,0,0,0,0,0,0,0,0,0,0,0,0,0,0,0.0,,,0,2013-12-23,,,,,
11081590,2013,52,52,5,0,150107A201,150118,0,1,2,0,,,0,0,0,0,0,0,0,0,0,0,0,0,0,0,0,0,0,0.0,0.0,0,0,0,0,0,0,0,0,0,0,0,0,0,0,0,0,0.0,,,0,2013-12-30,1.0,,1.0,,
13314718,2014,2,52,5,0,150107A201,150103,0,0,1,0,,,0,0,0,0,0,0,0,0,0,0,0,0,0,0,0,0,0,0.0,0.0,0,0,0,0,0,0,0,0,0,0,0,0,0,0,0,0,0.0,,,0,2014-01-13,1.0,,1.0,,
13315153,2014,3,52,5,0,150107A201,150103,0,1,0,0,,,0,0,0,0,0,0,0,0,0,0,0,0,0,0,0,0,0,0.0,0.0,0,0,0,0,0,0,0,0,0,0,0,0,0,0,0,0,0.0,,,0,2014-01-20,1.0,,1.0,,
13317226,2014,8,52,5,0,150107A201,150103,0,0,1,0,,,0,0,0,0,0,0,0,0,0,0,0,0,0,0,0,0,0,0.0,0.0,0,0,0,0,0,0,0,0,0,0,0,0,0,0,0,0,0.0,,,0,2014-02-24,1.0,,1.0,,
13321603,2014,18,52,5,0,150107A201,150103,0,0,2,0,,,0,0,0,0,0,0,0,0,0,0,0,0,0,0,0,0,0,0.0,0.0,0,0,0,0,0,0,0,0,0,0,0,0,0,0,0,0,0.0,,,0,2014-05-05,1.0,,1.0,,
13327780,2014,32,52,5,0,150107A201,150103,0,0,1,0,,,0,0,0,0,0,0,0,0,0,0,0,0,0,0,0,0,0,0.0,0.0,0,0,0,0,0,0,0,0,0,0,0,0,0,0,0,0,0.0,,,0,2014-08-11,1.0,,1.0,,
13330852,2014,39,52,5,0,150107A201,150103,0,0,1,0,,,0,0,0,0,0,0,0,0,0,0,0,0,0,0,0,0,0,0.0,0.0,0,0,0,0,0,0,0,0,0,0,0,0,0,0,0,0,0.0,,,0,2014-09-29,1.0,,1.0,,
13333000,2014,43,52,5,0,150107A201,150103,0,0,1,0,,,0,0,0,0,0,0,0,0,0,0,0,0,0,0,0,0,0,0.0,0.0,0,0,0,0,0,0,0,0,0,0,0,0,0,0,0,0,0.0,,,0,2014-10-27,1.0,,1.0,,
13336654,2014,51,52,5,0,150107A201,150103,0,0,2,0,,,0,0,0,0,0,0,0,0,0,0,0,0,0,0,0,0,0,0.0,0.0,0,0,0,0,0,0,0,0,0,0,0,0,0,0,0,0,0.0,,,0,2014-12-23,1.0,,1.0,,
13337113,2014,52,52,5,0,150107A201,150103,0,1,0,0,,,0,0,0,0,0,0,0,0,0,0,0,0,0,0,0,0,0,0.0,0.0,0,0,0,0,0,0,0,0,0,0,0,0,0,0,0,0,0.0,,,0,2014-12-29,1.0,,1.0,,
13314271,2014,1,52,5,0,150107A201,150107,0,3,19,0,,,0,0,0,0,0,0,0,0,0,0,0,0,0,0,0,0,0,0.0,0.0,0,0,0,0,0,0,0,0,0,0,0,0,0,0,0,0,0.0,,,0,2014-01-06,1.0,,1.0,,
13314721,2014,2,52,5,0,150107A201,150107,0,5,13,0,,,0,0,0,0,0,0,0,0,0,0,0,0,0,0,0,0,0,0.0,0.0,0,0,0,0,0,0,0,0,0,0,0,0,0,0,1,0,0.0,,,0,2014-01-13,1.0,,1.0,,
13315156,2014,3,52,5,0,150107A201,150107,0,1,8,0,,,0,0,0,0,0,0,0,0,0,0,0,0,0,0,0,0,0,0.0,0.0,0,0,0,0,0,0,0,0,0,0,0,0,0,0,8,0,0.0,,,0,2014-01-20,1.0,,1.0,,
13315570,2014,4,52,5,0,150107A201,150107,0,1,5,0,,,0,0,0,0,0,0,0,0,0,0,0,0,0,0,0,0,0,0.0,0.0,0,0,0,0,0,0,0,0,0,0,0,0,0,0,0,0,0.0,,,0,2014-01-27,1.0,,1.0,,
13315927,2014,5,52,5,0,150107A201,150107,0,3,5,0,,,0,0,0,0,0,0,0,0,0,0,0,0,0,0,0,0,0,0.0,0.0,0,0,0,0,0,0,0,0,0,0,0,0,0,0,0,0,0.0,,,0,2014-02-03,1.0,,1.0,,
13316353,2014,6,52,5,0,150107A201,150107,0,2,13,0,,,0,0,0,0,0,0,0,0,0,0,0,0,0,0,0,0,0,0.0,0.0,0,0,0,0,0,0,0,0,0,0,0,0,0,0,0,0,0.0,,,0,2014-02-10,1.0,,1.0,,
13316773,2014,7,52,5,0,150107A201,150107,1,3,12,0,,,0,0,0,0,0,0,0,0,0,0,0,0,0,0,0,0,0,0.0,0.0,0,0,0,0,0,0,0,0,0,0,0,0,0,0,0,0,0.0,,,0,2014-02-17,1.0,,1.0,,
13317220,2014,8,52,5,0,150107A201,150107,0,1,9,0,,,0,0,0,0,0,0,0,0,0,0,0,0,0,0,0,0,0,0.0,0.0,0,0,0,0,0,0,0,0,0,0,0,0,0,0,0,0,0.0,,,0,2014-02-24,1.0,,1.0,,
13317676,2014,9,52,5,0,150107A201,150107,0,1,12,0,,,0,0,0,0,0,0,0,0,0,0,0,0,0,0,0,0,0,0.0,0.0,0,0,0,0,0,0,0,0,0,0,0,0,0,0,0,0,0.0,,,0,2014-03-03,1.0,,1.0,,
13318123,2014,10,52,5,0,150107A201,150107,1,3,8,0,,,0,0,0,0,0,0,0,0,0,0,0,0,0,0,0,0,0,0.0,0.0,0,0,0,0,0,0,0,0,0,0,0,0,0,0,0,0,0.0,,,0,2014-03-10,1.0,,1.0,,
13318546,2014,11,52,5,0,150107A201,150107,0,3,13,0,,,0,0,0,0,0,0,0,0,0,0,0,0,0,0,0,0,0,0.0,0.0,0,0,0,0,0,0,0,0,0,0,0,0,0,0,0,0,0.0,,,0,2014-03-17,1.0,,1.0,,
13318984,2014,12,52,5,0,150107A201,150107,0,2,6,0,,,0,0,0,0,0,0,0,0,0,0,0,0,0,0,0,0,0,0.0,0.0,0,0,0,0,0,0,0,0,0,0,0,0,0,0,0,0,0.0,,,0,2014-03-24,1.0,,1.0,,
13319425,2014,13,52,5,0,150107A201,150107,0,3,8,0,,,0,0,0,0,0,0,0,0,0,0,0,0,0,0,0,0,0,0.0,0.0,0,0,0,0,0,0,0,0,0,0,0,0,0,0,0,0,0.0,,,0,2014-03-31,1.0,,1.0,,
13319923,2014,14,52,5,0,150107A201,150107,0,2,15,0,,,0,0,0,0,0,0,0,0,0,0,0,0,0,0,0,0,0,0.0,0.0,0,0,0,0,0,0,0,0,0,0,0,0,0,0,1,0,0.0,,,0,2014-04-07,1.0,,1.0,,
13320349,2014,15,52,5,0,150107A201,150107,0,4,12,0,,,0,0,0,0,0,0,0,0,0,0,0,0,0,0,0,0,0,0.0,0.0,0,0,0,0,0,0,0,0,0,0,0,0,0,0,0,0,0.0,,,0,2014-04-14,1.0,,1.0,,
13320748,2014,16,52,5,0,150107A201,150107,2,2,25,0,,,0,0,0,0,0,0,0,0,0,0,0,0,0,0,0,0,0,0.0,0.0,0,0,0,0,0,0,0,0,0,0,0,0,0,0,0,0,0.0,,,0,2014-04-22,1.0,,1.0,,
13321171,2014,17,52,5,0,150107A201,150107,1,5,31,0,,,0,0,0,0,0,0,0,0,0,0,0,0,0,0,0,0,0,0.0,0.0,0,0,0,0,0,0,0,0,0,0,0,0,0,0,0,0,0.0,,,0,2014-04-28,1.0,,1.0,,
13321597,2014,18,52,5,0,150107A201,150107,0,2,13,0,,,0,0,0,0,0,0,0,0,0,0,0,0,0,0,0,0,0,0.0,0.0,0,0,0,0,0,0,0,0,0,0,0,0,0,0,0,0,0.0,,,0,2014-05-05,1.0,,1.0,,
13322080,2014,19,52,5,0,150107A201,150107,0,2,17,0,,,0,0,0,0,0,0,0,0,0,0,0,0,0,0,0,0,0,0.0,0.0,0,0,0,0,0,0,0,0,0,0,0,0,0,0,0,0,0.0,,,0,2014-05-12,1.0,,1.0,,
13322518,2014,20,52,5,0,150107A201,150107,0,1,4,0,,,0,0,0,0,0,0,0,0,0,0,0,0,0,0,0,0,0,0.0,0.0,0,0,0,0,0,0,0,0,0,0,0,0,0,0,0,1,0.0,,,0,2014-05-19,1.0,,1.0,,
13322953,2014,21,52,5,0,150107A201,150107,0,1,9,0,,,0,0,0,0,0,0,0,0,0,0,0,0,0,0,0,0,0,0.0,0.0,0,0,0,0,0,0,0,0,0,0,0,0,0,0,0,0,0.0,,,0,2014-05-26,1.0,,1.0,,
13323382,2014,22,52,5,0,150107A201,150107,0,0,10,0,,,0,0,0,0,0,0,0,0,0,0,0,0,0,0,0,0,0,0.0,0.0,0,0,0,0,0,0,0,0,0,0,0,0,0,0,0,3,0.0,,,0,2014-06-02,1.0,,1.0,,
13323802,2014,23,52,5,0,150107A201,150107,0,4,16,0,,,0,0,0,0,0,0,0,0,0,0,0,0,0,0,0,0,0,0.0,0.0,0,0,0,0,0,0,0,0,0,0,0,0,0,0,0,0,0.0,,,0,2014-06-09,1.0,,1.0,,
13324267,2014,24,52,5,0,150107A201,150107,0,2,19,0,,,0,0,0,0,0,0,0,0,0,0,0,0,0,0,0,0,0,0.0,0.0,0,0,0,0,0,0,0,0,0,0,0,0,0,0,0,0,0.0,,,0,2014-06-14,1.0,,1.0,,
13324720,2014,25,52,5,0,150107A201,150107,0,4,8,0,,,0,0,0,0,0,0,0,0,0,0,0,0,0,0,0,0,0,0.0,0.0,0,0,0,0,0,0,0,0,0,0,0,0,0,0,0,1,0.0,,,0,2014-06-23,1.0,,1.0,,
13325188,2014,26,52,5,0,150107A201,150107,0,1,4,0,,,0,0,0,0,0,0,0,0,0,0,0,0,0,0,0,0,0,0.0,0.0,0,0,0,0,0,0,0,0,0,0,0,0,0,0,0,0,0.0,,,0,2014-06-30,1.0,,1.0,,
13325602,2014,27,52,5,0,150107A201,150107,0,3,2,0,,,0,0,0,0,0,0,0,0,0,0,0,0,0,0,0,0,0,0.0,0.0,0,0,0,0,0,0,0,0,0,0,0,0,0,0,0,0,0.0,,,0,2014-07-07,1.0,,1.0,,
13326052,2014,28,52,5,0,150107A201,150107,1,2,3,0,,,0,0,0,0,0,0,0,0,0,0,0,0,0,0,0,0,0,0.0,0.0,0,0,0,0,0,0,0,0,0,0,0,0,0,0,0,0,0.0,,,0,2014-07-14,1.0,,1.0,,
13326517,2014,29,52,5,0,150107A201,150107,0,3,5,0,,,0,0,0,0,0,0,0,0,0,0,0,0,0,0,0,0,0,0.0,0.0,0,0,0,0,0,0,0,0,0,0,0,0,0,0,0,0,0.0,,,0,2014-07-21,1.0,,1.0,,
13326883,2014,30,52,5,0,150107A201,150107,1,1,5,0,,,0,0,0,0,0,0,0,0,0,0,0,0,0,0,0,0,0,0.0,0.0,0,0,0,0,0,0,0,0,0,0,0,0,0,0,0,0,0.0,,,0,2014-07-30,1.0,,1.0,,
13327330,2014,31,52,5,0,150107A201,150107,0,2,4,0,,,0,0,0,0,0,0,0,0,0,0,0,0,0,0,0,0,0,0.0,0.0,0,0,0,0,0,0,0,0,0,0,0,0,0,0,0,0,0.0,,,0,2014-08-04,1.0,,1.0,,
13327774,2014,32,52,5,0,150107A201,150107,0,1,10,0,,,0,0,0,0,0,0,0,0,0,0,0,0,0,0,0,0,0,0.0,0.0,0,0,0,0,0,0,0,0,0,0,0,0,0,0,0,0,0.0,,,0,2014-08-11,1.0,,1.0,,
13328203,2014,33,52,5,0,150107A201,150107,0,0,8,0,,,0,0,0,0,0,0,0,0,0,0,0,0,0,0,0,0,0,0.0,0.0,0,0,0,0,0,0,0,0,0,0,0,0,0,0,0,0,0.0,,,0,2014-08-18,1.0,,1.0,,
13328635,2014,34,52,5,0,150107A201,150107,0,2,12,0,,,0,0,0,0,0,0,0,0,0,0,0,0,0,0,0,0,0,0.0,0.0,0,0,0,0,0,0,0,0,0,0,0,0,0,0,0,0,0.0,,,0,2014-08-25,1.0,,1.0,,
13329091,2014,35,52,5,0,150107A201,150107,3,3,21,0,,,0,0,0,0,0,0,0,0,0,0,0,0,0,0,0,0,0,0.0,0.0,0,0,0,0,0,0,0,0,0,0,0,0,0,0,0,0,0.0,,,0,2014-09-01,1.0,,1.0,,
13329547,2014,36,52,5,0,150107A201,150107,0,7,10,0,,,0,0,0,0,0,0,0,0,0,0,0,0,0,0,0,0,0,0.0,0.0,0,0,0,0,0,0,0,0,0,0,0,0,0,0,0,0,0.0,,,0,2014-09-08,1.0,,1.0,,
13330393,2014,38,52,5,0,150107A201,150107,0,1,2,0,,,0,0,0,0,0,0,0,0,0,0,0,0,0,0,0,0,0,0.0,0.0,0,0,0,0,0,0,0,0,0,0,0,0,0,0,0,0,0.0,,,0,2014-09-22,1.0,,1.0,,
13330846,2014,39,52,5,0,150107A201,150107,0,5,10,0,,,0,0,0,0,0,0,0,0,0,0,0,0,0,0,0,0,0,0.0,0.0,0,0,0,0,0,0,0,0,0,0,0,0,0,0,0,0,0.0,,,0,2014-09-29,1.0,,1.0,,
13331269,2014,40,52,5,0,150107A201,150107,1,2,19,0,,,0,0,0,0,0,0,0,0,0,0,0,0,0,0,0,0,0,0.0,0.0,0,0,0,0,0,0,0,0,0,0,0,0,0,0,0,0,0.0,,,0,2014-10-06,1.0,,1.0,,
13331701,2014,41,52,5,0,150107A201,150107,0,2,3,0,,,0,0,0,0,0,0,0,0,0,0,0,0,0,0,0,0,0,0.0,0.0,0,0,0,0,0,0,0,0,0,0,0,0,0,0,0,0,0.0,,,0,2014-10-13,1.0,,1.0,,
13332994,2014,43,52,5,0,150107A201,150107,0,3,8,0,,,0,0,0,0,0,0,0,0,0,0,0,0,0,0,0,0,0,0.0,0.0,0,0,0,0,0,0,0,0,0,0,0,0,0,0,1,0,0.0,,,0,2014-10-27,1.0,,1.0,,
13333315,2014,44,52,5,0,150107A201,150107,0,3,9,0,,,0,0,0,0,0,0,0,0,0,0,0,0,0,0,0,0,0,0.0,0.0,0,0,0,0,0,0,0,0,0,0,0,0,0,0,0,0,0.0,,,0,2014-11-04,,,,,
13333891,2014,45,52,5,0,150107A201,150107,0,1,25,0,,,0,0,0,0,0,0,0,0,0,0,0,0,0,0,0,0,0,0.0,0.0,0,0,0,0,0,0,0,0,0,0,0,0,0,0,0,0,0.0,,,0,2014-11-10,1.0,,1.0,,
13334350,2014,46,52,5,0,150107A201,150107,0,7,18,0,,,0,0,0,0,0,0,0,0,0,0,0,0,0,0,0,0,0,0.0,0.0,0,0,0,0,0,0,0,0,0,0,0,0,0,0,0,0,0.0,,,0,2014-11-17,1.0,,1.0,,
13334776,2014,47,52,5,0,150107A201,150107,0,1,7,0,,,0,0,0,0,0,0,0,0,0,0,0,0,0,0,0,0,0,0.0,0.0,0,0,0,0,0,0,0,0,0,0,0,0,0,0,0,0,0.0,,,0,2014-11-24,1.0,,1.0,,
13335277,2014,48,52,5,0,150107A201,150107,0,1,18,0,,,0,0,0,0,0,0,0,0,0,0,0,0,0,0,0,0,0,0.0,0.0,0,0,0,0,0,0,0,0,0,0,0,0,0,0,0,1,0.0,,,0,2014-12-01,1.0,,1.0,,
13335634,2014,49,52,5,0,150107A201,150107,0,1,11,0,,,0,0,0,0,0,0,0,0,0,0,0,0,0,0,0,0,0,0.0,0.0,0,0,0,0,0,0,0,0,0,0,0,0,0,0,0,0,0.0,,,0,2014-12-09,,,,,
13336180,2014,50,52,5,0,150107A201,150107,1,6,18,0,,,0,0,0,0,0,0,0,0,0,0,0,0,0,0,0,0,0,0.0,0.0,0,0,0,0,0,0,0,0,0,0,0,0,0,0,0,0,0.0,,,0,2014-12-15,1.0,,1.0,,
13336648,2014,51,52,5,0,150107A201,150107,1,0,9,0,,,0,0,0,0,0,0,0,0,0,0,0,0,0,0,0,0,0,0.0,0.0,0,0,0,0,0,0,0,0,0,0,0,0,0,0,0,0,0.0,,,0,2014-12-23,1.0,,1.0,,
13337107,2014,52,52,5,0,150107A201,150107,0,4,11,0,,,0,0,0,0,0,0,0,0,0,0,0,0,0,0,0,0,0,0.0,0.0,0,0,0,0,0,0,0,0,0,0,0,0,0,0,0,0,0.0,,,0,2014-12-29,1.0,,1.0,,
13337584,2014,53,52,5,0,150107A201,150107,0,0,4,0,,,0,0,0,0,0,0,0,0,0,0,0,0,0,0,0,0,0,0.0,0.0,0,0,0,0,0,0,0,0,0,0,0,0,0,0,0,0,0.0,,,0,2015-01-05,1.0,,1.0,,
13314274,2014,1,52,5,0,150107A201,150118,0,1,4,0,,,0,0,0,0,0,0,0,0,0,0,0,0,0,0,0,0,0,0.0,0.0,0,0,0,0,0,0,0,0,0,0,0,0,0,0,0,0,0.0,,,0,2014-01-06,1.0,,1.0,,
13314724,2014,2,52,5,0,150107A201,150118,0,0,3,0,,,0,0,0,0,0,0,0,0,0,0,0,0,0,0,0,0,0,0.0,0.0,0,0,0,0,0,0,0,0,0,0,0,0,0,0,0,0,0.0,,,0,2014-01-13,1.0,,1.0,,
13315159,2014,3,52,5,0,150107A201,150118,0,1,3,0,,,0,0,0,0,0,0,0,0,0,0,0,0,0,0,0,0,0,0.0,0.0,0,0,0,0,0,0,0,0,0,0,0,0,0,0,0,0,0.0,,,0,2014-01-20,1.0,,1.0,,
13315573,2014,4,52,5,0,150107A201,150118,0,1,1,0,,,0,0,0,0,0,0,0,0,0,0,0,0,0,0,0,0,0,0.0,0.0,0,0,0,0,0,0,0,0,0,0,0,0,0,0,0,0,0.0,,,0,2014-01-27,1.0,,1.0,,
13315930,2014,5,52,5,0,150107A201,150118,0,0,2,0,,,0,0,0,0,0,0,0,0,0,0,0,0,0,0,0,0,0,0.0,0.0,0,0,0,0,0,0,0,0,0,0,0,0,0,0,0,0,0.0,,,0,2014-02-03,1.0,,1.0,,
13317223,2014,8,52,5,0,150107A201,150118,0,0,1,0,,,0,0,0,0,0,0,0,0,0,0,0,0,0,0,0,0,0,0.0,0.0,0,0,0,0,0,0,0,0,0,0,0,0,0,0,0,0,0.0,,,0,2014-02-24,1.0,,1.0,,
13317679,2014,9,52,5,0,150107A201,150118,0,1,2,0,,,0,0,0,0,0,0,0,0,0,0,0,0,0,0,0,0,0,0.0,0.0,0,0,0,0,0,0,0,0,0,0,0,0,0,0,0,0,0.0,,,0,2014-03-03,1.0,,1.0,,
13319926,2014,14,52,5,0,150107A201,150118,0,0,9,0,,,0,0,0,0,0,0,0,0,0,0,0,0,0,0,0,0,0,0.0,0.0,0,0,0,0,0,0,0,0,0,0,0,0,0,0,0,0,0.0,,,0,2014-04-07,1.0,,1.0,,
13320352,2014,15,52,5,0,150107A201,150118,0,1,5,0,,,0,0,0,0,0,0,0,0,0,0,0,0,0,0,0,0,0,0.0,0.0,0,0,0,0,0,0,0,0,0,0,0,0,0,0,0,0,0.0,,,0,2014-04-14,1.0,,1.0,,
13320751,2014,16,52,5,0,150107A201,150118,0,1,1,0,,,0,0,0,0,0,0,0,0,0,0,0,0,0,0,0,0,0,0.0,0.0,0,0,0,0,0,0,0,0,0,0,0,0,0,0,0,0,0.0,,,0,2014-04-22,1.0,,1.0,,
13321600,2014,18,52,5,0,150107A201,150118,0,0,4,0,,,0,0,0,0,0,0,0,0,0,0,0,0,0,0,0,0,0,0.0,0.0,0,0,0,0,0,0,0,0,0,0,0,0,0,0,0,0,0.0,,,0,2014-05-05,1.0,,1.0,,
13322083,2014,19,52,5,0,150107A201,150118,0,1,4,0,,,0,0,0,0,0,0,0,0,0,0,0,0,0,0,0,0,0,0.0,0.0,0,0,0,0,0,0,0,0,0,0,0,0,0,0,0,0,0.0,,,0,2014-05-12,1.0,,1.0,,
13322521,2014,20,52,5,0,150107A201,150118,0,0,9,0,,,0,0,0,0,0,0,0,0,0,0,0,0,0,0,0,0,0,0.0,0.0,0,0,0,0,0,0,0,0,0,0,0,0,0,0,0,0,0.0,,,0,2014-05-19,1.0,,1.0,,
13322956,2014,21,52,5,0,150107A201,150118,0,0,3,0,,,0,0,0,0,0,0,0,0,0,0,0,0,0,0,0,0,0,0.0,0.0,0,0,0,0,0,0,0,0,0,0,0,0,0,0,0,0,0.0,,,0,2014-05-26,1.0,,1.0,,
13323385,2014,22,52,5,0,150107A201,150118,0,0,3,0,,,0,0,0,0,0,0,0,0,0,0,0,0,0,0,0,0,0,0.0,0.0,0,0,0,0,0,0,0,0,0,0,0,0,0,0,0,0,0.0,,,0,2014-06-02,1.0,,1.0,,
13323805,2014,23,52,5,0,150107A201,150118,0,0,4,0,,,0,0,0,0,0,0,0,0,0,0,0,0,0,0,0,0,0,0.0,0.0,0,0,0,0,0,0,0,0,0,0,0,0,0,0,0,0,0.0,,,0,2014-06-09,1.0,,1.0,,
13324270,2014,24,52,5,0,150107A201,150118,0,0,1,0,,,0,0,0,0,0,0,0,0,0,0,0,0,0,0,0,0,0,0.0,0.0,0,0,0,0,0,0,0,0,0,0,0,0,0,0,0,0,0.0,,,0,2014-06-14,,,,,
13324723,2014,25,52,5,0,150107A201,150118,0,1,2,0,,,0,0,0,0,0,0,0,0,0,0,0,0,0,0,0,0,0,0.0,0.0,0,0,0,0,0,0,0,0,0,0,0,0,0,0,0,0,0.0,,,0,2014-06-23,1.0,,1.0,,
13326055,2014,28,52,5,0,150107A201,150118,0,0,1,0,,,0,0,0,0,0,0,0,0,0,0,0,0,0,0,0,0,0,0.0,0.0,0,0,0,0,0,0,0,0,0,0,0,0,0,0,0,0,0.0,,,0,2014-07-14,1.0,,1.0,,
13326520,2014,29,52,5,0,150107A201,150118,0,0,4,0,,,0,0,0,0,0,0,0,0,0,0,0,0,0,0,0,0,0,0.0,0.0,0,0,0,0,0,0,0,0,0,0,0,0,0,0,0,0,0.0,,,0,2014-07-21,1.0,,1.0,,
13327333,2014,31,52,5,0,150107A201,150118,0,1,2,0,,,0,0,0,0,0,0,0,0,0,0,0,0,0,0,0,0,0,0.0,0.0,0,0,0,0,0,0,0,0,0,0,0,0,0,0,0,0,0.0,,,0,2014-08-04,1.0,,1.0,,
13327777,2014,32,52,5,0,150107A201,150118,0,0,1,0,,,0,0,0,0,0,0,0,0,0,0,0,0,0,0,0,0,0,0.0,0.0,0,0,0,0,0,0,0,0,0,0,0,0,0,0,0,0,0.0,,,0,2014-08-11,1.0,,1.0,,
13329094,2014,35,52,5,0,150107A201,150118,0,0,6,0,,,0,0,0,0,0,0,0,0,0,0,0,0,0,0,0,0,0,0.0,0.0,0,0,0,0,0,0,0,0,0,0,0,0,0,0,0,0,0.0,,,0,2014-09-01,1.0,,1.0,,
13329967,2014,37,52,5,0,150107A201,150118,0,2,10,0,,,0,0,0,0,0,0,0,0,0,0,0,0,0,0,0,0,0,0.0,0.0,0,0,0,0,0,0,0,0,0,0,0,0,0,0,0,0,0.0,,,0,2014-09-15,1.0,,1.0,,
13330396,2014,38,52,5,0,150107A201,150118,0,0,1,0,,,0,0,0,0,0,0,0,0,0,0,0,0,0,0,0,0,0,0.0,0.0,0,0,0,0,0,0,0,0,0,0,0,0,0,0,0,0,0.0,,,0,2014-09-22,1.0,,1.0,,
13330849,2014,39,52,5,0,150107A201,150118,0,0,2,0,,,0,0,0,0,0,0,0,0,0,0,0,0,0,0,0,0,0,0.0,0.0,0,0,0,0,0,0,0,0,0,0,0,0,0,0,0,0,0.0,,,0,2014-09-29,1.0,,1.0,,
13331272,2014,40,52,5,0,150107A201,150118,0,0,3,0,,,0,0,0,0,0,0,0,0,0,0,0,0,0,0,0,0,0,0.0,0.0,0,0,0,0,0,0,0,0,0,0,0,0,0,0,0,0,0.0,,,0,2014-10-06,1.0,,1.0,,
13331704,2014,41,52,5,0,150107A201,150118,0,0,6,0,,,0,0,0,0,0,0,0,0,0,0,0,0,0,0,0,0,0,0.0,0.0,0,0,0,0,0,0,0,0,0,0,0,0,0,0,0,0,0.0,,,0,2014-10-13,1.0,,1.0,,
13332997,2014,43,52,5,0,150107A201,150118,0,1,1,0,,,0,0,0,0,0,0,0,0,0,0,0,0,0,0,0,0,0,0.0,0.0,0,0,0,0,0,0,0,0,0,0,0,0,0,0,0,0,0.0,,,0,2014-10-27,1.0,,1.0,,
13333318,2014,44,52,5,0,150107A201,150118,0,1,4,0,,,0,0,0,0,0,0,0,0,0,0,0,0,0,0,0,0,0,0.0,0.0,0,0,0,0,0,0,0,0,0,0,0,0,0,0,0,0,0.0,,,0,2014-11-04,,,,,
13333894,2014,45,52,5,0,150107A201,150118,0,0,4,0,,,0,0,0,0,0,0,0,0,0,0,0,0,0,0,0,0,0,0.0,0.0,0,0,0,0,0,0,0,0,0,0,0,0,0,0,0,0,0.0,,,0,2014-11-10,1.0,,1.0,,
13334353,2014,46,52,5,0,150107A201,150118,0,1,6,0,,,0,0,0,0,0,0,0,0,0,0,0,0,0,0,0,0,0,0.0,0.0,0,0,0,0,0,0,0,0,0,0,0,0,0,0,0,0,0.0,,,0,2014-11-17,1.0,,1.0,,
13334779,2014,47,52,5,0,150107A201,150118,0,0,3,0,,,0,0,0,0,0,0,0,0,0,0,0,0,0,0,0,0,0,0.0,0.0,0,0,0,0,0,0,0,0,0,0,0,0,0,0,0,0,0.0,,,0,2014-11-24,1.0,,1.0,,
13335280,2014,48,52,5,0,150107A201,150118,0,1,3,0,,,0,0,0,0,0,0,0,0,0,0,0,0,0,0,0,0,0,0.0,0.0,0,0,0,0,0,0,0,0,0,0,0,0,0,0,1,0,0.0,,,0,2014-12-01,1.0,,1.0,,
13335637,2014,49,52,5,0,150107A201,150118,0,0,4,0,,,0,0,0,0,0,0,0,0,0,0,0,0,0,0,0,0,0,0.0,0.0,0,0,0,0,0,0,0,0,0,0,0,0,0,0,0,0,0.0,,,0,2014-12-09,,,,,
13336183,2014,50,52,5,0,150107A201,150118,0,1,3,0,,,0,0,0,0,0,0,0,0,0,0,0,0,0,0,0,0,0,0.0,0.0,0,0,0,0,0,0,0,0,0,0,0,0,0,0,0,0,0.0,,,0,2014-12-15,1.0,,1.0,,
13336651,2014,51,52,5,0,150107A201,150118,0,0,2,0,,,0,0,0,0,0,0,0,0,0,0,0,0,0,0,0,0,0,0.0,0.0,0,0,0,0,0,0,0,0,0,0,0,0,0,0,0,0,0.0,,,0,2014-12-23,1.0,,1.0,,
13337110,2014,52,52,5,0,150107A201,150118,0,0,5,0,,,0,0,0,0,0,0,0,0,0,0,0,0,0,0,0,0,0,0.0,0.0,0,0,0,0,0,0,0,0,0,0,0,0,0,0,0,0,0.0,,,0,2014-12-29,1.0,,1.0,,
12356854,2015,1,52,5,0,150107A201,150103,0,0,1,0,,,0,0,0,0,0,0,0,0,0,0,0,0,0,0,0,0,0,0.0,0.0,0,0,0,0,0,0,0,0,0,0,0,0,0,0,0,0,0.0,,,0,2015-01-12,1.0,,1.0,,
12358090,2015,3,52,5,0,150107A201,150103,0,0,1,0,,,0,0,0,0,0,0,0,0,0,0,0,0,0,0,0,0,0,0.0,0.0,0,0,0,0,0,0,0,0,0,0,0,0,0,0,0,0,0.0,,,0,2015-01-26,1.0,,1.0,,
12362095,2015,9,52,5,0,150107A201,150103,0,0,1,0,,,0,0,0,0,0,0,0,0,0,0,0,0,0,0,0,0,0,0.0,0.0,0,0,0,0,0,0,0,0,0,0,0,0,0,0,0,0,0.0,,,0,2015-03-08,1.0,,1.0,,
12362812,2015,10,52,5,0,150107A201,150103,0,0,1,0,,,0,0,0,0,0,0,0,0,0,0,0,0,0,0,0,0,0,0.0,0.0,0,0,0,0,0,0,0,0,0,0,0,0,0,0,0,0,0.0,,,0,2015-03-16,1.0,,1.0,,
12363610,2015,11,52,5,0,150107A201,150103,0,0,1,0,,,0,0,0,0,0,0,0,0,0,0,0,0,0,0,0,0,0,0.0,0.0,0,0,0,0,0,0,0,0,0,0,0,0,0,0,0,0,0.0,,,0,2015-03-23,1.0,,1.0,,
12364378,2015,12,52,5,0,150107A201,150103,0,0,7,0,,,0,0,0,0,0,0,0,0,0,0,0,0,0,0,0,0,0,0.0,0.0,0,0,0,0,0,0,0,0,0,0,0,0,0,0,0,0,0.0,,,0,2015-03-30,1.0,,1.0,,
12365158,2015,13,52,5,0,150107A201,150103,0,0,1,0,,,0,0,0,0,0,0,0,0,0,0,0,0,0,0,0,0,0,0.0,0.0,0,0,0,0,0,0,0,0,0,0,0,0,0,0,0,0,0.0,,,0,2015-04-06,1.0,,1.0,,
12376306,2015,17,52,5,0,150107A201,150103,0,1,0,0,,,0,0,0,0,0,0,0,0,0,0,0,0,0,0,0,0,0,0.0,0.0,0,0,0,0,0,0,0,0,0,0,0,0,0,0,0,0,0.0,,,0,2015-05-04,1.0,,1.0,,
12376801,2015,18,52,5,0,150107A201,150103,0,0,1,0,,,0,0,0,0,0,0,0,0,0,0,0,0,0,0,0,0,0,0.0,0.0,0,0,0,0,0,0,0,0,0,0,0,0,0,0,0,0,0.0,,,0,2015-05-11,1.0,,1.0,,
12405577,2015,20,52,5,0,150107A201,150103,0,0,1,0,,,0,0,0,0,0,0,0,0,0,0,0,0,0,0,0,0,0,0.0,0.0,0,0,0,0,0,0,0,0,0,0,0,0,0,0,0,0,0.0,,,0,2015-05-26,1.0,,1.0,,
12427879,2015,30,52,5,0,150107A201,150103,0,0,1,0,,,0,0,0,0,0,0,0,0,0,0,0,0,0,0,0,0,0,0.0,0.0,0,0,0,0,0,0,0,0,0,0,0,0,0,0,0,0,0.0,,,0,2015-08-03,1.0,,1.0,,
12428788,2015,32,52,5,0,150107A201,150103,0,0,1,0,,,0,0,0,0,0,0,0,0,0,0,0,0,0,0,0,0,0,0.0,0.0,0,0,0,0,0,0,0,0,0,0,0,0,0,0,0,0,0.0,,,0,2015-08-17,1.0,,1.0,,
12429826,2015,34,52,5,0,150107A201,150103,0,0,1,0,,,0,0,0,0,0,0,0,0,0,0,0,0,0,0,0,0,0,0.0,0.0,0,0,0,0,0,0,0,0,0,0,0,0,0,0,0,0,0.0,,,0,2015-08-31,1.0,,1.0,,
12431818,2015,38,52,5,0,150107A201,150103,0,0,2,0,,,0,0,0,0,0,0,0,0,0,0,0,0,0,0,0,0,0,0.0,0.0,0,0,0,0,0,0,0,0,0,0,0,0,0,0,0,0,0.0,,,0,2015-09-28,1.0,,1.0,,
12491761,2015,41,52,5,0,150107A201,150103,0,0,1,0,,,0,0,0,0,0,0,0,0,0,0,0,0,0,0,0,0,0,0.0,0.0,0,0,0,0,0,0,0,0,0,0,0,0,0,0,0,0,0.0,,,0,2015-10-19,1.0,,1.0,,
12505105,2015,50,52,5,0,150107A201,150103,0,0,1,0,,,0,0,0,0,0,0,0,0,0,0,0,0,0,0,0,0,0,0.0,0.0,0,0,0,0,0,0,0,0,0,0,0,0,0,0,0,0,0.0,,,0,2015-12-21,1.0,0.0,1.0,0.0,
12510907,2015,51,52,5,0,150107A201,150103,0,0,1,0,,,0,0,0,0,0,0,0,0,0,0,0,0,0,0,0,0,0,0.0,0.0,0,0,0,0,0,0,0,0,0,0,0,0,0,0,0,0,0.0,,,0,2015-12-28,1.0,0.0,1.0,0.0,
12356245,2015,52,52,5,0,150107A201,150103,0,0,2,0,,,0,0,0,0,0,0,0,0,0,0,0,0,0,0,0,0,0,0.0,0.0,0,0,0,0,0,0,0,0,0,0,0,0,0,0,0,0,0.0,,,0,2016-01-05,,,,0.0,
12356851,2015,1,52,5,0,150107A201,150107,0,2,15,0,,,0,0,0,0,0,0,0,0,0,0,0,0,0,0,0,0,0,0.0,0.0,0,0,0,0,0,0,0,0,0,0,0,0,0,0,0,0,0.0,,,0,2015-01-12,1.0,,1.0,,
12357469,2015,2,52,5,0,150107A201,150107,0,1,12,0,,,0,0,0,0,0,0,0,0,0,0,0,0,0,0,0,0,0,0.0,0.0,0,0,0,0,0,0,0,0,0,0,0,0,0,0,0,0,0.0,,,0,2015-01-19,1.0,,1.0,,
12358093,2015,3,52,5,0,150107A201,150107,1,5,7,0,,,0,0,0,0,0,0,0,0,0,0,0,0,0,0,0,0,0,0.0,0.0,0,0,0,0,0,0,0,0,0,0,0,0,0,0,0,0,0.0,,,0,2015-01-26,1.0,,1.0,,
12358711,2015,4,52,5,0,150107A201,150107,0,3,3,0,,,0,0,0,0,0,0,0,0,0,0,0,0,0,0,0,0,0,0.0,0.0,0,0,0,0,0,0,0,0,0,0,0,0,0,0,0,0,0.0,,,0,2015-02-03,1.0,,1.0,,
12359302,2015,5,52,5,0,150107A201,150107,0,5,4,0,,,0,0,0,0,0,0,0,0,0,0,0,0,0,0,0,0,0,0.0,0.0,0,0,0,0,0,0,0,0,0,0,0,0,0,0,0,0,0.0,,,0,2015-02-09,1.0,,1.0,,
12359932,2015,6,52,5,0,150107A201,150107,0,3,5,0,,,0,0,0,0,0,0,0,0,0,0,0,0,0,0,0,0,0,0.0,0.0,0,0,0,0,0,0,0,0,0,0,0,0,0,0,0,0,0.0,,,0,2015-02-17,,,,,
12360667,2015,7,52,5,0,150107A201,150107,0,2,12,0,,,0,0,0,0,0,0,0,0,0,0,0,0,0,0,0,0,0,0.0,0.0,0,0,0,0,0,0,0,0,0,0,0,0,0,0,0,0,0.0,,,0,2015-02-24,1.0,,1.0,,
12361387,2015,8,52,5,0,150107A201,150107,2,11,5,0,,,0,0,0,0,0,0,0,0,0,0,0,0,0,0,0,0,0,0.0,0.0,0,0,0,0,0,0,0,0,0,0,0,0,0,0,0,0,0.0,,,0,2015-03-02,1.0,,1.0,,
12362092,2015,9,52,5,0,150107A201,150107,0,6,8,0,,,0,0,0,0,0,0,0,0,0,0,0,0,0,0,0,0,0,0.0,0.0,0,0,0,0,0,0,0,0,0,0,0,0,0,0,0,0,0.0,,,0,2015-03-08,1.0,,1.0,,
12362809,2015,10,52,5,0,150107A201,150107,0,0,9,0,,,0,0,0,0,0,0,0,0,0,0,0,0,0,0,0,0,0,0.0,0.0,0,0,0,0,0,0,0,0,0,0,0,0,0,0,0,0,0.0,,,0,2015-03-16,1.0,,1.0,,
12363601,2015,11,52,5,0,150107A201,150107,0,3,13,0,,,0,0,0,0,0,0,0,0,0,0,0,0,0,0,0,0,0,0.0,0.0,0,0,0,0,0,0,0,0,0,0,0,0,0,0,0,0,0.0,,,0,2015-03-23,1.0,,1.0,,
12364387,2015,12,52,5,0,150107A201,150107,0,2,10,0,,,0,0,0,0,0,0,0,0,0,0,0,0,0,0,0,0,0,0.0,0.0,0,0,0,0,0,0,0,0,0,0,0,0,0,0,0,0,0.0,,,0,2015-03-30,1.0,,1.0,,
12365155,2015,13,52,5,0,150107A201,150107,0,8,21,0,,,0,0,0,0,0,0,0,0,0,0,0,0,0,0,0,0,0,0.0,0.0,0,0,0,0,0,0,0,0,0,0,0,0,0,0,0,0,0.0,,,0,2015-04-06,1.0,,1.0,,
12371071,2015,14,52,5,0,150107A201,150107,0,3,16,0,,,0,0,0,0,0,0,0,0,0,0,0,0,0,0,0,0,0,0.0,0.0,0,0,0,0,0,0,0,0,0,0,0,0,0,0,0,2,0.0,,,0,2015-04-13,1.0,,1.0,,
12375337,2015,15,52,5,0,150107A201,150107,0,0,17,0,,,0,0,0,0,0,0,0,0,0,0,0,0,0,0,0,0,0,0.0,0.0,0,0,0,0,0,0,0,0,0,0,0,0,0,0,0,0,0.0,,,0,2015-04-20,1.0,,1.0,,
12375829,2015,16,52,5,0,150107A201,150107,0,0,29,0,,,0,0,0,0,0,0,0,0,0,0,0,0,0,0,0,0,0,0.0,0.0,0,0,0,0,0,0,0,0,0,0,0,0,0,0,0,0,0.0,,,0,2015-04-27,1.0,,1.0,,
12376303,2015,17,52,5,0,150107A201,150107,0,15,0,0,,,0,0,0,0,0,0,0,0,0,0,0,0,0,0,0,0,0,0.0,0.0,0,0,0,0,0,0,0,0,0,0,0,0,0,0,0,0,0.0,,,0,2015-05-04,1.0,,1.0,,
12376813,2015,18,52,5,0,150107A201,150107,0,5,17,0,,,0,0,0,0,0,0,0,0,0,0,0,0,0,0,0,0,0,0.0,0.0,0,0,0,0,0,0,0,0,0,0,0,0,0,0,0,1,0.0,,,0,2015-05-11,1.0,,1.0,,
12402715,2015,19,52,5,0,150107A201,150107,0,5,35,0,,,0,0,0,0,0,0,0,0,0,0,0,0,0,0,0,0,0,0.0,0.0,0,0,0,0,0,0,0,0,0,0,0,0,0,0,0,1,0.0,,,0,2015-05-18,1.0,,1.0,,
12405589,2015,20,52,5,0,150107A201,150107,1,5,16,0,,,0,0,0,0,0,0,0,0,0,0,0,0,0,0,0,0,0,0.0,0.0,0,0,0,0,0,0,0,0,0,0,0,0,0,0,0,1,0.0,,,0,2015-05-26,1.0,,1.0,,
12418945,2015,21,52,5,0,150107A201,150107,0,4,17,0,,,0,0,0,0,0,0,0,0,0,0,0,0,0,0,0,0,0,0.0,0.0,0,0,0,0,0,0,0,0,0,0,0,0,0,0,0,1,0.0,,,0,2015-06-01,1.0,,1.0,,
12420178,2015,22,52,5,0,150107A201,150107,0,8,26,0,,,0,0,0,0,0,0,0,0,0,0,0,0,0,0,0,0,0,0.0,0.0,0,0,0,0,0,0,0,0,0,0,0,0,0,0,0,1,0.0,,,0,2015-06-08,1.0,,1.0,,
12421384,2015,23,52,5,0,150107A201,150107,0,6,30,0,,,0,0,0,0,0,0,0,0,0,0,0,0,0,0,0,0,0,0.0,0.0,0,0,0,0,0,0,0,0,0,0,0,0,0,0,1,0,0.0,,,0,2015-06-15,1.0,,1.0,,
12422515,2015,24,52,5,0,150107A201,150107,0,1,20,0,,,0,0,0,0,0,0,0,0,0,0,0,0,0,0,0,0,0,0.0,0.0,0,0,0,0,0,0,0,0,0,0,0,0,0,0,0,0,0.0,,,0,2015-06-22,1.0,,1.0,,
12423667,2015,25,52,5,0,150107A201,150107,0,5,17,0,,,0,0,0,0,0,0,0,0,0,0,0,0,0,0,0,0,0,0.0,0.0,0,0,0,0,0,0,0,0,0,0,0,0,0,0,0,1,0.0,,,0,2015-06-30,1.0,,1.0,,
12424783,2015,26,52,5,0,150107A201,150107,0,4,21,0,,,0,0,0,0,0,0,0,0,0,0,0,0,0,0,0,0,0,0.0,0.0,0,0,0,0,0,0,0,0,0,0,0,0,0,0,0,0,0.0,,,0,2015-07-06,1.0,,1.0,,
12425875,2015,27,52,5,0,150107A201,150107,1,4,19,0,,,0,0,0,0,0,0,0,0,0,0,0,0,0,0,0,0,0,0.0,0.0,0,0,0,0,0,0,0,0,0,0,0,0,0,0,0,0,0.0,,,0,2015-07-13,1.0,,1.0,,
12426862,2015,28,52,5,0,150107A201,150107,0,8,19,0,,,0,0,0,0,0,0,0,0,0,0,0,0,0,0,0,0,0,0.0,0.0,0,0,0,0,0,0,0,0,0,0,0,0,0,0,0,0,0.0,,,0,2015-07-20,1.0,,1.0,,
12427399,2015,29,52,5,0,150107A201,150107,2,2,18,0,,,0,0,0,0,0,0,0,0,0,0,0,0,0,0,0,0,0,0.0,0.0,0,0,0,0,0,0,0,0,0,0,0,0,0,0,0,0,0.0,,,0,2015-07-27,1.0,,1.0,,
12427876,2015,30,52,5,0,150107A201,150107,0,4,15,0,,,0,0,0,0,0,0,0,0,0,0,0,0,0,0,0,0,0,0.0,0.0,0,0,0,0,0,0,0,0,0,0,0,0,0,0,0,0,0.0,,,0,2015-08-03,1.0,,1.0,,
12428350,2015,31,52,5,0,150107A201,150107,0,2,14,0,,,0,0,0,0,0,0,0,0,0,0,0,0,0,0,0,0,0,0.0,0.0,0,0,0,0,0,0,0,0,0,0,0,0,0,0,0,0,0.0,,,0,2015-08-10,1.0,,1.0,,
12428791,2015,32,52,5,0,150107A201,150107,0,3,5,0,,,0,0,0,0,0,0,0,0,0,0,0,0,0,0,0,0,0,0.0,0.0,0,0,0,0,0,0,0,0,0,0,0,0,0,0,0,0,0.0,,,0,2015-08-17,1.0,,1.0,,
12429304,2015,33,52,5,0,150107A201,150107,0,3,14,0,,,0,0,0,0,0,0,0,0,0,0,0,0,0,0,0,0,0,0.0,0.0,0,0,0,0,0,0,0,0,0,0,0,0,0,0,0,0,0.0,,,0,2015-08-24,1.0,,1.0,,
12429832,2015,34,52,5,0,150107A201,150107,0,4,12,0,,,0,0,0,0,0,0,0,0,0,0,0,0,0,0,0,0,0,0.0,0.0,0,0,0,0,0,0,0,0,0,0,0,0,0,0,0,0,0.0,,,0,2015-08-31,1.0,,1.0,,
12430348,2015,35,52,5,0,150107A201,150107,0,5,20,0,,,0,0,0,0,0,0,0,0,0,0,0,0,0,0,0,0,0,0.0,0.0,0,0,0,0,0,0,0,0,0,0,0,0,0,0,0,0,0.0,,,0,2015-09-07,1.0,,1.0,,
12430843,2015,36,52,5,0,150107A201,150107,0,4,13,0,,,0,0,0,0,0,0,0,0,0,0,0,0,0,0,0,0,0,0.0,0.0,0,0,0,0,0,0,0,0,0,0,0,0,0,0,0,0,0.0,,,0,2015-09-14,1.0,,1.0,,
12431305,2015,37,52,5,0,150107A201,150107,0,2,10,0,,,0,0,0,0,0,0,0,0,0,0,0,0,0,0,0,0,0,0.0,0.0,0,0,0,0,0,0,0,0,0,0,0,0,0,0,0,0,0.0,,,0,2015-09-21,1.0,,1.0,,
12431827,2015,38,52,5,0,150107A201,150107,0,1,8,0,,,0,0,0,0,0,0,0,0,0,0,0,0,0,0,0,0,0,0.0,0.0,0,0,0,0,0,0,0,0,0,0,0,0,0,0,0,0,0.0,,,0,2015-09-28,1.0,,1.0,,
12432343,2015,39,52,5,0,150107A201,150107,0,1,20,0,,,0,0,0,0,0,0,0,0,0,0,0,0,0,0,0,0,0,0.0,0.0,0,0,0,0,0,0,0,0,0,0,0,0,0,0,0,0,0.0,,,0,2015-10-05,1.0,,1.0,,
12463525,2015,40,52,5,0,150107A201,150107,0,0,12,0,,,0,0,0,0,0,0,0,0,0,0,0,0,0,0,0,0,0,0.0,0.0,0,0,0,0,0,0,0,0,0,0,0,0,0,0,0,1,0.0,,,0,2015-10-12,1.0,,1.0,,
12491770,2015,41,52,5,0,150107A201,150107,0,1,16,0,,,0,0,0,0,0,0,0,0,0,0,0,0,0,0,0,0,0,0.0,0.0,0,0,0,0,0,0,0,0,0,0,0,0,0,0,0,0,0.0,,,0,2015-10-19,1.0,,1.0,,
12498331,2015,42,52,5,0,150107A201,150107,0,0,15,0,,,0,0,0,0,0,0,0,0,0,0,0,0,0,0,0,0,0,0.0,0.0,0,0,0,0,0,0,0,0,0,0,0,0,0,0,0,0,0.0,,,0,2015-10-27,,,,,
12498862,2015,43,52,5,0,150107A201,150107,0,1,10,0,,,0,0,0,0,0,0,0,0,0,0,0,0,0,0,0,0,0,0.0,0.0,0,0,0,0,0,0,0,0,0,0,0,0,0,0,0,1,0.0,,,0,2015-11-03,,,,,
12499360,2015,44,52,5,0,150107A201,150107,0,2,20,0,,,0,0,0,0,0,0,0,0,0,0,0,0,0,0,0,0,0,0.0,0.0,0,0,0,0,0,0,0,0,0,0,0,0,0,0,0,1,0.0,,,0,2015-11-09,1.0,,1.0,,
12500005,2015,45,52,5,0,150107A201,150107,0,1,22,0,,,0,0,0,0,0,0,0,0,0,0,0,0,0,0,0,0,0,0.0,0.0,0,0,0,0,0,0,0,0,0,0,0,0,0,0,0,1,0.0,,,0,2015-11-16,1.0,,1.0,,
12500554,2015,46,52,5,0,150107A201,150107,0,5,13,0,,,0,0,0,0,0,0,0,0,0,0,0,0,0,0,0,0,0,0.0,0.0,0,0,0,0,0,0,0,0,0,0,0,0,0,0,1,1,0.0,,,0,2015-11-23,1.0,,1.0,,
12501316,2015,47,52,5,0,150107A201,150107,0,1,9,0,,,0,0,0,0,0,0,0,0,0,0,0,0,0,0,0,0,0,0.0,0.0,0,0,0,0,0,0,0,0,0,0,0,0,0,0,0,0,0.0,,,0,2015-11-30,1.0,,1.0,,
12502264,2015,48,52,5,0,150107A201,150107,0,3,18,0,,,0,0,0,0,0,0,0,0,0,0,0,0,0,0,0,0,0,0.0,0.0,0,0,0,0,0,0,0,0,0,0,0,0,0,0,0,0,0.0,,,0,2015-12-07,1.0,,1.0,,
12503281,2015,49,52,5,0,150107A201,150107,0,2,17,0,,,0,0,0,0,0,0,0,0,0,0,0,0,0,0,0,0,0,0.0,0.0,0,0,0,0,0,0,0,0,0,0,0,0,0,0,0,0,0.0,,,0,2015-12-15,1.0,,1.0,,
12505144,2015,50,52,5,0,150107A201,150107,0,0,6,0,,,0,0,0,0,0,0,0,0,0,0,0,0,0,0,0,0,0,0.0,0.0,0,0,0,0,0,0,0,0,0,0,0,0,0,0,0,0,0.0,,,0,2015-12-21,1.0,0.0,1.0,0.0,
12510910,2015,51,52,5,0,150107A201,150107,0,1,18,0,,,0,0,0,0,0,0,0,0,0,0,0,0,0,0,0,0,0,0.0,0.0,0,0,0,0,0,0,0,0,0,0,0,0,0,0,0,0,0.0,,,0,2015-12-28,1.0,0.0,1.0,0.0,
12356311,2015,52,52,5,0,150107A201,150107,0,1,18,0,,,0,0,0,0,0,0,0,0,0,0,0,0,0,0,0,0,0,0.0,0.0,0,0,0,0,0,0,0,0,0,0,0,0,0,0,0,0,0.0,,,0,2016-01-05,,,,0.0,
12356848,2015,1,52,5,0,150107A201,150118,0,0,4,0,,,0,0,0,0,0,0,0,0,0,0,0,0,0,0,0,0,0,0.0,0.0,0,0,0,0,0,0,0,0,0,0,0,0,0,0,0,0,0.0,,,0,2015-01-12,1.0,,1.0,,
12358099,2015,3,52,5,0,150107A201,150118,0,0,1,0,,,0,0,0,0,0,0,0,0,0,0,0,0,0,0,0,0,0,0.0,0.0,0,0,0,0,0,0,0,0,0,0,0,0,0,0,0,0,0.0,,,0,2015-01-26,1.0,,1.0,,
12359299,2015,5,52,5,0,150107A201,150118,0,0,1,0,,,0,0,0,0,0,0,0,0,0,0,0,0,0,0,0,0,0,0.0,0.0,0,0,0,0,0,0,0,0,0,0,0,0,0,0,0,0,0.0,,,0,2015-02-09,1.0,,1.0,,
12360664,2015,7,52,5,0,150107A201,150118,0,0,2,0,,,0,0,0,0,0,0,0,0,0,0,0,0,0,0,0,0,0,0.0,0.0,0,0,0,0,0,0,0,0,0,0,0,0,0,0,0,0,0.0,,,0,2015-02-24,1.0,,1.0,,
12361396,2015,8,52,5,0,150107A201,150118,0,1,2,0,,,0,0,0,0,0,0,0,0,0,0,0,0,0,0,0,0,0,0.0,0.0,0,0,0,0,0,0,0,0,0,0,0,0,0,0,0,0,0.0,,,0,2015-03-02,1.0,,1.0,,
12362101,2015,9,52,5,0,150107A201,150118,0,1,1,0,,,0,0,0,0,0,0,0,0,0,0,0,0,0,0,0,0,0,0.0,0.0,0,0,0,0,0,0,0,0,0,0,0,0,0,0,0,0,0.0,,,0,2015-03-08,1.0,,1.0,,
12362818,2015,10,52,5,0,150107A201,150118,0,2,0,0,,,0,0,0,0,0,0,0,0,0,0,0,0,0,0,0,0,0,0.0,0.0,0,0,0,0,0,0,0,0,0,0,0,0,0,0,0,0,0.0,,,0,2015-03-16,1.0,,1.0,,
12365149,2015,13,52,5,0,150107A201,150118,0,2,6,0,,,0,0,0,0,0,0,0,0,0,0,0,0,0,0,0,0,0,0.0,0.0,0,0,0,0,0,0,0,0,0,0,0,0,0,0,0,0,0.0,,,0,2015-04-06,1.0,,1.0,,
12371077,2015,14,52,5,0,150107A201,150118,0,0,1,0,,,0,0,0,0,0,0,0,0,0,0,0,0,0,0,0,0,0,0.0,0.0,0,0,0,0,0,0,0,0,0,0,0,0,0,0,0,1,0.0,,,0,2015-04-13,1.0,,1.0,,
12375346,2015,15,52,5,0,150107A201,150118,0,0,2,0,,,0,0,0,0,0,0,0,0,0,0,0,0,0,0,0,0,0,0.0,0.0,0,0,0,0,0,0,0,0,0,0,0,0,0,0,0,0,0.0,,,0,2015-04-20,1.0,,1.0,,
12375826,2015,16,52,5,0,150107A201,150118,0,0,3,0,,,0,0,0,0,0,0,0,0,0,0,0,0,0,0,0,0,0,0.0,0.0,0,0,0,0,0,0,0,0,0,0,0,0,0,0,0,0,0.0,,,0,2015-04-27,1.0,,1.0,,
12376309,2015,17,52,5,0,150107A201,150118,0,3,0,0,,,0,0,0,0,0,0,0,0,0,0,0,0,0,0,0,0,0,0.0,0.0,0,0,0,0,0,0,0,0,0,0,0,0,0,0,0,0,0.0,,,0,2015-05-04,1.0,,1.0,,
12376810,2015,18,52,5,0,150107A201,150118,0,0,4,0,,,0,0,0,0,0,0,0,0,0,0,0,0,0,0,0,0,0,0.0,0.0,0,0,0,0,0,0,0,0,0,0,0,0,0,0,0,0,0.0,,,0,2015-05-11,1.0,,1.0,,
12402721,2015,19,52,5,0,150107A201,150118,0,1,8,0,,,0,0,0,0,0,0,0,0,0,0,0,0,0,0,0,0,0,0.0,0.0,0,0,0,0,0,0,0,0,0,0,0,0,0,0,0,0,0.0,,,0,2015-05-18,1.0,,1.0,,
12405616,2015,20,52,5,0,150107A201,150118,1,0,7,0,,,0,0,0,0,0,0,0,0,0,0,0,0,0,0,0,0,0,0.0,0.0,0,0,0,0,0,0,0,0,0,0,0,0,0,0,0,0,0.0,,,0,2015-05-26,1.0,,1.0,,
12418939,2015,21,52,5,0,150107A201,150118,0,0,6,0,,,0,0,0,0,0,0,0,0,0,0,0,0,0,0,0,0,0,0.0,0.0,0,0,0,0,0,0,0,0,0,0,0,0,0,0,0,0,0.0,,,0,2015-06-01,1.0,,1.0,,
12420160,2015,22,52,5,0,150107A201,150118,0,0,2,0,,,0,0,0,0,0,0,0,0,0,0,0,0,0,0,0,0,0,0.0,0.0,0,0,0,0,0,0,0,0,0,0,0,0,0,0,0,0,0.0,,,0,2015-06-08,1.0,,1.0,,
12421390,2015,23,52,5,0,150107A201,150118,0,1,4,0,,,0,0,0,0,0,0,0,0,0,0,0,0,0,0,0,0,0,0.0,0.0,0,0,0,0,0,0,0,0,0,0,0,0,0,0,0,0,0.0,,,0,2015-06-15,1.0,,1.0,,
12422521,2015,24,52,5,0,150107A201,150118,0,0,10,0,,,0,0,0,0,0,0,0,0,0,0,0,0,0,0,0,0,0,0.0,0.0,0,0,0,0,0,0,0,0,0,0,0,0,0,0,0,0,0.0,,,0,2015-06-22,1.0,,1.0,,
12423655,2015,25,52,5,0,150107A201,150118,0,1,3,0,,,0,0,0,0,0,0,0,0,0,0,0,0,0,0,0,0,0,0.0,0.0,0,0,0,0,0,0,0,0,0,0,0,0,0,0,0,0,0.0,,,0,2015-06-30,1.0,,1.0,,
12424798,2015,26,52,5,0,150107A201,150118,0,2,8,0,,,0,0,0,0,0,0,0,0,0,0,0,0,0,0,0,0,0,0.0,0.0,0,0,0,0,0,0,0,0,0,0,0,0,0,0,0,0,0.0,,,0,2015-07-06,1.0,,1.0,,
12425887,2015,27,52,5,0,150107A201,150118,0,0,4,0,,,0,0,0,0,0,0,0,0,0,0,0,0,0,0,0,0,0,0.0,0.0,0,0,0,0,0,0,0,0,0,0,0,0,0,0,0,0,0.0,,,0,2015-07-13,1.0,,1.0,,
12426886,2015,28,52,5,0,150107A201,150118,0,0,2,0,,,0,0,0,0,0,0,0,0,0,0,0,0,0,0,0,0,0,0.0,0.0,0,0,0,0,0,0,0,0,0,0,0,0,0,0,0,0,0.0,,,0,2015-07-20,1.0,,1.0,,
12427408,2015,29,52,5,0,150107A201,150118,0,0,7,0,,,0,0,0,0,0,0,0,0,0,0,0,0,0,0,0,0,0,0.0,0.0,0,0,0,0,0,0,0,0,0,0,0,0,0,0,0,0,0.0,,,0,2015-07-27,1.0,,1.0,,
12427873,2015,30,52,5,0,150107A201,150118,0,0,4,0,,,0,0,0,0,0,0,0,0,0,0,0,0,0,0,0,0,0,0.0,0.0,0,0,0,0,0,0,0,0,0,0,0,0,0,0,0,0,0.0,,,0,2015-08-03,1.0,,1.0,,
12428347,2015,31,52,5,0,150107A201,150118,0,1,3,0,,,0,0,0,0,0,0,0,0,0,0,0,0,0,0,0,0,0,0.0,0.0,0,0,0,0,0,0,0,0,0,0,0,0,0,0,0,0,0.0,,,0,2015-08-10,1.0,,1.0,,
12428794,2015,32,52,5,0,150107A201,150118,0,2,3,0,,,0,0,0,0,0,0,0,0,0,0,0,0,0,0,0,0,0,0.0,0.0,0,0,0,0,0,0,0,0,0,0,0,0,0,0,0,0,0.0,,,0,2015-08-17,1.0,,1.0,,
12429301,2015,33,52,5,0,150107A201,150118,0,0,1,0,,,0,0,0,0,0,0,0,0,0,0,0,0,0,0,0,0,0,0.0,0.0,0,0,0,0,0,0,0,0,0,0,0,0,0,0,0,0,0.0,,,0,2015-08-24,1.0,,1.0,,
12429829,2015,34,52,5,0,150107A201,150118,0,0,4,0,,,0,0,0,0,0,0,0,0,0,0,0,0,0,0,0,0,0,0.0,0.0,0,0,0,0,0,0,0,0,0,0,0,0,0,0,0,0,0.0,,,0,2015-08-31,1.0,,1.0,,
12430357,2015,35,52,5,0,150107A201,150118,0,0,2,0,,,0,0,0,0,0,0,0,0,0,0,0,0,0,0,0,0,0,0.0,0.0,0,0,0,0,0,0,0,0,0,0,0,0,0,0,0,0,0.0,,,0,2015-09-07,1.0,,1.0,,
12430849,2015,36,52,5,0,150107A201,150118,0,0,1,0,,,0,0,0,0,0,0,0,0,0,0,0,0,0,0,0,0,0,0.0,0.0,0,0,0,0,0,0,0,0,0,0,0,0,0,0,0,0,0.0,,,0,2015-09-14,1.0,,1.0,,
12431302,2015,37,52,5,0,150107A201,150118,0,0,5,0,,,0,0,0,0,0,0,0,0,0,0,0,0,0,0,0,0,0,0.0,0.0,0,0,0,0,0,0,0,0,0,0,0,0,0,0,0,0,0.0,,,0,2015-09-21,1.0,,1.0,,
12431824,2015,38,52,5,0,150107A201,150118,0,0,3,0,,,0,0,0,0,0,0,0,0,0,0,0,0,0,0,0,0,0,0.0,0.0,0,0,0,0,0,0,0,0,0,0,0,0,0,0,0,0,0.0,,,0,2015-09-28,1.0,,1.0,,
12432346,2015,39,52,5,0,150107A201,150118,0,1,1,0,,,0,0,0,0,0,0,0,0,0,0,0,0,0,0,0,0,0,0.0,0.0,0,0,0,0,0,0,0,0,0,0,0,0,0,0,0,0,0.0,,,0,2015-10-05,1.0,,1.0,,
12463519,2015,40,52,5,0,150107A201,150118,0,0,6,0,,,0,0,0,0,0,0,0,0,0,0,0,0,0,0,0,0,0,0.0,0.0,0,0,0,0,0,0,0,0,0,0,0,0,0,0,0,1,0.0,,,0,2015-10-12,1.0,,1.0,,
12491779,2015,41,52,5,0,150107A201,150118,0,2,2,0,,,0,0,0,0,0,0,0,0,0,0,0,0,0,0,0,0,0,0.0,0.0,0,0,0,0,0,0,0,0,0,0,0,0,0,0,0,0,0.0,,,0,2015-10-19,1.0,,1.0,,
12498340,2015,42,52,5,0,150107A201,150118,0,2,3,0,,,0,0,0,0,0,0,0,0,0,0,0,0,0,0,0,0,0,0.0,0.0,0,0,0,0,0,0,0,0,0,0,0,0,0,0,0,0,0.0,,,0,2015-10-27,,,,,
12498871,2015,43,52,5,0,150107A201,150118,0,0,1,0,,,0,0,0,0,0,0,0,0,0,0,0,0,0,0,0,0,0,0.0,0.0,0,0,0,0,0,0,0,0,0,0,0,0,0,0,0,0,0.0,,,0,2015-11-03,,,,,
12499366,2015,44,52,5,0,150107A201,150118,0,1,3,0,,,0,0,0,0,0,0,0,0,0,0,0,0,0,0,0,0,0,0.0,0.0,0,0,0,0,0,0,0,0,0,0,0,0,0,0,0,0,0.0,,,0,2015-11-09,1.0,,1.0,,
12500011,2015,45,52,5,0,150107A201,150118,0,0,8,0,,,0,0,0,0,0,0,0,0,0,0,0,0,0,0,0,0,0,0.0,0.0,0,0,0,0,0,0,0,0,0,0,0,0,0,0,0,0,0.0,,,0,2015-11-16,1.0,,1.0,,
12500551,2015,46,52,5,0,150107A201,150118,0,0,4,0,,,0,0,0,0,0,0,0,0,0,0,0,0,0,0,0,0,0,0.0,0.0,0,0,0,0,0,0,0,0,0,0,0,0,0,0,0,0,0.0,,,0,2015-11-23,1.0,,1.0,,
12501313,2015,47,52,5,0,150107A201,150118,0,2,9,0,,,0,0,0,0,0,0,0,0,0,0,0,0,0,0,0,0,0,0.0,0.0,0,0,0,0,0,0,0,0,0,0,0,0,0,0,0,0,0.0,,,0,2015-11-30,1.0,,1.0,,
12503278,2015,49,52,5,0,150107A201,150118,0,1,2,0,,,0,0,0,0,0,0,0,0,0,0,0,0,0,0,0,0,0,0.0,0.0,0,0,0,0,0,0,0,0,0,0,0,0,0,0,0,0,0.0,,,0,2015-12-15,1.0,,1.0,,
12505123,2015,50,52,5,0,150107A201,150118,0,0,2,0,,,0,0,0,0,0,0,0,0,0,0,0,0,0,0,0,0,0,0.0,0.0,0,0,0,0,0,0,0,0,0,0,0,0,0,0,0,0,0.0,,,0,2015-12-21,1.0,0.0,1.0,0.0,
12510916,2015,51,52,5,0,150107A201,150118,3,0,0,0,,,0,0,0,0,0,0,0,0,0,0,0,0,0,0,0,0,0,0.0,0.0,0,0,0,0,0,0,0,0,0,0,0,0,0,0,1,0,0.0,,,0,2015-12-28,1.0,0.0,1.0,0.0,
12356254,2015,52,52,5,0,150107A201,150118,0,2,5,0,,,0,0,0,0,0,0,0,0,0,0,0,0,0,0,0,0,0,0.0,0.0,0,0,0,0,0,0,0,0,0,0,0,0,0,0,0,0,0.0,,,0,2016-01-05,,,,0.0,
14158795,2016,4,52,5,0,150107A201,150103,0,1,0,0,0.0,0.0,0,0,0,0,0,0,0,0,0,0,0,0,0,0,0,0,0,0.0,0.0,0,0,0,0,0,0,0,0,0,0,0,0,0,0,0,0,0.0,0.0,0.0,0,2016-02-01,1.0,0.0,1.0,0.0,
13809664,2016,12,52,5,0,150107A201,150103,0,0,2,0,0.0,0.0,0,0,0,0,0,0,0,0,0,0,0,0,0,0,0,0,0,0.0,0.0,0,0,0,0,0,0,0,0,0,0,0,0,0,0,0,0,0.0,0.0,0.0,0,2016-03-28,1.0,,1.0,0.0,
14495854,2016,22,52,5,0,150107A201,150103,0,0,1,0,0.0,0.0,0,0,0,0,0,0,0,0,0,0,0,0,0,0,0,0,0,0.0,0.0,0,0,0,0,0,0,0,0,0,0,0,0,0,0,0,0,0.0,0.0,0.0,0,2016-06-06,1.0,0.0,1.0,0.0,
13774057,2016,24,52,5,0,150107A201,150103,0,0,2,0,0.0,0.0,0,0,0,0,0,0,0,0,0,0,0,0,0,0,0,0,0,0.0,0.0,0,0,0,0,0,0,0,0,0,0,0,0,0,0,0,0,0.0,0.0,0.0,0,2016-06-20,1.0,0.0,1.0,0.0,
14554072,2016,27,52,5,0,150107A201,150103,0,0,1,0,0.0,0.0,0,0,0,0,0,0,0,0,0,0,0,0,0,0,0,0,0,0.0,0.0,0,0,0,0,0,0,0,0,0,0,0,0,0,0,0,0,0.0,0.0,0.0,0,2016-07-11,1.0,0.0,1.0,0.0,
14660938,2016,31,52,5,0,150107A201,150103,0,0,1,0,0.0,0.0,0,0,0,0,0,0,0,0,0,0,0,0,0,0,0,0,0,0.0,0.0,0,0,0,0,0,0,0,0,0,0,0,0,0,0,0,0,0.0,0.0,0.0,0,2016-08-08,1.0,0.0,1.0,0.0,
14683636,2016,32,52,5,0,150107A201,150103,0,1,1,0,0.0,0.0,0,0,0,0,0,0,0,0,0,0,0,0,0,0,0,0,0,0.0,0.0,0,0,0,0,0,0,0,0,0,0,0,0,0,0,0,0,0.0,0.0,0.0,0,2016-08-15,1.0,0.0,1.0,0.0,
14053990,2016,41,52,5,0,150107A201,150103,0,0,1,0,0.0,0.0,0,0,0,0,0,0,0,0,0,0,0,0,0,0,0,0,0,0.0,0.0,0,0,0,0,0,0,0,0,0,0,0,0,0,0,1,0,0.0,0.0,0.0,0,2016-10-17,1.0,0.0,1.0,0.0,
14174815,2016,1,52,5,0,150107A201,150107,0,0,8,0,0.0,0.0,0,0,0,0,0,0,0,0,0,0,0,0,0,0,0,0,0,0.0,0.0,0,0,0,0,0,0,0,0,0,0,0,0,0,0,0,0,0.0,0.0,0.0,0,2016-01-11,1.0,0.0,1.0,0.0,
14166061,2016,2,52,5,0,150107A201,150107,0,5,2,0,0.0,0.0,0,0,0,0,0,0,0,0,0,0,0,0,0,0,0,0,0,0.0,0.0,0,0,0,0,0,0,0,0,0,0,0,0,0,0,0,0,0.0,0.0,0.0,0,2016-01-18,1.0,0.0,1.0,0.0,
14161840,2016,3,52,5,0,150107A201,150107,0,0,5,0,0.0,0.0,0,0,0,0,0,0,0,0,0,0,0,0,0,0,0,0,0,0.0,0.0,0,0,0,0,0,0,0,0,0,0,0,0,0,0,0,0,0.0,0.0,0.0,0,2016-01-25,1.0,0.0,1.0,0.0,
14158798,2016,4,52,5,0,150107A201,150107,0,2,13,0,0.0,0.0,0,0,0,0,0,0,0,0,0,0,0,0,0,0,0,0,0,0.0,0.0,0,0,0,0,0,0,0,0,0,0,0,0,0,0,1,0,0.0,0.0,0.0,0,2016-02-01,1.0,0.0,1.0,0.0,
14156623,2016,5,52,5,0,150107A201,150107,0,0,7,0,0.0,0.0,0,0,0,0,0,0,0,0,0,0,0,0,0,0,0,0,0,0.0,0.0,0,0,0,0,0,0,0,0,0,0,0,0,0,0,0,0,0.0,0.0,0.0,0,2016-02-08,1.0,0.0,1.0,0.0,
14153101,2016,6,52,5,0,150107A201,150107,0,1,12,0,0.0,0.0,0,0,0,0,0,0,0,0,0,0,0,0,0,0,0,0,0,0.0,0.0,0,0,0,0,0,0,0,0,0,0,0,0,0,0,0,0,0.0,0.0,0.0,0,2016-02-15,1.0,0.0,1.0,0.0,
13994242,2016,7,52,5,0,150107A201,150107,0,2,11,0,0.0,0.0,0,0,0,0,0,0,0,0,0,0,0,0,0,0,0,0,0,0.0,0.0,0,0,0,0,0,0,0,0,0,0,0,0,0,0,0,0,0.0,0.0,0.0,0,2016-02-22,1.0,,1.0,0.0,
13981642,2016,8,52,5,0,150107A201,150107,0,3,6,0,0.0,0.0,0,0,0,0,0,0,0,0,0,0,0,0,0,0,0,0,0,0.0,0.0,0,0,0,0,0,0,0,0,0,0,0,0,0,0,0,0,0.0,0.0,0.0,0,2016-02-29,1.0,0.0,1.0,0.0,
13970341,2016,9,52,5,0,150107A201,150107,0,2,12,0,0.0,0.0,0,0,0,0,0,0,0,0,0,0,0,0,0,0,0,0,0,0.0,0.0,0,0,0,0,0,0,0,0,0,0,0,0,0,0,0,0,0.0,0.0,0.0,0,2016-03-07,1.0,0.0,1.0,0.0,
13948495,2016,10,52,5,0,150107A201,150107,0,0,14,0,0.0,0.0,0,0,0,0,0,0,0,0,0,0,0,0,0,0,0,0,0,0.0,0.0,0,0,0,0,0,0,0,0,0,0,0,0,0,0,0,0,0.0,0.0,0.0,0,2016-03-14,1.0,0.0,1.0,0.0,
13843906,2016,11,52,5,0,150107A201,150107,0,1,10,0,0.0,0.0,0,0,0,0,0,0,0,0,0,0,0,0,0,0,0,0,0,0.0,0.0,0,0,0,0,0,0,0,0,0,0,0,0,0,0,0,0,0.0,0.0,0.0,0,2016-03-21,1.0,0.0,1.0,0.0,
13809484,2016,12,52,5,0,150107A201,150107,0,1,16,0,0.0,0.0,0,0,0,0,0,0,0,0,0,0,0,0,0,0,0,0,0,0.0,0.0,0,0,0,0,0,0,0,0,0,0,0,0,0,0,0,0,0.0,0.0,0.0,0,2016-03-28,1.0,0.0,1.0,0.0,
13749604,2016,13,52,5,0,150107A201,150107,0,2,11,0,0.0,0.0,0,0,0,0,0,0,0,0,0,0,0,0,0,0,0,0,0,0.0,0.0,0,0,0,0,0,0,0,0,0,0,0,0,0,0,0,1,0.0,0.0,0.0,0,2016-04-04,1.0,0.0,1.0,0.0,
14042272,2016,14,52,5,0,150107A201,150107,0,3,10,0,0.0,0.0,0,0,0,0,0,0,0,0,0,0,0,0,0,0,0,0,0,0.0,0.0,0,0,0,0,0,0,0,0,0,0,0,0,0,0,0,0,0.0,0.0,0.0,0,2016-04-11,1.0,0.0,1.0,0.0,
13789060,2016,15,52,5,0,150107A201,150107,0,1,5,0,0.0,0.0,0,0,0,0,0,0,0,0,0,0,0,0,0,0,0,0,0,0.0,0.0,0,0,0,0,0,0,0,0,0,0,0,0,0,0,0,0,0.0,0.0,0.0,0,2016-04-18,1.0,0.0,1.0,0.0,
14328844,2016,16,52,5,0,150107A201,150107,0,3,5,0,0.0,0.0,0,0,0,0,0,0,0,0,0,0,0,0,0,0,0,0,0,0.0,0.0,0,0,0,0,0,0,0,0,0,0,0,0,0,0,0,0,0.0,0.0,0.0,0,2016-04-26,1.0,0.0,1.0,0.0,
14386135,2016,17,52,5,0,150107A201,150107,0,2,14,0,0.0,0.0,0,0,0,0,0,0,0,0,0,0,0,0,0,0,0,0,0,0.0,0.0,0,0,0,0,0,0,0,0,0,0,0,0,0,0,0,1,0.0,0.0,0.0,0,2016-05-02,1.0,0.0,1.0,0.0,
14016181,2016,18,52,5,0,150107A201,150107,0,1,14,0,0.0,0.0,0,0,0,0,0,0,0,0,0,0,0,0,0,0,0,0,0,0.0,0.0,0,0,0,0,0,0,0,0,0,0,0,0,0,0,0,0,0.0,0.0,0.0,0,2016-05-09,1.0,0.0,1.0,0.0,
14417242,2016,19,52,5,0,150107A201,150107,0,2,16,0,0.0,0.0,0,0,0,0,0,0,0,0,0,0,0,0,0,0,0,0,0,0.0,0.0,0,0,0,0,0,0,0,0,0,0,0,0,0,0,0,1,0.0,0.0,0.0,0,2016-05-16,1.0,0.0,1.0,0.0,
14438944,2016,20,52,5,0,150107A201,150107,2,1,25,0,0.0,0.0,0,0,0,0,0,0,0,0,0,0,0,0,0,0,0,0,0,0.0,0.0,0,0,0,0,0,0,0,0,0,0,0,0,0,0,0,0,0.0,0.0,0.0,0,2016-05-23,1.0,0.0,1.0,0.0,
14461192,2016,21,52,5,0,150107A201,150107,0,2,18,0,0.0,0.0,0,0,0,0,0,0,0,0,0,0,0,0,0,0,0,0,0,0.0,0.0,0,0,0,0,0,0,0,0,0,0,0,0,0,0,1,0,0.0,0.0,0.0,0,2016-05-30,1.0,0.0,1.0,0.0,
14495839,2016,22,52,5,0,150107A201,150107,0,1,17,0,0.0,0.0,0,0,0,0,0,0,0,0,0,0,0,0,0,0,0,0,0,0.0,0.0,0,0,0,0,0,0,0,0,0,0,0,0,0,0,0,0,0.0,0.0,0.0,0,2016-06-06,1.0,0.0,1.0,0.0,
14525440,2016,23,52,5,0,150107A201,150107,0,2,15,0,0.0,0.0,0,0,0,0,0,0,0,0,0,0,0,0,0,0,0,0,0,0.0,0.0,0,0,0,0,0,0,0,0,0,0,0,0,0,0,0,0,0.0,0.0,0.0,0,2016-06-13,1.0,0.0,1.0,0.0,
13774036,2016,24,52,5,0,150107A201,150107,0,3,11,0,0.0,0.0,0,0,0,0,0,0,0,0,0,0,0,0,0,0,0,0,0,0.0,0.0,0,0,0,0,0,0,0,0,0,0,0,0,0,0,0,0,0.0,0.0,0.0,0,2016-06-20,1.0,0.0,1.0,0.0,
14527843,2016,25,52,5,0,150107A201,150107,2,1,24,0,0.0,0.0,0,0,0,0,0,0,0,0,0,0,0,0,0,0,0,0,0,0.0,0.0,0,0,0,0,0,0,0,0,0,0,0,0,0,0,0,0,0.0,0.0,0.0,0,2016-06-27,1.0,0.0,1.0,0.0,
14530456,2016,26,52,5,0,150107A201,150107,0,4,16,0,0.0,0.0,0,0,0,0,0,0,0,0,0,0,0,0,0,0,0,0,0,0.0,0.0,0,0,0,0,0,0,0,0,0,0,0,0,0,0,0,0,0.0,0.0,0.0,0,2016-07-04,1.0,0.0,1.0,0.0,
14553865,2016,27,52,5,0,150107A201,150107,0,3,24,0,0.0,0.0,0,0,0,0,0,0,0,0,0,0,0,0,0,0,0,0,0,0.0,0.0,0,0,0,0,0,0,0,0,0,0,0,0,0,0,0,0,0.0,0.0,0.0,0,2016-07-11,1.0,0.0,1.0,0.0,
14578828,2016,28,52,5,0,150107A201,150107,0,1,14,0,0.0,0.0,0,0,0,0,0,0,0,0,0,0,0,0,0,0,0,0,0,0.0,0.0,0,0,0,0,0,0,0,0,0,0,0,0,0,0,0,0,0.0,0.0,0.0,0,2016-07-18,1.0,0.0,1.0,0.0,
14615086,2016,29,52,5,0,150107A201,150107,0,1,25,0,0.0,0.0,0,0,0,0,0,0,0,0,0,0,0,0,0,0,0,0,0,0.0,0.0,0,0,0,0,0,0,0,0,0,0,0,0,0,0,0,0,0.0,0.0,0.0,0,2016-07-25,1.0,,1.0,0.0,
14639776,2016,30,52,5,0,150107A201,150107,1,6,14,0,0.0,0.0,0,0,0,0,0,0,0,0,0,0,0,0,0,0,0,0,0,0.0,0.0,0,0,0,0,0,0,0,0,0,0,0,0,0,0,0,0,0.0,0.0,0.0,0,2016-08-01,1.0,0.0,1.0,0.0,
14660854,2016,31,52,5,0,150107A201,150107,2,2,18,0,0.0,0.0,0,0,0,0,0,0,0,0,0,0,0,0,0,0,0,0,0,0.0,0.0,0,0,0,0,0,0,0,0,0,0,0,0,0,0,0,0,0.0,0.0,0.0,0,2016-08-08,1.0,0.0,1.0,0.0,
14683567,2016,32,52,5,0,150107A201,150107,1,2,11,0,0.0,0.0,0,0,0,0,0,0,0,0,0,0,0,0,0,0,0,0,0,0.0,0.0,0,0,0,0,0,0,0,0,0,0,0,0,0,0,0,0,0.0,0.0,0.0,0,2016-08-15,1.0,0.0,1.0,0.0,
14050894,2016,33,52,5,0,150107A201,150107,0,5,15,0,0.0,0.0,0,0,0,0,0,0,0,0,0,0,0,0,0,0,0,0,0,0.0,0.0,0,0,0,0,0,0,0,0,0,0,0,0,0,0,0,0,0.0,0.0,0.0,0,2016-08-22,1.0,0.0,1.0,0.0,
14059765,2016,34,52,5,0,150107A201,150107,0,0,15,0,0.0,0.0,0,0,0,0,0,0,0,0,0,0,0,0,0,0,0,0,0,0.0,0.0,0,0,0,0,0,0,0,0,0,0,0,0,0,0,0,0,0.0,0.0,0.0,0,2016-08-29,1.0,0.0,1.0,0.0,
14534992,2016,35,52,5,0,150107A201,150107,0,3,17,0,0.0,0.0,0,0,0,0,0,0,0,0,0,0,0,0,0,0,0,0,0,0.0,0.0,0,0,0,0,0,0,0,0,0,0,0,0,0,0,0,0,0.0,0.0,0.0,0,2016-09-05,1.0,0.0,1.0,0.0,
14281939,2016,36,52,5,0,150107A201,150107,0,2,13,0,0.0,0.0,0,0,0,0,0,0,0,0,0,0,0,0,0,0,0,0,0,0.0,0.0,0,0,0,0,0,0,0,0,0,0,0,0,0,0,0,0,0.0,0.0,0.0,0,2016-09-12,1.0,0.0,1.0,0.0,
14056501,2016,37,52,5,0,150107A201,150107,0,0,20,0,0.0,0.0,0,0,0,0,0,0,0,0,0,0,0,0,0,0,0,0,0,0.0,0.0,0,0,0,0,0,0,0,0,0,0,0,0,0,0,0,1,0.0,0.0,0.0,0,2016-09-19,1.0,0.0,1.0,0.0,
14647438,2016,38,52,5,0,150107A201,150107,1,3,20,0,0.0,0.0,0,0,0,0,0,0,0,0,0,0,0,0,0,0,0,0,0,0.0,0.0,0,0,0,0,0,0,0,0,0,0,0,0,0,0,0,0,0.0,0.0,0.0,0,2016-09-26,1.0,0.0,1.0,0.0,
14333677,2016,39,52,5,0,150107A201,150107,0,1,23,0,0.0,0.0,0,0,0,0,0,0,0,0,0,0,0,0,0,0,0,0,0,0.0,0.0,0,0,0,0,0,0,0,0,0,0,0,0,0,0,1,1,0.0,0.0,0.0,0,2016-10-03,1.0,0.0,1.0,0.0,
14707489,2016,40,52,5,0,150107A201,150107,0,4,22,0,0.0,0.0,0,0,0,0,0,0,0,0,0,0,0,0,0,0,0,0,0,0.0,0.0,0,0,0,0,0,0,0,0,0,0,0,0,0,0,1,1,0.0,0.0,0.0,0,2016-10-10,1.0,0.0,1.0,0.0,
14054005,2016,41,52,5,0,150107A201,150107,0,4,14,0,0.0,0.0,0,0,0,0,0,0,0,0,0,0,0,0,0,0,0,0,0,0.0,0.0,0,0,0,0,0,0,0,0,0,0,0,0,0,0,1,0,0.0,0.0,0.0,0,2016-10-17,1.0,0.0,1.0,0.0,
14691736,2016,42,52,5,0,150107A201,150107,0,6,15,0,0.0,0.0,0,0,0,0,0,0,0,0,0,0,0,0,0,0,0,0,0,0.0,0.0,0,0,0,0,0,0,0,0,0,0,0,0,0,0,1,1,0.0,0.0,0.0,0,2016-10-24,1.0,0.0,1.0,0.0,
13863826,2016,43,52,5,0,150107A201,150107,1,3,12,0,0.0,0.0,0,0,0,0,0,0,0,0,0,0,0,0,0,0,0,0,0,0.0,0.0,0,0,0,0,0,0,0,0,0,0,0,0,0,0,0,0,0.0,0.0,0.0,0,2016-10-31,1.0,0.0,1.0,0.0,
13887241,2016,44,52,5,0,150107A201,150107,0,2,29,0,0.0,0.0,0,0,0,0,0,0,0,0,0,0,0,0,0,0,0,0,0,0.0,0.0,0,0,0,0,0,0,0,0,0,0,0,0,0,0,1,0,0.0,0.0,0.0,0,2016-11-07,1.0,0.0,1.0,0.0,
14076673,2016,45,52,5,0,150107A201,150107,0,5,16,0,0.0,0.0,0,0,0,0,0,0,0,0,0,0,0,0,0,0,0,0,0,0.0,0.0,0,0,0,0,0,0,0,0,0,0,0,0,0,0,0,0,0.0,0.0,0.0,0,2016-11-14,1.0,0.0,1.0,0.0,
13708375,2016,46,52,5,0,150107A201,150107,3,6,6,0,0.0,0.0,0,0,0,0,0,0,0,0,0,0,0,0,0,0,0,0,0,0.0,0.0,0,0,0,0,0,0,0,0,0,0,0,0,0,0,0,0,0.0,0.0,0.0,0,2016-11-21,1.0,0.0,1.0,0.0,
13892029,2016,47,52,5,0,150107A201,150107,0,2,15,0,0.0,0.0,0,0,0,0,0,0,0,0,0,0,0,0,0,0,0,0,0,0.0,0.0,0,0,0,0,0,0,0,0,0,0,0,0,0,0,0,0,0.0,0.0,0.0,0,2016-11-28,1.0,0.0,1.0,0.0,
13911451,2016,48,52,5,0,150107A201,150107,0,2,11,0,0.0,0.0,0,0,0,0,0,0,0,0,0,0,0,0,0,0,0,0,0,0.0,0.0,0,0,0,0,0,0,0,0,0,0,0,0,0,0,1,0,0.0,0.0,0.0,0,2016-12-05,1.0,,1.0,0.0,
14102077,2016,49,52,5,0,150107A201,150107,0,4,9,0,0.0,0.0,0,0,0,0,0,0,0,0,0,0,0,0,0,0,0,0,0,0.0,0.0,0,0,0,0,0,0,0,0,0,0,0,0,0,0,1,0,0.0,0.0,0.0,0,2016-12-12,1.0,0.0,1.0,0.0,
13728328,2016,50,52,5,0,150107A201,150107,0,3,9,0,0.0,0.0,0,0,0,0,0,0,0,0,0,0,0,0,0,0,0,0,0,0.0,0.0,0,0,0,0,0,0,0,0,0,0,0,0,0,0,0,0,0.0,0.0,0.0,0,2016-12-19,1.0,0.0,1.0,0.0,
13916476,2016,51,52,5,0,150107A201,150107,0,1,14,0,0.0,0.0,0,0,0,0,0,0,0,0,0,0,0,0,0,0,0,0,0,0.0,0.0,0,0,0,0,0,0,0,0,0,0,0,0,0,0,0,0,0.0,0.0,0.0,0,2016-12-26,1.0,0.0,1.0,0.0,
14126941,2016,52,52,5,0,150107A201,150107,0,4,8,0,0.0,0.0,0,0,0,0,0,0,0,0,0,0,0,0,0,0,0,0,0,0.0,0.0,0,0,0,0,0,0,0,0,0,0,0,0,0,0,0,0,0.0,0.0,0.0,0,2017-01-02,1.0,,1.0,0.0,
14174809,2016,1,52,5,0,150107A201,150118,0,0,3,0,0.0,0.0,0,0,0,0,0,0,0,0,0,0,0,0,0,0,0,0,0,0.0,0.0,0,0,0,0,0,0,0,0,0,0,0,0,0,0,0,0,0.0,0.0,0.0,0,2016-01-11,1.0,0.0,1.0,0.0,
14166064,2016,2,52,5,0,150107A201,150118,0,1,0,0,0.0,0.0,0,0,0,0,0,0,0,0,0,0,0,0,0,0,0,0,0,0.0,0.0,0,0,0,0,0,0,0,0,0,0,0,0,0,0,0,0,0.0,0.0,0.0,0,2016-01-18,1.0,0.0,1.0,0.0,
14161846,2016,3,52,5,0,150107A201,150118,0,0,1,0,0.0,0.0,0,0,0,0,0,0,0,0,0,0,0,0,0,0,0,0,0,0.0,0.0,0,0,0,0,0,0,0,0,0,0,0,0,0,0,0,0,0.0,0.0,0.0,0,2016-01-25,1.0,0.0,1.0,0.0,
14158786,2016,4,52,5,0,150107A201,150118,0,0,2,0,0.0,0.0,0,0,0,0,0,0,0,0,0,0,0,0,0,0,0,0,0,0.0,0.0,0,0,0,0,0,0,0,0,0,0,0,0,0,0,0,0,0.0,0.0,0.0,0,2016-02-01,1.0,0.0,1.0,0.0,
14156605,2016,5,52,5,0,150107A201,150118,0,0,2,0,0.0,0.0,0,0,0,0,0,0,0,0,0,0,0,0,0,0,0,0,0,0.0,0.0,0,0,0,0,0,0,0,0,0,0,0,0,0,0,0,0,0.0,0.0,0.0,0,2016-02-08,1.0,0.0,1.0,0.0,
14152264,2016,6,52,5,0,150107A201,150118,0,0,2,0,0.0,0.0,0,0,0,0,0,0,0,0,0,0,0,0,0,0,0,0,0,0.0,0.0,0,0,0,0,0,0,0,0,0,0,0,0,0,0,0,0,0.0,0.0,0.0,0,2016-02-15,1.0,0.0,1.0,0.0,
13993291,2016,7,52,5,0,150107A201,150118,0,0,6,0,0.0,0.0,0,0,0,0,0,0,0,0,0,0,0,0,0,0,0,0,0,0.0,0.0,0,0,0,0,0,0,0,0,0,0,0,0,0,0,0,0,0.0,0.0,0.0,0,2016-02-22,1.0,,1.0,0.0,
13981624,2016,8,52,5,0,150107A201,150118,0,1,3,0,0.0,0.0,0,0,0,0,0,0,0,0,0,0,0,0,0,0,0,0,0,0.0,0.0,0,0,0,0,0,0,0,0,0,0,0,0,0,0,0,0,0.0,0.0,0.0,0,2016-02-29,1.0,0.0,1.0,0.0,
13970203,2016,9,52,5,0,150107A201,150118,0,1,4,0,0.0,0.0,0,0,0,0,0,0,0,0,0,0,0,0,0,0,0,0,0,0.0,0.0,0,0,0,0,0,0,0,0,0,0,0,0,0,0,0,0,0.0,0.0,0.0,0,2016-03-07,1.0,0.0,1.0,0.0,
13948279,2016,10,52,5,0,150107A201,150118,2,1,4,0,0.0,0.0,0,0,0,0,0,0,0,0,0,0,0,0,0,0,0,0,0,0.0,0.0,0,0,0,0,0,0,0,0,0,0,0,0,0,0,0,0,0.0,0.0,0.0,0,2016-03-14,1.0,0.0,1.0,0.0,
13846426,2016,11,52,5,0,150107A201,150118,0,0,3,0,0.0,0.0,0,0,0,0,0,0,0,0,0,0,0,0,0,0,0,0,0,0.0,0.0,0,0,0,0,0,0,0,0,0,0,0,0,0,0,0,0,0.0,0.0,0.0,0,2016-03-21,1.0,0.0,1.0,0.0,
13809469,2016,12,52,5,0,150107A201,150118,0,0,2,0,0.0,0.0,0,0,0,0,0,0,0,0,0,0,0,0,0,0,0,0,0,0.0,0.0,0,0,0,0,0,0,0,0,0,0,0,0,0,0,0,0,0.0,0.0,0.0,0,2016-03-28,1.0,0.0,1.0,0.0,
13749655,2016,13,52,5,0,150107A201,150118,0,0,6,0,0.0,0.0,0,0,0,0,0,0,0,0,0,0,0,0,0,0,0,0,0,0.0,0.0,0,0,0,0,0,0,0,0,0,0,0,0,0,0,0,0,0.0,0.0,0.0,0,2016-04-04,1.0,0.0,1.0,0.0,
14042218,2016,14,52,5,0,150107A201,150118,0,1,2,0,0.0,0.0,0,0,0,0,0,0,0,0,0,0,0,0,0,0,0,0,0,0.0,0.0,0,0,0,0,0,0,0,0,0,0,0,0,0,0,0,0,0.0,0.0,0.0,0,2016-04-11,1.0,0.0,1.0,0.0,
13786600,2016,15,52,5,0,150107A201,150118,0,0,5,0,0.0,0.0,0,0,0,0,0,0,0,0,0,0,0,0,0,0,0,0,0,0.0,0.0,0,0,0,0,0,0,0,0,0,0,0,0,0,0,0,1,0.0,0.0,0.0,0,2016-04-18,1.0,0.0,1.0,0.0,
14329087,2016,16,52,5,0,150107A201,150118,0,0,2,0,0.0,0.0,0,0,0,0,0,0,0,0,0,0,0,0,0,0,0,0,0,0.0,0.0,0,0,0,0,0,0,0,0,0,0,0,0,0,0,1,3,0.0,0.0,0.0,0,2016-04-26,1.0,0.0,1.0,0.0,
14386138,2016,17,52,5,0,150107A201,150118,0,2,6,0,0.0,0.0,0,0,0,0,0,0,0,0,0,0,0,0,0,0,0,0,0,0.0,0.0,0,0,0,0,0,0,0,0,0,0,0,0,0,0,0,0,0.0,0.0,0.0,0,2016-05-02,1.0,0.0,1.0,0.0,
14016172,2016,18,52,5,0,150107A201,150118,0,1,0,0,0.0,0.0,0,0,0,0,0,0,0,0,0,0,0,0,0,0,0,0,0,0.0,0.0,0,0,0,0,0,0,0,0,0,0,0,0,0,0,0,0,0.0,0.0,0.0,0,2016-05-09,1.0,0.0,1.0,0.0,
14417248,2016,19,52,5,0,150107A201,150118,0,0,7,0,0.0,0.0,0,0,0,0,0,0,0,0,0,0,0,0,0,0,0,0,0,0.0,0.0,0,0,0,0,0,0,0,0,0,0,0,0,0,0,0,0,0.0,0.0,0.0,0,2016-05-16,1.0,0.0,1.0,0.0,
14438950,2016,20,52,5,0,150107A201,150118,0,4,4,0,0.0,0.0,0,0,0,0,0,0,0,0,0,0,0,0,0,0,0,0,0,0.0,0.0,0,0,0,0,0,0,0,0,0,0,0,0,0,0,0,0,0.0,0.0,0.0,0,2016-05-23,1.0,0.0,1.0,0.0,
14461237,2016,21,52,5,0,150107A201,150118,1,0,7,0,0.0,0.0,0,0,0,0,0,0,0,0,0,0,0,0,0,0,0,0,0,0.0,0.0,0,0,0,0,0,0,0,0,0,0,0,0,0,0,0,0,0.0,0.0,0.0,0,2016-05-30,1.0,0.0,1.0,0.0,
14495848,2016,22,52,5,0,150107A201,150118,0,0,6,0,0.0,0.0,0,0,0,0,0,0,0,0,0,0,0,0,0,0,0,0,0,0.0,0.0,0,0,0,0,0,0,0,0,0,0,0,0,0,0,0,0,0.0,0.0,0.0,0,2016-06-06,1.0,0.0,1.0,0.0,
14525434,2016,23,52,5,0,150107A201,150118,0,0,4,0,0.0,0.0,0,0,0,0,0,0,0,0,0,0,0,0,0,0,0,0,0,0.0,0.0,0,0,0,0,0,0,0,0,0,0,0,0,0,0,0,1,0.0,0.0,0.0,0,2016-06-13,1.0,0.0,1.0,0.0,
13774045,2016,24,52,5,0,150107A201,150118,0,1,2,0,0.0,0.0,0,0,0,0,0,0,0,0,0,0,0,0,0,0,0,0,0,0.0,0.0,0,0,0,0,0,0,0,0,0,0,0,0,0,0,0,0,0.0,0.0,0.0,0,2016-06-20,1.0,0.0,1.0,0.0,
14527855,2016,25,52,5,0,150107A201,150118,0,0,6,0,0.0,0.0,0,0,0,0,0,0,0,0,0,0,0,0,0,0,0,0,0,0.0,0.0,0,0,0,0,0,0,0,0,0,0,0,0,0,0,0,0,0.0,0.0,0.0,0,2016-06-27,1.0,0.0,1.0,0.0,
14530459,2016,26,52,5,0,150107A201,150118,0,0,4,0,0.0,0.0,0,0,0,0,0,0,0,0,0,0,0,0,0,0,0,0,0,0.0,0.0,0,0,0,0,0,0,0,0,0,0,0,0,0,0,0,0,0.0,0.0,0.0,0,2016-07-04,1.0,0.0,1.0,0.0,
14554012,2016,27,52,5,0,150107A201,150118,0,2,6,0,0.0,0.0,0,0,0,0,0,0,0,0,0,0,0,0,0,0,0,0,0,0.0,0.0,0,0,0,0,0,0,0,0,0,0,0,0,0,0,0,0,0.0,0.0,0.0,0,2016-07-11,1.0,0.0,1.0,0.0,
14578843,2016,28,52,5,0,150107A201,150118,0,0,4,0,0.0,0.0,0,0,0,0,0,0,0,0,0,0,0,0,0,0,0,0,0,0.0,0.0,0,0,0,0,0,0,0,0,0,0,0,0,0,0,0,0,0.0,0.0,0.0,0,2016-07-18,1.0,0.0,,0.0,
14615170,2016,29,52,5,0,150107A201,150118,0,0,5,0,0.0,0.0,0,0,0,0,0,0,0,0,0,0,0,0,0,0,0,0,0,0.0,0.0,0,0,0,0,0,0,0,0,0,0,0,0,0,0,0,0,0.0,0.0,0.0,0,2016-07-25,1.0,,1.0,0.0,
14639803,2016,30,52,5,0,150107A201,150118,0,0,6,0,0.0,0.0,0,0,0,0,0,0,0,0,0,0,0,0,0,0,0,0,0,0.0,0.0,0,0,0,0,0,0,0,0,0,0,0,0,0,0,0,0,0.0,0.0,0.0,0,2016-08-01,1.0,0.0,1.0,0.0,
14660899,2016,31,52,5,0,150107A201,150118,0,0,9,0,0.0,0.0,0,0,0,0,0,0,0,0,0,0,0,0,0,0,0,0,0,0.0,0.0,0,0,0,0,0,0,0,0,0,0,0,0,0,0,0,1,0.0,0.0,0.0,0,2016-08-08,1.0,0.0,1.0,0.0,
14683582,2016,32,52,5,0,150107A201,150118,0,1,3,0,0.0,0.0,0,0,0,0,0,0,0,0,0,0,0,0,0,0,0,0,0,0.0,0.0,0,0,0,0,0,0,0,0,0,0,0,0,0,0,0,0,0.0,0.0,0.0,0,2016-08-15,1.0,0.0,1.0,0.0,
14050885,2016,33,52,5,0,150107A201,150118,0,0,2,0,0.0,0.0,0,0,0,0,0,0,0,0,0,0,0,0,0,0,0,0,0,0.0,0.0,0,0,0,0,0,0,0,0,0,0,0,0,0,0,0,0,0.0,0.0,0.0,0,2016-08-22,1.0,0.0,1.0,0.0,
14059759,2016,34,52,5,0,150107A201,150118,0,0,4,0,0.0,0.0,0,0,0,0,0,0,0,0,0,0,0,0,0,0,0,0,0,0.0,0.0,0,0,0,0,0,0,0,0,0,0,0,0,0,0,0,0,0.0,0.0,0.0,0,2016-08-29,1.0,0.0,1.0,0.0,
14534986,2016,35,52,5,0,150107A201,150118,0,0,4,0,0.0,0.0,0,0,0,0,0,0,0,0,0,0,0,0,0,0,0,0,0,0.0,0.0,0,0,0,0,0,0,0,0,0,0,0,0,0,0,0,0,0.0,0.0,0.0,0,2016-09-05,1.0,0.0,1.0,0.0,
14281942,2016,36,52,5,0,150107A201,150118,0,0,4,0,0.0,0.0,0,0,0,0,0,0,0,0,0,0,0,0,0,0,0,0,0,0.0,0.0,0,0,0,0,0,0,0,0,0,0,0,0,0,0,0,0,0.0,0.0,0.0,0,2016-09-12,1.0,0.0,1.0,0.0,
14056498,2016,37,52,5,0,150107A201,150118,0,2,9,0,0.0,0.0,0,0,0,0,0,0,0,0,0,0,0,0,0,0,0,0,0,0.0,0.0,0,0,0,0,0,0,0,0,0,0,0,0,0,0,0,0,0.0,0.0,0.0,0,2016-09-19,1.0,0.0,1.0,0.0,
14647435,2016,38,52,5,0,150107A201,150118,0,0,3,0,0.0,0.0,0,0,0,0,0,0,0,0,0,0,0,0,0,0,0,0,0,0.0,0.0,0,0,0,0,0,0,0,0,0,0,0,0,0,0,0,0,0.0,0.0,0.0,0,2016-09-26,1.0,0.0,1.0,0.0,
14333614,2016,39,52,5,0,150107A201,150118,0,0,11,0,0.0,0.0,0,0,0,0,0,0,0,0,0,0,0,0,0,0,0,0,0,0.0,0.0,0,0,0,0,0,0,0,0,0,0,0,0,0,0,0,0,0.0,0.0,0.0,0,2016-10-03,1.0,0.0,1.0,0.0,
14707477,2016,40,52,5,0,150107A201,150118,0,1,4,0,0.0,0.0,0,0,0,0,0,0,0,0,0,0,0,0,0,0,0,0,0,0.0,0.0,0,0,0,0,0,0,0,0,0,0,0,0,0,0,0,0,0.0,0.0,0.0,0,2016-10-10,1.0,0.0,1.0,0.0,
14054002,2016,41,52,5,0,150107A201,150118,0,0,6,0,0.0,0.0,0,0,0,0,0,0,0,0,0,0,0,0,0,0,0,0,0,0.0,0.0,0,0,0,0,0,0,0,0,0,0,0,0,0,0,0,0,0.0,0.0,0.0,0,2016-10-17,1.0,0.0,1.0,0.0,
14691649,2016,42,52,5,0,150107A201,150118,0,0,5,0,0.0,0.0,0,0,0,0,0,0,0,0,0,0,0,0,0,0,0,0,0,0.0,0.0,0,0,0,0,0,0,0,0,0,0,0,0,0,0,0,0,0.0,0.0,0.0,0,2016-10-24,1.0,0.0,1.0,0.0,
13863865,2016,43,52,5,0,150107A201,150118,0,0,3,0,0.0,0.0,0,0,0,0,0,0,0,0,0,0,0,0,0,0,0,0,0,0.0,0.0,0,0,0,0,0,0,0,0,0,0,0,0,0,0,0,0,0.0,0.0,0.0,0,2016-10-31,1.0,0.0,1.0,0.0,
13887250,2016,44,52,5,0,150107A201,150118,0,1,5,0,0.0,0.0,0,0,0,0,0,0,0,0,0,0,0,0,0,0,0,0,0,0.0,0.0,0,0,0,0,0,0,0,0,0,0,0,0,0,0,0,0,0.0,0.0,0.0,0,2016-11-07,1.0,0.0,1.0,0.0,
14076706,2016,45,52,5,0,150107A201,150118,0,0,3,0,0.0,0.0,0,0,0,0,0,0,0,0,0,0,0,0,0,0,0,0,0,0.0,0.0,0,0,0,0,0,0,0,0,0,0,0,0,0,0,0,0,0.0,0.0,0.0,0,2016-11-14,1.0,0.0,1.0,0.0,
13892137,2016,47,52,5,0,150107A201,150118,0,0,1,0,0.0,0.0,0,0,0,0,0,0,0,0,0,0,0,0,0,0,0,0,0,0.0,0.0,0,0,0,0,0,0,0,0,0,0,0,0,0,0,0,0,0.0,0.0,0.0,0,2016-11-28,1.0,0.0,1.0,0.0,
13911472,2016,48,52,5,0,150107A201,150118,0,1,3,0,0.0,0.0,0,0,0,0,0,0,0,0,0,0,0,0,0,0,0,0,0,0.0,0.0,0,0,0,0,0,0,0,0,0,0,0,0,0,0,0,0,0.0,0.0,0.0,0,2016-12-05,1.0,0.0,1.0,0.0,
14102089,2016,49,52,5,0,150107A201,150118,0,1,0,0,0.0,0.0,0,0,0,0,0,0,0,0,0,0,0,0,0,0,0,0,0,0.0,0.0,0,0,0,0,0,0,0,0,0,0,0,0,0,0,0,0,0.0,0.0,0.0,0,2016-12-12,1.0,0.0,1.0,0.0,
13728343,2016,50,52,5,0,150107A201,150118,0,1,2,0,0.0,0.0,0,0,0,0,0,0,0,0,0,0,0,0,0,0,0,0,0,0.0,0.0,0,0,0,0,0,0,0,0,0,0,0,0,0,0,0,0,0.0,0.0,0.0,0,2016-12-19,1.0,0.0,1.0,0.0,
13916506,2016,51,52,5,0,150107A201,150118,0,0,1,0,0.0,0.0,0,0,0,0,0,0,0,0,0,0,0,0,0,0,0,0,0,0.0,0.0,0,0,0,0,0,0,0,0,0,0,0,0,0,0,0,0,0.0,0.0,0.0,0,2016-12-26,1.0,0.0,1.0,0.0,
14126953,2016,52,52,5,0,150107A201,150118,0,1,2,0,0.0,0.0,0,0,0,0,0,0,0,0,0,0,0,0,0,0,0,0,0,0.0,0.0,0,0,0,0,0,0,0,0,0,0,0,0,0,0,0,0,0.0,0.0,0.0,0,2017-01-02,1.0,,1.0,0.0,
14754046,2017,52,52,5,0,150107A201,150101,0,0,3,0,0.0,0.0,0,0,0,0,0,0,0,0,0,0,0,0,0,0,0,0,0,0.0,0.0,0,0,0,0,0,0,0,0,0,0,0,0,0,0,0,0,0.0,,,0,2018-01-02,1.0,0.0,1.0,0.0,9764543.0
15286039,2017,17,52,5,0,150107A201,150103,0,0,2,0,0.0,0.0,0,0,0,0,0,0,0,0,0,0,0,0,0,0,0,0,0,0.0,0.0,0,0,0,0,0,0,0,0,0,0,0,0,0,0,0,0,0.0,,,0,2017-05-02,1.0,0.0,1.0,0.0,7666175.0
14738206,2017,1,52,5,0,150107A201,150107,1,5,8,0,,,0,0,0,0,0,0,0,0,0,0,0,0,0,0,0,0,0,0.0,0.0,0,0,0,0,0,0,0,0,0,0,0,0,0,0,0,0,0.0,,,0,2017-01-09,1.0,0.0,1.0,0.0,7666175.0
14919928,2017,2,52,5,0,150107A201,150107,1,1,2,0,,,0,0,0,0,0,0,0,0,0,0,0,0,0,0,0,0,0,0.0,0.0,0,0,0,0,0,0,0,0,0,0,0,0,0,0,0,0,0.0,,,0,2017-01-16,1.0,0.0,1.0,0.0,7666175.0
15033835,2017,3,52,5,0,150107A201,150107,0,4,2,0,,,0,0,0,0,0,0,0,0,0,0,0,0,0,0,0,0,0,0.0,0.0,0,0,0,0,0,0,0,0,0,0,0,0,0,0,0,0,0.0,,,0,2017-01-23,1.0,0.0,1.0,0.0,7666175.0
15013978,2017,4,52,5,0,150107A201,150107,0,2,0,0,,,0,0,0,0,0,0,0,0,0,0,0,0,0,0,0,0,0,0.0,0.0,0,0,0,0,0,0,0,0,0,0,0,0,0,0,0,0,0.0,,,0,2017-01-30,1.0,0.0,1.0,0.0,7666175.0
14997733,2017,5,52,5,0,150107A201,150107,1,1,7,0,,,0,0,0,0,0,0,0,0,0,0,0,0,0,0,0,0,0,0.0,0.0,0,0,0,0,0,0,0,0,0,0,0,0,0,0,0,0,0.0,,,0,2017-02-06,1.0,0.0,1.0,0.0,7666175.0
15098260,2017,6,52,5,0,150107A201,150107,0,0,5,0,,,0,0,0,0,0,0,0,0,0,0,0,0,0,0,0,0,0,0.0,0.0,0,0,0,0,0,0,0,0,0,0,0,0,0,0,0,1,0.0,,,0,2017-02-13,1.0,0.0,1.0,0.0,7666175.0
15073624,2017,7,52,5,0,150107A201,150107,0,1,7,0,,,0,0,0,0,0,0,0,0,0,0,0,0,0,0,0,0,0,0.0,0.0,0,0,0,0,0,0,0,0,0,0,0,0,0,0,0,0,0.0,,,0,2017-02-20,1.0,0.0,1.0,0.0,7666175.0
15051730,2017,8,52,5,0,150107A201,150107,0,3,10,0,,,0,0,0,0,0,0,0,0,0,0,0,0,0,0,0,0,0,0.0,0.0,0,0,0,0,0,0,0,0,0,0,0,0,0,0,0,0,0.0,,,0,2017-02-27,1.0,0.0,1.0,0.0,7666175.0
15104641,2017,9,52,5,0,150107A201,150107,0,1,2,0,0.0,0.0,0,0,0,0,0,0,0,0,0,0,0,0,0,0,0,0,0,0.0,0.0,0,0,0,0,0,0,0,0,0,0,0,0,0,0,0,1,0.0,0.0,0.0,0,2017-03-06,1.0,,1.0,0.0,7666175.0
15129823,2017,10,52,5,0,150107A201,150107,0,1,8,0,0.0,0.0,0,0,0,0,0,0,0,0,0,0,0,0,0,0,0,0,0,0.0,0.0,0,0,0,0,0,0,0,0,0,0,0,0,0,0,0,0,0.0,,,0,2017-03-13,1.0,,1.0,0.0,7666175.0
15161059,2017,11,52,5,0,150107A201,150107,0,1,9,0,0.0,0.0,0,0,0,0,0,0,0,0,0,0,0,0,0,0,0,0,0,0.0,0.0,0,0,0,0,0,0,0,0,0,0,0,0,0,0,0,0,0.0,,,0,2017-03-20,1.0,0.0,1.0,0.0,7666175.0
15177529,2017,12,52,5,0,150107A201,150107,11,2,10,0,0.0,0.0,0,0,0,0,0,0,0,0,0,0,0,0,0,0,0,0,0,0.0,0.0,0,0,0,0,0,0,0,0,0,0,0,0,0,0,0,0,0.0,,,0,2017-03-27,1.0,0.0,1.0,0.0,7666175.0
15203110,2017,13,52,5,0,150107A201,150107,0,3,5,0,0.0,0.0,0,0,0,0,0,0,0,0,0,0,0,0,0,0,0,0,0,0.0,0.0,0,0,0,0,0,0,0,0,0,0,0,0,0,0,0,0,0.0,,,0,2017-04-03,1.0,0.0,1.0,0.0,7666175.0
15227308,2017,14,52,5,0,150107A201,150107,0,1,7,0,0.0,0.0,0,0,0,0,0,0,0,0,0,0,0,0,0,0,0,0,0,0.0,0.0,0,0,0,0,0,0,0,0,0,0,0,0,0,0,1,0,0.0,,,0,2017-04-10,1.0,0.0,1.0,0.0,7666175.0
15247042,2017,15,52,5,0,150107A201,150107,0,1,14,0,0.0,0.0,0,0,0,0,0,0,0,0,0,0,0,0,0,0,0,0,0,0.0,0.0,0,0,0,0,0,0,0,0,0,0,0,0,0,0,0,0,0.0,,,0,2017-04-17,1.0,0.0,1.0,0.0,7666175.0
15266554,2017,16,52,5,0,150107A201,150107,1,0,26,0,0.0,0.0,0,0,0,0,0,0,0,0,0,0,0,0,0,0,0,0,0,0.0,0.0,0,0,0,0,0,0,0,0,0,0,0,0,0,0,0,0,0.0,,,0,2017-04-24,1.0,0.0,1.0,0.0,7666175.0
15286012,2017,17,52,5,0,150107A201,150107,0,2,16,0,0.0,0.0,0,0,0,0,0,0,0,0,0,0,0,0,0,0,0,0,0,0.0,0.0,0,0,0,0,0,0,0,0,0,0,0,0,0,0,0,0,0.0,,,0,2017-05-02,1.0,0.0,1.0,0.0,7666175.0
15321055,2017,18,52,5,0,150107A201,150107,0,1,22,0,0.0,0.0,0,0,0,0,0,0,0,0,0,0,0,0,0,0,0,0,0,0.0,0.0,0,0,0,0,0,0,0,0,0,0,0,0,0,0,0,0,0.0,,,0,2017-05-08,1.0,0.0,1.0,0.0,7666175.0
15340804,2017,19,52,5,0,150107A201,150107,1,2,17,0,0.0,0.0,0,0,0,0,0,0,0,0,0,0,0,0,0,0,0,0,0,0.0,0.0,0,0,0,0,0,0,0,0,0,0,0,0,0,0,0,0,0.0,,,0,2017-05-15,1.0,0.0,1.0,0.0,7666175.0
15364207,2017,20,52,5,0,150107A201,150107,0,1,24,0,0.0,0.0,0,0,0,0,0,0,0,0,0,0,0,0,0,0,0,0,0,0.0,0.0,0,0,0,0,0,0,0,0,0,0,0,0,0,0,0,0,0.0,,,0,2017-05-22,1.0,0.0,1.0,0.0,7666175.0
15379804,2017,21,52,5,0,150107A201,150107,1,1,14,0,0.0,0.0,0,0,0,0,0,0,0,0,0,0,0,0,0,0,0,0,0,0.0,0.0,0,0,0,0,0,0,0,0,0,0,0,0,0,0,0,0,0.0,,,0,2017-05-29,1.0,0.0,1.0,0.0,7666175.0
15417823,2017,22,52,5,0,150107A201,150107,0,1,24,0,0.0,0.0,0,0,0,0,0,0,0,0,0,0,0,0,0,0,0,0,0,0.0,0.0,0,0,0,0,0,0,0,0,0,0,0,0,0,0,0,0,0.0,,,0,2017-06-05,1.0,0.0,1.0,0.0,7666175.0
15440071,2017,23,52,5,0,150107A201,150107,1,3,27,0,0.0,0.0,0,0,0,0,0,0,0,0,0,0,0,0,0,0,0,0,0,0.0,0.0,0,0,0,0,0,0,0,0,0,0,0,0,0,0,0,0,0.0,,,0,2017-06-12,1.0,0.0,1.0,0.0,7666175.0
15460198,2017,24,52,5,0,150107A201,150107,1,5,30,0,0.0,0.0,0,0,0,0,0,0,0,0,0,0,0,0,0,0,0,0,0,0.0,0.0,0,0,0,0,0,0,0,0,0,0,0,0,0,0,0,0,0.0,,,0,2017-06-19,1.0,0.0,1.0,0.0,7666175.0
15481615,2017,25,52,5,0,150107A201,150107,0,4,22,0,0.0,0.0,0,0,0,0,0,0,0,0,0,0,0,0,0,0,0,0,0,0.0,0.0,0,0,0,0,0,0,0,0,0,0,0,0,0,0,0,0,0.0,,,0,2017-06-26,1.0,0.0,1.0,0.0,7666175.0
15500866,2017,26,52,5,0,150107A201,150107,1,3,18,0,0.0,0.0,0,0,0,0,0,0,0,0,0,0,0,0,0,0,0,0,0,0.0,0.0,0,0,0,0,0,0,0,0,0,0,0,0,0,0,0,1,0.0,,,0,2017-07-03,1.0,0.0,1.0,0.0,7666175.0
15517639,2017,27,52,5,0,150107A201,150107,0,2,12,0,0.0,0.0,0,0,0,0,0,0,0,0,0,0,0,0,0,0,0,0,0,0.0,0.0,0,0,0,0,0,0,0,0,0,0,0,0,0,0,0,1,0.0,,,0,2017-07-10,1.0,0.0,1.0,0.0,7666175.0
15542479,2017,28,52,5,0,150107A201,150107,0,1,15,0,0.0,0.0,0,0,0,0,0,0,0,0,0,0,0,0,0,0,0,0,0,0.0,0.0,0,0,0,0,0,0,0,0,0,0,0,0,0,0,1,0,0.0,,,0,2017-07-17,1.0,0.0,1.0,0.0,7666175.0
15565819,2017,29,52,5,0,150107A201,150107,0,0,10,0,0.0,0.0,0,0,0,0,0,0,0,0,0,0,0,0,0,0,0,0,0,0.0,0.0,0,0,0,0,0,0,0,0,0,0,0,0,0,0,1,0,0.0,,,0,2017-07-24,1.0,0.0,1.0,0.0,7666175.0
15585625,2017,30,52,5,0,150107A201,150107,1,5,8,0,0.0,0.0,0,0,0,0,0,0,0,0,0,0,0,0,0,0,0,0,0,0.0,0.0,0,0,0,0,0,0,0,0,0,0,0,0,0,0,0,0,0.0,,,0,2017-07-31,1.0,0.0,1.0,0.0,7666175.0
15605737,2017,31,52,5,0,150107A201,150107,0,0,6,0,0.0,0.0,0,0,0,0,0,0,0,0,0,0,0,0,0,0,0,0,0,0.0,0.0,0,0,0,0,0,0,0,0,0,0,0,0,0,0,0,0,0.0,,,0,2017-08-07,1.0,0.0,1.0,0.0,7666175.0
15625819,2017,32,52,5,0,150107A201,150107,0,1,6,0,0.0,0.0,0,0,0,0,0,0,0,0,0,0,0,0,0,0,0,0,0,0.0,0.0,0,0,0,0,0,0,0,0,0,0,0,0,0,0,0,0,0.0,,,0,2017-08-14,1.0,0.0,1.0,0.0,7666175.0
15644875,2017,33,52,5,0,150107A201,150107,0,5,7,0,0.0,0.0,0,0,0,0,0,0,0,0,0,0,0,0,0,0,0,0,0,0.0,0.0,0,0,0,0,0,0,0,0,0,0,0,0,0,0,0,0,0.0,,,0,2017-08-21,1.0,0.0,1.0,0.0,7666175.0
15665128,2017,34,52,5,0,150107A201,150107,0,1,6,0,0.0,0.0,0,0,0,0,0,0,0,0,0,0,0,0,0,0,0,0,0,0.0,0.0,0,0,0,0,0,0,0,0,0,0,0,0,0,0,0,0,0.0,,,0,2017-08-28,1.0,0.0,1.0,0.0,7666175.0
15687895,2017,35,52,5,0,150107A201,150107,0,1,9,0,0.0,0.0,0,0,0,0,0,0,0,0,0,0,0,0,0,0,0,0,0,0.0,0.0,0,0,0,0,0,0,0,0,0,0,0,0,0,0,0,0,0.0,,,0,2017-09-04,1.0,0.0,1.0,0.0,45508339.0
15703576,2017,36,52,5,0,150107A201,150107,0,0,14,0,0.0,0.0,0,0,0,0,0,0,0,0,0,0,0,0,0,0,0,0,0,0.0,0.0,0,0,0,0,0,0,0,0,0,0,0,0,0,0,0,0,0.0,,,0,2017-09-11,1.0,0.0,1.0,0.0,45508339.0
15722698,2017,37,52,5,0,150107A201,150107,0,2,10,0,0.0,0.0,0,0,0,0,0,0,0,0,0,0,0,0,0,0,0,0,0,0.0,0.0,0,0,0,0,0,0,0,0,0,0,0,0,0,0,0,0,0.0,,,0,2017-09-18,1.0,0.0,1.0,0.0,45508339.0
15741004,2017,38,52,5,0,150107A201,150107,0,1,14,0,0.0,0.0,0,0,0,0,0,0,0,0,0,0,0,0,0,0,0,0,0,0.0,0.0,0,0,0,0,0,0,0,0,0,0,0,0,0,0,0,1,0.0,,,0,2017-09-25,1.0,0.0,1.0,0.0,45508339.0
15765550,2017,39,52,5,0,150107A201,150107,0,2,13,0,0.0,0.0,0,0,0,0,0,0,0,0,0,0,0,0,0,0,0,0,0,0.0,0.0,0,0,0,0,0,0,0,0,0,0,0,0,0,0,0,0,0.0,,,0,2017-10-02,1.0,0.0,1.0,0.0,45508339.0
15391483,2017,40,52,5,0,150107A201,150107,0,4,16,0,0.0,0.0,0,0,0,0,0,0,0,0,0,0,0,0,0,0,0,0,0,0.0,0.0,0,0,0,0,0,0,0,0,0,0,0,0,0,0,0,0,0.0,,,0,2017-10-09,1.0,0.0,1.0,0.0,45508339.0
15210505,2017,41,52,5,0,150107A201,150107,0,3,18,0,0.0,0.0,0,0,0,0,0,0,0,0,0,0,0,0,0,0,0,0,0,0.0,0.0,0,0,0,0,0,0,0,0,0,0,0,0,0,0,0,0,0.0,,,0,2017-10-16,1.0,0.0,1.0,0.0,45508339.0
14974579,2017,42,52,5,0,150107A201,150107,1,4,14,0,0.0,0.0,0,0,0,0,0,0,0,0,0,0,0,0,0,0,0,0,0,0.0,0.0,0,0,0,0,0,0,0,0,0,0,0,0,0,0,0,0,0.0,,,0,2017-10-23,1.0,0.0,1.0,0.0,45508339.0
14947531,2017,43,52,5,0,150107A201,150107,1,2,9,0,0.0,0.0,0,0,0,0,0,0,0,0,0,0,0,0,0,0,0,0,0,0.0,0.0,0,0,0,0,0,0,0,0,0,0,0,0,0,0,0,0,0.0,,,0,2017-10-30,1.0,0.0,1.0,0.0,45508339.0
14928502,2017,44,52,5,0,150107A201,150107,0,7,3,0,0.0,0.0,0,0,0,0,0,0,0,0,0,0,0,0,0,0,0,0,0,0.0,0.0,0,0,0,0,0,0,0,0,0,0,0,0,0,0,0,0,0.0,,,0,2017-11-06,1.0,0.0,1.0,0.0,9764543.0
14905429,2017,45,52,5,0,150107A201,150107,0,2,5,0,0.0,0.0,0,0,0,0,0,0,0,0,0,0,0,0,0,0,0,0,0,0.0,0.0,0,0,0,0,0,0,0,0,0,0,0,0,0,0,0,0,0.0,,,0,2017-11-13,1.0,0.0,1.0,0.0,9764543.0
14878609,2017,46,52,5,0,150107A201,150107,0,2,12,0,0.0,0.0,0,0,0,0,0,0,0,0,0,0,0,0,0,0,0,0,0,0.0,0.0,0,0,0,0,0,0,0,0,0,0,0,0,0,0,0,0,0.0,,,0,2017-11-20,1.0,0.0,1.0,0.0,9764543.0
14861533,2017,47,52,5,0,150107A201,150107,0,0,13,0,0.0,0.0,0,0,0,0,0,0,0,0,0,0,0,0,0,0,0,0,0,0.0,0.0,0,0,0,0,0,0,0,0,0,0,0,0,0,0,0,0,0.0,,,0,2017-11-27,,,1.0,0.0,9764543.0
14836195,2017,48,52,5,0,150107A201,150107,1,3,14,0,0.0,0.0,0,0,0,0,0,0,0,0,0,0,0,0,0,0,0,0,0,0.0,0.0,0,0,0,0,0,0,0,0,0,0,0,0,0,0,1,0,0.0,,,0,2017-12-04,1.0,0.0,1.0,0.0,9764543.0
14818690,2017,49,52,5,0,150107A201,150107,0,3,18,0,0.0,0.0,0,0,0,0,0,0,0,0,0,0,0,0,0,0,0,0,0,0.0,0.0,0,0,0,0,0,0,0,0,0,0,0,0,0,0,0,0,0.0,,,0,2017-12-11,1.0,0.0,1.0,0.0,9764543.0
14797582,2017,50,52,5,0,150107A201,150107,0,1,11,0,0.0,0.0,0,0,0,0,0,0,0,0,0,0,0,0,0,0,0,0,0,0.0,0.0,0,0,0,0,0,0,0,0,0,0,0,0,0,0,1,0,0.0,,,0,2017-12-18,1.0,0.0,1.0,0.0,9764543.0
14769553,2017,51,52,5,0,150107A201,150107,0,0,9,0,0.0,0.0,0,0,0,0,0,0,0,0,0,0,0,0,0,0,0,0,0,0.0,0.0,0,0,0,0,0,0,0,0,0,0,0,0,0,0,0,0,0.0,,,0,2017-12-26,1.0,0.0,1.0,0.0,9764543.0
14754067,2017,52,52,5,0,150107A201,150107,0,1,12,0,0.0,0.0,0,0,0,0,0,0,0,0,0,0,0,0,0,0,0,0,0,0.0,0.0,0,0,0,0,0,0,0,0,0,0,0,0,0,0,0,0,0.0,,,0,2018-01-02,,,1.0,0.0,9764543.0
15033820,2017,3,52,5,0,150107A201,150118,0,0,1,0,,,0,0,0,0,0,0,0,0,0,0,0,0,0,0,0,0,0,0.0,0.0,0,0,0,0,0,0,0,0,0,0,0,0,0,0,0,0,0.0,,,0,2017-01-23,1.0,0.0,1.0,0.0,7666175.0
15098278,2017,6,52,5,0,150107A201,150118,0,0,1,0,,,0,0,0,0,0,0,0,0,0,0,0,0,0,0,0,0,0,0.0,0.0,0,0,0,0,0,0,0,0,0,0,0,0,0,0,0,0,0.0,,,0,2017-02-13,1.0,0.0,1.0,0.0,7666175.0
15073612,2017,7,52,5,0,150107A201,150118,0,0,4,0,,,0,0,0,0,0,0,0,0,0,0,0,0,0,0,0,0,0,0.0,0.0,0,0,0,0,0,0,0,0,0,0,0,0,0,0,0,0,0.0,,,0,2017-02-20,1.0,0.0,1.0,0.0,7666175.0
15051718,2017,8,52,5,0,150107A201,150118,1,0,0,0,,,0,0,0,0,0,0,0,0,0,0,0,0,0,0,0,0,0,0.0,0.0,0,0,0,0,0,0,0,0,0,0,0,0,0,0,0,0,0.0,,,0,2017-02-27,1.0,0.0,1.0,0.0,7666175.0
15104674,2017,9,52,5,0,150107A201,150118,0,0,1,0,0.0,0.0,0,0,0,0,0,0,0,0,0,0,0,0,0,0,0,0,0,0.0,0.0,0,0,0,0,0,0,0,0,0,0,0,0,0,0,0,0,0.0,0.0,0.0,0,2017-03-06,1.0,,1.0,0.0,7666175.0
15129211,2017,10,52,5,0,150107A201,150118,0,0,1,0,0.0,0.0,0,0,0,0,0,0,0,0,0,0,0,0,0,0,0,0,0,0.0,0.0,0,0,0,0,0,0,0,0,0,0,0,0,0,0,0,0,0.0,,,0,2017-03-13,1.0,,1.0,0.0,7666175.0
15161080,2017,11,52,5,0,150107A201,150118,0,1,3,0,0.0,0.0,0,0,0,0,0,0,0,0,0,0,0,0,0,0,0,0,0,0.0,0.0,0,0,0,0,0,0,0,0,0,0,0,0,0,0,0,0,0.0,,,0,2017-03-20,1.0,0.0,1.0,0.0,7666175.0
15177541,2017,12,52,5,0,150107A201,150118,0,1,1,0,0.0,0.0,0,0,0,0,0,0,0,0,0,0,0,0,0,0,0,0,0,0.0,0.0,0,0,0,0,0,0,0,0,0,0,0,0,0,0,0,0,0.0,,,0,2017-03-27,1.0,0.0,1.0,0.0,7666175.0
15203116,2017,13,52,5,0,150107A201,150118,0,0,2,0,0.0,0.0,0,0,0,0,0,0,0,0,0,0,0,0,0,0,0,0,0,0.0,0.0,0,0,0,0,0,0,0,0,0,0,0,0,0,0,0,0,0.0,,,0,2017-04-03,1.0,0.0,1.0,0.0,7666175.0
15247069,2017,15,52,5,0,150107A201,150118,0,1,4,0,0.0,0.0,0,0,0,0,0,0,0,0,0,0,0,0,0,0,0,0,0,0.0,0.0,0,0,0,0,0,0,0,0,0,0,0,0,0,0,0,0,0.0,,,0,2017-04-17,1.0,0.0,1.0,0.0,7666175.0
15266305,2017,16,52,5,0,150107A201,150118,0,0,3,0,0.0,0.0,0,0,0,0,0,0,0,0,0,0,0,0,0,0,0,0,0,0.0,0.0,0,0,0,0,0,0,0,0,0,0,0,0,0,0,0,0,0.0,,,0,2017-04-24,1.0,0.0,1.0,0.0,7666175.0
15286021,2017,17,52,5,0,150107A201,150118,0,0,4,0,0.0,0.0,0,0,0,0,0,0,0,0,0,0,0,0,0,0,0,0,0,0.0,0.0,0,0,0,0,0,0,0,0,0,0,0,0,0,0,0,0,0.0,,,0,2017-05-02,1.0,0.0,1.0,0.0,7666175.0
15321079,2017,18,52,5,0,150107A201,150118,0,1,0,0,0.0,0.0,0,0,0,0,0,0,0,0,0,0,0,0,0,0,0,0,0,0.0,0.0,0,0,0,0,0,0,0,0,0,0,0,0,0,0,0,0,0.0,,,0,2017-05-08,1.0,0.0,1.0,0.0,7666175.0
15340819,2017,19,52,5,0,150107A201,150118,0,0,1,0,0.0,0.0,0,0,0,0,0,0,0,0,0,0,0,0,0,0,0,0,0,0.0,0.0,0,0,0,0,0,0,0,0,0,0,0,0,0,0,0,0,0.0,,,0,2017-05-15,1.0,0.0,1.0,0.0,7666175.0
15364222,2017,20,52,5,0,150107A201,150118,0,0,3,0,0.0,0.0,0,0,0,0,0,0,0,0,0,0,0,0,0,0,0,0,0,0.0,0.0,0,0,0,0,0,0,0,0,0,0,0,0,0,0,0,0,0.0,,,0,2017-05-22,1.0,0.0,1.0,0.0,7666175.0
15379789,2017,21,52,5,0,150107A201,150118,0,1,1,0,0.0,0.0,0,0,0,0,0,0,0,0,0,0,0,0,0,0,0,0,0,0.0,0.0,0,0,0,0,0,0,0,0,0,0,0,0,0,0,0,0,0.0,,,0,2017-05-29,1.0,0.0,1.0,0.0,7666175.0
15440077,2017,23,52,5,0,150107A201,150118,0,0,5,0,0.0,0.0,0,0,0,0,0,0,0,0,0,0,0,0,0,0,0,0,0,0.0,0.0,0,0,0,0,0,0,0,0,0,0,0,0,0,0,0,0,0.0,,,0,2017-06-12,1.0,0.0,1.0,0.0,7666175.0
15460213,2017,24,52,5,0,150107A201,150118,0,0,5,0,0.0,0.0,0,0,0,0,0,0,0,0,0,0,0,0,0,0,0,0,0,0.0,0.0,0,0,0,0,0,0,0,0,0,0,0,0,0,0,0,0,0.0,,,0,2017-06-19,1.0,0.0,1.0,0.0,7666175.0
15481624,2017,25,52,5,0,150107A201,150118,0,0,4,0,0.0,0.0,0,0,0,0,0,0,0,0,0,0,0,0,0,0,0,0,0,0.0,0.0,0,0,0,0,0,0,0,0,0,0,0,0,0,0,0,0,0.0,,,0,2017-06-26,1.0,0.0,1.0,0.0,7666175.0
15500884,2017,26,52,5,0,150107A201,150118,0,0,7,0,0.0,0.0,0,0,0,0,0,0,0,0,0,0,0,0,0,0,0,0,0,0.0,0.0,0,0,0,0,0,0,0,0,0,0,0,0,0,0,0,0,0.0,,,0,2017-07-03,1.0,0.0,1.0,0.0,7666175.0
15517678,2017,27,52,5,0,150107A201,150118,0,1,3,0,0.0,0.0,0,0,0,0,0,0,0,0,0,0,0,0,0,0,0,0,0,0.0,0.0,0,0,0,0,0,0,0,0,0,0,0,0,0,0,0,0,0.0,,,0,2017-07-10,1.0,0.0,1.0,0.0,7666175.0
15542491,2017,28,52,5,0,150107A201,150118,0,0,4,0,0.0,0.0,0,0,0,0,0,0,0,0,0,0,0,0,0,0,0,0,0,0.0,0.0,0,0,0,0,0,0,0,0,0,0,0,0,0,0,0,0,0.0,,,0,2017-07-17,1.0,0.0,2.0,0.0,7666175.0
15565846,2017,29,52,5,0,150107A201,150118,0,0,3,0,0.0,0.0,0,0,0,0,0,0,0,0,0,0,0,0,0,0,0,0,0,0.0,0.0,0,0,0,0,0,0,0,0,0,0,0,0,0,0,0,0,0.0,,,0,2017-07-24,1.0,0.0,1.0,0.0,7666175.0
15585637,2017,30,52,5,0,150107A201,150118,0,0,5,0,0.0,0.0,0,0,0,0,0,0,0,0,0,0,0,0,0,0,0,0,0,0.0,0.0,0,0,0,0,0,0,0,0,0,0,0,0,0,0,0,0,0.0,,,0,2017-07-31,1.0,0.0,1.0,0.0,7666175.0
15605740,2017,31,52,5,0,150107A201,150118,0,0,2,0,0.0,0.0,0,0,0,0,0,0,0,0,0,0,0,0,0,0,0,0,0,0.0,0.0,0,0,0,0,0,0,0,0,0,0,0,0,0,0,0,0,0.0,,,0,2017-08-07,1.0,0.0,1.0,0.0,7666175.0
15625828,2017,32,52,5,0,150107A201,150118,0,0,2,0,0.0,0.0,0,0,0,0,0,0,0,0,0,0,0,0,0,0,0,0,0,0.0,0.0,0,0,0,0,0,0,0,0,0,0,0,0,0,0,0,0,0.0,,,0,2017-08-14,1.0,0.0,1.0,0.0,7666175.0
15644896,2017,33,52,5,0,150107A201,150118,0,0,2,0,0.0,0.0,0,0,0,0,0,0,0,0,0,0,0,0,0,0,0,0,0,0.0,0.0,0,0,0,0,0,0,0,0,0,0,0,0,0,0,0,0,0.0,,,0,2017-08-21,1.0,0.0,1.0,0.0,7666175.0
15665164,2017,34,52,5,0,150107A201,150118,0,1,2,0,0.0,0.0,0,0,0,0,0,0,0,0,0,0,0,0,0,0,0,0,0,0.0,0.0,0,0,0,0,0,0,0,0,0,0,0,0,0,0,0,0,0.0,,,0,2017-08-28,1.0,0.0,1.0,0.0,7666175.0
15687907,2017,35,52,5,0,150107A201,150118,0,1,6,0,0.0,0.0,0,0,0,0,0,0,0,0,0,0,0,0,0,0,0,0,0,0.0,0.0,0,0,0,0,0,0,0,0,0,0,0,0,0,0,0,0,0.0,,,0,2017-09-04,1.0,0.0,1.0,0.0,45508339.0
15703597,2017,36,52,5,0,150107A201,150118,0,0,3,0,0.0,0.0,0,0,0,0,0,0,0,0,0,0,0,0,0,0,0,0,0,0.0,0.0,0,0,0,0,0,0,0,0,0,0,0,0,0,0,0,0,0.0,,,0,2017-09-11,1.0,0.0,1.0,0.0,45508339.0
15722716,2017,37,52,5,0,150107A201,150118,0,0,2,0,0.0,0.0,0,0,0,0,0,0,0,0,0,0,0,0,0,0,0,0,0,0.0,0.0,0,0,0,0,0,0,0,0,0,0,0,0,0,0,0,0,0.0,,,0,2017-09-18,1.0,0.0,1.0,0.0,45508339.0
15741028,2017,38,52,5,0,150107A201,150118,0,0,3,0,0.0,0.0,0,0,0,0,0,0,0,0,0,0,0,0,0,0,0,0,0,0.0,0.0,0,0,0,0,0,0,0,0,0,0,0,0,0,0,0,0,0.0,,,0,2017-09-25,1.0,0.0,1.0,0.0,45508339.0
15765571,2017,39,52,5,0,150107A201,150118,0,0,1,0,0.0,0.0,0,0,0,0,0,0,0,0,0,0,0,0,0,0,0,0,0,0.0,0.0,0,0,0,0,0,0,0,0,0,0,0,0,0,0,0,0,0.0,,,0,2017-10-02,1.0,0.0,1.0,0.0,45508339.0
15391411,2017,40,52,5,0,150107A201,150118,0,1,3,0,0.0,0.0,0,0,0,0,0,0,0,0,0,0,0,0,0,0,0,0,0,0.0,0.0,0,0,0,0,0,0,0,0,0,0,0,0,0,0,0,0,0.0,,,0,2017-10-09,1.0,0.0,1.0,0.0,45508339.0
15210490,2017,41,52,5,0,150107A201,150118,0,1,2,0,0.0,0.0,0,0,0,0,0,0,0,0,0,0,0,0,0,0,0,0,0,0.0,0.0,0,0,0,0,0,0,0,0,0,0,0,0,0,0,0,0,0.0,,,0,2017-10-16,1.0,0.0,1.0,0.0,45508339.0
14946733,2017,43,52,5,0,150107A201,150118,0,1,3,0,0.0,0.0,0,0,0,0,0,0,0,0,0,0,0,0,0,0,0,0,0,0.0,0.0,0,0,0,0,0,0,0,0,0,0,0,0,0,0,0,0,0.0,,,0,2017-10-30,1.0,0.0,1.0,0.0,45508339.0
14928487,2017,44,52,5,0,150107A201,150118,0,1,1,0,0.0,0.0,0,0,0,0,0,0,0,0,0,0,0,0,0,0,0,0,0,0.0,0.0,0,0,0,0,0,0,0,0,0,0,0,0,0,0,0,0,0.0,,,0,2017-11-06,1.0,0.0,1.0,0.0,9764543.0
14905363,2017,45,52,5,0,150107A201,150118,0,0,1,0,0.0,0.0,0,0,0,0,0,0,0,0,0,0,0,0,0,0,0,0,0,0.0,0.0,0,0,0,0,0,0,0,0,0,0,0,0,0,0,0,0,0.0,,,0,2017-11-13,,,1.0,0.0,9764543.0
14861518,2017,47,52,5,0,150107A201,150118,0,0,2,0,0.0,0.0,0,0,0,0,0,0,0,0,0,0,0,0,0,0,0,0,0,0.0,0.0,0,0,0,0,0,0,0,0,0,0,0,0,0,0,0,0,0.0,,,0,2017-11-27,,,,0.0,9764543.0
14836174,2017,48,52,5,0,150107A201,150118,0,1,4,0,0.0,0.0,0,0,0,0,0,0,0,0,0,0,0,0,0,0,0,0,0,0.0,0.0,0,0,0,0,0,0,0,0,0,0,0,0,0,0,0,0,0.0,,,0,2017-12-04,,,1.0,0.0,9764543.0
14818675,2017,49,52,5,0,150107A201,150118,0,0,4,0,0.0,0.0,0,0,0,0,0,0,0,0,0,0,0,0,0,0,0,0,0,0.0,0.0,0,0,0,0,0,0,0,0,0,0,0,0,0,0,0,0,0.0,,,0,2017-12-11,,,,0.0,9764543.0
14797564,2017,50,52,5,0,150107A201,150118,0,0,3,0,0.0,0.0,0,0,0,0,0,0,0,0,0,0,0,0,0,0,0,0,0,0.0,0.0,0,0,0,0,0,0,0,0,0,0,0,0,0,0,0,0,0.0,,,0,2017-12-18,,,,0.0,9764543.0
14769481,2017,51,52,5,0,150107A201,150118,0,0,2,0,0.0,0.0,0,0,0,0,0,0,0,0,0,0,0,0,0,0,0,0,0,0.0,0.0,0,0,0,0,0,0,0,0,0,0,0,0,0,0,0,0,0.0,,,0,2017-12-26,1.0,0.0,1.0,0.0,9764543.0
16469533,2018,9,52,5,0,150107A201,150101,1,1,8,0,0.0,0.0,0,0,0,0,0,0,0,0,0,0,0,0,0,0,0,0,0,0.0,0.0,0,0,0,0,0,0,0,0,0,0,0,0,0,0,0,0,0.0,,,0,2018-03-05,,,1.0,0.0,
16477867,2018,1,52,5,0,150107A201,150103,0,0,1,0,0.0,0.0,0,0,0,0,0,0,0,0,0,0,0,0,0,0,0,0,0,0.0,0.0,0,0,0,0,0,0,0,0,0,0,0,0,0,0,0,0,0.0,,,0,2018-01-08,,,1.0,0.0,
16487425,2018,1,52,5,0,150107A201,150107,0,4,6,0,0.0,0.0,0,0,0,0,0,0,0,0,0,0,0,0,0,0,0,0,0,0.0,0.0,0,0,0,0,0,0,0,0,0,0,0,0,0,0,0,0,0.0,,,0,2018-01-08,1.0,0.0,1.0,0.0,
16487449,2018,2,52,5,0,150107A201,150107,1,2,4,0,0.0,0.0,0,0,0,0,0,0,0,0,0,0,0,0,0,0,0,0,0,0.0,0.0,0,0,0,0,0,0,0,0,0,0,0,0,0,0,0,1,0.0,,,0,2018-01-15,1.0,0.0,1.0,0.0,
16487464,2018,3,52,5,0,150107A201,150107,1,3,6,0,0.0,0.0,0,0,0,0,0,0,0,0,0,0,0,0,0,0,0,0,0,0.0,0.0,0,0,0,0,0,0,0,0,0,0,0,0,0,0,0,0,0.0,,,0,2018-01-22,1.0,0.0,1.0,0.0,
16487485,2018,4,52,5,0,150107A201,150107,0,0,9,0,0.0,0.0,0,0,0,0,0,0,0,0,0,0,0,0,0,0,0,0,0,0.0,0.0,0,0,0,0,0,0,0,0,0,0,0,0,0,0,0,0,0.0,,,0,2018-01-29,1.0,0.0,1.0,0.0,
16487512,2018,5,52,5,0,150107A201,150107,1,0,6,0,0.0,0.0,0,0,0,0,0,0,0,0,0,0,0,0,0,0,0,0,0,0.0,0.0,0,0,0,0,0,0,0,0,0,0,0,0,0,0,0,0,0.0,,,0,2018-02-05,1.0,0.0,1.0,0.0,
16487275,2018,6,52,5,0,150107A201,150107,0,2,8,0,0.0,0.0,0,0,0,0,0,0,0,0,0,0,0,0,0,0,0,0,0,0.0,0.0,0,0,0,0,0,0,0,0,0,0,0,0,0,0,1,0,0.0,,,0,2018-02-12,,,1.0,0.0,
16487395,2018,7,52,5,0,150107A201,150107,0,2,6,0,0.0,0.0,0,0,0,0,0,0,0,0,0,0,0,0,0,0,0,0,0,0.0,0.0,0,0,0,0,0,0,0,0,0,0,0,0,0,0,0,0,0.0,,,0,2018-02-19,1.0,0.0,,0.0,
16487566,2018,8,52,5,0,150107A201,150107,0,1,8,0,0.0,0.0,0,0,0,0,0,0,0,0,0,0,0,0,0,0,0,0,0,0.0,0.0,0,0,0,0,0,0,0,0,0,0,0,0,0,0,0,0,0.0,,,0,2018-02-26,1.0,0.0,1.0,0.0,
16487281,2018,10,52,5,0,150107A201,150107,0,1,6,0,0.0,0.0,0,0,0,0,0,0,0,0,0,0,0,0,0,0,0,0,0,0.0,0.0,0,0,0,0,0,0,0,0,0,0,0,0,0,0,0,0,0.0,,,0,2018-03-12,,,1.0,0.0,
16487626,2018,11,52,5,0,150107A201,150107,1,1,8,0,0.0,0.0,0,0,0,0,0,0,0,0,0,0,0,0,0,0,0,0,0,0.0,0.0,0,0,0,0,0,0,0,0,0,0,0,0,0,0,0,0,0.0,,,0,2018-03-19,1.0,0.0,1.0,0.0,
16487647,2018,12,52,5,0,150107A201,150107,0,0,10,0,0.0,0.0,0,0,0,0,0,0,0,0,0,0,0,0,0,0,0,0,0,0.0,0.0,0,0,0,0,0,0,0,0,0,0,0,0,0,0,0,0,0.0,,,0,2018-03-26,1.0,0.0,1.0,0.0,
16487671,2018,13,52,5,0,150107A201,150107,0,2,15,0,0.0,0.0,0,0,0,0,0,0,0,0,0,0,0,0,0,0,0,0,0,0.0,0.0,0,0,0,0,0,0,0,0,0,0,0,0,0,0,0,0,0.0,,,0,2018-04-02,1.0,0.0,1.0,0.0,
16487284,2018,14,52,5,0,150107A201,150107,3,13,0,0,0.0,0.0,0,0,0,0,0,0,0,0,0,0,0,0,0,0,0,0,0,0.0,0.0,0,0,0,0,0,0,0,0,0,0,0,0,0,0,0,0,0.0,,,0,2018-04-09,,,1.0,0.0,
16487341,2018,15,52,5,0,150107A201,150107,0,4,12,0,0.0,0.0,0,0,0,0,0,0,0,0,0,0,0,0,0,0,0,0,0,0.0,0.0,0,0,0,0,0,0,0,0,0,0,0,0,0,0,0,0,0.0,,,0,2018-04-16,1.0,,1.0,0.0,
16487722,2018,16,52,5,0,150107A201,150107,0,3,9,0,0.0,0.0,0,0,0,0,0,0,0,0,0,0,0,0,0,0,0,0,0,0.0,0.0,0,0,0,0,0,0,0,0,0,0,0,0,0,0,0,0,0.0,,,0,2018-04-23,1.0,0.0,1.0,0.0,
16487743,2018,17,52,5,0,150107A201,150107,0,3,8,0,0.0,0.0,0,0,0,0,0,0,0,0,0,0,0,0,0,0,0,0,0,0.0,0.0,0,0,0,0,0,0,0,0,0,0,0,0,0,0,1,0,0.0,,,0,2018-04-30,1.0,0.0,1.0,0.0,
16487398,2018,18,52,5,0,150107A201,150107,0,0,23,0,0.0,0.0,0,0,0,0,0,0,0,0,0,0,0,0,0,0,0,0,0,0.0,0.0,0,0,0,0,0,0,0,0,0,0,0,0,0,0,0,0,0.0,,,0,2018-05-07,1.0,0.0,,0.0,
16487287,2018,19,52,5,0,150107A201,150107,1,4,16,0,0.0,0.0,0,0,0,0,0,0,0,0,0,0,0,0,0,0,0,0,0,0.0,0.0,0,0,0,0,0,0,0,0,0,0,0,0,0,0,0,0,0.0,,,0,2018-05-14,,,1.0,0.0,
16487290,2018,20,52,5,0,150107A201,150107,0,5,10,0,0.0,0.0,0,0,0,0,0,0,0,0,0,0,0,0,0,0,0,0,0,0.0,0.0,0,0,0,0,0,0,0,0,0,0,0,0,0,0,0,0,0.0,,,0,2018-05-21,,,1.0,0.0,
16487809,2018,21,52,5,0,150107A201,150107,0,1,10,0,0.0,0.0,0,0,0,0,0,0,0,0,0,0,0,0,0,0,0,0,0,0.0,0.0,0,0,0,0,0,0,0,0,0,0,0,0,0,0,0,0,0.0,,,0,2018-05-28,1.0,0.0,1.0,0.0,
16487833,2018,23,52,5,0,150107A201,150107,0,4,9,0,0.0,0.0,0,0,0,0,0,0,0,0,0,0,0,0,0,0,0,0,0,0.0,0.0,0,0,0,0,0,0,0,0,0,0,0,0,0,0,0,0,0.0,,,0,2018-06-11,1.0,0.0,1.0,0.0,
16487845,2018,24,52,5,0,150107A201,150107,0,0,19,0,0.0,0.0,0,0,0,0,0,0,0,0,0,0,0,0,0,0,0,0,0,0.0,0.0,0,0,0,0,0,0,0,0,0,0,0,0,0,0,0,0,0.0,,,0,2018-06-18,1.0,0.0,1.0,0.0,
16487365,2018,25,52,5,0,150107A201,150107,0,0,17,0,0.0,0.0,0,0,0,0,0,0,0,0,0,0,0,0,0,0,0,0,0,0.0,0.0,0,0,0,0,0,0,0,0,0,0,0,0,0,0,0,2,0.0,,,0,2018-06-25,1.0,,1.0,0.0,
16486999,2018,26,52,5,0,150107A201,150107,0,1,10,0,0.0,0.0,0,0,0,0,0,0,0,0,0,0,0,0,0,0,0,0,0,0.0,0.0,0,0,0,0,0,0,0,0,0,0,0,0,0,0,0,0,0.0,,,0,2018-07-02,,,,0.0,
16487905,2018,27,52,5,0,150107A201,150107,0,4,23,0,0.0,0.0,0,0,0,0,0,0,0,0,0,0,0,0,0,0,0,0,0,0.0,0.0,0,0,0,0,0,0,0,0,0,0,0,0,0,0,0,0,0.0,,,0,2018-07-09,1.0,0.0,1.0,0.0,
16487026,2018,28,52,5,0,150107A201,150107,0,2,12,0,0.0,0.0,0,0,0,0,0,0,0,0,0,0,0,0,0,0,0,0,0,0.0,0.0,0,0,0,0,0,0,0,0,0,0,0,0,0,0,0,0,0.0,,,0,2018-07-16,,,,0.0,
16487038,2018,29,52,5,0,150107A201,150107,0,3,7,0,0.0,0.0,0,0,0,0,0,0,0,0,0,0,0,0,0,0,0,0,0,0.0,0.0,0,0,0,0,0,0,0,0,0,0,0,0,0,0,0,0,0.0,,,0,2018-07-23,,,,0.0,
16487950,2018,30,52,5,0,150107A201,150107,0,2,9,0,0.0,0.0,0,0,0,0,0,0,0,0,0,0,0,0,0,0,0,0,0,0.0,0.0,0,0,0,0,0,0,0,0,0,0,0,0,0,0,5,0,0.0,,,0,2018-07-30,1.0,0.0,1.0,0.0,
16487299,2018,31,52,5,0,150107A201,150107,0,1,18,0,0.0,0.0,0,0,0,0,0,0,0,0,0,0,0,0,0,0,0,0,0,0.0,0.0,0,0,0,0,0,0,0,0,0,0,0,0,0,0,0,0,0.0,,,0,2018-08-06,,,1.0,0.0,
16487302,2018,32,52,5,0,150107A201,150107,0,2,6,0,0.0,0.0,0,0,0,0,0,0,0,0,0,0,0,0,0,0,0,0,0,0.0,0.0,0,0,0,0,0,0,0,0,0,0,0,0,0,0,0,0,0.0,,,0,2018-08-13,,,1.0,0.0,
16488001,2018,33,52,5,0,150107A201,150107,1,2,6,0,0.0,0.0,0,0,0,0,0,0,0,0,0,0,0,0,0,0,0,0,0,0.0,0.0,0,0,0,0,0,0,0,0,0,0,0,0,0,0,0,0,0.0,,,0,2018-08-20,1.0,0.0,1.0,0.0,
16488022,2018,34,52,5,0,150107A201,150107,0,0,8,0,0.0,0.0,0,0,0,0,0,0,0,0,0,0,0,0,0,0,0,0,0,0.0,0.0,0,0,0,0,0,0,0,0,0,0,0,0,0,0,2,0,0.0,,,0,2018-08-27,1.0,0.0,1.0,0.0,
16487305,2018,35,52,5,0,150107A201,150107,0,2,9,0,0.0,0.0,0,0,0,0,0,0,0,0,0,0,0,0,0,0,0,0,0,0.0,0.0,0,0,0,0,0,0,0,0,0,0,0,0,0,0,2,0,0.0,,,0,2018-09-03,,,1.0,0.0,
16487308,2018,36,52,5,0,150107A201,150107,0,3,8,0,0.0,0.0,0,0,0,0,0,0,0,0,0,0,0,0,0,0,0,0,0,0.0,0.0,0,0,0,0,0,0,0,0,0,0,0,0,0,0,0,0,0.0,,,0,2018-09-10,,,1.0,0.0,
16488070,2018,37,52,5,0,150107A201,150107,0,2,9,0,0.0,0.0,0,0,0,0,0,0,0,0,0,0,0,0,0,0,0,0,0,0.0,0.0,0,0,0,0,0,0,0,0,0,0,0,0,0,0,0,0,0.0,,,0,2018-09-17,1.0,0.0,1.0,0.0,
16487311,2018,38,52,5,0,150107A201,150107,0,3,27,0,0.0,0.0,0,0,0,0,0,0,0,0,0,0,0,0,0,0,0,0,0,0.0,0.0,0,0,0,0,0,0,0,0,0,0,0,0,0,0,0,0,0.0,,,0,2018-09-24,,,1.0,0.0,
16487140,2018,39,52,5,0,150107A201,150107,0,1,15,0,0.0,0.0,0,0,0,0,0,0,0,0,0,0,0,0,0,0,0,0,0,0.0,0.0,0,0,0,0,0,0,0,0,0,0,0,0,0,0,0,0,0.0,,,0,2018-10-01,,,,0.0,
16487314,2018,40,52,5,0,150107A201,150107,0,4,13,0,0.0,0.0,0,0,0,0,0,0,0,0,0,0,0,0,0,0,0,0,0,0.0,0.0,0,0,0,0,0,0,0,0,0,0,0,0,0,0,0,0,0.0,,,0,2018-10-09,,,1.0,0.0,
16488136,2018,41,52,5,0,150107A201,150107,1,4,15,0,0.0,0.0,0,0,0,0,0,0,0,0,0,0,0,0,0,0,0,0,0,0.0,0.0,0,0,0,0,0,0,0,0,0,0,0,0,0,0,0,0,0.0,,,0,2018-10-15,1.0,0.0,1.0,0.0,
16487317,2018,42,52,5,0,150107A201,150107,0,1,5,0,0.0,0.0,0,0,0,0,0,0,0,0,0,0,0,0,0,0,0,0,0,0.0,0.0,0,0,0,0,0,0,0,0,0,0,0,0,0,0,0,0,0.0,,,0,2018-10-22,,,1.0,0.0,
16487380,2018,43,52,5,0,150107A201,150107,0,0,14,0,0.0,0.0,0,0,0,0,0,0,0,0,0,0,0,0,0,0,0,0,0,0.0,0.0,0,0,0,0,0,0,0,0,0,0,0,0,0,0,1,0,0.0,,,0,2018-10-29,1.0,,1.0,0.0,
16488190,2018,44,52,5,0,150107A201,150107,0,2,18,0,0.0,0.0,0,0,0,0,0,0,0,0,0,0,0,0,0,0,0,0,0,0.0,0.0,0,0,0,0,0,0,0,0,0,0,0,0,0,0,0,0,0.0,,,0,2018-11-05,1.0,0.0,1.0,0.0,
16487323,2018,45,52,5,0,150107A201,150107,0,2,9,0,0.0,0.0,0,0,0,0,0,0,0,0,0,0,0,0,0,0,0,0,0,0.0,0.0,0,0,0,0,0,0,0,0,0,0,0,0,0,0,0,1,0.0,,,0,2018-11-12,,,1.0,0.0,
16487326,2018,46,52,5,0,150107A201,150107,1,1,11,0,0.0,0.0,0,0,0,0,0,0,0,0,0,0,0,0,0,0,0,0,0,0.0,0.0,0,0,0,0,0,0,0,0,0,0,0,0,0,0,2,0,0.0,,,0,2018-11-19,,,1.0,0.0,
16487233,2018,47,52,5,0,150107A201,150107,1,2,9,0,0.0,0.0,0,0,0,0,0,0,0,0,0,0,0,0,0,0,0,0,0,0.0,0.0,0,0,0,0,0,0,0,0,0,0,0,0,0,0,1,0,0.0,,,0,2018-11-26,,,,0.0,
16488259,2018,48,52,5,0,150107A201,150107,0,5,20,0,0.0,0.0,0,0,0,0,0,0,0,0,0,0,0,0,0,0,0,0,0,0.0,0.0,0,0,0,0,0,0,0,0,0,0,0,0,0,0,0,4,0.0,,,0,2018-12-03,1.0,0.0,1.0,0.0,
16487242,2018,49,52,5,0,150107A201,150107,0,2,13,0,0.0,0.0,0,0,0,0,0,0,0,0,0,0,0,0,0,0,0,0,0,0.0,0.0,0,0,0,0,0,0,0,0,0,0,0,0,0,0,0,0,0.0,,,0,2018-12-10,,,,0.0,
16488301,2018,50,52,5,0,150107A201,150107,2,1,8,0,0.0,0.0,0,0,0,0,0,0,0,0,0,0,0,0,0,0,0,0,0,0.0,0.0,0,0,0,0,0,0,0,0,0,0,0,0,0,0,0,0,0.0,,,0,2018-12-17,1.0,0.0,1.0,0.0,
16488316,2018,51,52,5,0,150107A201,150107,0,0,1,0,0.0,0.0,0,0,0,0,0,0,0,0,0,0,0,0,0,0,0,0,0,0.0,0.0,0,0,0,0,0,0,0,0,0,0,0,0,0,0,0,0,0.0,,,0,2018-12-26,1.0,0.0,1.0,0.0,
16487329,2018,52,52,5,0,150107A201,150107,0,0,4,0,0.0,0.0,0,0,0,0,0,0,0,0,0,0,0,0,0,0,0,0,0,0.0,0.0,0,0,0,0,0,0,0,0,0,0,0,0,0,0,0,0,0.0,,,0,2018-12-31,,,1.0,0.0,
16522234,2018,6,52,5,0,150107A201,150118,0,0,1,0,0.0,0.0,0,0,0,0,0,0,0,0,0,0,0,0,0,0,0,0,0,0.0,0.0,0,0,0,0,0,0,0,0,0,0,0,0,0,0,0,0,0.0,,,0,2018-02-12,1.0,0.0,1.0,0.0,
16521730,2018,8,52,5,0,150107A201,150118,0,0,1,0,0.0,0.0,0,0,0,0,0,0,0,0,0,0,0,0,0,0,0,0,0,0.0,0.0,0,0,0,0,0,0,0,0,0,0,0,0,0,0,0,0,0.0,,,0,2018-02-26,,,1.0,0.0,
16519828,2018,13,52,5,0,150107A201,150118,0,0,2,0,0.0,0.0,0,0,0,0,0,0,0,0,0,0,0,0,0,0,0,0,0,0.0,0.0,0,0,0,0,0,0,0,0,0,0,0,0,0,0,0,0,0.0,,,0,2018-04-02,,,,0.0,
16521751,2018,14,52,5,0,150107A201,150118,0,0,2,0,0.0,0.0,0,0,0,0,0,0,0,0,0,0,0,0,0,0,0,0,0,0.0,0.0,0,0,0,0,0,0,0,0,0,0,0,0,0,0,0,0,0.0,,,0,2018-04-09,,,1.0,0.0,
16521985,2018,15,52,5,0,150107A201,150118,0,0,2,0,0.0,0.0,0,0,0,0,0,0,0,0,0,0,0,0,0,0,0,0,0,0.0,0.0,0,0,0,0,0,0,0,0,0,0,0,0,0,0,0,0,0.0,,,0,2018-04-16,1.0,0.0,,0.0,
16519966,2018,16,52,5,0,150107A201,150118,0,0,2,0,0.0,0.0,0,0,0,0,0,0,0,0,0,0,0,0,0,0,0,0,0,0.0,0.0,0,0,0,0,0,0,0,0,0,0,0,0,0,0,0,0,0.0,,,0,2018-04-23,,,,0.0,
16522000,2018,17,52,5,0,150107A201,150118,0,3,1,0,0.0,0.0,0,0,0,0,0,0,0,0,0,0,0,0,0,0,0,0,0,0.0,0.0,0,0,0,0,0,0,0,0,0,0,0,0,0,0,0,0,0.0,,,0,2018-04-30,1.0,0.0,,0.0,
16522009,2018,18,52,5,0,150107A201,150118,0,1,0,0,0.0,0.0,0,0,0,0,0,0,0,0,0,0,0,0,0,0,0,0,0,0.0,0.0,0,0,0,0,0,0,0,0,0,0,0,0,0,0,0,0,0.0,,,0,2018-05-07,1.0,0.0,,0.0,
16520110,2018,19,52,5,0,150107A201,150118,0,0,1,0,0.0,0.0,0,0,0,0,0,0,0,0,0,0,0,0,0,0,0,0,0,0.0,0.0,0,0,0,0,0,0,0,0,0,0,0,0,0,0,0,0,0.0,,,0,2018-05-14,,,,0.0,
16520158,2018,20,52,5,0,150107A201,150118,0,1,1,0,0.0,0.0,0,0,0,0,0,0,0,0,0,0,0,0,0,0,0,0,0,0.0,0.0,0,0,0,0,0,0,0,0,0,0,0,0,0,0,0,0,0.0,,,0,2018-05-21,,,,0.0,
16520251,2018,22,52,5,0,150107A201,150118,0,2,9,0,0.0,0.0,0,0,0,0,0,0,0,0,0,0,0,0,0,0,0,0,0,0.0,0.0,0,0,0,0,0,0,0,0,0,0,0,0,0,0,0,0,0.0,,,0,2018-06-04,,,,0.0,
16520302,2018,23,52,5,0,150107A201,150118,0,0,3,0,0.0,0.0,0,0,0,0,0,0,0,0,0,0,0,0,0,0,0,0,0,0.0,0.0,0,0,0,0,0,0,0,0,0,0,0,0,0,0,0,0,0.0,,,0,2018-06-11,,,,0.0,
16520356,2018,24,52,5,0,150107A201,150118,0,0,4,0,0.0,0.0,0,0,0,0,0,0,0,0,0,0,0,0,0,0,0,0,0,0.0,0.0,0,0,0,0,0,0,0,0,0,0,0,0,0,0,0,0,0.0,,,0,2018-06-18,,,,0.0,
16522654,2018,26,52,5,0,150107A201,150118,0,0,1,0,0.0,0.0,0,0,0,0,0,0,0,0,0,0,0,0,0,0,0,0,0,0.0,0.0,0,0,0,0,0,0,0,0,0,0,0,0,0,0,0,0,0.0,,,0,2018-07-02,1.0,0.0,1.0,0.0,
16520515,2018,27,52,5,0,150107A201,150118,0,0,2,0,0.0,0.0,0,0,0,0,0,0,0,0,0,0,0,0,0,0,0,0,0,0.0,0.0,0,0,0,0,0,0,0,0,0,0,0,0,0,0,0,0,0.0,,,0,2018-07-09,,,,0.0,
16520566,2018,28,52,5,0,150107A201,150118,0,1,0,0,0.0,0.0,0,0,0,0,0,0,0,0,0,0,0,0,0,0,0,0,0,0.0,0.0,0,0,0,0,0,0,0,0,0,0,0,0,0,0,0,0,0.0,,,0,2018-07-16,,,,0.0,
16522729,2018,29,52,5,0,150107A201,150118,0,1,1,0,0.0,0.0,0,0,0,0,0,0,0,0,0,0,0,0,0,0,0,0,0,0.0,0.0,0,0,0,0,0,0,0,0,0,0,0,0,0,0,0,0,0.0,,,0,2018-07-23,1.0,0.0,1.0,0.0,
16520713,2018,31,52,5,0,150107A201,150118,0,2,1,0,0.0,0.0,0,0,0,0,0,0,0,0,0,0,0,0,0,0,0,0,0,0.0,0.0,0,0,0,0,0,0,0,0,0,0,0,0,0,0,0,0,0.0,,,0,2018-08-06,,,,0.0,
16521769,2018,32,52,5,0,150107A201,150118,0,0,1,0,0.0,0.0,0,0,0,0,0,0,0,0,0,0,0,0,0,0,0,0,0,0.0,0.0,0,0,0,0,0,0,0,0,0,0,0,0,0,0,0,0,0.0,,,0,2018-08-13,,,1.0,0.0,
16520812,2018,33,52,5,0,150107A201,150118,0,1,0,0,0.0,0.0,0,0,0,0,0,0,0,0,0,0,0,0,0,0,0,0,0,0.0,0.0,0,0,0,0,0,0,0,0,0,0,0,0,0,0,0,0,0.0,,,0,2018-08-20,,,,0.0,
16520866,2018,34,52,5,0,150107A201,150118,0,0,1,0,0.0,0.0,0,0,0,0,0,0,0,0,0,0,0,0,0,0,0,0,0,0.0,0.0,0,0,0,0,0,0,0,0,0,0,0,0,0,0,0,0,0.0,,,0,2018-08-27,,,,0.0,
16522069,2018,35,52,5,0,150107A201,150118,0,0,2,0,0.0,0.0,0,0,0,0,0,0,0,0,0,0,0,0,0,0,0,0,0,0.0,0.0,0,0,0,0,0,0,0,0,0,0,0,0,0,0,0,0,0.0,,,0,2018-09-03,1.0,0.0,,0.0,
16522903,2018,37,52,5,0,150107A201,150118,0,0,1,0,0.0,0.0,0,0,0,0,0,0,0,0,0,0,0,0,0,0,0,0,0,0.0,0.0,0,0,0,0,0,0,0,0,0,0,0,0,0,0,0,0,0.0,,,0,2018-09-17,1.0,0.0,1.0,0.0,
16522945,2018,39,52,5,0,150107A201,150118,0,0,1,0,0.0,0.0,0,0,0,0,0,0,0,0,0,0,0,0,0,0,0,0,0,0.0,0.0,0,0,0,0,0,0,0,0,0,0,0,0,0,0,0,0,0.0,,,0,2018-10-01,1.0,0.0,1.0,0.0,
16521775,2018,40,52,5,0,150107A201,150118,0,0,2,0,0.0,0.0,0,0,0,0,0,0,0,0,0,0,0,0,0,0,0,0,0,0.0,0.0,0,0,0,0,0,0,0,0,0,0,0,0,0,0,0,0,0.0,,,0,2018-10-09,,,1.0,0.0,
16521787,2018,42,52,5,0,150107A201,150118,0,0,1,0,0.0,0.0,0,0,0,0,0,0,0,0,0,0,0,0,0,0,0,0,0,0.0,0.0,0,0,0,0,0,0,0,0,0,0,0,0,0,0,0,0,0.0,,,0,2018-10-22,,,1.0,0.0,
16521307,2018,43,52,5,0,150107A201,150118,0,1,0,0,0.0,0.0,0,0,0,0,0,0,0,0,0,0,0,0,0,0,0,0,0,0.0,0.0,0,0,0,0,0,0,0,0,0,0,0,0,0,0,0,0,0.0,,,0,2018-10-29,,,,0.0,
16521355,2018,44,52,5,0,150107A201,150118,0,0,1,0,0.0,0.0,0,0,0,0,0,0,0,0,0,0,0,0,0,0,0,0,0,0.0,0.0,0,0,0,0,0,0,0,0,0,0,0,0,0,0,0,0,0.0,,,0,2018-11-05,,,,0.0,
18316690,2019,22,52,5,0,150107A201,150101,0,3,13,0,0.0,0.0,0,0,0,0,0,0,0,0,0,0,0,0,0,0,0,0,0,0.0,0.0,0,0,0,0,0,0,0,0,0,0,0,0,0,0,0,0,,,,0,2019-06-03,1.0,0.0,1.0,0.0,9764543.0
17957035,2019,4,52,5,0,150107A201,150103,0,0,1,0,0.0,0.0,0,0,0,0,0,0,0,0,0,0,0,0,0,0,0,0,0,0.0,0.0,0,0,0,0,0,0,0,0,0,0,0,0,0,0,0,0,,,,0,2019-01-28,,,1.0,0.0,9764543.0
17912332,2019,1,52,5,0,150107A201,150107,0,2,5,0,0.0,0.0,0,0,0,0,0,0,0,0,0,0,0,0,0,0,0,0,0,0.0,0.0,0,0,0,0,0,0,0,0,0,0,0,0,0,0,0,0,,,,0,2019-01-08,1.0,0.0,1.0,0.0,9764543.0
17918404,2019,2,52,5,0,150107A201,150107,0,0,13,0,0.0,0.0,0,0,0,0,0,0,0,0,0,0,0,0,0,0,0,0,0,0.0,0.0,0,0,0,0,0,0,0,0,0,0,0,0,0,0,0,0,,,,0,2019-01-14,1.0,,1.0,0.0,9764543.0
17937622,2019,3,52,5,0,150107A201,150107,0,0,15,0,0.0,0.0,0,0,0,0,0,0,0,0,0,0,0,0,0,0,0,0,0,0.0,0.0,0,0,0,0,0,0,0,0,0,0,0,0,0,0,1,0,,,,0,2019-01-21,1.0,0.0,1.0,0.0,9764543.0
17957002,2019,4,52,5,0,150107A201,150107,0,3,0,0,0.0,0.0,0,0,0,0,0,0,0,0,0,0,0,0,0,0,0,0,0,0.0,0.0,0,0,0,0,0,0,0,0,0,0,0,0,0,0,0,0,,,,0,2019-01-28,,,1.0,0.0,9764543.0
17978608,2019,5,52,5,0,150107A201,150107,0,4,20,0,0.0,0.0,0,0,0,0,0,0,0,0,0,0,0,0,0,0,0,0,0,0.0,0.0,0,0,0,0,0,0,0,0,0,0,0,0,0,0,0,0,,,,0,2019-02-04,1.0,0.0,1.0,0.0,9764543.0
17998192,2019,6,52,5,0,150107A201,150107,0,3,15,0,0.0,0.0,0,0,0,0,0,0,0,0,0,0,0,0,0,0,0,0,0,0.0,0.0,0,0,0,0,0,0,0,0,0,0,0,0,0,0,0,0,,,,0,2019-02-11,,,,0.0,9764543.0
18014338,2019,7,52,5,0,150107A201,150107,1,3,8,0,0.0,0.0,0,0,0,0,0,0,0,0,0,0,0,0,0,0,0,0,0,0.0,0.0,0,0,0,0,0,0,0,0,0,0,0,0,0,0,0,0,,,,0,2019-02-18,1.0,0.0,1.0,0.0,9764543.0
18037102,2019,8,52,5,0,150107A201,150107,3,2,4,0,0.0,0.0,0,0,0,0,0,0,0,0,0,0,0,0,0,0,0,0,0,0.0,0.0,0,0,0,0,0,0,0,0,0,0,0,0,0,0,0,0,,,,0,2019-02-25,,,1.0,0.0,9764543.0
18050812,2019,9,52,5,0,150107A201,150107,0,1,8,0,0.0,0.0,0,0,0,0,0,0,0,0,0,0,0,0,0,0,0,0,0,0.0,0.0,0,0,0,0,0,0,0,0,0,0,0,0,0,0,0,0,,,,0,2019-03-04,,,1.0,0.0,9764543.0
18071086,2019,10,52,5,0,150107A201,150107,0,0,18,0,0.0,0.0,0,0,0,0,0,0,0,0,0,0,0,0,0,0,0,0,0,0.0,0.0,0,0,0,0,0,0,0,0,0,0,0,0,0,0,0,0,,,,0,2019-03-11,,,1.0,0.0,9764543.0
18092221,2019,11,52,5,0,150107A201,150107,0,1,10,0,0.0,0.0,0,0,0,0,0,0,0,0,0,0,0,0,0,0,0,0,0,0.0,0.0,0,0,0,0,0,0,0,0,0,0,0,0,0,0,0,0,,,,0,2019-03-18,1.0,0.0,1.0,0.0,9764543.0
18111079,2019,12,52,5,0,150107A201,150107,0,2,11,0,0.0,0.0,0,0,0,0,0,0,0,0,0,0,0,0,0,0,0,0,0,0.0,0.0,0,0,0,0,0,0,0,0,0,0,0,0,0,0,0,0,,,,0,2019-03-25,1.0,,,0.0,9764543.0
18129670,2019,13,52,5,0,150107A201,150107,0,0,14,0,0.0,0.0,0,0,0,0,0,0,0,0,0,0,0,0,0,0,0,0,0,0.0,0.0,0,0,0,0,0,0,0,0,0,0,0,0,0,0,0,0,,,,0,2019-04-01,,,,0.0,9764543.0
18149269,2019,14,52,5,0,150107A201,150107,0,3,9,0,0.0,0.0,0,0,0,0,0,0,0,0,0,0,0,0,0,0,0,0,0,0.0,0.0,0,0,0,0,0,0,0,0,0,0,0,0,0,0,0,0,,,,0,2019-04-08,,,1.0,0.0,9764543.0
18180205,2019,15,52,5,0,150107A201,150107,0,3,11,0,0.0,0.0,0,0,0,0,0,0,0,0,0,0,0,0,0,0,0,0,0,0.0,0.0,0,0,0,0,0,0,0,0,0,0,0,0,0,0,0,0,,,,0,2019-04-15,,,1.0,0.0,9764543.0
18193408,2019,16,52,5,0,150107A201,150107,0,0,7,0,0.0,0.0,0,0,0,0,0,0,0,0,0,0,0,0,0,0,0,0,0,0.0,0.0,0,0,0,0,0,0,0,0,0,0,0,0,0,0,0,0,,,,0,2019-04-22,1.0,,1.0,0.0,9764543.0
18213490,2019,17,52,5,0,150107A201,150107,0,2,17,0,0.0,0.0,0,0,0,0,0,0,0,0,0,0,0,0,0,0,0,0,0,0.0,0.0,0,0,0,0,0,0,0,0,0,0,0,0,0,0,0,0,,,,0,2019-04-29,1.0,0.0,1.0,0.0,9764543.0
18237751,2019,18,52,5,0,150107A201,150107,0,3,17,0,0.0,0.0,0,0,0,0,0,0,0,0,0,0,0,0,0,0,0,0,0,0.0,0.0,0,0,0,0,0,0,0,0,0,0,0,0,0,0,0,0,,,,0,2019-05-06,1.0,0.0,1.0,0.0,9764543.0
18250717,2019,19,52,5,0,150107A201,150107,0,0,6,0,0.0,0.0,0,0,0,0,0,0,0,0,0,0,0,0,0,0,0,0,0,0.0,0.0,0,0,0,0,0,0,0,0,0,0,0,0,0,0,0,0,,,,0,2019-05-13,1.0,0.0,1.0,0.0,9764543.0
18274489,2019,20,52,5,0,150107A201,150107,0,2,25,0,0.0,0.0,0,0,0,0,0,0,0,0,0,0,0,0,0,0,0,0,0,0.0,0.0,0,0,0,0,0,0,0,0,0,0,0,0,0,0,0,0,,,,0,2019-05-20,1.0,0.0,1.0,0.0,9764543.0
18295600,2019,21,52,5,0,150107A201,150107,0,4,32,0,0.0,0.0,0,0,0,0,0,0,0,0,0,0,0,0,0,0,0,0,0,0.0,0.0,0,0,0,0,0,0,0,0,0,0,0,0,0,0,0,0,,,,0,2019-05-27,,,,0.0,9764543.0
18335647,2019,23,52,5,0,150107A201,150107,0,3,18,0,0.0,0.0,0,0,0,0,0,0,0,0,0,0,0,0,0,0,0,0,0,0.0,0.0,0,0,0,0,0,0,0,0,0,0,0,0,0,0,0,0,,,,0,2019-06-10,1.0,0.0,1.0,0.0,9764543.0
18357184,2019,24,52,5,0,150107A201,150107,0,0,14,0,0.0,0.0,0,0,0,0,0,0,0,0,0,0,0,0,0,0,0,0,0,0.0,0.0,0,0,0,0,0,0,0,0,0,0,0,0,0,0,0,0,,,,0,2019-06-17,1.0,0.0,1.0,0.0,9764543.0
18379918,2019,25,52,5,0,150107A201,150107,0,4,17,0,0.0,0.0,0,0,0,0,0,0,0,0,0,0,0,0,0,0,0,0,0,0.0,0.0,0,0,0,0,0,0,0,0,0,0,0,0,0,0,0,0,,,,0,2019-06-24,,,1.0,0.0,9764543.0
18402709,2019,26,52,5,0,150107A201,150107,1,4,14,0,0.0,0.0,0,0,0,0,0,0,0,0,0,0,0,0,0,0,0,0,0,0.0,0.0,0,0,0,0,0,0,0,0,0,0,0,0,0,0,1,1,,,,0,2019-07-01,,,1.0,0.0,9764543.0
18422092,2019,27,52,5,0,150107A201,150107,1,6,7,0,0.0,0.0,0,0,0,0,0,0,0,0,0,0,0,0,0,0,0,0,0,0.0,0.0,0,0,0,0,0,0,0,0,0,0,0,0,0,0,1,0,,,,0,2019-07-08,1.0,0.0,1.0,0.0,9764543.0
18443698,2019,28,52,5,0,150107A201,150107,1,5,21,0,0.0,0.0,0,0,0,0,0,0,0,0,0,0,0,0,0,0,0,0,0,0.0,0.0,0,0,0,0,0,0,0,0,0,0,0,0,0,0,0,2,,,,0,2019-07-15,,,1.0,0.0,9764543.0
18469525,2019,29,52,5,0,150107A201,150107,1,1,17,0,0.0,0.0,0,0,0,0,0,0,0,0,0,0,0,0,0,0,0,0,0,0.0,0.0,0,0,0,0,0,0,0,0,0,0,0,0,0,0,1,3,,,,0,2019-07-22,1.0,0.0,,0.0,9764543.0
18490024,2019,30,52,5,0,150107A201,150107,2,3,20,0,0.0,0.0,0,0,0,0,0,0,0,0,0,0,0,0,0,0,0,0,0,0.0,0.0,0,0,0,0,0,0,0,0,0,0,0,0,0,0,1,1,,,,0,2019-07-30,1.0,0.0,2.0,0.0,9764543.0
18530839,2019,32,52,5,0,150107A201,150107,0,5,15,0,0.0,0.0,0,0,0,0,0,0,0,0,0,0,0,0,0,0,0,0,0,0.0,0.0,0,0,0,0,0,0,0,0,0,0,0,0,0,0,0,0,,,,0,2019-08-12,1.0,0.0,1.0,0.0,9764543.0
18543496,2019,33,52,5,0,150107A201,150107,0,1,8,0,0.0,0.0,0,0,0,0,0,0,0,0,0,0,0,0,0,0,0,0,0,0.0,0.0,0,0,0,0,0,0,0,0,0,0,0,0,0,0,0,0,,,,0,2019-08-19,,,,0.0,9764543.0
18566413,2019,34,52,5,0,150107A201,150107,0,1,17,0,0.0,0.0,0,0,0,0,0,0,0,0,0,0,0,0,0,0,0,0,0,0.0,0.0,0,0,0,0,0,0,0,0,0,0,0,0,0,0,0,0,,,,0,2019-08-26,,,1.0,0.0,9764543.0
18584578,2019,35,52,5,0,150107A201,150107,0,1,8,0,0.0,0.0,0,0,0,0,0,0,0,0,0,0,0,0,0,0,0,0,0,0.0,0.0,0,0,0,0,0,0,0,0,0,0,0,0,0,0,0,0,,,,0,2019-09-02,1.0,0.0,1.0,0.0,9764543.0
18605998,2019,36,52,5,0,150107A201,150107,0,0,13,0,0.0,0.0,0,0,0,0,0,0,0,0,0,0,0,0,0,0,0,0,0,0.0,0.0,0,0,0,0,0,0,0,0,0,0,0,0,0,0,0,0,,,,0,2019-09-09,,,1.0,0.0,9764543.0
18641689,2019,37,52,5,0,150107A201,150107,0,3,19,0,0.0,0.0,0,0,0,0,0,0,0,0,0,0,0,0,0,0,0,0,0,0.0,0.0,0,0,0,0,0,0,0,0,0,0,0,0,0,0,0,0,,,,0,2019-09-17,1.0,0.0,1.0,0.0,9764543.0
18645808,2019,38,52,5,0,150107A201,150107,0,1,10,0,0.0,0.0,0,0,0,0,0,0,0,0,0,0,0,0,0,0,0,0,0,0.0,0.0,0,0,0,0,0,0,0,0,0,0,0,0,0,0,0,0,,,,0,2019-09-23,,,1.0,0.0,9764543.0
18666922,2019,39,52,5,0,150107A201,150107,0,2,13,0,0.0,0.0,0,0,0,0,0,0,0,0,0,0,0,0,0,0,0,0,0,0.0,0.0,0,0,0,0,0,0,0,0,0,0,0,0,0,0,0,0,,,,0,2019-09-30,,,1.0,0.0,9764543.0
18690292,2019,40,52,5,0,150107A201,150107,0,1,16,0,0.0,0.0,0,0,0,0,0,0,0,0,0,0,0,0,0,0,0,0,0,0.0,0.0,0,0,0,0,0,0,0,0,0,0,0,0,0,0,0,0,,,,0,2019-10-07,,,1.0,0.0,9764543.0
18709414,2019,41,52,5,0,150107A201,150107,1,0,13,0,0.0,0.0,0,0,0,0,0,0,0,0,0,0,0,0,0,0,0,0,0,0.0,0.0,0,0,0,0,0,0,0,0,0,0,0,0,0,0,0,0,,,,0,2019-10-14,,,1.0,0.0,9764543.0
18731458,2019,42,52,5,0,150107A201,150107,0,1,16,0,0.0,0.0,0,0,0,0,0,0,0,0,0,0,0,0,0,0,0,0,0,0.0,0.0,0,0,0,0,0,0,0,0,0,0,0,0,0,0,0,0,,,,0,2019-10-21,,,1.0,0.0,9764543.0
18749293,2019,43,52,5,0,150107A201,150107,0,3,17,0,0.0,0.0,0,0,0,0,0,0,0,0,0,0,0,0,0,0,0,0,0,0.0,0.0,0,0,0,0,0,0,0,0,0,0,0,0,0,0,0,0,,,,0,2019-10-28,1.0,0.0,1.0,0.0,9764543.0
18774331,2019,44,52,5,0,150107A201,150107,0,5,19,0,0.0,0.0,0,0,0,0,0,0,0,0,0,0,0,0,0,0,0,0,0,0.0,0.0,0,0,0,0,0,0,0,0,0,0,0,0,0,0,0,0,,,,0,2019-11-04,1.0,0.0,1.0,0.0,9764543.0
18789505,2019,45,52,5,0,150107A201,150107,0,3,12,0,0.0,0.0,0,0,0,0,0,0,0,0,0,0,0,0,0,0,0,0,0,0.0,0.0,0,0,0,0,0,0,0,0,0,0,0,0,0,0,0,0,,,,0,2019-11-11,,,1.0,0.0,9764543.0
18814090,2019,46,52,5,0,150107A201,150107,1,1,8,0,0.0,0.0,0,0,0,0,0,0,0,0,0,0,0,0,0,0,0,0,0,0.0,0.0,0,0,0,0,0,0,0,0,0,0,0,0,0,0,0,0,,,,0,2019-11-18,,,1.0,0.0,9764543.0
18833242,2019,47,52,5,0,150107A201,150107,0,5,8,0,0.0,0.0,0,0,0,0,0,0,0,0,0,0,0,0,0,0,0,0,0,0.0,0.0,0,0,0,0,0,0,0,0,0,0,0,0,0,0,0,0,,,,0,2019-11-25,,,1.0,0.0,9764543.0
18856954,2019,48,52,5,0,150107A201,150107,0,1,15,0,0.0,0.0,0,0,0,0,0,0,0,0,0,0,0,0,0,0,0,0,0,0.0,0.0,0,0,0,0,0,0,0,0,0,0,0,0,0,0,0,0,,,,0,2019-12-02,,,1.0,0.0,9764543.0
18876028,2019,49,52,5,0,150107A201,150107,0,2,16,0,0.0,0.0,0,0,0,0,0,0,0,0,0,0,0,0,0,0,0,0,0,0.0,0.0,0,0,0,0,0,0,0,0,0,0,0,0,0,0,0,0,,,,0,2019-12-09,,,1.0,0.0,9764543.0
18894535,2019,50,52,5,0,150107A201,150107,0,1,13,0,0.0,0.0,0,0,0,0,0,0,0,0,0,0,0,0,0,0,0,0,0,0.0,0.0,0,0,0,0,0,0,0,0,0,0,0,0,0,0,0,0,,,,0,2019-12-16,1.0,0.0,1.0,0.0,9764543.0
18912799,2019,51,52,5,0,150107A201,150107,0,1,5,0,0.0,0.0,0,0,0,0,0,0,0,0,0,0,0,0,0,0,0,0,0,0.0,0.0,0,0,0,0,0,0,0,0,0,0,0,0,0,0,0,0,,,,0,2019-12-23,,,1.0,0.0,9764543.0
18936532,2019,52,52,5,0,150107A201,150107,0,1,7,0,0.0,0.0,0,0,0,0,0,0,0,0,0,0,0,0,0,0,0,0,0,0.0,0.0,0,0,0,0,0,0,0,0,0,0,0,0,0,0,0,0,,,,0,2019-12-30,6.0,0.0,1.0,,9764543.0
18193435,2019,16,52,5,0,150107A201,150118,0,0,1,0,0.0,0.0,0,0,0,0,0,0,0,0,0,0,0,0,0,0,0,0,0,0.0,0.0,0,0,0,0,0,0,0,0,0,0,0,0,0,0,0,0,,,,0,2019-04-22,,,1.0,0.0,9764543.0
18193477,2019,16,52,5,0,150107A201,190102,0,0,1,0,0.0,0.0,0,0,0,0,0,0,0,0,0,0,0,0,0,0,0,0,0,0.0,0.0,0,0,0,0,0,0,0,0,0,0,0,0,0,0,0,0,,,,0,2019-04-22,,,1.0,0.0,9764543.0
19038265,2020,4,52,5,0,150107A201,150101,0,2,13,0,0.0,0.0,0,0,0,0,0,0,0,0,0,0,0,0,0,0,0,0,0,0.0,0.0,0,0,0,0,0,0,0,0,0,0,0,0,0,0,0,0,,,,0,2020-01-27,1.0,0.0,1.0,0.0,9764543.0
19512076,2020,45,52,5,0,150107A201,150103,0,1,1,0,0.0,0.0,0,0,0,0,0,0,0,0,0,0,0,0,0,0,0,0,0,0.0,0.0,0,0,0,0,0,0,0,0,0,0,0,0,0,0,0,0,,,,0,2020-11-09,,,,0.0,9764543.0
18974113,2020,1,52,5,0,150107A201,150107,0,2,10,0,0.0,0.0,0,0,0,0,0,0,0,0,0,0,0,0,0,0,0,0,0,0.0,0.0,0,0,0,0,0,0,0,0,0,0,0,0,0,0,0,0,,,,0,2020-01-06,1.0,0.0,1.0,0.0,9764543.0
18991585,2020,2,52,5,0,150107A201,150107,0,1,14,0,0.0,0.0,0,0,0,0,0,0,0,0,0,0,0,0,0,0,0,0,0,0.0,0.0,0,0,0,0,0,0,0,0,0,0,0,0,0,0,0,14,,,,0,2020-01-13,1.0,0.0,1.0,0.0,9764543.0
19011340,2020,3,52,5,0,150107A201,150107,0,0,7,0,0.0,0.0,0,0,0,0,0,0,0,0,0,0,0,0,0,0,0,0,0,0.0,0.0,0,0,0,0,0,0,0,0,0,0,0,0,0,0,0,0,,,,0,2020-01-20,1.0,0.0,1.0,0.0,9764543.0
19051144,2020,5,52,5,0,150107A201,150107,0,1,6,0,0.0,0.0,0,0,0,0,0,0,0,0,0,0,0,0,0,0,0,0,0,0.0,0.0,0,0,0,0,0,0,0,0,0,0,0,0,0,0,0,0,,,,0,2020-02-03,,,1.0,0.0,9764543.0
19065985,2020,6,52,5,0,150107A201,150107,0,0,6,0,0.0,0.0,0,0,0,0,0,0,0,0,0,0,0,0,0,0,0,0,0,0.0,0.0,0,0,0,0,0,0,0,0,0,0,0,0,0,0,0,0,,,,0,2020-02-10,,,1.0,0.0,9764543.0
19085980,2020,7,52,5,0,150107A201,150107,0,0,6,0,0.0,0.0,0,0,0,0,0,0,0,0,0,0,0,0,0,0,0,0,0,0.0,0.0,0,0,0,0,0,0,0,0,0,0,0,0,0,0,0,0,,,,0,2020-02-17,,,1.0,0.0,9764543.0
19104754,2020,8,52,5,0,150107A201,150107,0,1,9,0,0.0,0.0,0,0,0,0,0,0,0,0,0,0,0,0,0,0,0,0,0,0.0,0.0,0,0,0,0,0,0,0,0,0,0,0,0,0,0,0,0,,,,0,2020-02-24,,,1.0,0.0,9764543.0
19122127,2020,9,52,5,0,150107A201,150107,0,0,7,0,0.0,0.0,0,0,0,0,0,0,0,0,0,0,0,0,0,0,0,0,0,0.0,0.0,0,0,0,0,0,0,0,0,0,0,0,0,0,0,0,0,,,,0,2020-03-02,,,1.0,0.0,9764543.0
19141747,2020,10,52,5,0,150107A201,150107,0,4,3,0,0.0,0.0,0,0,0,0,0,0,0,0,0,0,0,0,0,0,0,0,0,0.0,0.0,0,0,0,0,0,0,0,0,0,0,0,0,0,0,0,0,,,,0,2020-03-09,,,1.0,0.0,9764543.0
19160422,2020,11,52,5,0,150107A201,150107,0,6,8,0,0.0,0.0,0,0,0,0,0,0,0,0,0,0,0,0,0,0,0,0,0,0.0,0.0,0,0,0,0,0,0,0,0,0,0,0,0,0,0,0,0,,,,0,2020-03-16,,,1.0,0.0,9764543.0
19188100,2020,12,52,5,0,150107A201,150107,1,0,3,0,0.0,0.0,0,0,0,0,0,0,0,0,0,0,0,0,0,0,0,0,0,0.0,0.0,0,0,0,0,0,0,0,0,0,0,0,0,0,0,2,2,,,,0,2020-03-24,1.0,0.0,1.0,0.0,9764543.0
19208407,2020,14,52,5,0,150107A201,150107,0,1,0,0,0.0,0.0,0,0,0,0,0,0,0,0,0,0,0,0,0,0,0,0,0,0.0,0.0,0,0,0,0,0,0,0,0,0,0,0,0,0,0,0,0,,,,0,2020-04-06,1.0,0.0,1.0,0.0,9764543.0
19220971,2020,15,52,5,0,150107A201,150107,0,0,1,0,0.0,0.0,0,0,0,1,0,0,0,0,0,0,0,0,0,0,0,0,0,0.0,0.0,0,0,0,0,0,0,0,0,0,0,0,0,0,0,0,0,,,,0,2020-04-14,1.0,0.0,1.0,0.0,9764543.0
19248751,2020,19,52,5,0,150107A201,150107,0,0,0,0,0.0,0.0,0,0,0,0,1,0,0,0,0,0,0,0,0,0,0,0,0,0.0,0.0,0,0,0,0,0,0,0,0,0,0,0,0,0,0,0,0,,,,0,2020-05-11,1.0,0.0,1.0,0.0,9764543.0
19263949,2020,21,52,5,0,150107A201,150107,0,0,2,0,0.0,0.0,0,0,0,0,0,0,0,0,0,0,0,0,0,0,0,0,0,0.0,0.0,0,0,0,0,0,0,0,0,0,0,0,0,0,0,0,0,,,,0,2020-05-25,1.0,0.0,1.0,0.0,9764543.0
19272307,2020,22,52,5,0,150107A201,150107,0,0,1,0,0.0,0.0,0,0,0,0,0,0,0,0,0,0,0,0,0,0,0,0,0,0.0,0.0,0,0,0,0,0,0,0,0,0,0,0,0,0,0,0,0,,,,0,2020-06-01,1.0,0.0,1.0,0.0,9764543.0
19281268,2020,23,52,5,0,150107A201,150107,0,0,1,0,0.0,0.0,0,0,0,0,0,0,0,0,0,0,0,0,0,0,0,0,0,0.0,0.0,0,0,0,0,0,0,0,0,0,0,0,0,0,0,1,0,,,,0,2020-06-08,1.0,0.0,1.0,0.0,9764543.0
19289560,2020,24,52,5,0,150107A201,150107,0,0,1,0,0.0,0.0,0,0,0,0,0,0,0,0,0,0,0,0,0,0,0,0,0,0.0,0.0,0,0,0,0,0,0,0,0,0,0,0,0,0,0,0,0,,,,0,2020-06-15,,,1.0,0.0,9764543.0
19306915,2020,26,52,5,0,150107A201,150107,0,1,0,0,0.0,0.0,0,0,0,0,0,0,0,0,0,0,0,0,0,0,0,0,0,0.0,0.0,0,0,0,0,0,0,0,0,0,0,0,0,0,0,1,0,,,,0,2020-06-30,,,1.0,0.0,9764543.0
19351051,2020,31,52,5,0,150107A201,150107,0,0,1,0,0.0,0.0,0,0,0,0,0,0,0,0,0,0,0,0,0,0,0,0,0,0.0,0.0,0,0,0,0,0,0,0,0,0,0,0,0,0,0,0,1,,,,0,2020-08-03,1.0,0.0,,0.0,9764543.0
19369600,2020,33,52,5,0,150107A201,150107,0,0,2,0,0.0,0.0,0,0,0,0,0,0,0,0,0,0,0,0,0,0,0,0,0,0.0,0.0,0,0,0,0,0,0,0,0,0,0,0,0,0,0,1,1,,,,0,2020-08-17,1.0,0.0,1.0,0.0,9764543.0
19382974,2020,34,52,5,0,150107A201,150107,0,0,1,0,0.0,0.0,0,0,0,0,0,0,0,0,0,0,0,0,0,0,0,0,0,0.0,0.0,0,0,0,0,0,0,0,0,0,0,0,0,0,0,1,0,,,,0,2020-08-24,,,1.0,0.0,9764543.0
19415914,2020,37,52,5,0,150107A201,150107,1,0,0,0,0.0,0.0,0,0,0,0,0,0,0,0,0,0,0,0,0,0,0,0,0,0.0,0.0,0,0,0,0,0,0,0,0,0,0,0,0,0,0,1,0,,,,0,2020-09-14,1.0,0.0,1.0,0.0,9764543.0
19474306,2020,42,52,5,0,150107A201,150107,0,1,1,0,0.0,0.0,0,0,0,0,0,0,0,0,0,0,0,0,0,0,0,0,0,0.0,0.0,0,0,0,0,0,0,0,0,0,0,0,0,0,0,1,1,,,,0,2020-10-19,1.0,0.0,1.0,0.0,9764543.0
19488103,2020,43,52,5,0,150107A201,150107,0,0,4,0,0.0,0.0,0,0,0,0,0,0,0,0,0,0,0,0,0,0,0,0,0,0.0,0.0,0,0,0,0,0,0,0,0,0,0,0,0,0,0,0,0,,,,0,2020-10-26,1.0,0.0,1.0,0.0,9764543.0
19495930,2020,44,52,5,0,150107A201,150107,0,1,0,0,0.0,0.0,0,0,0,0,0,0,0,0,0,0,0,0,0,0,0,0,0,0.0,0.0,0,0,0,0,0,0,0,0,0,0,0,0,0,0,1,0,,,,0,2020-11-02,,,,0.0,9764543.0
19512073,2020,45,52,5,0,150107A201,150107,1,4,0,0,0.0,0.0,0,0,0,0,0,0,0,0,0,0,0,0,0,0,0,0,0,0.0,0.0,0,0,0,0,0,0,0,0,0,0,0,0,0,0,0,0,,,,0,2020-11-09,1.0,0.0,1.0,0.0,9764543.0
19520650,2020,46,52,5,0,150107A201,150107,0,0,1,0,0.0,0.0,0,0,0,0,0,0,0,0,0,0,0,0,0,0,0,0,0,0.0,0.0,0,0,0,0,0,0,0,0,0,0,0,0,0,0,0,0,,,,0,2020-11-16,1.0,0.0,1.0,0.0,9764543.0
19546072,2020,48,52,5,0,150107A201,150107,0,2,2,0,0.0,0.0,0,0,0,0,0,0,0,0,0,0,0,0,0,0,0,0,0,0.0,0.0,0,0,0,0,0,0,0,0,0,0,0,0,0,0,3,1,,,,0,2020-11-30,1.0,0.0,1.0,0.0,9764543.0
19569262,2020,50,52,5,0,150107A201,150107,0,0,1,0,0.0,0.0,0,0,0,0,0,0,0,0,0,0,0,0,0,0,0,0,0,0.0,0.0,0,0,0,0,0,0,0,0,0,0,0,0,0,0,1,0,,,,0,2020-12-14,1.0,0.0,1.0,0.0,9764543.0
19580704,2020,51,52,5,0,150107A201,150107,0,0,2,0,0.0,0.0,0,0,0,0,0,0,0,0,0,0,0,0,0,0,0,0,0,0.0,0.0,0,0,0,0,0,0,0,0,0,0,0,0,0,0,2,0,,,,0,2020-12-21,1.0,,,0.0,9764543.0
19593421,2020,52,52,5,0,150107A201,150107,0,0,1,0,0.0,0.0,0,0,0,0,0,0,0,0,0,0,0,0,0,0,0,0,0,0.0,0.0,0,0,0,0,0,0,0,0,0,0,0,0,0,0,0,1,,,,0,2020-12-28,1.0,0.0,1.0,0.0,9764543.0
19512082,2020,45,52,5,0,150107A201,150118,0,0,1,0,0.0,0.0,0,0,0,0,0,0,0,0,0,0,0,0,0,0,0,0,0,0.0,0.0,0,0,0,0,0,0,0,0,0,0,0,0,0,0,0,0,,,,0,2020-11-09,,,1.0,0.0,9764543.0
19844161,2021,16,52,5,0,150107A201,150101,0,0,2,0,0.0,0.0,0,0,0,0,0,0,0,0,0,0,0,0,0,0,0,0,0,0.0,0.0,0,0,0,0,0,0,0,0,0,0,0,0,0,0,0,0,,,,0,2021-04-26,1.0,0.0,1.0,0.0,9764543.0
19654951,2021,2,52,5,0,150107A201,150107,0,1,2,0,0.0,0.0,0,0,0,0,0,0,0,0,0,0,0,0,0,0,0,0,0,0.0,0.0,0,0,0,0,0,0,0,0,0,0,0,0,0,0,0,0,,,,0,2021-01-18,6.0,0.0,1.0,,9764543.0
19664920,2021,3,52,5,0,150107A201,150107,0,3,2,0,0.0,0.0,0,0,0,0,0,0,0,0,0,0,0,0,0,0,0,0,0,0.0,0.0,0,0,0,0,0,0,0,0,0,0,0,0,0,0,0,0,,,,0,2021-01-25,1.0,0.0,,0.0,9764543.0
19717615,2021,7,52,5,0,150107A201,150107,1,0,1,0,0.0,0.0,0,0,0,0,0,0,0,0,0,0,0,0,0,0,0,0,0,0.0,0.0,0,0,0,0,0,0,0,0,0,0,0,0,0,0,1,1,,,,0,2021-02-22,,,,0.0,9764543.0
19732927,2021,8,52,5,0,150107A201,150107,0,0,2,0,0.0,0.0,0,0,0,0,0,0,0,0,0,0,0,0,0,0,0,0,0,0.0,0.0,0,0,0,0,0,0,0,0,0,0,0,0,0,0,0,2,,,,0,2021-03-01,,,,0.0,9764543.0
19754914,2021,9,52,5,0,150107A201,150107,1,0,1,0,0.0,0.0,0,0,0,0,0,0,0,0,0,0,0,0,0,0,0,0,0,0.0,0.0,0,0,0,0,0,0,0,0,0,0,0,0,0,0,1,1,,,,0,2021-03-12,1.0,0.0,1.0,0.0,9764543.0
19758382,2021,10,52,5,0,150107A201,150107,0,1,0,0,0.0,0.0,0,0,0,0,0,0,0,0,0,0,0,0,0,0,0,0,0,0.0,0.0,0,0,0,0,0,0,0,0,0,0,0,0,0,0,1,0,,,,0,2021-03-15,1.0,0.0,1.0,0.0,9764543.0
19776964,2021,11,52,5,0,150107A201,150107,1,1,2,0,0.0,0.0,0,0,0,0,0,0,0,0,0,0,0,0,0,0,0,0,0,0.0,0.0,0,0,0,0,0,0,0,0,0,0,0,0,0,0,0,0,,,,0,2021-03-22,1.0,0.0,1.0,0.0,9764543.0
19805872,2021,13,52,5,0,150107A201,150107,0,2,1,0,0.0,0.0,0,0,0,0,0,0,0,0,0,0,0,0,0,0,0,0,0,0.0,0.0,0,0,0,0,0,0,0,0,0,0,0,0,0,0,0,0,,,,0,2021-04-05,1.0,0.0,1.0,0.0,9764543.0
19812499,2021,14,52,5,0,150107A201,150107,0,0,2,0,0.0,0.0,0,0,0,0,0,0,0,0,0,0,0,0,0,0,0,0,0,0.0,0.0,0,0,0,0,0,0,0,0,0,0,0,0,0,0,0,0,,,,0,2021-04-12,6.0,0.0,1.0,,9764543.0
19827019,2021,15,52,5,0,150107A201,150107,0,0,2,0,0.0,0.0,0,0,0,0,0,0,0,0,0,0,0,0,0,0,0,0,0,0.0,0.0,0,0,0,0,0,0,0,0,0,0,0,0,0,0,0,0,,,,0,2021-04-19,1.0,0.0,1.0,0.0,9764543.0
19858375,2021,17,52,5,0,150107A201,150107,0,0,2,0,0.0,0.0,0,0,0,0,0,0,0,0,0,0,0,0,0,0,0,0,0,0.0,0.0,0,0,0,0,0,0,0,0,0,0,0,0,0,0,0,0,,,,0,2021-05-03,1.0,0.0,1.0,0.0,9764543.0
19870045,2021,18,52,5,0,150107A201,150107,0,1,2,0,0.0,0.0,0,0,0,0,0,0,0,0,0,0,0,0,0,0,0,0,0,0.0,0.0,0,0,0,0,0,0,0,0,0,0,0,0,0,0,0,0,,,,0,2021-05-10,1.0,0.0,1.0,0.0,9764543.0
19901854,2021,20,52,5,0,150107A201,150107,0,0,2,0,0.0,0.0,0,0,0,0,0,0,0,0,0,0,0,0,0,0,0,0,0,0.0,0.0,0,0,0,0,0,0,0,0,0,0,0,0,0,0,0,0,,,,0,2021-05-24,,,1.0,0.0,9764543.0
19916827,2021,21,52,5,0,150107A201,150107,0,0,5,0,0.0,0.0,0,0,0,0,0,0,0,0,0,0,0,0,0,0,0,0,0,0.0,0.0,0,0,0,0,0,0,0,0,0,0,0,0,0,0,0,0,,,,0,2021-05-31,1.0,0.0,1.0,0.0,9764543.0
19929829,2021,22,52,5,0,150107A201,150107,0,0,4,0,0.0,0.0,0,0,0,0,0,0,0,0,0,0,0,0,0,0,0,0,0,0.0,0.0,0,0,0,0,0,0,0,0,0,0,0,0,0,0,0,0,,,,0,2021-06-07,1.0,0.0,1.0,0.0,9764543.0
19955278,2021,23,52,5,0,150107A201,150107,0,0,2,0,0.0,0.0,0,0,0,0,0,0,0,0,0,0,0,0,0,0,0,0,0,0.0,0.0,0,0,0,0,0,0,0,0,0,0,0,0,0,0,0,0,,,,0,2021-06-15,1.0,0.0,1.0,0.0,9764543.0
19963888,2021,24,52,5,0,150107A201,150107,0,0,4,0,0.0,0.0,0,0,0,0,0,0,1,0,0,0,0,0,0,0,0,0,0,0.0,0.0,0,0,0,0,0,0,0,0,0,0,0,0,0,0,0,0,,,,0,2021-06-21,,,1.0,0.0,9764543.0
19980343,2021,25,52,5,0,150107A201,150107,0,0,3,0,0.0,0.0,0,0,0,0,0,0,0,0,0,0,0,0,0,0,0,0,0,0.0,0.0,0,0,0,0,0,0,0,0,0,0,0,0,0,0,0,0,,,,0,2021-06-28,,,1.0,0.0,9764543.0
19993396,2021,26,52,5,0,150107A201,150107,0,0,3,0,0.0,0.0,0,0,0,0,0,0,0,0,0,0,0,0,0,0,0,0,0,0.0,0.0,0,0,0,0,0,0,0,0,0,0,0,0,0,0,0,0,,,,0,2021-07-05,1.0,0.0,1.0,0.0,9764543.0
20018314,2021,27,52,5,0,150107A201,150107,0,0,9,0,0.0,0.0,0,0,0,0,0,0,0,0,0,0,0,0,0,0,0,0,0,0.0,0.0,0,0,0,0,0,0,0,0,0,0,0,0,0,0,0,0,,,,0,2021-07-13,1.0,0.0,1.0,0.0,9764543.0
20040148,2021,29,52,5,0,150107A201,150107,0,0,4,0,0.0,0.0,0,0,0,0,0,0,0,0,0,0,0,0,0,0,0,0,0,0.0,0.0,0,0,0,0,0,0,0,0,0,0,0,0,0,0,0,4,,,,0,2021-07-26,1.0,0.0,1.0,0.0,9764543.0
20058856,2021,30,52,5,0,150107A201,150107,0,0,5,0,0.0,0.0,0,0,0,0,0,0,0,0,0,0,0,0,0,0,0,0,0,0.0,0.0,0,0,0,0,0,0,0,0,0,0,0,0,0,0,0,0,,,,0,2021-08-02,1.0,0.0,1.0,0.0,9764543.0
20077585,2021,31,52,5,0,150107A201,150107,0,1,4,0,0.0,0.0,0,0,0,0,0,0,0,0,0,0,0,0,0,0,0,0,0,0.0,0.0,0,0,0,0,0,0,0,0,0,0,0,0,0,0,0,4,,,,0,2021-08-09,1.0,0.0,,0.0,9764543.0
20085862,2021,32,52,5,0,150107A201,150107,0,4,8,0,0.0,0.0,0,0,0,0,0,0,0,0,0,0,0,0,0,0,0,0,0,0.0,0.0,0,0,0,0,0,0,0,0,0,0,0,0,0,0,0,0,,,,0,2021-08-16,,,,0.0,9764543.0
20129077,2021,34,52,5,0,150107A201,150107,0,0,5,0,0.0,0.0,0,0,0,0,0,0,0,0,0,0,0,0,0,0,0,0,0,0.0,0.0,0,0,0,0,0,0,0,0,0,0,0,0,0,0,0,0,,,,0,2021-08-31,1.0,0.0,1.0,0.0,9764543.0
20136583,2021,35,52,5,0,150107A201,150107,0,0,6,0,0.0,0.0,0,0,0,0,0,0,0,0,0,0,0,0,0,0,0,0,0,0.0,0.0,0,0,0,0,0,0,0,0,0,0,0,0,0,0,1,5,,,,0,2021-09-06,1.0,0.0,1.0,0.0,9764543.0
20153581,2021,36,52,5,0,150107A201,150107,0,1,5,0,0.0,0.0,0,0,0,0,0,0,0,0,0,0,0,0,0,0,0,0,0,0.0,0.0,0,0,0,0,0,0,0,0,0,0,0,0,0,0,2,4,,,,0,2021-09-13,1.0,0.0,,0.0,9764543.0
20166949,2021,37,52,5,0,150107A201,150107,0,2,11,0,0.0,0.0,0,0,0,0,0,0,0,0,0,0,0,0,0,0,0,0,0,0.0,0.0,0,0,0,0,0,0,0,0,0,0,0,0,0,0,6,7,,,,0,2021-09-20,1.0,0.0,1.0,0.0,9764543.0
20182660,2021,38,52,5,0,150107A201,150107,0,0,4,0,0.0,0.0,0,0,0,0,0,0,0,0,0,0,0,0,0,0,0,0,0,0.0,0.0,0,0,0,0,0,0,0,0,0,0,0,0,0,0,0,0,,,,0,2021-09-27,1.0,0.0,1.0,0.0,9764543.0
20198854,2021,39,52,5,0,150107A201,150107,0,0,2,0,0.0,0.0,0,0,0,0,0,0,0,0,0,0,0,0,0,0,0,0,0,0.0,0.0,0,0,0,0,0,0,0,0,0,0,0,0,0,0,1,1,,,,0,2021-10-04,1.0,0.0,1.0,0.0,9764543.0
20211769,2021,40,52,5,0,150107A201,150107,0,1,4,0,0.0,0.0,0,0,0,0,0,0,0,0,0,0,0,0,0,0,0,0,0,0.0,0.0,0,0,0,0,0,0,0,0,0,0,0,0,0,0,0,0,,,,0,2021-10-11,,,,0.0,9764543.0
20229628,2021,41,52,5,0,150107A201,150107,1,4,7,0,0.0,0.0,0,0,0,0,0,0,0,0,0,0,0,0,0,0,0,0,0,0.0,0.0,0,0,0,0,0,0,0,0,0,0,0,0,0,0,0,0,,,,0,2021-10-18,,,,0.0,9764543.0
20243677,2021,42,52,5,0,150107A201,150107,0,1,7,0,0.0,0.0,0,0,0,0,0,0,0,0,0,0,0,0,0,0,0,0,0,0.0,0.0,0,0,0,0,0,0,0,0,0,0,0,0,0,0,0,0,,,,0,2021-10-25,,,,0.0,9764543.0
20266135,2021,43,52,5,0,150107A201,150107,1,1,8,0,0.0,0.0,0,0,0,0,0,0,0,0,0,0,0,0,0,0,0,0,0,0.0,0.0,0,0,0,0,0,0,0,0,0,0,0,0,0,0,5,5,,,,0,2021-11-02,1.0,0.0,1.0,0.0,9764543.0
20278858,2021,44,52,5,0,150107A201,150107,0,0,9,0,0.0,0.0,0,0,0,0,0,0,0,0,0,0,0,0,0,0,0,0,0,0.0,0.0,0,0,0,0,0,0,0,0,0,0,0,0,0,0,2,7,,,,0,2021-11-08,1.0,0.0,1.0,0.0,9764543.0
20293768,2021,45,52,5,0,150107A201,150107,0,1,3,0,0.0,0.0,0,0,0,0,0,0,0,0,0,0,0,0,0,0,0,0,0,0.0,0.0,0,0,0,0,0,0,0,0,0,0,0,0,0,0,0,0,,,,0,2021-11-15,,,,0.0,9764543.0
20309161,2021,46,52,5,0,150107A201,150107,1,1,4,0,0.0,0.0,0,0,0,0,0,0,0,0,0,0,0,0,0,0,0,0,0,0.0,0.0,0,0,0,0,0,0,0,0,0,0,0,0,0,0,5,1,,,,0,2021-11-22,1.0,0.0,1.0,0.0,9764543.0
20329147,2021,47,52,5,0,150107A201,150107,0,0,7,0,0.0,0.0,0,0,0,0,0,0,0,0,0,0,0,0,0,0,0,0,0,0.0,0.0,0,0,0,0,0,0,0,0,0,0,0,0,0,0,3,4,,,,0,2021-11-29,,,1.0,0.0,9764543.0
20376526,2021,50,52,5,0,150107A201,150107,1,0,1,0,0.0,0.0,0,0,0,0,0,0,0,0,0,0,0,0,0,0,0,0,0,0.0,0.0,0,0,0,0,0,0,0,0,0,0,0,0,0,0,0,0,,,,0,2021-12-20,1.0,0.0,1.0,0.0,9764543.0
20411452,2021,52,52,5,0,150107A201,150107,0,1,5,0,0.0,0.0,0,0,0,0,0,0,0,0,0,0,0,0,0,0,0,0,0,0.0,0.0,0,0,0,0,0,0,0,0,0,0,0,0,0,0,1,4,,,,0,2022-01-03,1.0,0.0,1.0,0.0,9764543.0
20422114,2022,1,52,5,0,150107A201,150107,0,4,10,0,0.0,0.0,0,0,0,0,0,0,0,0,0,0,0,0,0,0,0,0,0,0.0,0.0,0,0,0,0,0,0,0,0,0,0,0,0,0,0,0,0,,,,0,2022-01-10,6.0,0.0,1.0,,9764543.0
20445577,2022,2,52,5,0,150107A201,150107,0,1,4,0,0.0,0.0,0,0,0,0,0,0,0,0,0,0,0,0,0,0,0,0,0,0.0,0.0,0,0,0,0,0,0,0,0,0,0,0,0,0,0,1,0,,,,0,2022-01-17,1.0,0.0,1.0,0.0,9764543.0
20457271,2022,3,52,5,0,150107A201,150107,0,1,5,0,0.0,0.0,0,0,0,0,0,0,0,0,0,0,0,0,0,0,0,0,0,0.0,0.0,0,0,0,0,0,0,0,0,0,0,0,0,0,0,0,0,,,,0,2022-01-24,1.0,0.0,1.0,0.0,9764543.0
20488516,2022,4,52,5,0,150107A201,150107,0,1,0,0,0.0,0.0,0,0,0,0,0,0,0,0,0,0,0,0,0,0,0,0,0,0.0,0.0,0,0,0,0,0,0,0,0,0,0,0,0,0,0,1,0,,,,0,2022-02-03,1.0,0.0,1.0,0.0,9764543.0
20529649,2022,7,52,5,0,150107A201,150107,0,0,2,0,0.0,0.0,0,0,0,0,0,0,0,0,0,0,0,0,0,0,0,0,0,0.0,0.0,0,0,0,0,0,0,0,0,0,0,0,0,0,0,0,0,,,,0,2022-02-21,1.0,0.0,,0.0,9764543.0
20548678,2022,8,52,5,0,150107A201,150107,0,0,1,0,0.0,0.0,0,0,0,0,0,0,0,0,0,0,0,0,0,0,0,0,0,0.0,0.0,0,0,0,0,0,0,0,0,0,0,0,0,0,0,0,0,,,,0,2022-02-28,1.0,0.0,1.0,0.0,9764543.0
20557786,2022,9,52,5,0,150107A201,150107,0,0,3,0,0.0,0.0,0,0,0,0,0,0,0,0,0,0,0,0,0,0,0,0,0,0.0,0.0,0,0,0,0,0,0,0,0,0,0,0,0,0,0,0,0,,,,0,2022-03-07,1.0,0.0,1.0,0.0,9764543.0
20584555,2022,10,52,5,0,150107A201,150107,0,1,7,0,0.0,0.0,0,0,0,0,0,0,0,0,0,0,0,0,0,0,0,0,0,0.0,0.0,0,0,0,0,0,0,0,0,0,0,0,0,0,0,0,0,,,,0,2022-03-15,1.0,0.0,1.0,0.0,9764543.0
20600512,2022,11,52,5,0,150107A201,150107,0,2,9,0,0.0,0.0,0,0,0,0,0,0,0,0,0,0,0,0,0,0,0,0,0,0.0,0.0,0,0,0,0,0,0,0,0,0,0,0,0,0,0,0,0,,,,0,2022-03-22,1.0,0.0,1.0,0.0,9764543.0
20611900,2022,12,52,5,0,150107A201,150107,0,2,11,0,0.0,0.0,0,0,0,0,0,0,0,0,0,0,0,0,0,0,0,0,0,0.0,0.0,0,0,0,0,0,0,0,0,0,0,0,0,0,0,0,0,,,,0,2022-03-28,1.0,0.0,1.0,0.0,9764543.0
20625367,2022,13,52,5,0,150107A201,150107,0,1,6,0,0.0,0.0,0,0,0,0,0,0,0,0,0,0,0,0,0,0,0,0,0,0.0,0.0,0,0,0,0,0,0,0,0,0,0,0,0,0,0,0,0,,,,0,2022-04-04,1.0,0.0,,0.0,9764543.0
20645734,2022,14,52,5,0,150107A201,150107,0,0,9,0,0.0,0.0,0,0,0,0,0,0,0,0,0,0,0,0,0,0,0,0,0,0.0,0.0,0,0,0,0,0,0,0,0,0,0,0,0,0,0,0,0,,,,0,2022-04-11,1.0,0.0,1.0,0.0,9764543.0
20664928,2022,15,52,5,0,150107A201,150107,0,3,2,0,0.0,0.0,0,0,0,0,0,0,0,0,0,0,0,0,0,0,0,0,0,0.0,0.0,0,0,0,0,0,0,0,0,0,0,0,0,0,0,0,0,,,,0,2022-04-18,1.0,0.0,1.0,0.0,9764543.0
20686708,2022,16,52,5,0,150107A201,150107,0,1,15,0,0.0,0.0,0,0,0,0,0,0,0,0,0,0,0,0,0,0,0,0,0,0.0,0.0,0,0,0,0,0,0,0,0,0,0,0,0,0,0,0,0,,,,0,2022-04-25,1.0,0.0,1.0,0.0,9764543.0
20702848,2022,17,52,5,0,150107A201,150107,0,0,12,0,0.0,0.0,0,0,0,0,0,0,0,0,0,0,0,0,0,0,0,0,0,0.0,0.0,0,0,0,0,0,0,0,0,0,0,0,0,0,0,0,0,,,,0,2022-05-02,1.0,0.0,1.0,0.0,9764543.0
20718736,2022,18,52,5,0,150107A201,150107,0,4,6,0,0.0,0.0,0,0,0,0,0,0,0,0,0,0,0,0,0,0,0,0,0,0.0,0.0,0,0,0,0,0,0,0,0,0,0,0,0,0,0,0,0,,,,0,2022-05-09,,,1.0,0.0,9764543.0
20746249,2022,19,52,5,0,150107A201,150107,0,3,4,0,0.0,0.0,0,0,0,0,0,0,0,0,0,0,0,0,0,0,0,0,0,0.0,0.0,0,0,0,0,0,0,0,0,0,0,0,0,0,0,1,1,,,,0,2022-05-16,6.0,0.0,1.0,,9764543.0
20762668,2022,20,52,5,0,150107A201,150107,1,3,8,0,0.0,0.0,0,0,0,0,0,0,0,0,0,0,0,0,0,0,0,0,0,0.0,0.0,0,0,0,0,0,0,0,0,0,0,0,0,0,0,0,2,,,,0,2022-05-24,1.0,0.0,2.0,0.0,9764543.0
20778739,2022,21,52,5,0,150107A201,150107,0,4,22,0,0.0,0.0,0,0,0,0,0,0,0,0,0,0,0,0,0,0,0,0,0,0.0,0.0,0,0,0,0,0,0,0,0,0,0,0,0,0,0,0,0,,,,0,2022-05-30,1.0,0.0,1.0,0.0,9764543.0
20800111,2022,22,52,5,0,150107A201,150107,0,1,14,0,0.0,0.0,0,0,0,0,0,0,0,0,0,0,0,0,0,0,0,0,0,0.0,0.0,0,0,0,0,0,0,0,0,0,0,0,0,0,0,0,0,,,,0,2022-06-06,1.0,0.0,1.0,0.0,9764543.0
20819128,2022,23,52,5,0,150107A201,150107,0,6,12,0,0.0,0.0,0,0,0,0,0,0,0,0,0,0,0,0,0,0,0,0,0,0.0,0.0,0,0,0,0,0,0,0,0,0,0,0,0,0,0,0,0,,,,0,2022-06-13,1.0,0.0,1.0,0.0,9764543.0
20848192,2022,24,52,5,0,150107A201,150107,0,1,20,0,0.0,0.0,0,0,0,0,0,0,0,0,0,0,0,0,0,0,0,0,0,0.0,0.0,0,0,0,0,0,0,0,0,0,0,0,0,0,0,0,0,,,,0,2022-06-20,1.0,0.0,1.0,0.0,9764543.0
20862817,2022,25,52,5,0,150107A201,150107,0,3,18,0,0.0,0.0,0,0,0,0,0,0,0,0,0,0,0,0,0,0,0,0,0,0.0,0.0,0,0,0,0,0,0,0,0,0,0,0,0,0,0,0,1,,,,0,2022-06-27,1.0,0.0,1.0,0.0,9764543.0
20887048,2022,26,52,5,0,150107A201,150107,0,0,12,0,0.0,0.0,0,0,0,0,0,0,0,0,0,0,0,0,0,0,0,0,0,0.0,0.0,0,0,0,0,0,0,0,0,0,0,0,0,0,0,0,0,,,,0,2022-07-04,1.0,0.0,1.0,0.0,9764543.0
20908513,2022,27,52,5,0,150107A201,150107,0,2,9,0,0.0,0.0,0,0,0,0,0,0,0,0,0,0,0,0,0,0,0,0,0,0.0,0.0,0,0,0,0,0,0,0,0,0,0,0,0,0,0,0,0,,,,0,2022-07-11,,,1.0,0.0,9764543.0
20924941,2022,28,52,5,0,150107A201,150107,0,1,9,0,0.0,0.0,0,0,0,0,0,0,0,0,0,0,0,0,0,0,0,0,0,0.0,0.0,0,0,0,0,0,0,0,0,0,0,0,0,0,0,0,0,,,,0,2022-07-18,1.0,0.0,1.0,0.0,9764543.0
20944579,2022,29,52,5,0,150107A201,150107,0,1,7,0,0.0,0.0,0,0,0,0,0,0,0,0,0,0,0,0,0,0,0,0,0,0.0,0.0,0,0,0,0,0,0,0,0,0,0,0,0,0,0,0,0,,,,0,2022-07-25,,,1.0,0.0,9764543.0
20973607,2022,30,52,5,0,150107A201,150107,0,1,2,0,0.0,0.0,0,0,0,0,0,0,0,0,0,0,0,0,0,0,0,0,0,0.0,0.0,0,0,0,0,0,0,0,0,0,0,0,0,0,0,0,0,,,,0,2022-08-01,1.0,0.0,1.0,0.0,9764543.0
21005278,2022,32,52,5,0,150107A201,150107,1,0,3,0,0.0,0.0,0,0,0,0,0,0,0,0,0,0,0,0,0,0,0,0,0,0.0,0.0,0,0,0,0,0,0,0,0,0,0,0,0,0,0,0,0,,,,0,2022-08-15,1.0,0.0,1.0,0.0,9764543.0
21033682,2022,33,52,5,0,150107A201,150107,0,1,3,0,0.0,0.0,0,0,0,0,0,0,0,0,0,0,0,0,0,0,0,0,0,0.0,0.0,0,0,0,0,0,0,0,0,0,0,0,0,0,0,0,0,,,,0,2022-08-22,1.0,0.0,1.0,0.0,9764543.0
21054118,2022,34,52,5,0,150107A201,150107,0,0,11,0,0.0,0.0,0,0,0,0,0,0,0,0,0,0,0,0,0,0,0,0,0,0.0,0.0,0,0,0,0,0,0,0,0,0,0,0,0,0,0,0,0,,,,0,2022-08-29,1.0,0.0,1.0,0.0,9764543.0
21099124,2022,36,52,5,0,150107A201,150107,0,2,16,0,0.0,0.0,0,0,0,0,0,0,0,0,0,0,0,0,0,0,0,0,0,0.0,0.0,0,0,0,0,0,0,0,0,0,0,0,0,0,0,0,0,,,,0,2022-09-13,1.0,0.0,1.0,0.0,9764543.0
21116251,2022,37,52,5,0,150107A201,150107,0,1,17,0,0.0,0.0,0,0,0,0,0,0,0,0,0,0,0,0,0,0,0,0,0,0.0,0.0,0,0,0,0,0,0,0,0,0,0,0,0,0,0,1,0,,,,0,2022-09-19,1.0,0.0,1.0,0.0,9764543.0
21131308,2022,38,52,5,0,150107A201,150107,0,0,7,0,0.0,0.0,0,0,0,0,0,0,0,0,0,0,0,0,0,0,0,0,0,0.0,0.0,0,0,0,0,0,0,0,0,0,0,0,0,0,0,0,0,,,,0,2022-09-26,1.0,0.0,1.0,0.0,9764543.0
21143554,2022,39,52,5,0,150107A201,150107,0,1,13,0,0.0,0.0,0,0,0,0,0,0,0,0,0,0,0,0,0,0,0,0,0,0.0,0.0,0,0,0,0,0,0,0,0,0,0,0,0,0,0,0,0,,,,0,2022-10-03,1.0,0.0,1.0,0.0,9764543.0
21168934,2022,40,52,5,0,150107A201,150107,0,4,9,0,0.0,0.0,0,0,0,0,0,0,0,0,0,0,0,0,0,0,0,0,0,0.0,0.0,0,0,0,0,0,0,0,0,0,0,0,0,0,0,0,0,,,,0,2022-10-10,1.0,0.0,1.0,0.0,9764543.0
21185182,2022,41,52,5,0,150107A201,150107,1,1,8,0,0.0,0.0,0,0,0,0,0,0,0,0,0,0,0,0,0,0,0,0,0,0.0,0.0,0,0,0,0,0,0,0,0,0,0,0,0,0,0,0,1,,,,0,2022-10-17,1.0,,1.0,0.0,9764543.0
21206938,2022,42,52,5,0,150107A201,150107,0,1,4,0,0.0,0.0,0,0,0,0,0,0,0,0,0,0,0,0,0,0,0,0,0,0.0,0.0,0,0,0,0,0,0,0,0,0,0,0,0,0,0,0,0,,,,0,2022-10-24,1.0,0.0,,0.0,9764543.0
21223504,2022,43,52,5,0,150107A201,150107,0,3,8,0,0.0,0.0,0,0,0,0,0,0,0,0,0,0,0,0,0,0,0,0,0,0.0,0.0,0,0,0,0,0,0,0,0,0,0,0,0,0,0,0,0,,,,0,2022-10-31,,,1.0,0.0,9764543.0
21247309,2022,44,52,5,0,150107A201,150107,0,1,5,0,0.0,0.0,0,0,0,0,0,0,0,0,0,0,0,0,0,0,0,0,0,0.0,0.0,0,0,0,0,0,0,0,0,0,0,0,0,0,0,0,0,,,,0,2022-11-07,1.0,0.0,,0.0,9764543.0
21262177,2022,45,52,5,0,150107A201,150107,0,1,5,0,0.0,0.0,0,0,0,0,0,0,0,0,0,0,0,0,0,0,0,0,0,0.0,0.0,0,0,0,0,0,0,0,0,0,0,0,0,0,0,0,0,,,,0,2022-11-14,1.0,0.0,1.0,0.0,9764543.0
21280462,2022,46,52,5,0,150107A201,150107,0,1,15,0,0.0,0.0,0,0,0,0,0,0,0,0,0,0,0,0,0,0,0,0,0,0.0,0.0,0,0,0,0,0,0,0,0,0,0,0,0,0,0,0,0,,,,0,2022-11-21,,,1.0,0.0,9764543.0
21311926,2022,47,52,5,0,150107A201,150107,0,2,15,0,0.0,0.0,0,0,0,0,0,0,0,0,0,0,0,0,0,0,0,0,0,0.0,0.0,0,0,0,0,0,0,0,0,0,0,0,0,0,0,0,0,,,,0,2022-11-28,1.0,0.0,1.0,0.0,9764543.0
21331078,2022,48,52,5,0,150107A201,150107,0,3,13,0,0.0,0.0,0,0,0,0,0,0,0,0,0,0,0,0,0,0,0,0,0,0.0,0.0,0,0,0,0,0,0,0,0,0,0,0,0,0,0,0,0,,,,0,2022-12-05,,,1.0,0.0,9764543.0
21345382,2022,49,52,5,0,150107A201,150107,0,5,7,0,0.0,0.0,0,0,0,0,0,0,0,0,0,0,0,0,0,0,0,0,0,0.0,0.0,0,0,0,0,0,0,0,0,0,0,0,0,0,0,0,0,,,,0,2022-12-12,,,,0.0,9764543.0
21362533,2022,50,52,5,0,150107A201,150107,0,6,8,0,0.0,0.0,0,0,0,0,0,0,0,0,0,0,0,0,0,0,0,0,0,0.0,0.0,0,0,0,0,0,0,0,0,0,0,0,0,0,0,0,0,,,,0,2022-12-19,,,,0.0,9764543.0
21380866,2022,51,52,5,0,150107A201,150107,0,0,7,0,0.0,0.0,0,0,0,0,0,0,0,0,0,0,0,0,0,0,0,0,0,0.0,0.0,0,0,0,0,0,0,0,0,0,0,0,0,0,0,0,0,,,,0,2022-12-26,,,1.0,0.0,9764543.0
21407125,2022,52,52,5,0,150107A201,150107,0,1,7,0,0.0,0.0,0,0,0,0,0,0,0,0,0,0,0,0,0,0,0,0,0,0.0,0.0,0,0,0,0,0,0,0,0,0,0,0,0,0,0,0,0,,,,0,2023-01-02,1.0,0.0,1.0,0.0,9764543.0
21452488,2023,1,52,5,0,150107A201,150107,1,2,5,0,0.0,0.0,0,0,0,0,0,0,0,0,0,0,0,0,0,0,0,0,0,0.0,0.0,0,0,0,0,0,0,0,0,0,0,0,0,0,0,0,0,,,,0,2023-01-10,,,1.0,0.0,9764543.0
21491548,2023,2,52,5,0,150107A201,150107,0,1,4,0,0.0,0.0,0,0,0,0,0,0,0,0,0,0,0,0,0,0,0,0,0,0.0,0.0,0,0,0,0,0,0,0,0,0,0,0,0,0,0,0,0,,,,0,2023-01-17,,,1.0,0.0,9764543.0
21565504,2023,4,52,5,0,150107A201,150107,0,0,6,0,0.0,0.0,0,0,0,0,0,0,0,0,0,0,0,0,0,0,0,0,0,0.0,0.0,0,0,0,0,0,0,0,0,0,0,0,0,0,0,0,0,,,,0,2023-01-30,1.0,0.0,1.0,0.0,9764543.0
21637228,2023,6,52,5,0,150107A201,150107,0,2,2,0,0.0,0.0,0,0,0,0,0,0,0,0,0,0,0,0,0,0,0,0,0,0.0,0.0,0,0,0,0,0,0,0,0,0,0,0,0,0,0,0,0,,,,0,2023-02-13,1.0,,1.0,0.0,9764543.0
21675322,2023,7,52,5,0,150107A201,150107,0,1,6,0,0.0,0.0,0,0,0,0,0,0,0,0,0,0,0,0,0,0,0,0,0,0.0,0.0,0,0,0,0,0,0,0,0,0,0,0,0,0,0,0,0,,,,0,2023-02-20,1.0,0.0,1.0,0.0,9764543.0
21714922,2023,8,52,5,0,150107A201,150107,0,2,4,0,0.0,0.0,0,0,0,0,0,0,0,0,0,0,0,0,0,0,0,0,0,0.0,0.0,0,0,0,0,0,0,0,0,0,0,0,0,0,0,0,0,,,,0,2023-02-27,1.0,0.0,1.0,0.0,9764543.0
21752614,2023,9,52,5,0,150107A201,150107,0,2,4,0,0.0,0.0,0,0,0,0,0,0,0,0,0,0,0,0,0,0,0,0,0,0.0,0.0,0,0,0,0,0,0,0,0,0,0,0,0,0,0,0,0,,,,0,2023-03-06,,,1.0,0.0,9764543.0
21792166,2023,10,52,5,0,150107A201,150107,0,1,9,0,0.0,0.0,0,0,0,0,0,0,0,0,0,0,0,0,0,0,0,0,0,0.0,0.0,0,0,0,0,0,0,0,0,0,0,0,0,0,0,0,0,,,,0,2023-03-13,,,,0.0,9764543.0
21832954,2023,11,52,5,0,150107A201,150107,0,0,5,0,0.0,0.0,0,0,0,0,0,0,0,0,0,0,0,0,0,0,0,0,0,0.0,0.0,0,0,0,0,0,0,0,0,0,0,0,0,0,0,0,0,,,,0,2023-03-20,1.0,0.0,1.0,0.0,9764543.0
21875080,2023,12,52,5,0,150107A201,150107,0,0,6,0,0.0,0.0,0,0,0,0,0,0,0,0,0,0,0,0,0,0,0,0,0,0.0,0.0,0,0,0,0,0,0,0,0,0,0,0,0,0,0,0,0,,,,0,2023-03-28,1.0,0.0,1.0,0.0,9764543.0
21915418,2023,13,52,5,0,150107A201,150107,0,2,6,0,0.0,0.0,0,0,0,0,0,0,0,0,0,0,0,0,0,0,0,0,0,0.0,0.0,0,0,0,0,0,0,0,0,0,0,0,0,0,0,0,0,,,,0,2023-04-03,1.0,0.0,1.0,0.0,9764543.0
21957994,2023,14,52,5,0,150107A201,150107,0,2,8,0,0.0,0.0,0,0,0,0,0,0,0,0,0,0,0,0,0,0,0,0,0,0.0,0.0,0,0,0,0,0,0,0,0,0,0,0,0,0,0,0,0,,,,0,2023-04-10,1.0,0.0,1.0,0.0,9764543.0
22002970,2023,15,52,5,0,150107A201,150107,0,1,10,0,0.0,0.0,0,0,0,0,0,0,0,0,0,0,0,0,0,0,0,0,0,0.0,0.0,0,0,0,0,0,0,0,0,0,0,0,0,0,0,0,0,,,,0,2023-04-17,,,1.0,0.0,9764543.0
22047724,2023,16,52,5,0,150107A201,150107,0,0,5,0,0.0,0.0,0,0,0,0,0,0,0,0,0,0,0,0,0,0,0,0,0,0.0,0.0,0,0,0,0,0,0,0,0,0,0,0,0,0,0,0,0,,,,0,2023-04-25,,,1.0,0.0,9764543.0
22089682,2023,17,52,5,0,150107A201,150107,0,3,12,0,0.0,0.0,0,0,0,0,0,0,0,0,0,0,0,0,0,0,0,0,0,0.0,0.0,0,0,0,0,0,0,0,0,0,0,0,0,0,0,0,0,,,,0,2023-05-02,,,,0.0,9764543.0
22131844,2023,18,52,5,0,150107A201,150107,0,1,12,0,0.0,0.0,0,0,0,0,0,0,0,0,0,0,0,0,0,0,0,0,0,0.0,0.0,0,0,0,0,0,0,0,0,0,0,0,0,0,0,0,1,,,,0,2023-05-08,1.0,0.0,1.0,0.0,9764543.0
22174990,2023,19,52,5,0,150107A201,150107,0,1,3,0,0.0,0.0,0,0,0,0,0,0,0,0,0,0,0,0,0,0,0,0,0,0.0,0.0,0,0,0,0,0,0,0,0,0,0,0,0,0,0,0,0,,,,0,2023-05-15,1.0,0.0,1.0,0.0,9764543.0
22219390,2023,20,52,5,0,150107A201,150107,0,0,6,0,0.0,0.0,0,0,0,0,0,0,0,0,0,0,0,0,0,0,0,0,0,0.0,0.0,0,0,0,0,0,0,0,0,0,0,0,0,0,0,0,0,,,,0,2023-05-22,1.0,0.0,1.0,0.0,9764543.0
22263190,2023,21,52,5,0,150107A201,150107,0,1,15,0,0.0,0.0,0,0,0,0,0,0,0,0,0,0,0,0,0,0,0,0,0,0.0,0.0,0,0,0,0,0,0,0,0,0,0,0,0,0,0,0,0,,,,0,2023-05-30,,,,0.0,9764543.0
22304176,2023,22,52,5,0,150107A201,150107,0,1,18,0,0.0,0.0,0,0,0,0,0,0,0,0,0,0,0,0,0,0,0,0,0,0.0,0.0,0,0,0,0,0,0,0,0,0,0,0,0,0,0,0,0,,,,0,2023-06-05,1.0,0.0,1.0,0.0,9764543.0
22348726,2023,23,52,5,0,150107A201,150107,0,1,11,0,0.0,0.0,0,0,0,0,0,0,0,0,0,0,0,0,0,0,0,0,0,0.0,0.0,0,0,0,0,0,0,0,0,0,0,0,0,0,0,0,0,,,,0,2023-06-13,,,1.0,0.0,9764543.0
22392352,2023,24,52,5,0,150107A201,150107,0,2,21,0,0.0,0.0,0,0,0,0,0,0,0,0,0,0,0,0,0,0,0,0,0,0.0,0.0,0,0,0,0,0,0,0,0,0,0,0,0,0,0,0,0,,,,0,2023-06-19,1.0,0.0,1.0,0.0,9764543.0
22436530,2023,25,52,5,0,150107A201,150107,0,3,16,0,0.0,0.0,0,0,0,0,0,0,0,0,0,0,0,0,0,0,0,0,0,0.0,0.0,0,0,0,0,0,0,0,0,0,0,0,0,0,0,0,0,,,,0,2023-06-27,,,1.0,0.0,9764543.0
22478086,2023,26,52,5,0,150107A201,150107,0,1,12,0,0.0,0.0,0,0,0,0,0,0,0,0,0,0,0,0,0,0,0,0,0,0.0,0.0,0,0,0,0,0,0,0,0,0,0,0,0,0,0,0,0,,,,0,2023-07-03,1.0,0.0,1.0,0.0,9764543.0
22522114,2023,27,52,5,0,150107A201,150107,0,1,11,0,0.0,0.0,0,0,0,0,0,0,0,0,0,0,0,0,0,0,0,0,0,0.0,0.0,0,0,0,0,0,0,0,0,0,0,0,0,0,0,0,0,,,,0,2023-07-11,,,1.0,0.0,9764543.0
22565758,2023,28,52,5,0,150107A201,150107,0,1,2,0,0.0,0.0,0,0,0,0,0,0,0,0,0,0,0,0,0,0,0,0,0,0.0,0.0,0,0,0,0,0,0,0,0,0,0,0,0,0,0,0,0,,,,0,2023-07-18,,,1.0,0.0,9764543.0
22608904,2023,29,52,5,0,150107A201,150107,0,1,2,0,0.0,0.0,0,0,0,0,0,0,0,0,0,0,0,0,0,0,0,0,0,0.0,0.0,0,0,0,0,0,0,0,0,0,0,0,0,0,0,0,0,,,,0,2023-07-24,,,1.0,0.0,9764543.0
22649116,2023,30,52,5,0,150107A201,150107,0,4,4,0,0.0,0.0,0,0,0,0,0,0,0,0,0,0,0,0,0,0,0,0,0,0.0,0.0,0,0,0,0,0,0,0,0,0,0,0,0,0,0,0,0,,,,0,2023-08-02,,,1.0,0.0,9764543.0
22689436,2023,31,52,5,0,150107A201,150107,0,1,7,0,0.0,0.0,0,0,0,0,0,0,0,0,0,0,0,0,0,0,0,0,0,0.0,0.0,0,0,0,0,0,0,0,0,0,0,0,0,0,0,0,0,,,,0,2023-08-08,1.0,0.0,1.0,0.0,9764543.0
22730374,2023,32,52,5,0,150107A201,150107,0,0,5,0,0.0,0.0,0,0,0,0,0,0,0,0,0,0,0,0,0,0,0,0,0,0.0,0.0,0,0,0,0,0,0,0,0,0,0,0,0,0,0,0,0,,,,0,2023-08-14,,,1.0,0.0,9764543.0
22771960,2023,33,52,5,0,150107A201,150107,0,1,12,0,0.0,0.0,0,0,0,0,0,0,0,0,0,0,0,0,0,0,0,0,0,0.0,0.0,0,0,0,0,0,0,0,0,0,0,0,0,0,0,0,0,,,,0,2023-08-22,,,1.0,0.0,9764543.0
22813546,2023,34,52,5,0,150107A201,150107,0,1,8,0,0.0,0.0,0,0,0,0,0,0,0,0,0,0,0,0,0,0,0,0,0,0.0,0.0,0,0,0,0,0,0,0,0,0,0,0,0,0,0,0,0,,,,0,2023-08-28,,,1.0,0.0,9764543.0
22851904,2023,35,52,5,0,150107A201,150107,0,1,4,0,0.0,0.0,0,0,0,0,0,0,0,0,0,0,0,0,0,0,0,0,0,0.0,0.0,0,0,0,0,0,0,0,0,0,0,0,0,0,0,0,0,,,,0,2023-09-04,,,1.0,0.0,9764543.0
22851910,2023,35,52,5,0,150107A201,150107,0,0,10,0,0.0,0.0,0,0,0,0,0,0,0,0,0,0,0,0,0,0,0,0,0,0.0,0.0,0,0,0,0,0,0,0,0,0,0,0,0,0,0,0,0,,,,0,2024-01-08,1.0,0.0,1.0,0.0,43159314.0
22893652,2023,36,52,5,0,150107A201,150107,0,1,4,0,0.0,0.0,0,0,0,0,0,0,0,0,0,0,0,0,0,0,0,0,0,0.0,0.0,0,0,0,0,0,0,0,0,0,0,0,0,0,0,0,2,,,,0,2023-09-13,,,1.0,0.0,9764543.0
22935724,2023,37,52,5,0,150107A201,150107,0,0,6,0,0.0,0.0,0,0,0,0,0,0,0,0,0,0,0,0,0,0,0,0,0,0.0,0.0,0,0,0,0,0,0,0,0,0,0,0,0,0,0,0,0,,,,0,2023-09-18,1.0,0.0,1.0,0.0,9764543.0
22976878,2023,38,52,5,0,150107A201,150107,0,3,11,0,0.0,0.0,0,0,0,0,0,0,0,0,0,0,0,0,0,0,0,0,0,0.0,0.0,0,0,0,0,0,0,0,0,0,0,0,0,0,0,0,0,,,,0,2023-09-26,,,,0.0,9764543.0
23016544,2023,39,52,5,0,150107A201,150107,0,0,10,0,0.0,0.0,0,0,0,0,0,0,0,0,0,0,0,0,0,0,0,0,0,0.0,0.0,0,0,0,0,0,0,0,0,0,0,0,0,0,0,0,0,,,,0,2023-10-03,1.0,0.0,1.0,0.0,9764543.0
23055484,2023,40,52,5,0,150107A201,150107,1,2,6,0,0.0,0.0,0,0,0,0,0,0,0,0,0,0,0,0,0,0,0,0,0,0.0,0.0,0,0,0,0,0,0,0,0,0,0,0,0,0,0,0,0,,,,0,2023-10-09,1.0,0.0,1.0,0.0,9764543.0
23095954,2023,41,52,5,0,150107A201,150107,0,0,12,0,0.0,0.0,0,0,0,0,0,0,0,0,0,0,0,0,0,0,0,0,0,0.0,0.0,0,0,0,0,0,0,0,0,0,0,0,0,0,0,0,0,,,,0,2023-10-17,,,1.0,0.0,9764543.0
23136730,2023,42,52,5,0,150107A201,150107,0,0,4,0,0.0,0.0,0,0,0,0,0,0,0,0,0,0,0,0,0,0,0,0,0,0.0,0.0,0,0,0,0,0,0,0,0,0,0,0,0,0,0,0,0,,,,0,2024-01-08,1.0,0.0,1.0,0.0,43159314.0
23176870,2023,43,52,5,0,150107A201,150107,0,0,5,0,0.0,0.0,0,0,0,0,0,0,0,0,0,0,0,0,0,0,0,0,0,0.0,0.0,0,0,0,0,0,0,0,0,0,0,0,0,0,0,0,0,,,,0,2024-01-08,1.0,0.0,1.0,0.0,43159314.0
23214226,2023,44,52,5,0,150107A201,150107,0,0,3,0,0.0,0.0,0,0,0,0,0,0,0,0,0,0,0,0,0,0,0,0,0,0.0,0.0,0,0,0,0,0,0,0,0,0,0,0,0,0,0,0,0,,,,0,2023-11-06,1.0,0.0,1.0,0.0,9764543.0
23296210,2023,46,52,5,0,150107A201,150107,0,3,6,0,0.0,0.0,0,0,0,0,0,0,0,0,0,0,0,0,0,0,0,0,0,0.0,0.0,0,0,0,0,0,0,0,0,0,0,0,0,0,0,0,0,,,,0,2024-01-08,1.0,0.0,1.0,0.0,43159314.0
23337574,2023,47,52,5,0,150107A201,150107,0,0,5,0,0.0,0.0,0,0,0,0,0,0,0,0,0,0,0,0,0,0,0,0,0,0.0,0.0,0,0,0,0,0,0,0,0,0,0,0,0,0,0,0,0,,,,0,2024-01-08,1.0,0.0,1.0,0.0,43159314.0
23415058,2023,49,52,5,0,150107A201,150107,0,2,8,0,0.0,0.0,0,0,0,0,0,0,0,0,0,0,0,0,0,0,0,0,0,0.0,0.0,0,0,0,0,0,0,0,0,0,0,0,0,0,0,0,0,,,,0,2024-01-08,1.0,0.0,1.0,0.0,43159314.0
23456152,2023,50,52,5,0,150107A201,150107,0,1,2,0,0.0,0.0,0,0,0,0,0,0,0,0,0,0,0,0,0,0,0,0,0,0.0,0.0,0,0,0,0,0,0,0,0,0,0,0,0,0,0,0,0,,,,0,2023-12-19,1.0,0.0,1.0,0.0,43159314.0
23568495,2024,3,52,5,0,150107A201,150106,0,0,7,0,0.0,0.0,0,0,0,0,0,0,0,0,0,0,0,0,0,0,0,0,0,0.0,0.0,0,0,0,0,0,0,0,0,0,0,0,0,0,0,0,0,,,,0,2024-01-22,1.0,0.0,1.0,0.0,43159314.0
23543727,2024,1,52,5,0,150107A201,150107,0,2,8,0,0.0,0.0,0,0,0,0,0,0,0,0,0,0,0,0,0,0,0,0,0,0.0,0.0,0,0,0,0,0,0,0,0,0,0,0,0,0,0,0,0,,,,0,2024-01-08,1.0,0.0,1.0,0.0,43159314.0
23557541,2024,2,52,5,0,150107A201,150107,0,3,2,0,0.0,0.0,0,0,0,0,0,0,0,0,0,0,0,0,0,0,0,0,0,0.0,0.0,0,0,0,0,0,0,0,0,0,0,0,0,0,0,0,0,,,,0,2024-01-16,1.0,0.0,1.0,0.0,43159314.0
23575587,2024,4,52,5,0,150107A201,150107,0,1,3,0,0.0,0.0,0,0,0,0,0,0,0,0,0,0,0,0,0,0,0,0,0,0.0,0.0,0,0,0,0,0,0,0,0,0,0,0,0,0,0,0,0,,,,0,2024-01-29,1.0,0.0,1.0,0.0,43159314.0
23587751,2024,5,52,5,0,150107A201,150107,0,0,6,0,0.0,0.0,0,0,0,0,0,0,0,0,0,0,0,0,0,0,0,0,0,0.0,0.0,0,0,0,0,0,0,0,0,0,0,0,0,0,0,0,0,,,,0,2024-02-05,1.0,0.0,1.0,0.0,43159314.0
23601599,2024,6,52,5,0,150107A201,150107,0,1,2,0,0.0,0.0,0,0,0,0,0,0,0,0,0,0,0,0,0,0,0,0,0,0.0,0.0,0,0,0,0,0,0,0,0,0,0,0,0,0,0,0,0,,,,0,2024-02-12,1.0,0.0,1.0,0.0,43159314.0
23624975,2024,8,52,5,0,150107A201,150107,0,6,5,0,0.0,0.0,0,0,0,0,0,0,0,0,0,0,0,0,0,0,0,0,0,0.0,0.0,0,0,0,0,0,0,0,0,0,0,0,0,0,0,0,0,,,,0,2024-02-26,1.0,0.0,1.0,0.0,43159314.0
23635915,2024,9,52,5,0,150107A201,150107,0,0,7,0,0.0,0.0,0,0,0,0,0,0,0,0,0,0,0,0,0,0,0,0,0,0.0,0.0,0,0,0,0,0,0,0,0,0,0,0,0,0,0,0,0,,,,0,2024-03-04,1.0,0.0,1.0,0.0,43159314.0
23651187,2024,10,52,5,0,150107A201,150107,0,0,3,0,0.0,0.0,0,0,0,0,0,0,0,0,0,0,0,0,0,0,0,0,0,0.0,0.0,0,0,0,0,0,0,0,0,0,0,0,0,0,0,0,0,,,,0,2024-03-11,1.0,0.0,1.0,0.0,43159314.0
23661527,2024,11,52,5,0,150107A201,150107,1,0,5,0,0.0,0.0,0,0,0,0,0,0,0,0,0,0,0,0,0,0,0,0,0,0.0,0.0,0,0,0,0,0,0,0,0,0,0,0,0,0,0,0,0,,,,0,2024-03-18,1.0,0.0,1.0,0.0,43159314.0
23674745,2024,12,52,5,0,150107A201,150107,1,1,9,0,0.0,0.0,0,0,0,0,0,0,0,0,0,0,0,0,0,0,0,0,0,0.0,0.0,0,0,0,0,0,0,0,0,0,0,0,0,0,0,0,0,,,,0,2024-03-25,1.0,0.0,1.0,0.0,43159314.0
23688899,2024,13,52,5,0,150107A201,150107,0,0,4,0,0.0,0.0,0,0,0,0,0,0,0,0,0,0,0,0,0,0,0,0,0,0.0,0.0,0,0,0,0,0,0,0,0,0,0,0,0,0,0,0,0,,,,0,2024-04-01,1.0,0.0,1.0,0.0,43159314.0
23702225,2024,14,52,5,0,150107A201,150107,0,0,5,0,0.0,0.0,0,0,0,0,0,0,0,0,0,0,0,0,0,0,0,0,0,0.0,0.0,0,0,0,0,0,0,0,0,0,0,0,0,0,0,0,0,,,,0,2024-04-08,,,1.0,0.0,43159314.0
23716113,2024,15,52,5,0,150107A201,150107,0,0,6,0,0.0,0.0,0,0,0,0,0,0,0,0,0,0,0,0,0,0,0,0,0,0.0,0.0,0,0,0,0,0,0,0,0,0,0,0,0,0,0,0,0,,,,0,2024-04-15,,,1.0,0.0,43159314.0
23729559,2024,16,52,5,0,150107A201,150107,0,0,7,0,0.0,0.0,0,0,0,0,0,0,0,0,0,0,0,0,0,0,0,0,0,,,0,0,0,0,0,0,0,0,0,0,0,0,0,0,0,0,,,,0,2024-04-22,1.0,,1.0,,43159314.0
23744027,2024,17,52,5,0,150107A201,150107,0,0,12,0,0.0,0.0,0,0,0,0,0,0,0,0,0,0,0,0,0,0,0,0,0,,,0,0,0,0,0,0,0,0,0,0,0,0,0,0,0,0,,,,0,2024-04-29,1.0,,1.0,,43159314.0
23758543,2024,18,52,5,0,150107A201,150107,0,1,3,0,0.0,0.0,0,0,0,0,0,0,0,0,0,0,0,0,0,0,0,0,0,,,0,0,0,0,0,0,0,0,0,0,0,0,0,0,0,0,,,,0,2024-05-06,1.0,,1.0,,43159314.0
23794977,2024,20,52,5,0,150107A201,150107,0,1,10,0,0.0,0.0,0,0,0,0,0,0,0,0,0,0,0,0,0,0,0,0,0,,,0,0,0,0,0,0,0,0,0,0,0,0,0,0,0,0,,,,0,2024-05-21,1.0,,1.0,,43159314.0
23801453,2024,21,52,5,0,150107A201,150107,0,0,5,0,0.0,0.0,0,0,0,0,0,0,0,0,0,0,0,0,0,0,0,0,0,,,0,0,0,0,0,0,0,0,0,0,0,0,0,0,0,0,,,,0,2024-05-27,1.0,,1.0,,43159314.0
23816119,2024,22,52,5,0,150107A201,150107,0,1,13,0,0.0,0.0,0,0,0,0,0,0,0,0,0,0,0,0,0,0,0,0,0,,,0,0,0,0,0,0,0,0,0,0,0,0,0,0,0,0,,,,0,2024-06-03,,,,,43159314.0
23832457,2024,23,52,5,0,150107A201,150107,0,1,6,0,0.0,0.0,0,0,0,0,0,0,0,0,0,0,0,0,0,0,0,0,0,,,0,0,0,0,0,0,0,0,0,0,0,0,0,0,0,0,,,,0,2024-06-10,1.0,,1.0,,43159314.0
23847883,2024,24,52,5,0,150107A201,150107,1,0,4,0,0.0,0.0,0,0,0,0,0,0,0,0,0,0,0,0,0,0,0,0,0,,,0,0,0,0,0,0,0,0,0,0,0,0,0,0,0,0,,,,0,2024-06-17,1.0,,1.0,,43159314.0
23865157,2024,25,52,5,0,150107A201,150107,0,1,8,0,0.0,0.0,0,0,0,0,0,0,0,0,0,0,0,0,0,0,0,0,0,,,0,0,0,0,0,0,0,0,0,0,0,0,0,0,0,0,,,,0,2024-06-24,1.0,,1.0,,43159314.0
23883031,2024,26,52,5,0,150107A201,150107,1,1,14,0,0.0,0.0,0,0,0,0,0,0,0,0,0,0,0,0,0,0,0,0,0,,,0,0,0,0,0,0,0,0,0,0,0,0,0,0,0,0,,,,0,2024-07-01,1.0,,1.0,,43159314.0
23899417,2024,27,52,5,0,150107A201,150107,2,8,0,0,0.0,0.0,0,0,0,0,0,0,0,0,0,0,0,0,0,0,0,0,0,,,0,0,0,0,0,0,0,0,0,0,0,0,0,0,0,0,,,,0,2024-07-08,1.0,,1.0,,43159314.0
23920505,2024,28,52,5,0,150107A201,150107,0,1,4,0,0.0,0.0,0,0,0,0,0,0,0,0,0,0,0,0,0,0,0,0,0,,,0,0,0,0,0,0,0,0,0,0,0,0,0,0,0,0,,,,0,2024-07-16,1.0,,1.0,,43159314.0
23934493,2024,29,52,5,0,150107A201,150107,0,4,8,0,0.0,0.0,0,0,0,0,0,0,0,0,0,0,0,0,0,0,0,0,0,,,0,0,0,0,0,0,0,0,0,0,0,0,0,0,0,0,,,,0,2024-07-22,1.0,,1.0,,43159314.0
23946837,2024,30,52,5,0,150107A201,150107,0,2,3,0,0.0,0.0,0,0,0,0,0,0,0,0,0,0,0,0,0,0,0,0,0,,,0,0,0,0,0,0,0,0,0,0,0,0,0,0,0,0,,,,0,2024-07-30,1.0,,1.0,,43159314.0
23965023,2024,31,52,5,0,150107A201,150107,0,0,3,0,0.0,0.0,0,0,0,0,0,0,0,0,0,0,0,0,0,0,0,0,0,,,0,0,0,0,0,0,0,0,0,0,0,0,0,0,0,0,,,,0,2024-08-05,1.0,,1.0,,43159314.0
23994737,2024,32,52,5,0,150107A201,150107,0,0,2,0,0.0,0.0,0,0,0,0,0,0,0,0,0,0,0,0,0,0,0,0,0,,,0,0,0,0,0,0,0,0,0,0,0,0,0,0,0,0,,,,0,2024-08-21,1.0,,1.0,,7676984.0
24019479,2024,34,52,5,0,150107A201,150107,0,1,8,0,0.0,0.0,0,0,0,0,0,0,0,0,0,0,0,0,0,0,0,0,0,,,0,0,0,0,0,0,0,0,0,0,0,0,0,0,0,0,,,,0,2024-09-02,1.0,,1.0,,43159314.0
24016409,2024,35,52,5,0,150107A201,150107,0,0,3,0,0.0,0.0,0,0,0,0,0,0,0,0,0,0,0,0,0,0,0,0,0,,,0,0,0,0,0,0,0,0,0,0,0,0,0,0,0,0,,,,0,2024-09-02,1.0,,1.0,,43159314.0
24061781,2024,38,52,5,0,150107A201,150107,0,1,7,0,0.0,0.0,0,0,0,0,0,0,0,0,0,0,0,0,0,0,0,0,0,,,0,0,0,0,0,0,0,0,0,0,0,0,0,0,0,0,,,,0,2024-09-23,1.0,,1.0,,7676984.0
24165357,2024,45,52,5,0,150107A201,150107,0,2,2,0,0.0,0.0,0,0,0,0,0,0,0,0,0,0,0,0,0,0,0,0,0,,,0,0,0,0,0,0,0,0,0,0,0,0,0,0,0,0,,,,0,2024-11-12,1.0,,1.0,,43159314.0
24221719,2024,49,52,5,0,150107A201,150107,0,0,2,0,0.0,0.0,0,0,0,0,0,0,0,0,0,0,0,0,0,0,0,0,0,,,0,0,0,0,0,0,0,0,0,0,0,0,0,0,0,0,,,,0,2024-12-13,1.0,,1.0,,43159314.0
23635919,2024,9,52,5,0,150107A201,150118,0,0,3,0,0.0,0.0,0,0,0,0,0,0,0,0,0,0,0,0,0,0,0,0,0,0.0,0.0,0,0,0,0,0,0,0,0,0,0,0,0,0,0,0,0,,,,0,2024-03-04,1.0,0.0,1.0,0.0,43159314.0
23794983,2024,20,52,5,0,150107A201,150118,0,0,1,0,0.0,0.0,0,0,0,0,0,0,0,0,0,0,0,0,0,0,0,0,0,,,0,0,0,0,0,0,0,0,0,0,0,0,0,0,0,0,,,,0,2024-05-21,1.0,,1.0,,43159314.0
2230652,2025,4,52,5,0,150107A201,150107,0,1,4,0,0.0,0.0,0,0,0,0,0,0,0,0,0,0,0,0,0,0,0,0,0,,,0,0,0,0,0,0,0,0,0,0,0,0,0,0,0,0,,,,0,2025-02-03,1.0,,1.0,,43159314.0
2230612,2025,5,52,5,0,150107A201,150107,0,1,4,0,0.0,0.0,0,0,0,0,0,0,0,0,0,0,0,0,0,0,0,0,0,,,0,0,0,0,0,0,0,0,0,0,0,0,0,0,0,0,,,,0,2025-02-03,1.0,,1.0,,43159314.0
2382718,2025,8,52,5,0,150107A201,150107,0,0,1,0,0.0,0.0,0,0,0,0,0,0,0,0,0,0,0,0,0,0,0,0,0,,,0,0,0,0,0,0,0,0,0,0,0,0,0,0,0,0,,,,0,2025-04-21,1.0,,1.0,,48365114.0
2382720,2025,9,52,5,0,150107A201,150107,0,0,1,0,0.0,0.0,0,0,0,0,0,0,0,0,0,0,0,0,0,0,0,0,0,,,0,0,0,0,0,0,0,0,0,0,0,0,0,0,0,0,,,,0,2025-04-21,1.0,,1.0,,48365114.0
2382722,2025,10,52,5,0,150107A201,150107,0,0,1,0,0.0,0.0,0,0,0,0,0,0,0,0,0,0,0,0,0,0,0,0,0,,,0,0,0,0,0,0,0,0,0,0,0,0,0,0,0,0,,,,0,2025-04-21,1.0,,1.0,,48365114.0
2382730,2025,11,52,5,0,150107A201,150107,0,0,3,0,0.0,0.0,0,0,0,0,0,0,0,0,0,0,0,0,0,0,0,0,0,,,0,0,0,0,0,0,0,0,0,0,0,0,0,0,0,0,,,,0,2025-04-21,1.0,,1.0,,48365114.0
2382734,2025,12,52,5,0,150107A201,150107,0,1,5,0,0.0,0.0,0,0,0,0,0,0,0,0,0,0,0,0,0,0,0,0,0,,,0,0,0,0,0,0,0,0,0,0,0,0,0,0,0,0,,,,0,2025-04-21,1.0,,1.0,,48365114.0
2382736,2025,13,52,5,0,150107A201,150107,0,2,10,0,0.0,0.0,0,0,0,0,0,0,0,0,0,0,0,0,0,0,0,0,0,,,0,0,0,0,0,0,0,0,0,0,0,0,0,0,0,0,,,,0,2025-04-21,1.0,,1.0,,48365114.0
2382738,2025,14,52,5,0,150107A201,150107,0,0,4,0,0.0,0.0,0,0,0,0,0,0,0,0,0,0,0,0,0,0,0,0,0,,,0,0,0,0,0,0,0,0,0,0,0,0,0,0,0,0,,,,0,2025-04-21,1.0,,1.0,,48365114.0
2382742,2025,15,52,5,0,150107A201,150107,0,0,3,0,0.0,0.0,0,0,0,0,0,0,0,0,0,0,0,0,0,0,0,0,0,,,0,0,0,0,0,0,0,0,0,0,0,0,0,0,0,0,,,,0,2025-04-21,1.0,,1.0,,48365114.0
2382744,2025,16,52,5,0,150107A201,150107,0,0,1,0,0.0,0.0,0,0,0,0,0,0,0,0,0,0,0,0,0,0,0,0,0,,,0,0,0,0,0,0,0,0,0,0,0,0,0,0,0,0,,,,0,2025-04-21,1.0,,1.0,,48365114.0
2396192,2025,17,52,5,0,150107A201,150107,0,1,1,0,0.0,0.0,0,0,0,0,0,0,0,0,0,0,0,0,0,0,0,0,0,,,0,0,0,0,0,0,0,0,0,0,0,0,0,0,0,0,,,,0,2025-04-28,1.0,,1.0,,48365114.0
2412736,2025,18,52,5,0,150107A201,150107,0,2,4,0,0.0,0.0,0,0,0,0,0,0,0,0,0,0,0,0,0,0,0,0,0,,,0,0,0,0,0,0,0,0,0,0,0,0,0,0,0,0,,,,0,2025-05-07,1.0,,1.0,,43159314.0
2424948,2025,19,52,5,0,150107A201,150107,0,1,6,0,0.0,0.0,0,0,0,0,0,0,0,0,0,0,0,0,0,0,0,0,0,,,0,0,0,0,0,0,0,0,0,0,0,0,0,0,0,0,,,,0,2025-05-12,1.0,,1.0,,43159314.0
2440458,2025,20,52,5,0,150107A201,150107,0,1,5,0,0.0,0.0,0,0,0,0,0,0,0,0,0,0,0,0,0,0,0,0,0,,,0,0,0,0,0,0,0,0,0,0,0,0,0,0,0,0,,,,0,2025-05-19,1.0,,1.0,,43159314.0
2454932,2025,21,52,5,0,150107A201,150107,0,1,4,0,0.0,0.0,0,0,0,0,0,0,0,0,0,0,0,0,0,0,0,0,0,,,0,0,0,0,0,0,0,0,0,0,0,0,0,0,0,0,,,,0,2025-05-26,1.0,,1.0,,43159314.0
2477972,2025,22,52,5,0,150107A201,150107,0,2,3,0,0.0,0.0,0,0,0,0,0,0,0,0,0,0,0,0,0,0,0,0,0,,,0,0,0,0,0,0,0,0,0,0,0,0,0,0,0,0,,,,0,2025-06-02,1.0,,1.0,,43159314.0
2505972,2025,23,52,5,0,150107A201,150107,0,1,5,0,0.0,0.0,0,0,0,0,0,0,0,0,0,0,0,0,0,0,0,0,0,,,0,0,0,0,0,0,0,0,0,0,0,0,0,0,0,0,,,,0,2025-06-10,1.0,,1.0,,43159314.0
2528930,2025,24,52,5,0,150107A201,150107,2,0,12,0,0.0,0.0,0,0,0,0,0,0,0,0,0,0,0,0,0,0,0,0,0,,,0,0,0,0,0,0,0,0,0,0,0,0,0,0,0,0,,,,0,2025-06-16,1.0,,1.0,,43159314.0
2554428,2025,25,52,5,0,150107A201,150107,0,0,4,0,0.0,0.0,0,0,0,0,0,0,0,0,0,0,0,0,0,0,0,0,0,,,0,0,0,0,0,0,0,0,0,0,0,0,0,0,0,0,,,,0,2025-06-23,,,,,43159314.0
2579535,2025,26,52,5,0,150107A201,150107,0,1,5,0,0.0,0.0,0,0,0,0,0,0,0,0,0,0,0,0,0,0,0,0,0,,,0,0,0,0,0,0,0,0,0,0,0,0,0,0,0,0,,,,0,2025-06-30,1.0,,1.0,,43159314.0
2605675,2025,27,52,5,0,150107A201,150107,0,0,4,0,0.0,0.0,0,0,0,0,0,0,0,0,0,0,0,0,0,0,0,0,0,,,0,0,0,0,0,0,0,0,0,0,0,0,0,0,0,0,,,,0,2025-07-07,1.0,,1.0,,43159314.0
2637830,2025,28,52,5,0,150107A201,150107,0,0,3,0,0.0,0.0,0,0,0,0,0,0,0,0,0,0,0,0,0,0,0,0,0,,,0,0,0,0,0,0,0,0,0,0,0,0,0,0,0,0,,,,0,2025-07-16,1.0,,1.0,,43159314.0
2717429,2025,29,52,5,0,150107A201,150107,0,1,8,0,0.0,0.0,0,0,0,0,0,0,0,0,0,0,0,0,0,0,0,0,0,,,0,0,0,0,0,0,0,0,0,0,0,0,0,0,0,0,,,,0,2025-08-08,1.0,,1.0,,43159314.0
2717418,2025,30,52,5,0,150107A201,150107,0,1,4,0,0.0,0.0,0,0,0,0,0,0,0,0,0,0,0,0,0,0,0,0,0,,,0,0,0,0,0,0,0,0,0,0,0,0,0,0,0,0,,,,0,2025-08-08,1.0,,1.0,,43159314.0
2717413,2025,31,52,5,0,150107A201,150107,0,2,2,0,0.0,0.0,0,0,0,0,0,0,0,0,0,0,0,0,0,0,0,0,0,,,0,0,0,0,0,0,0,0,0,0,0,0,0,0,0,0,,,,0,2025-08-08,1.0,,1.0,,43159314.0
2720013,2025,32,52,5,0,150107A201,150107,0,1,4,0,0.0,0.0,0,0,0,0,0,0,0,0,0,0,0,0,0,0,0,0,0,,,0,0,0,0,0,0,0,0,0,0,0,0,0,0,0,0,,,,0,2025-08-10,1.0,,1.0,,43159314.0
2847464,2025,33,52,5,0,150107A201,150107,0,0,1,0,0.0,0.0,0,0,0,0,0,0,0,0,0,0,0,0,0,0,0,0,0,,,0,0,0,0,0,0,0,0,0,0,0,0,0,0,0,0,,,,0,2025-09-10,1.0,,1.0,,43159314.0
2847469,2025,34,52,5,0,150107A201,150107,0,0,3,0,0.0,0.0,0,0,0,0,0,0,0,0,0,0,0,0,0,0,0,0,0,,,0,0,0,0,0,0,0,0,0,0,0,0,0,0,0,0,,,,0,2025-09-10,1.0,,1.0,,43159314.0
2847474,2025,35,52,5,0,150107A201,150107,0,1,2,0,0.0,0.0,0,0,0,0,0,0,0,0,0,0,0,0,0,0,0,0,0,,,0,0,0,0,0,0,0,0,0,0,0,0,0,0,0,0,,,,0,2025-09-10,1.0,,1.0,,43159314.0
2847475,2025,36,52,5,0,150107A201,150107,1,1,6,0,0.0,0.0,0,0,0,0,0,0,0,0,0,0,0,0,0,0,0,0,0,,,0,0,0,0,0,0,0,0,0,0,0,0,0,0,0,0,,,,0,2025-09-10,1.0,,1.0,,43159314.0
2887685,2025,37,52,5,0,150107A201,150107,0,1,5,0,0.0,0.0,0,0,0,0,0,0,0,0,0,0,0,0,0,0,0,0,0,,,0,0,0,0,0,0,0,0,0,0,0,0,0,0,0,0,,,,0,2025-09-22,1.0,,1.0,,9764543.0
2877997,2025,38,52,5,0,150107A201,150107,0,4,2,0,0.0,0.0,0,0,0,0,0,0,0,0,0,0,0,0,0,0,0,0,0,,,0,0,0,0,0,0,0,0,0,0,0,0,0,0,0,0,,,,0,2025-09-20,1.0,,1.0,,9764543.0
2913094,2025,39,52,5,0,150107A201,150107,0,2,2,0,0.0,0.0,0,0,0,0,0,0,0,0,0,0,0,0,0,0,0,0,0,,,0,0,0,0,0,0,0,0,0,0,0,0,0,0,0,0,,,,0,2025-09-29,1.0,,1.0,,9764543.0
2938873,2025,40,52,5,0,150107A201,150107,0,0,3,0,0.0,0.0,0,0,0,0,0,0,0,0,0,0,0,0,0,0,0,0,0,,,0,0,0,0,0,0,0,0,0,0,0,0,0,0,0,0,,,,0,2025-10-06,1.0,,1.0,,9764543.0
2978117,2025,41,52,5,0,150107A201,150107,0,0,6,0,0.0,0.0,0,0,0,0,0,0,0,0,0,0,0,0,0,0,0,0,0,,,0,0,0,0,0,0,0,0,0,0,0,0,0,0,0,0,,,,0,2025-10-14,1.0,,1.0,,9764543.0
2978124,2025,41,52,5,0,150107A201,150118,0,0,1,0,0.0,0.0,0,0,0,0,0,0,0,0,0,0,0,0,0,0,0,0,0,,,0,0,0,0,0,0,0,0,0,0,0,0,0,0,0,0,,,,0,2025-10-14,1.0,,1.0,,9764543.0
2988877,2025,42,52,5,0,150107A201,150107,0,0,4,0,0.0,0.0,0,0,0,0,0,0,0,0,0,0,0,0,0,0,0,0,0,,,0,0,0,0,0,0,0,0,0,0,0,0,0,0,0,0,,,,0,2025-10-20,1.0,,1.0,,9764543.0
3023843,2025,43,52,5,0,150107A201,150107,0,1,0,0,0.0,0.0,0,0,0,0,0,0,0,0,0,0,0,0,0,0,0,0,0,,,0,0,0,0,0,0,0,0,0,0,0,0,0,0,0,0,,,,0,2025-10-27,,,,,9764543.0
3054148,2025,44,52,5,0,150107A201,150107,0,0,1,0,0.0,0.0,0,0,0,0,0,0,0,0,0,0,0,0,0,0,0,0,0,,,0,0,0,0,0,0,0,0,0,0,0,0,0,0,0,0,,,,0,2025-11-03,1.0,,1.0,,9764543.0
3063615,2025,45,52,5,0,150107A201,150107,0,0,2,0,0.0,0.0,0,0,0,0,0,0,0,0,0,0,0,0,0,0,0,0,0,,,0,0,0,0,0,0,0,0,0,0,0,0,0,0,0,0,,,,0,2025-11-10,1.0,,1.0,,9764543.0
3103900,2025,46,52,5,0,150107A201,150107,1,0,3,0,0.0,0.0,0,0,0,0,0,0,0,0,0,0,0,0,0,0,0,0,0,,,0,0,0,0,0,0,0,0,0,0,0,0,0,0,0,0,,,,0,2025-11-17,1.0,,1.0,,9764543.0
3115364,2025,47,52,5,0,150107A201,150107,1,0,3,0,0.0,0.0,0,0,0,0,0,0,0,0,0,0,0,0,0,0,0,0,0,,,0,0,0,0,0,0,0,0,0,0,0,0,0,0,0,0,,,,0,2025-11-24,1.0,,1.0,,9764543.0
3142249,2025,48,52,5,0,150107A201,150107,0,0,2,0,0.0,0.0,0,0,0,0,0,0,0,0,0,0,0,0,0,0,0,0,0,,,0,0,0,0,0,0,0,0,0,0,0,0,0,0,0,0,,,,0,2025-12-01,1.0,,1.0,,9764543.0
3176632,2025,49,52,5,0,150107A201,150107,0,1,1,0,0.0,0.0,0,0,0,0,0,0,0,0,0,0,0,0,0,0,0,0,0,,,0,0,0,0,0,0,0,0,0,0,0,0,0,0,0,0,,,,0,2025-12-10,1.0,,1.0,,9764543.0
3188234,2025,50,52,5,0,150107A201,150107,0,0,2,0,0.0,0.0,0,0,0,0,0,0,0,0,0,0,0,0,0,0,0,0,0,,,0,0,0,0,0,0,0,0,0,0,0,0,0,0,0,0,,,,0,2025-12-15,1.0,,1.0,,9764543.0
3223457,2025,51,52,5,0,150107A201,150107,0,0,3,0,0.0,0.0,0,0,0,0,0,0,0,0,0,0,0,0,0,0,0,0,0,,,0,0,0,0,0,0,0,0,0,0,0,0,0,0,0,0,,,,0,2025-12-23,1.0,,1.0,,9764543.0
3244189,2025,52,52,5,0,150107A201,150107,0,0,1,0,0.0,0.0,0,0,0,0,0,0,0,0,0,0,0,0,0,0,0,0,0,,,0,0,0,0,0,0,0,0,0,0,0,0,0,0,0,0,,,,0,2025-12-30,1.0,,1.0,,9764543.0
3249446,2025,53,52,5,0,150107A201,150107,0,0,1,0,0.0,0.0,0,0,0,0,0,0,0,0,0,0,0,0,0,0,0,0,0,,,0,0,0,0,0,0,0,0,0,0,0,0,0,0,0,0,,,,0,2026-01-04,1.0,,1.0,,40043706.0
3267181,2025,53,52,5,0,150107A201,150107,0,0,3,0,0.0,0.0,0,0,0,0,0,0,0,0,0,0,0,0,0,0,0,0,0,,,0,0,0,0,0,0,0,0,0,0,0,0,0,0,0,0,,,,0,2026-01-09,1.0,,1.0,,40043706.0
3268829,2026,1,52,5,0,150107A201,150107,0,1,3,0,0.0,0.0,0,0,0,0,0,0,0,0,0,0,0,0,0,0,0,0,0,,,0,0,0,0,0,0,0,0,0,0,0,0,0,0,0,0,,,,0,2026-01-11,1.0,,1.0,,40043706.0
3290282,2026,2,52,5,0,150107A201,150107,0,0,1,0,0.0,0.0,0,0,0,0,0,0,0,0,0,0,0,0,0,0,0,0,0,,,0,0,0,0,0,0,0,0,0,0,0,0,0,0,0,0,,,,0,2026-01-17,1.0,,1.0,,40043706.0
3332873,2026,2,52,5,0,150107A201,150118,0,0,1,0,0.0,0.0,0,0,0,0,0,0,0,0,0,0,0,0,0,0,0,0,0,,,0,0,0,0,0,0,0,0,0,0,0,0,0,0,0,0,,,,0,2026-01-31,1.0,,1.0,,40043706.0
3332881,2026,3,52,5,0,150107A201,150107,0,1,2,0,0.0,0.0,0,0,0,0,0,0,0,0,0,0,0,0,0,0,0,0,0,,,0,0,0,0,0,0,0,0,0,0,0,0,0,0,0,0,,,,0,2026-01-31,1.0,,1.0,,40043706.0
3366957,2026,5,52,5,0,150107A201,150107,0,0,2,0,0.0,0.0,0,0,0,0,0,0,0,0,0,0,0,0,0,0,0,0,0,,,0,0,0,0,0,0,0,0,0,0,0,0,0,0,0,0,,,,0,2026-02-09,1.0,,1.0,,44282236.0
3391902,2026,6,52,5,0,150107A201,150107,0,0,1,0,0.0,0.0,0,0,0,0,0,0,0,0,0,0,0,0,0,0,0,0,0,,,0,0,0,0,0,0,0,0,0,0,0,0,0,0,0,0,,,,0,2026-02-17,1.0,,1.0,,44282236.0
3400173,2026,7,52,5,0,150107A201,150107,0,0,4,0,0.0,0.0,0,0,0,0,0,0,0,0,0,0,0,0,0,0,0,0,0,,,0,0,0,0,0,0,0,0,0,0,0,0,0,0,0,0,,,,0,2026-02-23,1.0,,1.0,,44282236.0
3422913,2026,8,52,5,0,150107A201,150107,0,0,3,0,0.0,0.0,0,0,0,0,0,0,0,0,0,0,0,0,0,0,0,0,0,,,0,0,0,0,0,0,0,0,0,0,0,0,0,0,0,0,,,,0,2026-03-02,1.0,,1.0,,44282236.0
3459814,2026,9,52,5,0,150107A201,150107,0,1,2,0,0.0,0.0,0,0,0,0,0,0,0,0,0,0,0,0,0,0,0,0,0,,,0,0,0,0,0,0,0,0,0,0,0,0,0,0,0,0,,,,0,2026-03-10,1.0,,1.0,,44282236.0
3471058,2026,10,52,5,0,150107A201,150107,0,1,4,0,0.0,0.0,0,0,0,0,0,0,0,0,0,0,0,0,0,0,0,0,0,,,0,0,0,0,0,0,0,0,0,0,0,0,0,0,0,0,,,,0,2026-03-16,1.0,,1.0,,44282236.0
3506673,2026,11,52,5,0,150107A201,150107,0,1,4,0,0.0,0.0,0,0,0,0,0,0,0,0,0,0,0,0,0,0,0,0,0,,,0,0,0,0,0,0,0,0,0,0,0,0,0,0,0,0,,,,0,2026-03-24,1.0,,1.0,,44282236.0
3517253,2026,12,52,5,0,150107A201,150107,0,0,3,0,0.0,0.0,0,0,0,0,0,0,0,0,0,0,0,0,0,0,0,0,0,,,0,0,0,0,0,0,0,0,0,0,0,0,0,0,0,0,,,,0,2026-03-30,1.0,,1.0,,44282236.0
3551020,2026,13,52,5,0,150107A201,150107,0,1,1,0,0.0,0.0,0,0,0,0,0,0,0,0,0,0,0,0,0,0,0,0,0,,,0,0,0,0,0,0,0,0,0,0,0,0,0,0,0,0,,,,0,2026-04-07,1.0,,1.0,,44282236.0
